Day Number,Difficulty,English,Tamil (தமிழ்),Hindi (हिंदी)
Day 1,beginner.,Where is the bathroom?,கழிவறை எங்கே இருக்கிறது? (Kazhivaraie enge irukkiradhu?),बाथरूम कहाँ है? (Bathroom kahan hai?)
Day 1,beginner.,Go straight.,நேராக செல்லுங்கள். (Neraaga sellungal.),सीधे जाइये। (Seedhe jaiye.)
Day 1,beginner.,Turn left.,இடதுபுறம் திரும்புங்கள். (Idadhupuram thirumbungal.),बाएँ मुड़ें। (Baayein mudein.)
Day 1,beginner.,Turn right.,வலதுபுறம் திரும்புங்கள். (Valadhupuram thirumbungal.),दाएँ मुड़ें। (Daayein mudein.)
Day 1,beginner.,Stop here.,இங்கே நிறுத்துங்கள். (Inge niruthungal.),यहाँ रोकिए। (Yahan rokiye.)
Day 2,beginner.,How much is this?,இது எவ்வளவு? (Idhu evvalavu?),यह कितने का है? (Yeh kitne ka hai?)
Day 2,beginner.,I want this.,எனக்கு இது வேண்டும். (Enakku idhu vendum.),मुझे यह चाहिए। (Mujhe yeh chahiye.)
Day 2,beginner.,I don't want this.,எனக்கு இது வேண்டாம். (Enakku idhu vendaam.),मुझे यह नहीं चाहिए। (Mujhe yeh nahi chahiye.)
Day 2,beginner.,Can you help me?,எனக்கு உதவி செய்ய முடியுமா? (Enakku udhavi seiya mudiyuma?),क्या आप मेरी मदद कर सकते हैं? (Kya aap meri madad kar sakte hain?)
Day 2,beginner.,Call me.,எனக்கு போன் செய்யுங்கள். (Enakku phone seiyungal.),मुझे फ़ोन करें। (Mujhe phone karein.)
Day 3,beginner.,Give me water.,தண்ணீர் கொடுங்கள். (Thanneer kodungal.),पानी दीजिये। (Paani dijiye.)
Day 3,beginner.,Show me that.,அதை எனக்குக் காட்டுங்கள். (Adhai enakku kaattungal.),मुझे वह दिखाइए। (Mujhe woh dikhaiye.)
Day 3,beginner.,Open the door.,கதவைத் திறக்கவும். (Kadhavai thirakkavum.),दरवाज़ा खोलिए। (Darwaza kholiye.)
Day 3,beginner.,Close the door.,கதவை மூடவும். (Kadhavai moodavum.),दरवाज़ा बंद कीजिये। (Darwaza band kijiye.)
Day 3,beginner.,Wait a moment.,ஒரு நிமிடம் இருங்கள். (Oru nimidam irungal.),एक मिनट रुकिए। (Ek minute rukiye.)
Day 4,beginner.,Speak louder.,சத்தமாகப் பேசுங்கள். (Sathamaaga pesungal.),ज़ोर से बोलिए। (Zoor se boliye.)
Day 4,beginner.,Write it down.,அதை எழுதுங்கள். (Adhai ezhudhungal.),इसे लिख लीजिये। (Ise likh lijiye.)
Day 4,beginner.,Is it far?,அது தூரமா? (Adhu dhoorama?),क्या वह दूर है? (Kya woh door hai?)
Day 4,beginner.,It is near.,அது பக்கத்தில் தான். (Adhu pakkathil dhaan.),वह पास में है। (Woh paas mein hai.)
Day 4,beginner.,I am lost.,நான் வழியை மறந்துவிட்டேன். (Naan vazhiyai marandhuvitten.),मैं रास्ता भटक गया हूँ। (Mein raasta bhatak gaya hoon.)
Day 5,beginner.,Take me there.,என்னை அங்கே அழைத்துச் செல்லுங்கள். (Ennai ange azhaithu sellungal.),मुझे वहाँ ले चलिये। (Mujhe wahan le chaliye.)
Day 5,beginner.,Slow down.,மெதுவாகச் செல்லுங்கள். (Medhuvaaga sellungal.),धीरे चलिये। (Dheere chaliye.)
Day 5,beginner.,Hurry up.,சீக்கிரம். (Seekkiram.),जल्दी कीजिये। (Jaldi kijiye.)
Day 5,beginner.,Can I have the bill?,பில் கொடுக்க முடியுமா? (Bill kodukka mudiyuma?),क्या मुझे बिल मिल सकता है? (Kya mujhe bill mil sakta hai?)
Day 5,beginner.,I need a doctor.,எனக்கு ஒரு மருத்துவர் தேவை. (Enakku oru maruthuvar thevai.),मुझे डॉक्टर की ज़रूरत है। (Mujhe doctor ki zaroorat hai.)
Day 6,beginner.,Where is the bus stand?,பேருந்து நிலையம் எங்கே? (Perundhu nilayam enge?),बस स्टैंड कहाँ है? (Bus stand kahan hai?)
Day 6,beginner.,How to go there?,அங்கே எப்படிப் போவது? (Ange eppadi povadhu?),वहाँ कैसे जाएँ? (Wahan kaise jayein?)
Day 6,beginner.,Can you repeat?,மறுபடியும் சொல்ல முடியுமா? (Marupadiyum solla mudiyuma?),क्या आप दोहरा सकते हैं? (Kya aap dohra sakte hain?)
Day 6,beginner.,Lower the price.,விலையைக் குறைக்கவும். (Vilaiyai kuraikkavum.),दाम कम कीजिये। (Daam kam kijiye.)
Day 6,beginner.,It's too expensive.,இது மிகவும் விலை அதிகம். (Idhu migavum vilai adhigam.),यह बहुत महँगा है। (Yeh bahut mehnga hai.)
Day 7,beginner.,Do you have this?,உங்களிடம் இது இருக்கிறதா? (Ungalidam idhu irukkiradha?),क्या आपके पास यह है? (Kya aapke paas yeh hai?)
Day 7,beginner.,Bring some tea.,டீ கொண்டு வாருங்கள். (Tea kondu vaarungal.),चाय लेकर आइये। (Chai lekar aaiye.)
Day 7,beginner.,What time is it?,மணி என்ன? (Mani enna?),समय क्या हुआ है? (Samay kya hua hai?)
Day 7,beginner.,I'm looking for...,நான் ... தேடிக்கொண்டிருக்கிறேன். (Naan ... thedikondirukkiren.),मैं ... ढूँढ रहा हूँ। (Mein ... dhoondh raha hoon.)
Day 7,beginner.,Switch on the light.,லைட்டை போடுங்கள். (Light-ai podungal.),लाइट जला दीजिये। (Light jala dijiye.)
Day 8,beginner.,Switch off the light.,லைட்டை அணைக்கவும். (Light-ai anaikkavum.),लाइट बंद कीजिये। (Light band kijiye.)
Day 8,beginner.,Can I use your phone?,நான் உங்கள் போனைப் பயன்படுத்தலாமா? (Naan ungal phone-ai payanpaduthalaama?),क्या मैं आपका फ़ोन इस्तेमाल कर सकता हूँ? (Kya mein aapka phone istemal kar sakta hoon?)
Day 8,beginner.,Where is the shop?,கடை எங்கே இருக்கிறது? (Kadai enge irukkiradhu?),दुकान कहाँ है? (Dukan kahan hai?)
Day 8,beginner.,I need a bag.,எனக்கு ஒரு பை தேவை. (Enakku oru pai thevai.),मुझे एक थैला चाहिए। (Mujhe ek thaila chahiye.)
Day 8,beginner.,Is it open?,இது திறந்திருக்கிறதா? (Idhu thirandhirukkiradha?),क्या यह खुला है? (Kya yeh khula hai?)
Day 9,beginner.,Is it closed?,இது மூடப்பட்டிருக்கிறதா? (Idhu moodappattirukkiradha?),क्या यह बंद है? (Kya yeh band hai?)
Day 9,beginner.,Wait for me.,எனக்காகக் காத்திருங்கள். (Enakkaaga kaathirungal.),मेरा इंतज़ार कीजिये। (Mera intezar kijiye.)
Day 9,beginner.,Come soon.,சீக்கிரம் வாருங்கள். (Seekkiram vaarungal.),जल्दी आइये। (Jaldi aaiye.)
Day 9,beginner.,Don't go there.,அங்கே போகாதீர்கள். (Ange pogaadheergal.),वहाँ मत जाइये। (Wahan mat jaiye.)
Day 9,beginner.,Look here.,இங்கே பாருங்கள். (Inge paarungal.),इधर देखिये। (Idhar dekhiye.)
Day 10,beginner.,Sit here.,இங்கே உட்காருங்கள். (Inge utkaarungal.),यहाँ बैठिये। (Yahan baithiye.)
Day 10,beginner.,I want to buy this.,நான் இதை வாங்க விரும்புகிறேன். (Naan idhai vaanga virumbugiren.),मैं इसे खरीदना चाहता हूँ। (Mein ise khareedna chahta hoon.)
Day 10,beginner.,Tell me the way.,எனக்கு வழி சொல்லுங்கள். (Enakku vazhi sollungal.),मुझे रास्ता बताइये। (Mujhe raasta bataiye.)
Day 10,beginner.,Is there a pharmacy?,மருந்துக் கடை இருக்கிறதா? (Marundhu kadai irukkiradha?),क्या यहाँ कोई मेडिकल स्टोर है? (Kya yahan koi medical store hai?)
Day 10,beginner.,I need help.,எனக்கு உதவி தேவை. (Enakku udhavi thevai.),मुझे मदद की ज़रूरत है। (Mujhe madad ki zaroorat hai.)
Day 11,beginner.,Hello / Greetings,வணக்கம் (Vanakkam),नमस्ते (Namaste)
Day 11,beginner.,Good morning,காலை வணக்கம் (Kaalai vanakkam),शुभ प्रभात (Shubh prabhat)
Day 11,beginner.,Good night,இனிய இரவு (Iniya iravu),शुभ रात्रि (Shubh raatri)
Day 11,beginner.,How are you?,எப்படி இருக்கீங்க? (Eppadi irukkenga?),आप कैसे हैं? (Aap kaise hain?)
Day 11,beginner.,I am fine,நான் நல்லா இருக்கேன் (Naan nalla irukken),मैं ठीक हूँ (Mein theek hoon)
Day 12,beginner.,What is your name?,உங்க பெயர் என்ன? (Unga peyar enna?),आपका नाम क्या है? (Aapka naam kya hai?)
Day 12,beginner.,My name is...,என் பெயர்... (En peyar...),मेरा नाम... है (Mera naam... hai)
Day 12,beginner.,Nice to meet you,உங்களை பார்த்ததுல சந்தோஷம் (Ungala paarthadhula sandhosham),आपसे मिलकर खुशी हुई (Aap se milkar khushi hui)
Day 12,beginner.,Thank you,நன்றி (Nandri),शुक्रिया / धन्यवाद (Shukriya / Dhanyawad)
Day 12,beginner.,You're welcome,வரவேற்கிறோம் (Varaverkirom),आपका स्वागत है (Aapka swagat hai)
Day 13,beginner.,Please,தயவு செய்து (Thayavu seidhu),कृपया (Kripaya)
Day 13,beginner.,Excuse me,கொஞ்சம் கேளுங்க (Konjam kelunga),सुनिये (Suniye)
Day 13,beginner.,Sorry,மன்னிக்கவும் (Mannikkavum),माफ़ कीजिये (Maaf kijiye)
Day 13,beginner.,Yes,ஆமா (Aama),हाँ (Haan)
Day 13,beginner.,No,இல்லை (Illai),नहीं (Nahi)
Day 14,beginner.,Maybe,ஒருவேளை (Oruvelai),शायद (Shayad)
Day 14,beginner.,I understand,புரியுது (Puriyudhu),मैं समझ गया (Mein samajh gaya)
Day 14,beginner.,I don't understand,புரியல (Puriyala),मुझे समझ नहीं आया (Mujhe samajh nahi aaya)
Day 14,beginner.,Do you speak English?,உங்களுக்கு இங்கிலீஷ் தெரியுமா? (Ungalukku English theriyuma?),क्या आप अंग्रेज़ी बोलते हैं? (Kya aap angrezi bolte hain?)
Day 14,beginner.,A little bit,கொஞ்சம் (Konjam),थोड़ा सा (Thoda sa)
Day 15,beginner.,Who is it?,யாரு அது? (Yaaru adhu?),कौन है? (Kaun hai?)
Day 15,beginner.,What is this?,இது என்ன? (Idhu enna?),यह क्या है? (Yeh kya hai?)
Day 15,beginner.,Where are you from?,நீங்க எங்கிருந்து வர்றீங்க? (Neenga engirundhu varreenga?),आप कहाँ से हैं? (Aap kahan se hain?)
Day 15,beginner.,I am from India,நான் இந்தியாவிலிருந்து வர்றேன் (Naan India-vil irundhu varren),मैं भारत से हूँ (Mein Bharat se hoon)
Day 15,beginner.,How old are you?,உங்க வயசு என்ன? (Unga vayasu enna?),आपकी उम्र क्या है? (Aapki umar kya hai?)
Day 16,beginner.,I am happy,நான் சந்தோஷமா இருக்கேன் (Naan sandhosham-aa irukken),मैं खुश हूँ (Mein khush hoon)
Day 16,beginner.,See you later,அப்புறம் பார்க்கலாம் (Apparam paarkalam),फिर मिलेंगे (Phir milenge)
Day 16,beginner.,Goodbye,போயிட்டு வரேன் (Poittu varen),अलविदा (Alvida)
Day 16,beginner.,Take care,உடம்பை பார்த்துக்கோங்க (Udamba paathukkonga),अपना ख्याल रखना (Apna khayal rakhna)
Day 16,beginner.,Long time no see,பார்த்து ரொம்ப நாள் ஆச்சு (Paarthu romba naal aachu),बहुत दिनों बाद मिले (Bahut dino baad mile)
Day 17,beginner.,What's up?,என்ன விஷயம்? (Enna vishayam?),क्या चल रहा है? (Kya chal raha hai?)
Day 17,beginner.,Everything is good,எல்லாம் நல்லா இருக்கு (Ellam nalla irukku),सब ठीक है (Sab theek hai)
Day 17,beginner.,Are you busy?,நீங்க பிஸியா இருக்கீங்களா? (Neenga busy-aa irukkeengala?),क्या आप व्यस्त हैं? (Kya aap vyast hain?)
Day 17,beginner.,I am free,நான் ஃப்ரீயா தான் இருக்கேன் (Naan free-aa thaan irukken),मैं खाली हूँ (Mein khaali hoon)
Day 17,beginner.,Help me,எனக்கு உதவி செய்யுங்க (Enakku udhavi seiyunga),मेरी मदद कीजिये (Meri madad kijiye)
Day 18,beginner.,Of course,கண்டிப்பா (Kandippa),बिल्कुल (Bilkul)
Day 18,beginner.,No problem,ஒரு பிரச்சினையும் இல்லை (Oru pirachanaiyum illai),कोई बात नहीं (Koi baat nahi)
Day 18,beginner.,God bless you,கடவுள் உங்களை ஆசீர்வதிக்கட்டும் (Kadavul ungalai aasirvadhikkattum),भगवान आपका भला करे (Bhagwan aapka bhala kare)
Day 18,beginner.,Happy Birthday,பிறந்தநாள் வாழ்த்துக்கள் (Pirandhanaal vaazhthukkal),जन्मदिन की शुभकामनाएं (Janamdin ki shubhkamnaye)
Day 18,beginner.,Good luck,நல்வாழ்த்துக்கள் (Nalvaazhthukkal),शुभकामनाएँ (Shubhkaamnaye)
Day 19,beginner.,I forgot,நான் மறந்துட்டேன் (Naan marandhuten),मैं भूल गया (Mein bhool gaya)
Day 19,beginner.,Don't worry,கவலைப்படாதீங்க (Kavalaipadadheenga),चिंता मत करो (Chinta mat karo)
Day 19,beginner.,I like it,எனக்கு இது பிடிச்சிருக்கு (Enakku idhu pidichirukku),मुझे यह पसंद है (Mujhe yeh pasand hai)
Day 19,beginner.,I don't like it,எனக்கு இது பிடிக்கல (Enakku idhu pidikkala),मुझे यह पसंद नहीं है (Mujhe yeh pasand nahi hai)
Day 19,beginner.,Are you sure?,நிச்சயமா? (Nichayamaa?),क्या आपको यकीन है? (Kya aapko yakeen hai?)
Day 20,beginner.,Sit down,உட்காருங்க (Utkaarungal),बैठ जाइये (Baith jaiye)
Day 20,beginner.,Stand up,எழுந்திருங்க (Ezhundhirunga),खड़े हो जाइये (Khade ho jaiye)
Day 20,beginner.,Listen to me,நான் சொல்றத கேளுங்க (Naan solradha kelunga),मेरी बात सुनिए (Meri baat suniye)
Day 20,beginner.,Speak slowly,மெதுவா பேசுங்க (Medhuvaa pesunga),धीरे बोलिए (Dheere boliye)
Day 20,beginner.,Come in,உள்ள வாங்க (Ulla vaanga),अंदर आइये (Andar aaiye)
Day 21,beginner.,I woke up early.,நான் சீக்கிரம் எழுந்தேன். (Naan seekkiram ezhundhen.),मैं जल्दी उठ गया। (Mein jaldi uth gaya.)
Day 21,beginner.,I am brushing my teeth.,நான் பல் துலக்குகிறேன். (Naan pal thulakkugiren.),मैं ब्रश कर रहा हूँ। (Mein brush kar raha hoon.)
Day 21,beginner.,I am going to bathe.,நான் குளிக்கப் போகிறேன். (Naan kulikka pogiren.),मैं नहाने जा रहा हूँ। (Mein nahane ja raha hoon.)
Day 21,beginner.,I am hungry.,எனக்குப் பசிக்கிறது. (Enakku pasikkiradhu.),मुझे भूख लगी है। (Mujhe bhook lagi hai.)
Day 21,beginner.,What is for breakfast?,காலை உணவு என்ன? (Kaalai unavu enna?),नाश्ते में क्या है? (Nashte mein kya hai?)
Day 22,beginner.,I am eating breakfast.,நான் காலை உணவு சாப்பிடுகிறேன். (Naan kaalai unavu saappidugiren.),मैं नाश्ता कर रहा हूँ। (Mein nashta kar raha hoon.)
Day 22,beginner.,The food is tasty.,உணவு ருசியாக இருக்கிறது. (Unavu rusiyaaga irukkiradhu.),खाना स्वादिष्ट है। (Khana swadisht hai.)
Day 22,beginner.,I want coffee.,எனக்கு காபி வேண்டும். (Enakku coffee vendum.),मुझे कॉफ़ी चाहिए। (Mujhe coffee chahiye.)
Day 22,beginner.,I am getting ready.,நான் தயாராகிக் கொண்டிருக்கிறேன். (Naan thayaraagi kondirukkiren.),मैं तैयार हो रहा हूँ। (Mein taiyar ho raha hoon.)
Day 22,beginner.,Where are my clothes?,என் துணிகள் எங்கே? (En thunigal enge?),मेरे कपड़े कहाँ हैं? (Mere kapde kahan hain?)
Day 23,beginner.,I am going to work.,நான் வேலைக்குச் செல்கிறேன். (Naan velaikku selgiren.),मैं काम पर जा रहा हूँ। (Mein kaam par ja raha hoon.)
Day 23,beginner.,I am going to school.,நான் பள்ளிக்குச் செல்கிறேன். (Naan pallikku selgiren.),मैं स्कूल जा रहा हूँ। (Mein school ja raha hoon.)
Day 23,beginner.,I am late.,எனக்கு நேரமாகிவிட்டது. (Enakku neramaagivittadhu.),मुझे देर हो गई है। (Mujhe der ho gayi hai.)
Day 23,beginner.,Drive carefully.,கவனமாக ஓட்டுங்கள். (Gavanamaga oottungal.),ध्यान से गाड़ी चलाएं। (Dhyan se gaadi chalayein.)
Day 23,beginner.,I am at the office.,நான் அலுவலகத்தில் இருக்கிறேன். (Naan aluvalagathil irukkiren.),मैं ऑफिस में हूँ। (Mein office mein hoon.)
Day 24,beginner.,I have a lot of work.,எனக்கு நிறைய வேலை இருக்கிறது. (Enakku niraiya velai irukkiradhu.),मुझे बहुत काम है। (Mujhe bahut kaam hai.)
Day 24,beginner.,I am tired.,நான் சோர்வாக இருக்கிறேன். (Naan sorvaaga irukkiren.),मैं थक गया हूँ। (Mein thak gaya hoon.)
Day 24,beginner.,Let's have lunch.,மதிய உணவு சாப்பிடலாம். (Madhiya unavu saappidalaam.),चलो दोपहर का खाना खाते हैं। (Chalo dopahar ka khana khate hain.)
Day 24,beginner.,I am thirsty.,எனக்குத் தாகமாக இருக்கிறது. (Enakku thaagamaaga irukkiradhu.),मुझे प्यास लगी है। (Mujhe pyaas lagi hai.)
Day 24,beginner.,It is raining.,மழை பெய்கிறது. (Mazhai peygiradhu.),बारिश हो रही है। (Baarish ho rahi hai.)
Day 25,beginner.,It is very hot today.,இன்று வெயில் அதிகமாக உள்ளது. (Indru veyil adhigamaaga ulladhu.),आज बहुत गर्मी है। (Aaj bahut garmi hai.)
Day 25,beginner.,It is cold.,குளிராக இருக்கிறது. (Kuliraaga irukkiradhu.),ठंड लग रही है। (Thand lag rahi hai.)
Day 25,beginner.,I am watching TV.,நான் டிவி பார்த்துக் கொண்டிருக்கிறேன். (Naan TV paarthu kondirukkiren.),मैं टीवी देख रहा हूँ। (Mein TV dekh raha hoon.)
Day 25,beginner.,I am listening to music.,நான் பாட்டு கேட்கிறேன். (Naan paattu ketkiren.),मैं गाने सुन रहा हूँ। (Mein gaane sun raha hoon.)
Day 25,beginner.,I am reading a book.,நான் புத்தகம் படிக்கிறேன். (Naan puthagam padikkiren.),मैं किताब पढ़ रहा हूँ। (Mein kitab padh raha hoon.)
Day 26,beginner.,Call me later.,அப்புறம் கூப்பிடுங்கள். (Apparam kooppidungal.),मुझे बाद में फ़ोन करना। (Mujhe baad mein phone karna.)
Day 26,beginner.,I am charging my phone.,நான் போன் சார்ஜ் செய்கிறேன். (Naan phone charge seigiren.),मैं फ़ोन चार्ज कर रहा हूँ। (Mein phone charge kar raha hoon.)
Day 26,beginner.,I am cleaning the room.,நான் அறையை சுத்தம் செய்கிறேன். (Naan araiyai sutham seigiren.),मैं कमरा साफ़ कर रहा हूँ। (Mein kamra saaf kar raha hoon.)
Day 26,beginner.,I am washing clothes.,நான் துணி துவைக்கிறேன். (Naan thuni thuvaikkiren.),मैं कपड़े धो रहा हूँ। (Mein kapde dho raha hoon.)
Day 26,beginner.,I am going to the market.,நான் சந்தைக்குப் போகிறேன். (Naan sandhaikku pogiren.),मैं बाज़ार जा रहा हूँ। (Mein bazaar ja raha hoon.)
Day 27,beginner.,Buy some vegetables.,காய்கறிகள் வாங்குங்கள். (Kaaykarigal vaangungal.),कुछ सब्ज़ियाँ खरीद लो। (Kuch sabziyan khareed lo.)
Day 27,beginner.,I am cooking dinner.,நான் இரவு உணவு சமைக்கிறேன். (Naan iravu unavu samaikkiren.),मैं रात का खाना बना रहा हूँ। (Mein raat ka khana bana raha hoon.)
Day 27,beginner.,The food is ready.,சாப்பாடு தயார். (Saappaadu thayaar.),खाना तैयार है। (Khana taiyar hai.)
Day 27,beginner.,Let's eat together.,சேர்ந்து சாப்பிடலாம். (Serndhu saappidalaam.),चलो साथ में खाते हैं। (Chalo saath mein khate hain.)
Day 27,beginner.,Wash your hands.,கைகளை கழுவுங்கள். (Kaigalai kazhuvungal.),अपने हाथ धो लें। (Apne haath dho lein.)
Day 28,beginner.,I am full.,வயிறு நிறைந்துவிட்டது. (Vayiru niraindhuvittadhu.),मेरा पेट भर गया है। (Mera pet bhar gaya hai.)
Day 28,beginner.,I am going for a walk.,நான் நடைப்பயிற்சி செல்கிறேன். (Naan nadaippayirchi selgiren.),मैं टहलने जा रहा हूँ। (Mein tehalne ja raha hoon.)
Day 28,beginner.,I am meeting a friend.,நான் நண்பரைச் சந்திக்கிறேன். (Naan nanbaraich sandhikkiren.),मैं दोस्त से मिल रहा हूँ। (Mein dost se mil raha hoon.)
Day 28,beginner.,What happened?,என்ன ஆச்சு? (Enna aachu?),क्या हुआ? (Kya hua?)
Day 28,beginner.,Tell me the truth.,உண்மையைச் சொல்லுங்கள். (Unmaiyaich sollungal.),सच बताओ। (Sach batao.)
Day 29,beginner.,Don't lie.,பொய் சொல்லாதே. (Poi solladhe.),झूठ मत बोलो। (Jhooth mat bolo.)
Day 29,beginner.,I am bored.,எனக்கு போரடிக்கிறது. (Enakku boradikkiradhu.),मैं बोर हो रहा हूँ। (Mein bore ho raha hoon.)
Day 29,beginner.,I have a headache.,எனக்கு தலைவலிக்குது. (Enakku thalaivalikkudhu.),मेरे सिर में दर्द है। (Mere sir mein dard hai.)
Day 29,beginner.,Take some rest.,ஓய்வு எடுங்கள். (Oivu edungal.),थोड़ा आराम कर लो। (Thoda aaram kar lo.)
Day 29,beginner.,I am sleepy.,எனக்குத் தூக்கம் வருகிறது. (Enakku thookkam varugiradhu.),मुझे नींद आ रही है। (Mujhe neend aa rahi hai.)
Day 30,beginner.,Turn off the fan.,ஃபேனை அணைக்கவும். (Fan-ai anaikkavum.),पंखा बंद कर दो। (Pankha band kar do.)
Day 30,beginner.,Lock the door.,கதவைப் பூட்டுங்கள். (Kadhavai poottungal.),दरवाज़ा बंद कर दो। (Darwaza band kar do.)
Day 30,beginner.,I am going to sleep.,நான் தூங்கப் போகிறேன். (Naan thookka pogiren.),मैं सोने जा रहा हूँ। (Mein sone ja raha hoon.)
Day 30,beginner.,Wake me up at 6 AM.,என்னை 6 மணிக்கு எழுப்புங்கள். (Ennai 6 manikku ezhuppungal.),मुझे 6 बजे जगा देना। (Mujhe 6 baje jaga dena.)
Day 30,beginner.,Sweet dreams.,இனிய கனவுகள். (Iniya kanavugal.),मीठे सपने। (Meethe sapne.)
Day 31,beginner.,How is your family?,உங்க குடும்பம் எப்படி இருக்கு? (Unga kudumbam eppadi irukku?),आपका परिवार कैसा है? (Aapka parivar kaisa hai?)
Day 31,beginner.,Everyone is fine.,எல்லாரும் நல்லா இருக்காங்க. (Ellarum nalla irukkanga.),सब ठीक हैं। (Sab theek hain.)
Day 31,beginner.,Have a nice day!,இந்த நாள் இனிய நாளாக அமையட்டும்! (Indha naal iniya naalaaga amaiyattum!),आपका दिन शुभ हो! (Aapka din shubh ho!)
Day 31,beginner.,I am glad to hear that.,அதை கேட்டு சந்தோஷம். (Adhai kettu sandhosham.),यह सुनकर खुशी हुई। (Yeh sunkar khushi hui.)
Day 31,beginner.,What do you do?,நீங்க என்ன பண்றீங்க? (Neenga enna panreenga?),आप क्या करते हैं? (Aap kya karte hain?)
Day 32,beginner.,I am a student.,நான் ஒரு மாணவன். (Naan oru maanavan.),मैं एक छात्र हूँ। (Mein ek chhatra hoon.)
Day 32,beginner.,Where do you live?,நீங்க எங்கே வசிக்கிறீங்க? (Neenga enge vasikkireenga?),आप कहाँ रहते हैं? (Aap kahan rehte hain?)
Day 32,beginner.,I live here.,நான் இங்கே வசிக்கிறேன். (Naan inge vasikkiren.),मैं यहाँ रहता हूँ। (Mein yahan rehta hoon.)
Day 32,beginner.,How was your day?,இன்னைக்கு நாள் எப்படி இருந்தது? (Innaiku naal eppadi irundhadhu?),आपका दिन कैसा रहा? (Aapka din kaisa raha?)
Day 32,beginner.,It was busy.,பிஸியா இருந்தது. (Busy-aa irundhadhu.),व्यस्त रहा। (Vyast raha.)
Day 33,beginner.,It was great.,சிறப்பா இருந்தது. (Sirappa irundhadhu.),बहुत अच्छा था। (Bahut accha tha.)
Day 33,beginner.,I don't know yet.,எனக்கு இன்னும் தெரியாது. (Enakku innum theriyaadhu.),मुझे अभी नहीं पता। (Mujhe abhi nahi pata.)
Day 33,beginner.,Please speak slowly.,தயவுசெய்து மெதுவா பேசுங்க. (Thayavu seidhu medhuva pesunga.),कृपया धीरे बोलिए। (Kripaya dheere boliye.)
Day 33,beginner.,What did you say?,என்ன சொன்னீங்க? (Enna sonneenga?),आपने क्या कहा? (Aapne kya kaha?)
Day 33,beginner.,I am learning Tamil.,நான் தமிழ் கத்துக்கிறேன். (Naan Tamizh kathukkiren.),मैं तमिल सीख रहा हूँ। (Mein Tamil seekh raha hoon.)
Day 34,beginner.,Is it correct?,இது சரியா? (Idhu sariya?),क्या यह सही है? (Kya yeh sahi hai?)
Day 34,beginner.,You are right.,நீங்க சொல்வது சரி. (Neenga solvadhu sari.),आप सही कह रहे हैं। (Aap sahi keh rahe hain.)
Day 34,beginner.,I don't think so.,நான் அப்படி நினைக்கவில்லை. (Naan appadi ninaikkavillai.),मुझे ऐसा नहीं लगता। (Mujhe aisa nahi lagta.)
Day 34,beginner.,I agree with you.,நான் உங்களை ஒத்துக்கொள்கிறேன். (Naan ungalai othukkollgiren.),मैं आपसे सहमत हूँ। (Mein aap se sahmat hoon.)
Day 34,beginner.,What's the matter?,என்ன விஷயம்? (Enna vishayam?),क्या बात है? (Kya baat hai?)
Day 35,beginner.,It doesn't matter.,அது ஒரு விஷயம் இல்லை. (Adhu oru vishayam illai.),कोई बात नहीं। (Koi baat nahi.)
Day 35,beginner.,Are you ready?,நீங்க தயாரா? (Neenga thayara?),क्या आप तैयार हैं? (Kya aap taiyar hain?)
Day 35,beginner.,Not yet.,இன்னும் இல்லை. (Innum illai.),अभी नहीं। (Abhi nahi.)
Day 35,beginner.,Wait for a while.,கொஞ்ச நேரம் இருங்க. (Konja neram irunga.),थोड़ी देर रुकिए। (Thodi der rukiye.)
Day 35,beginner.,Let's go out.,வெளியே போகலாம். (Veliye pogalaam.),चलो बाहर चलते हैं। (Chalo bahar chalte hain.)
Day 36,beginner.,I am coming.,நான் வர்றேன். (Naan varren.),मैं आ रहा हूँ। (Mein aa raha hoon.)
Day 36,beginner.,Don't be late.,தாமதமா வராதீங்க. (Thamadham-aa varadheenga.),देर मत करना। (Der mat karna.)
Day 36,beginner.,I will try my best.,நான் என்னால் முடிந்த அளவு முயல்வேன். (Naan ennal mudindha alavu muyalven.),मैं अपनी पूरी कोशिश करूँगा। (Mein apni poori koshish karunga.)
Day 36,beginner.,That's enough.,அது போதும். (Adhu podhum.),बस इतना काफी है। (Bas itna kaafi hai.)
Day 36,beginner.,God is great.,இறைவன் பெரியவர். (Iraivan periyavar.),भगवान महान है। (Bhagwan mahan hai.)
Day 37,beginner.,Congratulations!,பாராட்டுக்கள்! (Paarattukkal!),बधाई हो! (Badhai ho!)
Day 37,beginner.,Well done!,நன்று! (Nandru!),बहुत बढ़िया! (Bahut badhiya!)
Day 37,beginner.,Keep it up!,இதையே தொடருங்கள்! (Idhaiye thodarungal!),इसे जारी रखें! (Ise jaari rakhein!)
Day 37,beginner.,Don't give up.,முயற்சியை விடாதீர்கள். (Muyarchiyai vidadheergal.),हार मत मानो। (Haar mat maano.)
Day 37,beginner.,Believe in yourself.,உங்களை நம்புங்கள். (Ungalai nambungal.),खुद पर विश्वास रखो। (Khud par vishwas rakho.)
Day 38,beginner.,You can do it.,உங்களால் முடியும். (Ungalal mudiyum.),आप यह कर सकते हैं। (Aap yeh kar sakte hain.)
Day 38,beginner.,Think positive.,நேர்மறையாக சிந்தியுங்கள். (Nermaraiyaga sindhiyungal.),सकारात्मक सोचें। (Sakaaraatmak sochein.)
Day 38,beginner.,I am proud of you.,நான் உங்களை நினைத்து பெருமைப்படுகிறேன். (Naan ungalai ninaithu perumaipadugiren.),मुझे आप पर गर्व है। (Mujhe aap par garv hai.)
Day 38,beginner.,Any news?,ஏதாவது செய்தியா? (Edhavadhu seidhiya?),कोई खबर? (Koi khabar?)
Day 38,beginner.,No news.,செய்தி ஒன்றும் இல்லை. (Seidhi ondrum illai.),कोई खबर नहीं। (Koi khabar nahi.)
Day 39,beginner.,Call me back.,எனக்கு திரும்ப கூப்பிடுங்க. (Enakku thirumba kooppidunga.),मुझे वापस फ़ोन करना। (Mujhe waapas phone karna.)
Day 39,beginner.,I will call you.,நான் உங்களை கூப்பிடுறேன். (Naan ungalai kooppiduren.),मैं आपको कॉल करूँगा। (Mein aapko call karunga.)
Day 39,beginner.,Are you there?,அங்க இருக்கீங்களா? (Anga irukkeengala?),क्या आप वहाँ हैं? (Kya aap wahan hain?)
Day 39,beginner.,"Yes, I am here.","ஆமா, நான் இங்க தான் இருக்கேன். (Aama, naan inga dhaan irukken.)","हाँ, मैं यहाँ हूँ। (Haan, mein yahan hoon.)"
Day 39,beginner.,What's new?,புதுசா என்ன விஷயம்? (Pudhusa enna vishayam?),नया क्या है? (Naya kya hai?)
Day 40,beginner.,Nothing much.,பெருசா ஒன்னும் இல்ல. (Perusa onnum illa.),ज़्यादा कुछ नहीं। (Zyaada kuch nahi.)
Day 40,beginner.,It's my pleasure.,இது என் மகிழ்ச்சி. (Idhu en magizhchi.),यह मेरा सौभाग्य है। (Yeh mera saubhagya hai.)
Day 40,beginner.,Take it easy.,லேசா எடுத்துக்கோங்க. (Lesaa eduthukkonga.),आराम से। (Aaram se.)
Day 40,beginner.,Have fun!,சந்தோஷமா இருங்க! (Sandhoshama irunga!),मजे करो! (Maze karo!)
Day 40,beginner.,Good to see you.,உங்களை பார்த்ததுல மகிழ்ச்சி. (Ungala paarthadhula magizhchi.),आपको देखकर अच्छा लगा। (Aapko dekhkar accha laga.)
Day 41,beginner.,Is there a bank nearby?,பக்கத்துல வங்கி இருக்கா? (Pakkathula vangi irukka?),क्या पास में कोई बैंक है? (Kya paas mein koi bank hai?)
Day 41,beginner.,How far is the airport?,விமான நிலையம் எவ்வளவு தூரம்? (Vimana nilayam evvalavu dhooram?),एयरपोर्ट कितनी दूर है? (Airport kitni door hai?)
Day 41,beginner.,Which bus goes to...?,எந்த பஸ் ...-க்கு போகும்? (Endha bus ...-ku pogum?),कौन सी बस ... जाती है? (Kaun si bus ... jaati hai?)
Day 41,beginner.,I want a ticket.,எனக்கு ஒரு டிக்கெட் வேணும். (Enakku oru ticket venum.),मुझे एक टिकट चाहिए। (Mujhe ek ticket chahiye.)
Day 41,beginner.,Keep the change.,மீதி சில்லறையை வச்சுக்கோங்க. (Meedhi sillaraiyai vachukkonga.),छुट्टा आप रख लीजिये। (Chutta aap rakh lijiye.)
Day 42,beginner.,Where is the entrance?,நுழைவாயில் எங்கே? (Nuzhaivayil enge?),प्रवेश द्वार कहाँ है? (Pravesh dwar kahan hai?)
Day 42,beginner.,Where is the exit?,வெளியேறும் வழி எங்கே? (Veliye-rum vazhi enge?),निकास द्वार कहाँ है? (Nikas dwar kahan hai?)
Day 42,beginner.,Can you show me on the map?,மேப்-ல காட்ட முடியுமா? (Map-la kaatta mudiyuma?),क्या आप मुझे मैप पर दिखा सकते हैं? (Kya aap mujhe map par dikha sakte hain?)
Day 42,beginner.,I am looking for a hotel.,நான் ஒரு ஹோட்டல் தேடுறேன். (Naan oru hotel theduren.),मैं एक होटल ढूँढ रहा हूँ। (Mein ek hotel dhoondh raha hoon.)
Day 42,beginner.,Is this seat taken?,இந்த சீட் காலியா இருக்கா? (Indha seat kaaliya irukka?),क्या यह सीट खाली है? (Kya yeh seat khaali hai?)
Day 43,beginner.,May I sit here?,நான் இங்கே உட்காரலாமா? (Naan inge utkaaralaama?),क्या मैं यहाँ बैठ सकता हूँ? (Kya mein yahan baith sakta hoon?)
Day 43,beginner.,Could you take a photo?,ஒரு போட்டோ எடுக்க முடியுமா? (Oru photo edukka mudiyuma?),क्या आप एक फोटो ले सकते हैं? (Kya aap ek photo le sakte hain?)
Day 43,beginner.,Where can I find a taxi?,டாக்ஸி எங்கே கிடைக்கும்? (Taxi enge kidaikkum?),टैक्सी कहाँ मिलेगी? (Taxi kahan milegi?)
Day 43,beginner.,Take the next left.,அடுத்த இடதுபுறம் திரும்புங்க. (Adutha idadhupuram thirumbunga.),अगला बायाँ मोड़ लीजिये। (Agla baaya mod lijiye.)
Day 43,beginner.,It is on the right side.,அது வலது பக்கத்துல இருக்கு. (Adhu valadhu pakkathula irukku.),वह दाईं ओर है। (Woh dai or hai.)
Day 44,beginner.,Go past the school.,பள்ளிக்கூடத்தை தாண்டி போங்க. (Pallikkoodathai thaandi ponga.),स्कूल के आगे जाइये। (School ke aage jaiye.)
Day 44,beginner.,Cross the road.,ரோட்டை கிராஸ் பண்ணுங்க. (Road-ai cross pannunga.),सड़क पार करें। (Sadak paar karein.)
Day 44,beginner.,Is it safe here?,இங்கே பாதுகாப்பா இருக்குமா? (Inge paadhugaappa irukkuma?),क्या यहाँ सुरक्षित है? (Kya yahan surakshit hai?)
Day 44,beginner.,I need an umbrella.,எனக்கு ஒரு குடை வேணும். (Enakku oru kudai venum.),मुझे एक छाता चाहिए। (Mujhe ek chhata chahiye.)
Day 44,beginner.,Can you lower the volume?,சத்தத்தை குறைக்க முடியுமா? (Sathathai kuraikka mudiyuma?),क्या आप आवाज़ कम कर सकते हैं? (Kya aap awaaz kam kar sakte hain?)
Day 45,beginner.,Can you turn it up?,சத்தத்தை கூட்ட முடியுமா? (Sathathai kootta mudiyuma?),क्या आप आवाज़ बढ़ा सकते हैं? (Kya aap awaaz badha sakte hain?)
Day 45,beginner.,I want to change this.,இதை மாற்ற வேண்டும். (Idhai maatra vendum.),मैं इसे बदलना चाहता हूँ। (Mein ise badalna chahta hoon.)
Day 45,beginner.,Is there Wi-Fi here?,இங்கே வைஃபை இருக்கா? (Inge Wi-Fi irukka?),क्या यहाँ वाई-फाई है? (Kya yahan wi-fi hai?)
Day 45,beginner.,What is the password?,பாஸ்வேர்ட் என்ன? (Password enna?),पासवर्ड क्या है? (Password kya hai?)
Day 45,beginner.,My phone is not working.,என் போன் வேலை செய்யல. (En phone velai seiyala.),मेरा फ़ोन काम नहीं कर रहा है। (Mera phone kaam nahi kar raha hai.)
Day 46,beginner.,I need a charger.,எனக்கு ஒரு சார்ஜர் வேணும். (Enakku oru charger venum.),मुझे एक चार्जर चाहिए। (Mujhe ek charger chahiye.)
Day 46,beginner.,Where is the elevator?,லிஃப்ட் எங்கே இருக்கு? (Lift enge irukku?),लिफ्ट कहाँ है? (Lift kahan hai?)
Day 46,beginner.,Use the stairs.,படிக்கட்டை பயன்படுத்துங்க. (Padikkattai payanpaduthunga.),सीढ़ियों का इस्तेमाल करें। (Seedhiyon ka istemal karein.)
Day 46,beginner.,Is water free?,தண்ணீர் இலவசமா? (Thanneer ilavasama?),क्या पानी मुफ्त है? (Kya paani muft hai?)
Day 46,beginner.,I am in a hurry.,நான் அவசரத்துல இருக்கேன். (Naan avasarathula irukken.),मैं जल्दी में हूँ। (Mein jaldi mein hoon.)
Day 47,beginner.,Please wait for me.,தயவுசெய்து எனக்காக காத்திருங்க. (Thayavu seidhu enakkaaga kaathirunga.),कृपया मेरा इंतज़ार करें। (Kripaya mera intezar karein.)
Day 47,beginner.,Don't forget.,மறந்துடாதீங்க. (Marandhudadheenga.),भूलना मत। (Bhoolna mat.)
Day 47,beginner.,Remind me later.,அப்புறம் ஞாபகப்படுத்துங்க. (Apparam gnabagappaduthunga.),मुझे बाद में याद दिलाना। (Mujhe baad mein yaad dilana.)
Day 47,beginner.,Can I have some more?,இன்னும் கொஞ்சம் கிடைக்குமா? (Innum konjam kidaikkuma?),क्या मुझे थोड़ा और मिल सकता है? (Kya mujhe thoda aur mil sakta hai?)
Day 47,beginner.,It is very cold here.,இங்கே ரொம்ப குளிரா இருக்கு. (Inge romba kulira irukku.),यहाँ बहुत ठंड है। (Yahan bahut thand hai.)
Day 48,beginner.,Switch on the AC.,ஏசியை போடுங்க. (AC-ai podunga.),एसी चला दीजिये। (AC chala dijiye.)
Day 48,beginner.,I am feeling sick.,எனக்கு உடம்பு முடியல. (Enakku udambu mudiyala.),मेरी तबियत ठीक नहीं है। (Meri tabiyat theek nahi hai.)
Day 48,beginner.,Where is the nearest hospital?,பக்கத்துல ஆஸ்பத்திரி எங்க இருக்கு? (Pakkathula hospital enga irukku?),पास का अस्पताल कहाँ है? (Paas ka as अस्पताल kahan hai?)
Day 48,beginner.,Can you call a taxi?,டாக்ஸி கூப்பிட முடியுமா? (Taxi kooppida mudiyuma?),क्या आप टैक्सी बुला सकते हैं? (Kya aap taxi bula sakte hain?)
Day 48,beginner.,How long will it take?,எவ்வளவு நேரம் ஆகும்? (Evvalavu neram aagum?),कितना समय लगेगा? (Kitna samay lagega?)
Day 49,beginner.,Tell me the price.,விலையை சொல்லுங்க. (Vilaiyai sollunga.),दाम बताइये। (Daam bataiye.)
Day 49,beginner.,I don't have enough money.,என்கிட்ட போதுமான பணம் இல்லை. (Enkitta podhumana panam illai.),मेरे पास पर्याप्त पैसे नहीं हैं। (Mere paas paryapt paise nahi hain.)
Day 49,beginner.,Do you accept cards?,கார்டு ஏத்துக்குவீங்களா? (Card ethukkuveengala?),क्या आप कार्ड लेते हैं? (Kya aap card lete hain?)
Day 49,beginner.,Where is the ATM?,ஏடிஎம் எங்கே இருக்கு? (ATM enge irukku?),एटीएम कहाँ है? (ATM kahan hai?)
Day 49,beginner.,It is broken.,இது உடைஞ்சு போச்சு. (Idhu udainju pochu.),यह टूटा हुआ है। (Yeh toota hua hai.)
Day 50,beginner.,Can you fix this?,இதை சரி பண்ண முடியுமா? (Idhai sari panna mudiyuma?),क्या आप इसे ठीक कर सकते हैं? (Kya aap ise theek kar sakte hain?)
Day 50,beginner.,I need to go now.,நான் இப்ப போகணும். (Naan ippa poganum.),मुझे अब जाना होगा। (Mujhe ab jaana hoga.)
Day 50,beginner.,Show me the menu.,மெனுவை காட்டுங்க. (Menu-vai kaattunga.),मेनू दिखाइए। (Menu dikhaiye.)
Day 50,beginner.,Is it spicy?,இது காரமா இருக்குமா? (Idhu kaarama irukkuma?),क्या यह तीखा है? (Kya yeh teekha hai?)
Day 50,beginner.,I want it less spicy.,காரம் கம்மியா வேணும். (Kaaram kammiya venum.),मुझे कम तीखा चाहिए। (Mujhe kam teekha chahiye.)
Day 51,beginner.,I am waking up now.,நான் இப்போதான் எந்திரிக்கிறேன். (Naan ippo dhaan endhirikkiren.),मैं अब जाग रहा हूँ। (Mein ab jaag raha hoon.)
Day 51,beginner.,I need an alarm.,எனக்கு அலாரம் வேணும். (Enakku alarm venum.),मुझे अलार्म चाहिए। (Mujhe alarm chahiye.)
Day 51,beginner.,I am making the bed.,நான் படுக்கையை சரி செய்கிறேன். (Naan padukkaiyai sari seigiren.),मैं बिस्तर ठीक कर रहा हूँ। (Mein bistar theek kar raha hoon.)
Day 51,beginner.,Where is my towel?,என் துண்டு எங்கே? (En thundu enge?),मेरा तौलिया कहाँ है? (Mera tauliya kahan hai?)
Day 51,beginner.,The water is cold.,தண்ணி ஜில்லுனு இருக்கு. (Thanni jillunu irukku.),पानी ठंडा है। (Paani thanda hai.)
Day 52,beginner.,I am combing my hair.,நான் தலை வாரிக்கிறேன். (Naan thalai vaarikkiren.),मैं बाल बना रहा हूँ। (Mein baal bana raha hoon.)
Day 52,beginner.,I am wearing my shoes.,நான் ஷூ போடுறேன். (Naan shoe poduren.),मैं जूते पहन रहा हूँ। (Mein joote pehen raha hoon.)
Day 52,beginner.,I forgot my keys.,சாவியை மறந்துட்டேன். (Saaviyai marandhuten.),मैं चाबियाँ भूल गया। (Mein chabiyan bhool gaya.)
Day 52,beginner.,I am locking the house.,வீட்டை பூட்டுறேன். (Veettai pootturen.),मैं घर बंद कर रहा हूँ। (Mein ghar band kar raha hoon.)
Day 52,beginner.,I am waiting for the bus.,பஸ்க்காக காத்திருக்கிறேன். (Bus-kaaga kaathirukkiren.),मैं बस का इंतज़ार कर रहा हूँ। (Mein bus ka intezar kar raha hoon.)
Day 53,beginner.,It’s a busy road.,இது பரபரப்பான சாலை. (Idhu paraparappana saalai.),यह व्यस्त सड़क है। (Yeh vyast sadak hai.)
Day 53,beginner.,I am checking my mail.,மெயில் செக் பண்றேன். (Mail check panren.),मैं मेल चेक कर रहा हूँ। (Mein mail check kar raha hoon.)
Day 53,beginner.,I have a meeting.,எனக்கு ஒரு மீட்டிங் இருக்கு. (Enakku oru meeting irukku.),मेरी एक मीटिंग है। (Meri ek meeting hai.)
Day 53,beginner.,I am typing.,நான் டைப் பண்றேன். (Naan type panren.),मैं टाइप कर रहा हूँ। (Mein type kar raha hoon.)
Day 53,beginner.,Can you hear me?,நான் பேசுறது கேக்குதா? (Naan pesuradhu kekkudha?),क्या आप मुझे सुन सकते हैं? (Kya aap mujhe sun sakte hain?)
Day 54,beginner.,The internet is slow.,இன்டர்நெட் மெதுவா இருக்கு. (Internet medhuvaa irukku.),इंटरनेट धीमा है। (Internet dheema hai.)
Day 54,beginner.,I am taking a break.,நான் இடைவேளை எடுக்கிறேன். (Naan idaivelai edukkiren.),मैं ब्रेक ले रहा हूँ। (Mein break le raha hoon.)
Day 54,beginner.,I am drinking water.,தண்ணி குடிக்கிறேன். (Thanni kudikkiren.),मैं पानी पी रहा हूँ। (Mein paani pee raha hoon.)
Day 54,beginner.,I am going to the gym.,நான் ஜிம்முக்கு போறேன். (Naan gym-ukku poren.),मैं जिम जा रहा हूँ। (Mein gym ja raha hoon.)
Day 54,beginner.,I am exercising.,நான் உடற்பயிற்சி செய்கிறேன். (Naan udarpayirchi seigiren.),मैं व्यायाम कर रहा हूँ। (Mein vyayam kar raha hoon.)
Day 55,beginner.,I am sweating.,எனக்கு வேர்க்குது. (Enakku verkudhu.),मुझे पसीना आ रहा है। (Mujhe paseena aa raha hai.)
Day 55,beginner.,I am buying groceries.,மளிகை ஜாமான் வாங்குறேன். (Maligai jaamaan vaanguren.),मैं किराने का सामान खरीद रहा हूँ। (Mein kirane ka saman khareed raha hoon.)
Day 55,beginner.,Do you need anything?,உங்களுக்கு ஏதாவது வேணுமா? (Ungalukku edhavadhu venuma?),क्या आपको कुछ चाहिए? (Kya aapko kuch chahiye?)
Day 55,beginner.,I am carrying bags.,நான் பை சுமந்துட்டு போறேன். (Naan pai sumandhuttu poren.),मैं थैले ले जा रहा हूँ। (Mein thaile le ja raha hoon.)
Day 55,beginner.,I am cleaning the dishes.,பாத்திரம் கழுவுறேன். (Paathiram kazhuvuren.),मैं बर्तन धो रहा हूँ। (Mein bartan dho raha hoon.)
Day 56,beginner.,I am mopping the floor.,தரை துடைக்கிறேன். (Tharai thudaikkiren.),मैं पोंछा लगा रहा हूँ। (Mein poncha laga raha hoon.)
Day 56,beginner.,I am watering the plants.,செடிகளுக்கு தண்ணி ஊத்துறேன். (Sedigalukku thanni oothuren.),मैं पौधों को पानी दे रहा हूँ। (Mein paudhon ko paani de raha hoon.)
Day 56,beginner.,I am feeding the dog.,நாய்க்கு சாப்பாடு போடுறேன். (Naaikku saappaadu poduren.),मैं कुत्ते को खाना खिला रहा हूँ। (Mein kutte ko khana khila raha hoon.)
Day 56,beginner.,I am charging my laptop.,லேப்டாப் சார்ஜ் போடுறேன். (Laptop charge poduren.),मैं लैपटॉप चार्ज कर रहा हूँ। (Mein laptop charge kar raha hoon.)
Day 56,beginner.,I am chatting with friends.,நண்பர்களோட பேசுறேன். (Nanbargaloda pesuren.),मैं दोस्तों से बात कर रहा हूँ। (Mein doston se baat kar raha hoon.)
Day 57,beginner.,I am laughing.,நான் சிரிக்கிறேன். (Naan sirikkiren.),मैं हँस रहा हूँ। (Mein hans raha hoon.)
Day 57,beginner.,Don’t make noise.,சத்தம் போடாதீங்க. (Satham podadheenga.),शोर मत करो। (Shor mat karo.)
Day 57,beginner.,I am feeling sleepy.,தூக்கம் சொக்குது. (Thookkam sokkudhu.),मुझे नींद आ रही है। (Mujhe neend aa rahi hai.)
Day 57,beginner.,It is dark outside.,வெளிய இருட்டா இருக்கு. (Veliya iruttaa irukku.),बाहर अंधेरा है। (Bahar andhera hai.)
Day 57,beginner.,I am turning on the light.,லைட் போடுறேன். (Light poduren.),मैं लाइट जला रहा हूँ। (Mein light jala raha hoon.)
Day 58,beginner.,I am yawning.,நான் கொட்டாவி விடுறேன். (Naan kottaavi viduren.),मैं उबासी ले रहा हूँ। (Mein ubasi le raha hoon.)
Day 58,beginner.,I am setting the alarm.,அலாரம் வைக்கிறேன். (Alarm vaikkiren.),मैं अलार्म लगा रहा हूँ। (Mein alarm laga raha hoon.)
Day 58,beginner.,I am wearing pajamas.,நைட்டி/பைஜாமா போடுறேன். (Nighty/Pyjama poduren.),मैं पजामा पहन रहा हूँ। (Mein pajama pehen raha hoon.)
Day 58,beginner.,I am laying down.,நான் படுக்குறேன். (Naan padukkuren.),मैं लेट रहा हूँ। (Mein let raha hoon.)
Day 58,beginner.,It was a long day.,இன்னைக்கு பெரிய நாள். (Innaiku periya naal.),आज का दिन लंबा था। (Aaj ka din lamba tha.)
Day 59,beginner.,I am turning off the phone.,போனை ஆஃப் பண்றேன். (Phone-ai off panren.),मैं फ़ोन बंद कर रहा हूँ। (Mein phone band kar raha hoon.)
Day 59,beginner.,I am closing my eyes.,கண்ணை மூடுறேன். (Kannai mooduren.),मैं आँखें बंद कर रहा हूँ। (Mein aankhein band kar raha hoon.)
Day 59,beginner.,I am dreaming.,நான் கனவு காண்கிறேன். (Naan kanavu kaangiren.),मैं सपना देख रहा हूँ। (Mein sapna dekh raha hoon.)
Day 59,beginner.,I woke up in the night.,நடுராத்திரி முழிப்பு வந்துச்சு. (Naduraathiri muzhippu vandhuchu.),मैं रात को जाग गया। (Mein raat ko jaag gaya.)
Day 59,beginner.,I need more sleep.,எனக்கு இன்னும் தூக்கம் வேணும். (Enakku innum thookkam venum.),मुझे और नींद चाहिए। (Mujhe aur neend chahiye.)
Day 60,beginner.,Today is Sunday.,இன்னைக்கு ஞாயிற்றுக்கிழமை. (Innaiku gnyayitru-kizhamai.),आज रविवार है। (Aaj ravivar hai.)
Day 60,beginner.,I am relaxing.,நான் ஓய்வு எடுக்குறேன். (Naan oivu edukkuren.),मैं आराम कर रहा हूँ। (Mein aaram kar raha hoon.)
Day 60,beginner.,I am going on a trip.,நான் ஊருக்கு போறேன். (Naan oorukku poren.),मैं यात्रा पर जा रहा हूँ। (Mein yatra par ja raha hoon.)
Day 60,beginner.,I am packing my bags.,பேக் பேக் பண்றேன். (Bag pack panren.),मैं बैग पैक कर रहा हूँ। (Mein bag pack kar raha hoon.)
Day 60,beginner.,Good night to all.,எல்லாருக்கும் இனிய இரவு. (Ellarukkum iniya iravu.),सभी को शुभ रात्रि। (Sabhi ko shubh raatri.)
Day 61,beginner.,No way.,வாய்ப்பே இல்லை. (Vaippe illai.),बिल्कुल नहीं। (Bilkul nahi.)
Day 61,beginner.,Let it be.,அது அப்படியே இருக்கட்டும். (Adhu appadiye irukkattum.),रहने दो। (Rehne do.)
Day 61,beginner.,Never mind.,பரவாயில்லை/விடுங்க. (Paravaillai / vidunga.),कोई बात नहीं। (Koi baat nahi.)
Day 61,beginner.,I guess so.,அப்படித்தான் நினைக்கிறேன். (Appadithaan ninaikkiren.),मुझे ऐसा ही लगता है। (Mujhe aisa hi lagta hai.)
Day 61,beginner.,I hope so.,அப்படின்னு நம்புறேன். (Appadinnu namburen.),मुझे ऐसी उम्मीद है। (Mujhe aisi ummeed hai.)
Day 62,beginner.,So what?,அதுக்கென்ன இப்போ? (Adhukkenna ippo?),तो क्या? (To kya?)
Day 62,beginner.,Of course not.,நிச்சயம் இல்லை. (Nichayam illai.),बिल्कुल नहीं। (Bilkul nahi.)
Day 62,beginner.,Keep quiet.,அமைதியா இருங்க. (Amaidhiyaa irunga.),शांत रहो। (Shaant raho.)
Day 62,beginner.,Be careful.,ஜாக்கிரதையா இருங்க. (Jaakkiradhaiyaa irunga.),सावधान रहो। (Saavdhan raho.)
Day 62,beginner.,Move aside.,கொஞ்சம் தள்ளுங்க. (Konjam thallunga.),बगल हटिये। (Bagal hatiye.)
Day 63,beginner.,Go away.,வெளியே போ. (Veliye po.),चले जाओ। (Chale jao.)
Day 63,beginner.,Come fast.,சீக்கிரம் வா. (Seekkiram vaa.),जल्दी आओ। (Jaldi aao.)
Day 63,beginner.,Look out!,கவனி! (Gavani!),ध्यान से! (Dhyan se!)
Day 63,beginner.,Trust me.,என்னை நம்புங்க. (Ennai nambunga.),मुझ पर विश्वास करो। (Mujh par vishwas karo.)
Day 63,beginner.,Don't panic.,பதட்டப்படாதீங்க. (Padhattappadadheenga.),घबराओ मत। (Ghabrao mat.)
Day 64,beginner.,It’s okay.,பரவாயில்லை. (Paravaillai.),ठीक है। (Theek hai.)
Day 64,beginner.,Just a moment.,ஒரு நிமிஷம். (Oru nimisham.),बस एक पल। (Bas ek pal.)
Day 64,beginner.,I am busy.,நான் பிஸியா இருக்கேன். (Naan busy-aa irukkiren.),मैं व्यस्त हूँ। (Mein vyast hoon.)
Day 64,beginner.,Think about it.,யோசிச்சு பாருங்க. (Yosichu paarunga.),इसके बारे में सोचो। (Iske bare mein socho.)
Day 64,beginner.,Don't shout.,கத்தாதீங்க. (Kathadheenga.),चिल्लाओ मत। (Chillao mat.)
Day 65,beginner.,Talk to me.,என்கிட்ட பேசுங்க. (Enkitta pesunga.),मुझसे बात करो। (Mujhse baat karo.)
Day 65,beginner.,Show me.,எனக்கு காட்டுங்க. (Enakku kaattunga.),मुझे दिखाओ। (Mujhe dikhao.)
Day 65,beginner.,Not bad.,மோசம் இல்லை. (Mosam illai.),बुरा नहीं है। (Bura nahi hai.)
Day 65,beginner.,Too late.,ரொம்ப லேட். (Romba late.),बहुत देर हो गई। (Bahut der ho gayi.)
Day 65,beginner.,Too early.,ரொம்ப சீக்கிரம். (Romba seekkiram.),बहुत जल्दी है। (Bahut jaldi hai.)
Day 66,beginner.,My mistake.,என் தப்புதான். (En thappu dhaan.),मेरी गलती है। (Meri galti hai.)
Day 66,beginner.,No doubt.,சந்தேகமே இல்லை. (Sandhegame illai.),कोई शक नहीं। (Koi shak nahi.)
Day 66,beginner.,Cheer up!,உற்சாகமா இருங்க! (Ursaagamaa irunga!),खुश हो जाओ! (Khush ho jao!)
Day 66,beginner.,Let's try.,முயற்சி செய்யலாம். (Muyarchi seiyalaam.),चलो कोशिश करते हैं। (Chalo koshish karte hain.)
Day 66,beginner.,I promise.,நான் சத்தியம் பண்றேன். (Naan sathiyam panren.),मैं वादा करता हूँ। (Mein wada karta hoon.)
Day 67,beginner.,Don't touch.,தொடாதீங்க. (Thodadheenga.),छुओ मत। (Chhuo mat.)
Day 67,beginner.,Stand still.,அசையாம நில்லுங்க. (Asaiyaama nillunga.),सीधे खड़े रहो। (Seedhe khade raho.)
Day 67,beginner.,Keep going.,தொடர்ந்து செய்யுங்க. (Thodarndhu seiyunga.),जारी रखो। (Jaari rakho.)
Day 67,beginner.,Almost there.,இதோ வந்துட்டோம். (Idho vandhuttom.),बस पहुँच गए। (Bas pahunch gaye.)
Day 67,beginner.,See you soon.,சீக்கிரம் பார்க்கலாம். (Seekkiram paarkalam.),जल्द मिलते हैं। (Jald milte hain.)
Day 68,beginner.,Text me.,மெசேஜ் பண்ணுங்க. (Message pannunga.),मुझे मैसेज करना। (Mujhe message karna.)
Day 68,beginner.,Any help?,ஏதாவது உதவி வேணுமா? (Edhavadhu udhavi venuma?),कोई मदद? (Koi madad?)
Day 68,beginner.,That's great!,அது சூப்பர்! (Adhu super!),यह तो बहुत अच्छा है! (Yeh to bahut accha hai!)
Day 68,beginner.,What a surprise!,என்ன ஒரு ஆச்சரியம்! (Enna oru aachariyam!),क्या सरप्राइज है! (Kya surprise hai!)
Day 68,beginner.,Well said.,சரியா சொன்னீங்க. (Sariya sonneenga.),सही कहा। (Sahi kaha.)
Day 69,beginner.,Forget it.,அதை விடுங்க. (Adhai vidunga.),रहने भी दो। (Rehne bhi do.)
Day 69,beginner.,No idea.,ஒரு ஐடியாவும் இல்லை. (Oru idea-vum illai.),कोई अंदाज़ा नहीं। (Koi andaza nahi.)
Day 69,beginner.,Exactly.,சரியாக சொன்னீர்கள். (Sariyaaga sonneergal.),बिल्कुल सही। (Bilkul sahi.)
Day 69,beginner.,Carry on.,தொடருங்க. (Thodarunga.),लगे रहो। (Lage raho.)
Day 69,beginner.,Time’s up.,நேரம் முடிந்தது. (Neram mudindhadhu.),समय समाप्त। (Samay samapt.)
Day 70,beginner.,Help yourself.,நீங்களே எடுத்துக்கோங்க. (Neengale eduthukkonga.),खुद ले लीजिये। (Khud le lijiye.)
Day 70,beginner.,Best of luck.,நல்வாழ்த்துக்கள். (Nalvaazhthukkal.),भाग्य आपका साथ दे। (Bhagya aapka saath de.)
Day 70,beginner.,Where is the pharmacy?,மருந்தகம் எங்கே இருக்கிறது?,फार्मेसी कहाँ है? (Pharmacy kahan hai?)
Day 70,beginner.,I need some water.,எனக்கு கொஞ்சம் தண்ணீர் வேண்டும்.,मुझे थोड़ा पानी चाहिए। (Mujhe thoda paani chahiye.)
Day 70,beginner.,I am going home.,நான் வீட்டுக்குச் செல்கிறேன்.,मैं घर जा रहा हूँ। (Main ghar ja raha hoon.)
Day 71,beginner.,Close the window.,ஜன்னலை மூடவும்.,खिड़की बंद करो। (Khidki band karo.)
Day 71,beginner.,Sit down here.,இங்கே உட்காருங்கள்.,यहाँ बैठो। (Yahan baitho.)
Day 71,beginner.,Stand up slowly.,மெதுவாக எழுந்து நில்லுங்கள்.,धीरे से खड़े हो जाओ। (Dheere se khade ho jao.)
Day 71,beginner.,Don't make noise.,சத்தம் போடாதீர்கள்.,शोर मत मचाओ। (Shor mat machao.)
Day 71,beginner.,I like this color.,எனக்கு இந்த நிறம் பிடிக்கும்.,मुझे यह रंग पसंद है। (Mujhe yeh rang pasand hai.)
Day 72,beginner.,Give me a pen.,எனக்கு ஒரு பேனா கொடுங்கள்.,मुझे एक पेन दो। (Mujhe ek pen do.)
Day 72,beginner.,Take your bag.,உங்கள் பையை எடுத்துக் கொள்ளுங்கள்.,अपना बैग लो। (Apna bag lo.)
Day 72,beginner.,Brush your teeth.,உங்கள் பற்களை துலக்குங்கள்.,अपने दांत साफ करें। (Apne daant saaf karen.)
Day 72,beginner.,Who is that?,அது யார்?,वह कौन है? (Wah kaun hai?)
Day 72,beginner.,This is my friend.,இது என் நண்பர்.,यह मेरा दोस्त है। (Yeh mera dost hai.)
Day 73,beginner.,Are you happy?,நீங்கள் மகிழ்ச்சியாக இருக்கிறீர்களா?,क्या आप खुश हैं? (Kya aap khush hain?)
Day 73,beginner.,I am very tired.,நான் மிகவும் சோர்வாக இருக்கிறேன்.,मैं बहुत थक गया हूँ। (Main bahut thak gaya hoon.)
Day 73,beginner.,Let’s go out.,நாம் வெளியே செல்வோம்.,चलो बाहर चलते हैं। (Chalo baahar chalte hain.)
Day 73,beginner.,It is ten o'clock.,இப்பொழுது மணி பத்து.,दस बजे हैं। (Das baje hain.)
Day 73,beginner.,Come quickly.,சீக்கிரம் வாருங்கள்.,जल्दी आओ। (Jaldi aao.)
Day 74,beginner.,Wait for a minute.,ஒரு நிமிடம் காத்திருங்கள்.,एक मिनट रुकिए। (Ek minute rukiye.)
Day 74,beginner.,I don't know.,எனக்குத் தெரியாது.,मुझे नहीं पता। (Mujhe nahi pata.)
Day 74,beginner.,Do you understand?,உங்களுக்குப் புரிகிறதா?,क्या आप समझ गए? (Kya aap samajh gaye?)
Day 74,beginner.,Say it again.,மீண்டும் சொல்லுங்கள்.,फिर से कहो। (Phir se kaho.)
Day 74,beginner.,Speak slowly.,மெதுவாகப் பேசுங்கள்.,धीरे बोलो। (Dheere bolo.)
Day 75,beginner.,Listen to me.,நான் சொல்வதைக் கேளுங்கள்.,मेरी बात सुनो। (Meri baat suno.)
Day 75,beginner.,Where is your house?,உங்கள் வீடு எங்கே இருக்கிறது?,आपका घर कहाँ है? (Aapka ghar kahan hai?)
Day 75,beginner.,It is very near.,அது மிக அருகில் உள்ளது.,यह बहुत पास है। (Yeh bahut paas hai.)
Day 75,beginner.,Turn left here.,இங்கே இடதுபுறம் திரும்புங்கள்.,यहाँ से बाएं मुड़ें। (Yahan se baayein mudein.)
Day 75,beginner.,Don't add sugar.,சர்க்கரை சேர்க்க வேண்டாம்.,चीनी मत डालो। (Cheeni mat daalo.)
Day 76,beginner.,Bring the bill.,பில் கொண்டு வாருங்கள்.,बिल ले आओ। (Bill le aao.)
Day 76,beginner.,Nothing happened.,ஒன்றும் நடக்கவில்லை.,कुछ नहीं हुआ। (Kuch nahi hua.)
Day 76,beginner.,I forgot it.,நான் அதை மறந்துவிட்டேன்.,मैं भूल गया। (Main bhool gaya.)
Day 76,beginner.,It is too expensive.,இது விலை அதிகம்.,यह बहुत महंगा है। (Yeh bahut mehnga hai.)
Day 76,beginner.,Can you reduce the price?,விலையைக் குறைக்க முடியுமா?,क्या आप दाम कम कर सकते हैं? (Kya aap daam kam kar sakte hain?)
Day 77,beginner.,I will buy this.,நான் இதை வாங்குவேன்.,मैं इसे खरीदूँगा। (Main ise khareedunga.)
Day 77,beginner.,Switch off the fan.,மின்விசிறியை அணைக்கவும். (Minvisiriyai anaikkavum.),पंखा बंद करो। (Pankha band karo.)
Day 77,beginner.,It is very dark.,மிகவும் இருட்டாக இருக்கிறது. (Migavum iruttaga irukkiradhu.),बहुत अंधेरा है। (Bahut andhera hai.)
Day 77,beginner.,Where is the switch?,சுவிட்ச் எங்கே இருக்கிறது? (Switch engay irukkiradhu?),स्विच कहाँ है? (Switch kahan hai?)
Day 77,beginner.,I can't see anything.,என்னால் எதையும் பார்க்க முடியவில்லை. (Ennal edhaiyum paarkka mudiyavillai.),मुझे कुछ दिखाई नहीं दे रहा है। (Mujhe kuch dikhai nahi de raha hai.)
Day 78,beginner.,It was a busy day.,இன்று பரபரப்பான நாள். (Indru paraparappaana naal.),आज बहुत व्यस्त दिन था। (Aaj bahut vyast din tha.)
Day 78,beginner.,I am very happy.,நான் மிகவும் மகிழ்ச்சியாக இருக்கிறேன். (Naan migavum magizhchiyaaga irukkiren.),मैं बहुत खुश हूँ। (Main bahut khush hoon.)
Day 78,beginner.,Did you eat lunch?,நீங்கள் மதிய உணவு சாப்பிட்டீர்களா? (Neengal madhiya unavu saappitteergala?),क्या आपने दोपहर का भोजन किया? (Kya aapne dopahar ka bhojan kiya?)
Day 78,beginner.,I am not hungry.,எனக்கு பசிக்கவில்லை. (Enakku pasikkavillai.),मुझे भूख नहीं लगी है। (Mujhe bhookh nahi lagi hai.)
Day 78,beginner.,What is your hobby?,உங்கள் பொழுதுபோக்கு என்ன? (Ungal pozhudhu-pokku enna?),आपका शौक क्या है? (Aapka shauk kya hai?)
Day 79,beginner.,I like reading books.,எனக்கு புத்தகம் வாசிப்பது பிடிக்கும். (Enakku puthagam vaasippadhu pidikkum.),मुझे किताबें पढ़ना पसंद है। (Mujhe kitaabein padhna pasand hai.)
Day 79,beginner.,Do you play sports?,நீங்கள் விளையாடுவீர்களா? (Neengal vilaiyaaduveergala?),क्या आप खेल खेलते हैं? (Kya aap khel khelte hain?)
Day 79,beginner.,I like to play cricket.,எனக்கு கிரிக்கெட் விளையாட பிடிக்கும். (Enakku cricket vilaiyaada pidikkum.),मुझे क्रिकेट खेलना पसंद है। (Mujhe cricket khelna pasand hai.)
Day 79,beginner.,Let's play together.,நாம் சேர்ந்து விளையாடுவோம். (Naam serndhu vilaiyaaduvoam.),चलो साथ खेलते हैं। (Chalo saath khelte hain.)
Day 79,beginner.,Wash the clothes.,துணிகளைத் துவையுங்கள். (Thunigalaith thovaiyungal.),कपड़े धो लो। (Kapde dho lo.)
Day 80,beginner.,Dry them in the sun.,அவற்றை வெயிலில் காயப்போடுங்கள். (Avatrai veyilil kaayappodungal.),उन्हें धूप में सुखा दें। (Unhein dhoop mein sukha dein.)
Day 80,beginner.,Iron the shirt.,சட்டையை இஸ்திரி செய்யுங்கள். (Sattaiyai isthiri seiyungal.),शर्ट प्रेस करो। (Shirt press karo.)
Day 80,beginner.,It is very clean.,அது மிகவும் சுத்தமாக இருக்கிறது. (Adhu migavum suththamaaga irukkiradhu.),यह बहुत साफ है। (Yeh bahut saaf hai.)
Day 80,beginner.,What did you buy?,நீங்கள் என்ன வாங்கினீர்கள்? (Neengal enna vaangineergal?),आपने क्या खरीदा? (Aapne kya khareeda?)
Day 80,beginner.,I bought some fruits.,நான் சில பழங்கள் வாங்கினேன். (Naan sila pazhangal vaanginen.),मैंने कुछ फल खरीदे। (Maine kuch phal khareede.)
Day 81,beginner.,Are they fresh?,அவை புதியவையா? (Avai pudhiyavaiya?),क्या वे ताज़ा हैं? (Kya ve taaza hain?)
Day 81,beginner.,Taste this mango.,இந்த மாம்பழத்தைச் சுவைத்துப் பாருங்கள். (Indha maambazhaththaich suvaithu paarungal.),इस आम को चखें। (Is aam ko chakhein.)
Day 81,beginner.,It is very sweet.,இது மிகவும் இனிப்பாக இருக்கிறது. (Idhu migavum inippaaga irukkiradhu.),यह बहुत मीठा है। (Yeh bahut meetha hai.)
Day 81,beginner.,Don't go outside.,வெளியே செல்லாதீர்கள். (Veliyay sellaadheergal.),बाहर मत जाओ। (Baahar mat jao.)
Day 81,beginner.,It is raining heavily.,மழை பலமாக பெய்கிறது. (Mazhai balamaaga peigiradhu.),तेज़ बारिश हो रही है। (Tez baarish ho rahi hai.)
Day 82,beginner.,Wear your coat.,உங்கள் கோட்டைப் போடுங்கள். (Ungal coat-ai podungal.),अपना कोट पहनें। (Apna coat pehnein.)
Day 82,beginner.,You will get sick.,உங்களுக்கு உடல்நிலை சரியில்லாமல் போகும். (Ungalukku udalnilai sariyillamal pogum.),आप बीमार हो जाएंगे। (Aap bimaar ho jayenge.)
Day 82,beginner.,Come inside quickly.,சீக்கிரம் உள்ளே வாருங்கள். (Seekkiram ullay vaarungal.),जल्दी अंदर आओ। (Jaldi andar aao.)
Day 82,beginner.,Lie down for a while.,சிறிது நேரம் படுத்துக் கொள்ளுங்கள். (Siridhu neram paduththuk kollungal.),थोड़ी देर लेट जाओ। (Thodi der let jao.)
Day 82,beginner.,Do you need a doctor?,உங்களுக்கு மருத்துவர் தேவையா? (Ungalukku maruthuvar thevaiya?),क्या आपको डॉक्टर की ज़रूरत है? (Kya aapko doctor ki zaroorat hai?)
Day 83,beginner.,I will take a pill.,நான் ஒரு மாத்திரை சாப்பிடுகிறேன். (Naan oru maathirai saappidugiren.),मैं एक गोली लूँगा। (Main ek goli loonga.)
Day 83,beginner.,Get well soon.,விரைவில் குணமடையுங்கள். (Viraivil kunamadaiyungal.),जल्दी ठीक हो जाइए। (Jaldi theek ho jaiye.)
Day 83,beginner.,Look at the mirror.,கண்ணாடியைப் பாருங்கள். (Kannaadiyaip paarungal.),आईने में देखो। (Aaine mein dekho.)
Day 83,beginner.,Comb your hair.,தலைமுடியைச் சீவுங்கள். (Thalamudiyais seevungal.),अपने बाल संवारें। (Apne baal sanwarein.)
Day 83,beginner.,You look nice.,நீங்கள் பார்க்க நன்றாக இருக்கிறீர்கள். (Neengal paarkka nandraga irukkireergal.),आप अच्छे लग रहे हैं। (Aap acche lag rahe hain.)
Day 84,beginner.,Is the party today?,விருந்து இன்றா? (Virundhu indraa?),क्या पार्टी आज है? (Kya party aaj hai?)
Day 84,beginner.,We should leave now.,நாம் இப்பொழுதே கிளம்ப வேண்டும். (Naam ippozhudhay kilamba vendum.),हमें अब निकलना चाहिए। (Humein ab nikalna chahiye.)
Day 84,beginner.,Who is calling?,யார் அழைக்கிறார்கள்? (Yaar azhaikkiraargal?),कौन बुला रहा है? (Kaun bula raha hai?)
Day 84,beginner.,Your brother is here.,உங்கள் சகோதரன் இங்கே இருக்கிறான். (Ungal sagodharan ingay irukkiraan.),आपका भाई यहाँ है। (Aapka bhai yahan hai.)
Day 84,beginner.,Tell him to wait.,அவரை காத்திருக்கச் சொல்லுங்கள். (Avarai kaaththirukkach sollungal.),उसे इंतज़ार करने के लिए कहें। (Use intezaar karne ke liye kahein.)
Day 85,beginner.,Give him some tea.,அவருக்கு கொஞ்சம் தேநீர் கொடுங்கள். (Avarukku konjam theneer kodungal.),उन्हें थोड़ी चाय दें। (Unhein thodi chai dein.)
Day 85,beginner.,I will come in 5 minutes.,நான் 5 நிமிடத்தில் வருவேன். (Naan 5 nimidaththil varuven.),मैं 5 मिनट में आऊंगा। (Main 5 minute mein aaunga.)
Day 85,beginner.,Keep it clean.,இதை சுத்தமாக வைத்திருங்கள். (Idhai suththamaaga vaiththirungal.),इसे साफ रखें। (Ise saaf rakhein.)
Day 85,beginner.,Don't throw trash.,குப்பையை வீசாதீர்கள். (Kuppaiyai veesaadheergal.),कचरा मत फेंको। (Kachra mat phenko.)
Day 85,beginner.,Use the dustbin.,குப்பைத் தொட்டியைப் பயன்படுத்துங்கள். (Kuppaith thottiyaip payanpaduththungal.),कूड़ेदान का प्रयोग करें। (Kudedaan ka prayog karen.)
Day 86,beginner.,This is a good habit.,இது ஒரு நல்ல பழக்கம். (Idhu oru nalla pazhakkam.),यह एक अच्छी आदत है। (Yeh ek acchi aadat hai.)
Day 86,beginner.,Everyone should follow.,அனைவரும் இதைப் பின்பற்ற வேண்டும். (Anaivarum idhaip pinpatra vendum.),सभी को इसका पालन करना चाहिए। (Sabhi ko iska paalan karna chahiye.)
Day 86,beginner.,Close your eyes.,கண்களை மூடுங்கள். (Kankalai moodungal.),अपनी आँखें बंद करो। (Apni aankhein band karo.)
Day 86,beginner.,Sleep for a while.,சிறிது நேரம் தூங்குங்கள். (Siridhu neram thoongungal.),थोड़ी देर सो जाओ। (Thodi der so jao.)
Day 86,beginner.,Did you have a dream?,உங்களுக்கு கனவு வந்ததா? (Ungalukku kanavu vandhadha?),क्या आपको कोई सपना आया? (Kya aapko koi sapna aaya?)
Day 87,beginner.,Wake up early.,சீக்கிரம் எழுந்திருங்கள். (Seekkiram ezhundhirungal.),जल्दी उठो। (Jaldi utho.)
Day 87,beginner.,It is morning now.,இப்போது காலை நேரம். (Ippo dhu kaalai neram.),अब सुबह हो गई है। (Ab subah ho gayi hai.)
Day 87,beginner.,Is the water hot?,தண்ணீர் சுடாக இருக்கிறதா? (Thanneer sudaaga irukkiradha?),क्या पानी गर्म है? (Kya paani garm hai?)
Day 87,beginner.,"No, it is cold.","இல்லை, அது குளிர்ச்சியாக இருக்கிறது. (Illai, adhu kulirchiyaaga irukkiradhu.)","नहीं, यह ठंडा है। (Nahi, yeh thanda hai.)"
Day 87,beginner.,Mix some hot water.,கொஞ்சம் சுடு தண்ணீர் கலக்கவும். (Konjam sudu thanneer kalakkavum.),थोड़ा गर्म पानी मिलाओ। (Thoda garm paani milao.)
Day 88,beginner.,Now it is correct.,இப்போது சரியாக உள்ளது. (Ippodhu sariyaaga ulladha.),अब यह सही है। (Ab yeh sahi hai.)
Day 88,beginner.,Take a bath.,குளியுங்கள். (Kuliyungal.),स्नान करें। (Snaan karen.)
Day 88,beginner.,Where is my umbrella?,என் குடை எங்கே? (En kudai engay?),मेरा छाता कहाँ है? (Mera chhaata kahan hai?)
Day 88,beginner.,It is behind the door.,அது கதவுக்கு பின்னால் இருக்கிறது. (Adhu kadhavukku pinnaal irukkiradhu.),वह दरवाजे के पीछे है। (Wah darwaze ke peeche hai.)
Day 88,beginner.,I can't find it.,என்னால் அதை கண்டுபிடிக்க முடியவில்லை. (Ennaal adhai kandupidikka mudiyavillai.),मुझे यह नहीं मिल रहा है। (Mujhe yeh nahi mil raha hai.)
Day 89,beginner.,Look again carefully.,மீண்டும் கவனமாகப் பாருங்கள். (Meendum gavanamaagap paarungal.),फिर से ध्यान से देखो। (Phir se dhyan se dekho.)
Day 89,beginner.,"Oh, I got it.","ஓ, எனக்கு கிடைத்துவிட்டது. (Oh, enakku kidaithuvittadhu.)","ओह, मुझे मिल गया। (Oh, mujhe mil gaya.)"
Day 89,beginner.,Do you like sweets?,உங்களுக்கு இனிப்பு பிடிக்குமா? (Ungalukku inippu pidikkuma?),क्या आपको मिठाई पसंद है? (Kya aapko mithai pasand hai?)
Day 89,beginner.,I like chocolate.,எனக்கு சாக்லேட் பிடிக்கும். (Enakku chocolate pidikkum.),मुझे चॉकलेट पसंद है। (Mujhe chocolate pasand hai.)
Day 89,beginner.,Don't eat too much.,அதிகமாக சாப்பிட வேண்டாம். (Adhigamaaga saappida vendaam.),बहुत ज्यादा मत खाओ। (Bahut zyada mat khao.)
Day 90,beginner.,Your teeth will ache.,உங்கள் பற்கள் வலிக்கும். (Ungal parkal valikkum.),आपके दांतों में दर्द होगा। (Aapke daanto mein dard hoga.)
Day 90,beginner.,I will wash my mouth.,நான் வாயைக் கழுவுவேன். (Naan vaayaik kazhuvuven.),मैं अपना मुँह धोऊँगा। (Main apna munh dhoonga.)
Day 90,beginner.,The garden is beautiful.,தோட்டம் அழகாக இருக்கிறது. (Thottam azhagaaga irukkiradhu.),बगीचा सुंदर है। (Bageecha sundar hai.)
Day 90,beginner.,Look at the flowers.,பூக்களைப் பாருங்கள். (Pookkalaip paarungal.),फूलों को देखो। (Phoolon ko dekho.)
Day 90,beginner.,Don't pluck them.,அவற்றைப் பறிக்காதீர்கள். (Avatraip parikkaadheergal.),उन्हें मत तोड़ो। (Unhein mat todo.)
Day 91,beginner.,Water the plants.,செடிகளுக்கு தண்ணீர் ஊற்றவும். (Sedigalukku thanneer ootravum.),पौधों को पानी दो। (Paudhon ko paani do.)
Day 91,beginner.,Birds are singing.,பறவைகள் பாடுகின்றன. (Paravaigal paadugindrana.),पक्षी गा रहे हैं। (Pakshi gaa rahe hain.)
Day 91,beginner.,I am going to market.,நான் சந்தைக்குச் செல்கிறேன். (Naan sandhaikkuch selgiren.),मैं बाजार जा रहा हूँ। (Main bazaar ja raha hoon.)
Day 91,beginner.,Don't forget onions.,வெங்காயத்தை மறக்க வேண்டாம். (Vengaayathai marakka vendaam.),प्याज मत भूलना। (Pyaaz mat bhoolna.)
Day 91,beginner.,Is the market open?,சந்தை திறந்துள்ளதா? (Sandhai thirandhulladha?),क्या बाजार खुला है? (Kya bazaar khula hai?)
Day 92,beginner.,"Yes, it is open.","ஆம், அது திறந்துதான் இருக்கிறது. (Aam, adhu thirandhudhaan irukkiradhu.)","हाँ, यह खुला है। (Haan, yeh khula hai.)"
Day 92,beginner.,The car is dirty.,கார் அழுக்காக இருக்கிறது. (Car azhukkaaga irukkiradhu.),कार गंदी है। (Car gandi hai.)
Day 92,beginner.,Clean the window.,ஜன்னலைத் துடையுங்கள். (Jannalaith thudaiyungal.),खिड़की साफ करो। (Khidki saaf karo.)
Day 92,beginner.,We need more soap.,நமக்கு இன்னும் சோப்பு தேவை. (Namakku innum soap thevai.),हमें और साबुन चाहिए। (Humein aur saabun chahiye.)
Day 92,beginner.,Use the cloth.,துணியைப் பயன்படுத்துங்கள். (Thuniyaip payanpaduthungal.),कपड़े का प्रयोग करें। (Kapde ka prayog karen.)
Day 93,beginner.,Now it is shining.,இப்போது அது மின்னுகிறது. (Ippodhu adhu minnugiradhu.),अब यह चमक रहा है। (Ab yeh chamak raha hai.)
Day 93,beginner.,Can you drive?,உங்களால் ஓட்ட முடியுமா? (Ungalaal otta mudiyuma?),क्या आप गाड़ी चला सकते हैं? (Kya aap gaadi chala sakte hain?)
Day 93,beginner.,I am learning now.,நான் இப்போது கற்றுக் கொள்கிறேன். (Naan ippodhu kattruk kolgiren.),मैं अभी सीख रहा हूँ। (Main abhi seekh raha hoon.)
Day 93,beginner.,Drive very slowly.,மிகவும் மெதுவாக ஓட்டுங்கள். (Migavum medhuvaaga ottungal.),बहुत धीरे चलाओ। (Bahut dheere chalao.)
Day 93,beginner.,Watch the road.,சாலையைப் பாருங்கள். (Saalaipaip paarungal.),सड़क को देखो। (Sadak ko dekho.)
Day 94,beginner.,Stop at the signal.,சிக்னலில் நில்லுங்கள். (Signal-il nillungal.),सिग्नल पर रुकें। (Signal par rukein.)
Day 94,beginner.,Where is the baby?,குழந்தை எங்கே? (Kuzhandhai engay?),बच्चा कहाँ है? (Baccha kahan hai?)
Day 94,beginner.,The baby is sleeping.,குழந்தை தூங்குகிறது. (Kuzhandhai thoongugiradhu.),बच्चा सो रहा है। (Baccha so raha hai.)
Day 94,beginner.,Give the milk bottle.,பால் பாட்டிலைக் கொடுங்கள். (Paal baattilaik kodungal.),दूध की बोतल दो। (Doodh ki botal do.)
Day 94,beginner.,The baby is crying.,குழந்தை அழுகிறது. (Kuzhandhai azhugiradhu.),बच्चा रो रहा है। (Baccha ro raha hai.)
Day 95,beginner.,It is my birthday.,இன்று எனது பிறந்தநாள். (Indru enadhu pirandhanaal.),आज मेरा जन्मदिन है। (Aaj mera janmadin hai.)
Day 95,beginner.,Happy birthday to you!,உங்களுக்கு இனிய பிறந்தநாள் வாழ்த்துக்கள்! (Ungalukku iniya pirandhanaal vaazhthukkal!),आपको जन्मदिन मुबारक हो! (Aapko janmadin mubarak ho!)
Day 95,beginner.,Where is the cake?,கேக் எங்கே? (Cake engay?),केक कहाँ है? (Cake kahan hai?)
Day 95,beginner.,Cut the cake.,கேக்கை வெட்டுங்கள். (Cake-ai vettungal.),केक काटो। (Cake kaato.)
Day 95,beginner.,Enjoy the party!,விருந்தை அனுபவியுங்கள்! (Virundhai anubhaviyungal!),पार्टी का आनंद लें! (Party ka aanand lein!)
Day 96,beginner.,Close the tap.,குழாயை மூடுங்கள். (Kuzhaayai moodungal.),नल बंद करो। (Nal band karo.)
Day 96,beginner.,Don't waste water.,தண்ணீரை வீணாக்காதீர்கள். (Thanneerai veenaakkaadheergal.),पानी बर्बाद मत करो। (Paani barbaad mat karo.)
Day 96,beginner.,Fill the bucket.,வாலியை நிரப்புங்கள். (Vaaliyai nirappungal.),बाल्टी भर दो। (Baalti bhar do.)
Day 96,beginner.,The water is overflowing.,தண்ணீர் வழிந்து ஓடுகிறது. (Thanneer vazhindhu odigiradhu.),पानी बह रहा है। (Paani beh raha hai.)
Day 96,beginner.,Use it carefully.,அதை கவனமாகப் பயன்படுத்துங்கள். (Adhai gavanamaagap payanpaduththungal.),इसे सावधानी से इस्तेमाल करें। (Ise saavdhani se istemaal karen.)
Day 97,beginner.,Where is your school?,உங்கள் பள்ளி எங்கே இருக்கிறது? (Ungal palli engay irukkiradhu?),आपका स्कूल कहाँ है? (Aapka school kahan hai?)
Day 97,beginner.,I go by bus.,நான் பேருந்தில் செல்கிறேன். (Naan perundhil selgiren.),मैं बस से जाता हूँ। (Main bus se jaata hoon.)
Day 97,beginner.,Do you have homework?,உங்களுக்கு வீட்டுப்பாடம் இருக்கிறதா? (Ungalukku veettuppaadam irukkiradha?),क्या आपके पास होमवर्क है? (Kya aapke paas homework hai?)
Day 97,beginner.,I finished my work.,நான் என் வேலையை முடித்துவிட்டேன். (Naan en velaiyai mudiththuvitten.),मैंने अपना काम पूरा कर लिया है। (Maine apna kaam poora kar liya hai.)
Day 97,beginner.,Study well.,நன்றாகப் படியுங்கள். (Nandraga padiyungal.),अच्छी तरह से पढ़ाई करो। (Acchi tarah se padhai karo.)
Day 98,beginner.,It is very windy.,காற்று பலமாக வீசுகிறது. (Kaatru balamaaga veesugiradhu.),बहुत तेज़ हवा चल रही है। (Bahut tez hawa chal rahi hai.)
Day 98,beginner.,Hold your hat.,உங்கள் தொப்பியைப் பிடித்துக் கொள்ளுங்கள். (Ungal thoppiyaip pidiththuk kollungal.),अपनी टोपी पकड़ो। (Apni topi pakdo.)
Day 98,beginner.,The door is banging.,கதவு தட்டுகிறது. (Kadhavu thattugiradhu.),दरवाजा खटखटा रहा है। (Darwaza khatkhata raha hai.)
Day 98,beginner.,Keep the key safe.,சாவியைப் பத்திரமாக வைத்திருங்கள். (Saaviyai paththiramaaga vaiththirungal.),चाबी सुरक्षित रखें। (Chabi surakshit rakhein.)
Day 98,beginner.,Are you hungry?,உங்களுக்குப் பசிக்கிறதா? (Ungalukkup pasikkiradha?),क्या आपको भूख लगी है? (Kya aapko bhookh lagi hai?)
Day 99,beginner.,I want to eat something.,நான் ஏதாவது சாப்பிட வேண்டும். (Naan eedhaavadhu saappida vendum.),मैं कुछ खाना चाहता हूँ। (Main kuch khaana chahta hoon.)
Day 99,beginner.,Is the food ready?,உணவு தயாராகிவிட்டதா? (Unavu thayaaraagivittadha?),क्या खाना तैयार है? (Kya khana taiyar hai?)
Day 99,beginner.,Sit at the table.,மேஜையில் உட்காருங்கள். (Mejaiyil utkaarungal.),मेज पर बैठो। (Mez par baitho.)
Day 99,beginner.,Serve the food.,உணவைப் பரிமாறுங்கள். (Unavaip parimaarungal.),खाना परोसें। (Khana parosein.)
Day 99,beginner.,Do you like music?,உங்களுக்கு இசை பிடிக்குமா? (Ungalukku isai pidikkuma?),क्या आपको संगीत पसंद है? (Kya aapko sangeet pasand hai?)
Day 100,beginner.,I am listening to songs.,நான் பாடல்களைக் கேட்டுக் கொண்டிருக்கிறேன். (Naan paadalgalaik kettuk kondirukkiren.),मैं गाने सुन रहा हूँ। (Main gaane sun raha hoon.)
Day 100,beginner.,Turn up the volume.,ஒலியளவை உயர்த்துங்கள். (Oliyalaivai uyarththungal.),आवाज़ बढ़ाओ। (Awaaz badhao.)
Day 100,beginner.,It is too loud.,சத்தம் மிக அதிகமாக உள்ளது. (Saththam miga adhigamaaga ulladhu.),यह बहुत तेज़ है। (Yeh bahut tez hai.)
Day 100,beginner.,Lower the volume.,சத்தத்தைக் குறைக்கவும். (Saththaththaik kuraikkavum.),आवाज़ कम करो। (Awaaz kam karo.)
Day 100,beginner.,Where is the post office?,தபால் நிலையம் எங்கே இருக்கிறது? (Thabaal nilaiyam engay irukkiradhu?),डाकघर कहाँ है? (Dakghar kahan hai?)
Day 101,beginner.,I want to send a letter.,நான் ஒரு கடிதம் அனுப்ப வேண்டும். (Naan oru kadidham anuppa vendum.),मैं एक पत्र भेजना चाहता हूँ। (Main ek patra bhejna chahta hoon.)
Day 101,beginner.,Buy some stamps.,சில தபால் தலைகளை வாங்குங்கள். (Sila thabaal thalaigalai vaangungal.),कुछ स्टैम्प खरीदें। (Kuch stamp khareedein.)
Day 101,beginner.,Paste it here.,அதை இங்கே ஒட்டுங்கள். (Adhai ingay ottungal.),इसे यहाँ चिपकाएँ। (Ise yahan chipkayein.)
Day 101,beginner.,Drop it in the box.,அதை பெட்டியில் போடுங்கள். (Adhai pettiyil podungal.),इसे बॉक्स में डाल दें। (Ise box mein daal dein.)
Day 101,beginner.,The sun is rising.,சூரியன் உதிக்கிறது. (Sooriyan udhikkiradhu.),सूरज उग रहा है। (Suraj ug raha hai.)
Day 102,beginner.,It is a bright day.,இது ஒரு பிரகாசமான நாள். (Idhu oru piragaasamaana naal.),यह एक उज्ज्वल दिन है। (Yeh ek ujjwal din hai.)
Day 102,beginner.,Wear your sunglasses.,உங்கள் வெயில் கண்ணாடியை அணியுங்கள். (Ungal veyil kannaadiyai aniyungal.),अपनी धूप का चश्मा पहनें। (Apni dhoop ka chashma pehnein.)
Day 102,beginner.,It is too sunny.,வெயில் மிக அதிகமாக உள்ளது. (Veyil miga adhigamaaga ulladhu.),बहुत धूप है। (Bahut dhoop hai.)
Day 102,beginner.,Let's sit in the shade.,நிழலில் உட்காருவோம். (Nizhalil utkaaruvoam.),चलो छाया में बैठते हैं। (Chalo chhaya mein baithte hain.)
Day 102,beginner.,Can you swim?,உங்களால் நீந்த முடியுமா? (Ungalaal neendha mudiyuma?),क्या आप तैर सकते हैं? (Kya aap tair sakte hain?)
Day 103,beginner.,I am afraid of water.,எனக்குத் தண்ணீரைக் கண்டால் பயம். (Enakkuth thanneeraik kandaal bayam.),मुझे पानी से डर लगता है। (Mujhe paani se darr lagta hai.)
Day 103,beginner.,The water is deep.,தண்ணீர் ஆழமாக இருக்கிறது. (Thanneer aazhamaaga irukkiradhu.),पानी गहरा है। (Paani gehra hai.)
Day 103,beginner.,Stay near the shore.,கரைக்கு அருகிலேயே இருங்கள். (Karaikku arugilayay irungal.),किनारे के पास रहें। (Kinare ke paas rahein.)
Day 103,beginner.,It is very refreshing.,இது மிகவும் புத்துணர்ச்சியாக இருக்கிறது. (Idhu migavum puthunarchiyaaga irukkiradhu.),यह बहुत ताज़ा है। (Yeh bahut taaza hai.)
Day 103,beginner.,Do you have a pet?,உங்களிடம் செல்லப் பிராணி இருக்கிறதா? (Ungalidam sella-praani irukkiradha?),क्या आपके पास कोई पालतू जानवर है? (Kya aapke paas koi paaltu jaanwar hai?)
Day 104,beginner.,I have a small dog.,என்னிடம் ஒரு சிறிய நாய் உள்ளது. (Ennidam oru siriya naay ulladhu.),मेरे पास एक छोटा कुत्ता है। (Mere paas ek chhota kutta hai.)
Day 104,beginner.,What is its name?,அதன் பெயர் என்ன? (Adhan peyar enna?),इसका नाम क्या है? (Iska naam kya hai?)
Day 104,beginner.,It likes to play.,அது விளையாட விரும்புகிறது. (Adhu vilaiyaada virumbugiradhu.),इसे खेलना पसंद है। (Ise khelna pasand hai.)
Day 104,beginner.,Feed the dog.,நாய்க்கு உணவளிக்கவும். (Naaykku unavalikkavum.),कुत्ते को खाना खिलाओ। (Kutte ko khana khilao.)
Day 104,beginner.,Turn off the TV.,டிவியை அணைக்கவும். (TV-ai anaikkavum.),टीवी बंद कर दो। (TV band kar do.)
Day 105,beginner.,Set the alarm.,அலாரம் வைக்கவும். (Alarm vaikkavum.),अलार्म लगाओ। (Alarm lagao.)
Day 105,beginner.,Good night.,இனிய இரவு வணக்கம். (Iniya iravu vanakkam.),शुभ रात्रि। (Shubh raatri.)
Day 105,beginner.,See you tomorrow.,நாளை சந்திப்போம். (Naalai sandhippoam.),कल मिलते हैं। (Kal milte hain.)
Day 105,beginner.,Look at the stars.,நட்சத்திரங்களைப் பாருங்கள். (Natchathirangalaip paarungal.),तारों को देखो। (Taaron ko dekho.)
Day 105,beginner.,The moon is bright.,நிலவு பிரகாசமாக உள்ளது. (Nilavu piragaasamaaga ulladhu.),चाँद चमक रहा है। (Chaand chamak raha hai.)
Day 106,beginner.,It is a quiet night.,இது ஒரு அமைதியான இரவு. (Idhu oru amaidhiyaana iravu.),यह एक शांत रात है। (Yeh ek shaant raat hai.)
Day 106,beginner.,Are you sleepy?,உங்களுக்குத் தூக்கம் வருகிறதா? (Ungalukkuth thookkam varugiradha?),क्या आपको नींद आ रही है? (Kya aapko neend aa rahi hai?)
Day 106,beginner.,Go to bed.,படுக்கைக்குச் செல்லுங்கள். (Padukkaikkuch sellungal.),सो जाओ। (So jao.)
Day 106,beginner.,Wear your shoes.,உங்கள் காலணிகளை அணியுங்கள். (Ungal kaalanigalai aniyungal.),अपने जूते पहनें। (Apne joote pehnein.)
Day 106,beginner.,Tie the laces.,லேஸ்களைக் கட்டுங்கள். (Lace-galai kattungal.),फीते बांधो। (Feete baandho.)
Day 107,beginner.,They are too tight.,அவை மிகவும் இறுக்கமாக உள்ளன. (Avai migavum irukkamaaga ullana.),वे बहुत तंग हैं। (Ve bahut tang hain.)
Day 107,beginner.,I need a bigger size.,எனக்கு பெரிய அளவு தேவை. (Enakku periya alavu thevai.),मुझे बड़ा साइज चाहिए। (Mujhe bada size chahiye.)
Day 107,beginner.,These are comfortable.,இவை வசதியாக உள்ளன. (Ivai vasadhiyaaga ullana.),ये आरामदायक हैं। (Ye aaramdayak hain.)
Day 107,beginner.,Switch on the fan.,மின்விசிறியைப் போடுங்கள். (Minvisiriyaip podungal.),पंखा चलाओ। (Pankha chalao.)
Day 107,beginner.,It is very humid.,காற்று மிகவும் ஈரப்பதமாக உள்ளது. (Kaatru migavum eerapadhamaaga ulladhu.),बहुत उमस है। (Bahut umas hai.)
Day 108,beginner.,Sit under the fan.,மின்விசிறியின் கீழ் உட்காருங்கள். (Minvisiriyin keezh utkaarungal.),पंखे के नीचे बैठो। (Pankhe ke neeche baitho.)
Day 108,beginner.,Now it is better.,இப்போது பரவாயில்லை. (Ippodhu paravaayillai.),अब बेहतर है। (Ab behtar hai.)
Day 108,beginner.,Where is my bag?,என் பை எங்கே? (En pai engay?),मेरा बैग कहाँ है? (Mera bag kahan hai?)
Day 108,beginner.,It is on the chair.,அது நாற்காலியில் உள்ளது. (Adhu naarkaliyil ulladhu.),वह कुर्सी पर है। (Wah kursi par hai.)
Day 108,beginner.,I can't find my keys.,என் சாவிகளைக் காணவில்லை. (En saavigalaik kaanavillai.),मुझे मेरी चाबियाँ नहीं मिल रही हैं। (Mujhe meri chabiyaan nahi mil rahi hain.)
Day 109,beginner.,Look inside the pocket.,பாக்கெட்டுக்குள் பாருங்கள். (Pocket-ukkul paarungal.),जेब के अंदर देखो। (Jeb ke andar dekho.)
Day 109,beginner.,"Yes, here they are.","ஆம், இதோ இங்கே உள்ளன. (Aam, idho ingay ullana.)","हाँ, ये यहाँ हैं। (Haan, ye yahan hain.)"
Day 109,beginner.,Do you want tea?,உங்களுக்குத் தேநீர் வேண்டுமா? (Ungalukkuth theneer venduma?),क्या आपको चाय चाहिए? (Kya aapko chai chahiye?)
Day 109,beginner.,I prefer coffee.,நான் காபியை விரும்புகிறேன். (Naan coffee-ai virumbugiren.),मुझे कॉफी ज्यादा पसंद है। (Mujhe coffee zyada pasand hai.)
Day 109,beginner.,Add less sugar.,சர்க்கரை குறைவாகச் சேர்க்கவும். (Sarkkarai kuraivaagach serkkavum.),चीनी कम डालना। (Cheeni kam daalna.)
Day 110,beginner.,The tea is hot.,தேநீர் சூடாக இருக்கிறது. (Theneer sudaaga irukkiradhu.),चाय गर्म है। (Chai garm hai.)
Day 110,beginner.,Drink it slowly.,அதை மெதுவாகக் குடியுங்கள். (Adhai medhuvaagak kudiyungal.),इसे धीरे-धीरे पिएं। (Ise dheere-dheere piyein.)
Day 110,beginner.,It is a sunny day.,இது ஒரு வெயில் நாள். (Idhu oru veyil naal.),आज धूप वाला दिन है। (Aaj dhoop wala din hai.)
Day 110,beginner.,Let's go swimming.,நீந்தச் செல்வோம். (Neendhach selvoam.),चलो तैरने चलते हैं। (Chalo tairne chalte hain.)
Day 110,beginner.,The water is warm.,தண்ணீர் வெதுவெதுப்பாக உள்ளது. (Thanneer vedhuvedhuppaaga ulladhu.),पानी गुनगुना है। (Paani gunguna hai.)
Day 111,beginner.,Don't stay too long.,அதிக நேரம் இருக்க வேண்டாம். (Adhiga neram irukka vendaam.),बहुत देर तक मत रुकना। (Bahut der tak mat rukna.)
Day 111,beginner.,I am coming out.,நான் வெளியே வருகிறேன். (Naan veliyay varugiren.),मैं बाहर आ रहा हूँ। (Main baahar aa raha hoon.)
Day 111,beginner.,Clean your room.,உங்கள் அறையைச் சுத்தம் செய்யுங்கள். (Ungal araiyais suththam seiyungal.),अपना कमरा साफ करो। (Apna kamra saaf karo.)
Day 111,beginner.,Pick up the toys.,பொம்மைகளை எடுங்கள். (Bommaigalai edungal.),खिलौने उठाओ। (Khilaune uthao.)
Day 111,beginner.,Put them in the box.,அவற்றை பெட்டியில் போடுங்கள். (Avatrai pettiyil podungal.),उन्हें डिब्बे में डाल दो। (Unhein dibbe mein daal do.)
Day 112,beginner.,Fold the clothes.,துணிகளை மடியுங்கள். (Thunigalai madiyungal.),कपड़े तह करो। (Kapde teh karo.)
Day 112,beginner.,The room looks tidy.,அறை சுத்தமாகத் தெரிகிறது. (Arai suththamaagath therigiradhu.),कमरा साफ-सुथरा लग रहा है। (Kamra saaf-suthra lag raha hai.)
Day 112,beginner.,Is it Friday today?,இன்று வெள்ளிக்கிழமையா? (Indru vellikilamaiyaa?),क्या आज शुक्रवार है? (Kya aaj shukravaar hai?)
Day 112,beginner.,"Yes, it is.","ஆம், இன்றுதான். (Aam, indrudhaan.)","हाँ, आज ही है। (Haan, aaj hi hai.)"
Day 112,beginner.,Plans for weekend?,வார இறுதிக்குத் திட்டங்கள்? (Vaara irudhikkuth thittangal?),वीकेंड के लिए क्या प्लान है? (Weekend ke liye kya plan hai?)
Day 113,beginner.,I will visit family.,நான் குடும்பத்தைப் பார்ப்பேன். (Naan kudumbaththaip paarppen.),मैं परिवार से मिलने जाऊंगा। (Main parivaar se milne jaunga.)
Day 113,beginner.,Have a great time.,நல்ல நேரத்தைக் கழியுங்கள். (Nalla neraththaik kaliyungal.),आपका समय अच्छा बीते। (Aapka samay accha beete.)
Day 113,beginner.,What is that noise?,அது என்ன சத்தம்? (Adhu enna saththam?),वह शोर कैसा है? (Wah shor kaisa hai?)
Day 113,beginner.,Someone is singing.,யாரோ பாடுகிறார்கள். (Yaaro paadugiraargal.),कोई गा रहा है। (Koi gaa raha hai.)
Day 113,beginner.,They sing well.,அவர்கள் நன்றாகப் பாடுகிறார்கள். (Avargal nandraga paadugiraargal.),वे अच्छा गाते हैं। (Ve accha gaate hain.)
Day 114,beginner.,Listen to the melody.,இசையைக் கேளுங்கள். (Isaiyaik kelungal.),धुन सुनो। (Dhun suno.)
Day 114,beginner.,It is very peaceful.,இது மிகவும் அமைதியாக இருக்கிறது. (Idhu migavum amaidhiyaaga irukkiradhu.),यह बहुत शांतिपूर्ण है। (Yeh bahut shaantipoorna hai.)
Day 114,beginner.,We reached the goal.,நாம் இலக்கை அடைந்துவிட்டோம். (Naam ilakkai adaindhuvittoam.),हम लक्ष्य तक पहुँच गए हैं। (Hum lakshya tak pahunch gaye hain.)
Day 114,beginner.,Keep practicing.,பயிற்சியைத் தொடருங்கள். (Payirchiyaith thodarungal.),अभ्यास जारी रखें। (Abhyas jaari rakhein.)
Day 114,beginner.,You are doing great.,நீங்கள் சிறப்பாகச் செய்கிறீர்கள். (Neengal sirappagach seigireergal.),आप बहुत अच्छा कर रहे हैं। (Aap bahut accha kar rahe hain.)
Day 115,beginner.,Wear a sweater.,ஸ்வெட்டர் அணியுங்கள். (Sweater aniyungal.),स्वेटर पहनें। (Sweater pehnein.)
Day 115,beginner.,Do you want hot water?,உங்களுக்கு சுடு தண்ணீர் வேண்டுமா? (Ungalukku sudu thanneer venduma?),क्या आपको गर्म पानी चाहिए? (Kya aapko garm pani chahiye?)
Day 115,beginner.,I have a question.,எனக்கு ஒரு கேள்வி உள்ளது. (Enakku oru kelvi ulladhu.),मेरा एक सवाल है। (Mera ek sawal hai.)
Day 115,beginner.,Can you explain this?,இதை விளக்க முடியுமா? (Idhai vilakka mudiyuma?),क्या आप इसे समझा सकते हैं? (Kya aap ise samjha sakte hain?)
Day 115,beginner.,I don't understand.,எனக்கு புரியவில்லை. (Enakku puriyavillai.),मुझे समझ नहीं आया। (Mujhe samajh nahi aaya.)
Day 116,beginner.,Please say it slowly.,தயவுசெய்து மெதுவாகச் சொல்லுங்கள். (Thayavuseidhu medhuvaagach sollungal.),कृपया धीरे बोलें। (Kripya dheere bolein.)
Day 116,beginner.,Now I understand.,இப்போது எனக்குப் புரிகிறது. (Ippodhu enakku purigiradhu.),अब मुझे समझ आ गया। (Ab mujhe samajh aa gaya.)
Day 116,beginner.,Is it raining?,மழை பெய்கிறதா? (Mazhai peigiradha?),क्या बारिश हो रही है? (Kya baarish ho rahi hai?)
Day 116,beginner.,Just a little bit.,கொஞ்சம் தான். (Konjam dhaan.),बस थोड़ी सी। (Bas thodi si.)
Day 116,beginner.,The ground is wet.,தரை ஈரமாக இருக்கிறது. (Tharai eeramaaga irukkiradhu.),जमीन गीली है। (Zameen geeli hai.)
Day 117,beginner.,Watch your step.,பார்த்து நடங்கள். (Paarthu nadungal.),देखकर चलो। (Dekhkar chalo.)
Day 117,beginner.,Don't slip.,வழுக்கி விடாதீர்கள். (Valukki vidaatheergal.),फिसल मत जाना। (Fisal mat jaana.)
Day 117,beginner.,Where is the library?,நூலகம் எங்கே இருக்கிறது? (Noolagam engay irukkiradhu?),पुस्तकालय कहाँ है? (Pustakalay kahan hai?)
Day 117,beginner.,It is next to the park.,அது பூங்காவிற்கு அருகில் உள்ளது. (Adhu poongaavirku arugil ulladhu.),यह पार्क के बगल में है। (Yeh park ke bagal mein hai.)
Day 117,beginner.,Is it open today?,இன்று அது திறந்துள்ளதா? (Indru adhu thirandhulladha?),क्या यह आज खुला है? (Kya yeh aaj khula hai?)
Day 118,beginner.,I want to borrow a book.,நான் ஒரு புத்தகம் வாங்க வேண்டும். (Naan oru puthagam vaanga vendum.),मैं एक किताब उधार लेना चाहता हूँ। (Main ek kitaab udhaar lena chahta hoon.)
Day 118,beginner.,Please be quiet there.,அங்கே அமைதியாக இருங்கள். (Angay amaidhiyaaga irungal.),वहाँ कृपया शांत रहें। (Wahan kripya shaant rahein.)
Day 118,beginner.,Do you like flowers?,உங்களுக்கு பூக்கள் பிடிக்குமா? (Ungalukku pookkal pidikkuma?),क्या आपको फूल पसंद हैं? (Kya aapko phool pasand hain?)
Day 118,beginner.,This rose smells nice.,இந்த ரோஜா நல்ல வாசனையாக உள்ளது. (Indha roja nalla vaasanaiyaaga ulladhu.),इस गुलाब की खुशबू अच्छी है। (Is gulaab ki khushbu acchi hai.)
Day 118,beginner.,What color is this?,இது என்ன நிறம்? (Idhu enna niram?),यह कौन सा रंग है? (Yeh kaun sa rang hai?)
Day 119,beginner.,It is bright red.,இது அடர் சிவப்பு. (Idhu adar sivappu.),यह गहरा लाल है। (Yeh gehra laal hai.)
Day 119,beginner.,I will put it in the vase.,நான் அதை ஜாடியில் வைப்பேன். (Naan adhai jaadiyil vaippen.),मैं इसे गुलदस्ते में रखूँगा। (Main ise guldaste mein rakhunga.)
Day 119,beginner.,Are you ready to go?,நீங்கள் கிளம்பத் தயாரா? (Neengal kilambath thayaaraa?),क्या आप जाने के लिए तैयार हैं? (Kya aap jaane ke liye taiyar hain?)
Day 119,beginner.,Give me five minutes.,எனக்கு ஐந்து நிமிடம் கொடுங்கள். (Enakku aindhu nimidam kodungal.),मुझे पाँच मिनट दें। (Mujhe paanch minute dein.)
Day 119,beginner.,I am wearing my coat.,நான் என் கோட்டை அணிந்துள்ளேன். (Naan en coat-ai anindhullen.),मैं अपना कोट पहन रहा हूँ। (Main apna coat pehan raha hoon.)
Day 120,beginner.,Where are the keys?,சாவிகள் எங்கே? (Saavigal engay?),चाबियाँ कहाँ हैं? (Chabiyaan kahan hain?)
Day 120,beginner.,Let's leave now.,நாம் இப்போது கிளம்புவோம். (Naam ippodhu kilambuvoam.),चलो अब चलते हैं। (Chalo ab chalte hain.)
Day 120,beginner.,The coffee is too hot.,காபி மிகச் சூடாக இருக்கிறது. (Coffee migach sudaaga irukkiradhu.),कॉफी बहुत गर्म है। (Coffee bahut garm hai.)
Day 120,beginner.,Wait for it to cool.,அது ஆறும் வரை காத்திருங்கள். (Adhu aarum varai kaathirungal.),इसके ठंडा होने का इंतज़ार करें। (Iske thanda hone ka intezaar karen.)
Day 120,beginner.,Do you want sugar?,உங்களுக்கு சர்க்கரை வேண்டுமா? (Ungalukku sarkkarai venduma?),क्या आपको चीनी चाहिए? (Kya aapko cheeni chahiye?)
Day 121,beginner.,Stir it well.,அதை நன்றாகக் கலக்கவும். (Adhai nandraga kalakkavum.),इसे अच्छी तरह मिलाएँ। (Ise acchi tarah milayein.)
Day 121,beginner.,Look at the bird.,அந்தப் பறவையைப் பாருங்கள். (Andhap paravaiyaip paarungal.),उस पक्षी को देखो। (Us pakshi ko dekho.)
Day 121,beginner.,It is on the tree.,அது மரத்தின் மேல் உள்ளது. (Adhu marathin mel ulladhu.),वह पेड़ पर है। (Wah ped par hai.)
Day 121,beginner.,It is singing loudly.,அது சத்தமாகப் பாடுகிறது. (Adhu saththamaagap paadugiradhu.),वह ज़ोर से गा रहा है। (Wah zor se gaa raha hai.)
Day 121,beginner.,Don't scare it.,அதைப் பயமுறுத்தாதீர்கள். (Adhaip payamuruththaadheergal.),उसे डराओ मत। (Use darao mat.)
Day 122,beginner.,It flew away.,அது பறந்து சென்றுவிட்டது. (Adhu parandhu sendruvittadhu.),वह उड़ गया। (Wah ud gaya.)
Day 122,beginner.,Speak a bit louder.,கொஞ்சம் சத்தமாகப் பேசுங்கள். (Konjam saththamaagap pesungal.),थोड़ा ज़ोर से बोलें। (Thoda zor se bolein.)
Day 122,beginner.,I can hear you now.,இப்போது நீங்கள் பேசுவது கேட்கிறது. (Ippodhu neengal pesuvadhu ketkiradhu.),अब मैं आपको सुन सकता हूँ। (Ab main aapko sun sakta hoon.)
Day 122,beginner.,Is the volume okay?,சத்தம் போதுமா? (Saththam podhuma?),क्या आवाज़ ठीक है? (Kya awaaz theek hai?)
Day 122,beginner.,"Yes, it is perfect.","ஆம், அது சரியாக உள்ளது. (Aam, adhu sariyaaga ulladhu.)","हाँ, यह एकदम सही है। (Haan, yeh ekdum sahi hai.)"
Day 123,beginner.,What is in the bag?,பையில் என்ன இருக்கிறது? (Paiyil enna irukkiradhu?),बैग में क्या है? (Bag mein kya hai?)
Day 123,beginner.,These are vegetables.,இவை காய்கறிகள். (Ivai kaaigarigal.),ये सब्जियां हैं। (Ye sabziyan hain.)
Day 123,beginner.,I bought them today.,நான் இன்று அவற்றை வாங்கினேன். (Naan indru avatrai vaanginen.),मैंने इन्हें आज खरीदा है। (Maine inhein aaj khareeda hai.)
Day 123,beginner.,Put them in fridge.,அவற்றை பிரிட்ஜில் வையுங்கள். (Avatrai fridge-il vaiyungal.),उन्हें फ्रिज में रख दो। (Unhein fridge mein rakh do.)
Day 123,beginner.,It is very noisy.,அதிக சத்தமாக இருக்கிறது. (Adhiga saththamaaga irukkiradhu.),बहुत शोर हो रहा है। (Bahut shor ho raha hai.)
Day 124,beginner.,Dust is coming in.,தூசி உள்ளே வருகிறது. (Thoosi ullay varugiradhu.),धूल अंदर आ रही है। (Dhool andar aa rahi hai.)
Day 124,beginner.,Use the curtains.,திரைகளைத் தொங்கவிடுங்கள். (Thiraigalaith thongavidungal.),पर्दों का प्रयोग करें। (Pardon ka prayog karen.)
Day 124,beginner.,Now it is quiet.,இப்போது அமைதியாக உள்ளது. (Ippodhu amaidhiyaaga ulladhu.),अब शांति है। (Ab shaanti hai.)
Day 124,beginner.,Where is my watch?,என் கடிகாரம் எங்கே? (En kadikaaram engay?),मेरी घड़ी कहाँ है? (Meri ghadi kahan hai?)
Day 124,beginner.,It is on the table.,அது மேஜை மேல் உள்ளது. (Adhu mejai mel ulladhu.),वह मेज पर है। (Wah mez par hai.)
Day 125,beginner.,It is not working.,அது வேலை செய்யவில்லை. (Adhu velai seiyavillai.),यह काम नहीं कर रही है। (Yeh kaam nahi kar rahi hai.)
Day 125,beginner.,The cell is dead.,பேட்டரி தீர்ந்துவிட்டது. (Battery theerndhuvittadhu.),सेल खत्म हो गया है। (Cell khatam ho gaya hai.)
Day 125,beginner.,I will repair it.,நான் அதை சரி செய்வேன். (Naan adhai sari seiven.),मैं इसे ठीक करवाऊंगा। (Main ise theek karwaunga.)
Day 125,beginner.,Are you tired?,உங்களுக்கு சோர்வாக இருக்கிறதா? (Ungalukku sorvaaga irukkiradha?),क्या आप थके हुए हैं? (Kya aap thake hue hain?)
Day 125,beginner.,I need some rest.,எனக்கு கொஞ்சம் ஓய்வு தேவை. (Enakku konjam oivu thevai.),मुझे थोड़े आराम की ज़रूरत है। (Mujhe thode aaraam ki zaroorat hai.)
Day 126,beginner.,Drink some juice.,கொஞ்சம் ஜூஸ் குடியுங்கள். (Konjam juice kudiyungal.),थोड़ा जूस पिएं। (Thoda juice piyein.)
Day 126,beginner.,I feel better now.,நான் இப்போது நலமாக உணர்கிறேன். (Naan ippodhu nalamaaga unargiren.),अब मैं बेहतर महसूस कर रहा हूँ। (Ab main behtar mehsoos kar raha hoon.)
Day 126,beginner.,Let's start again.,மீண்டும் தொடங்குவோம். (Meendum thodanguvoam.),चलो फिर से शुरू करते हैं। (Chalo phir se shuru karte hain.)
Day 126,beginner.,Is the food spicy?,உணவு காரமாக இருக்கிறதா? (Unavu kaaramaaga irukkiradha?),क्या खाना तीखा है? (Kya khana teekha hai?)
Day 126,beginner.,It is very tasty.,இது மிகவும் சுவையாக உள்ளது. (Idhu migavum suvaiyaaga ulladhu.),यह बहुत स्वादिष्ट है। (Yeh bahut swadisht hai.)
Day 127,beginner.,Give me more rice.,எனக்கு இன்னும் சாதம் கொடுங்கள். (Enakku innum saadham kodungal.),मुझे और चावल दो। (Mujhe aur chawal do.)
Day 127,beginner.,Do you want curd?,உங்களுக்கு தயிர் வேண்டுமா? (Ungalukku thayir venduma?),क्या आपको दही चाहिए? (Kya aapko dahi chahiye?)
Day 127,beginner.,Where are you?,நீங்கள் எங்கே இருக்கிறீர்கள்? (Neengal engay irukkireergal?),आप कहाँ हैं? (Aap kahan hain?)
Day 127,beginner.,I am in the market.,நான் சந்தையில் இருக்கிறேன். (Naan sandhaiyil irukkiren.),मैं बाजार में हूँ। (Main bazaar mein hoon.)
Day 127,beginner.,Come home soon.,சீக்கிரம் வீட்டுக்கு வாருங்கள். (Seekkiram veettukku vaarungal.),जल्दी घर आओ। (Jaldi ghar aao.)
Day 128,beginner.,I am on the way.,நான் வழியில் இருக்கிறேன். (Naan vazhiyil irukkiren.),मैं रास्ते में हूँ। (Main raaste mein hoon.)
Day 128,beginner.,Close the gate.,கதவை மூடுங்கள். (Kadhavai moodungal.),गेट बंद करो। (Gate band karo.)
Day 128,beginner.,My hair is messy.,என் தலைமுடி கலைந்துவிட்டது. (En thalamudi kalaindhuvittadhu.),मेरे बाल उलझ गए हैं। (Mere baal ulajh gaye hain.)
Day 128,beginner.,Where is the comb?,சீப்பு எங்கே? (Seeppu engay?),कंगा कहाँ है? (Kangha kahan hai?)
Day 128,beginner.,Comb it properly.,அதைச் சரியாகச் சீவுங்கள். (Adhais sariyaagas seevungal.),इसे ठीक से संवारें। (Ise theek se sanwarein.)
Day 129,beginner.,I lost my pen.,நான் என் பேனாவை தொலைத்துவிட்டேன். (Naan en pen-ai tholaithuvitten.),मेरा पेन खो गया है। (Mera pen kho gaya hai.)
Day 129,beginner.,Is it blue or black?,அது நீலமா அல்லது கருப்பா? (Adhu neelama alladhu karuppa?),क्या वह नीला है या काला? (Kya wah neela hai ya kaala?)
Day 129,beginner.,It is a blue pen.,அது ஒரு நீல நிற பேனா. (Adhu oru neela nira pen.),वह एक नीला पेन है। (Wah ek neela pen hai.)
Day 129,beginner.,Check your bag.,உங்கள் பையைச் சரிபார்க்கவும். (Ungal paiyais saripaarkkavum.),अपना बैग चेक करें। (Apna bag check karen.)
Day 129,beginner.,Take my pen.,என் பேனாவை எடுத்துக் கொள்ளுங்கள். (En pen-ai eduththuk kollungal.),मेरा पेन ले लो। (Mera pen le lo.)
Day 130,beginner.,The floor is dirty.,தரை அழுக்காக இருக்கிறது. (Tharai azhukkaaga irukkiradhu.),फर्श गंदा है। (Farsh ganda hai.)
Day 130,beginner.,Please sweep it.,தயவுசெய்து பெருக்கவும். (Thayavuseidhu perukkavum.),कृपया झाड़ू लगाओ। (Kripya jhadu lagao.)
Day 130,beginner.,Use the broom.,துடைப்பத்தைப் பயன்படுத்துங்கள். (Thudaippaththaip payanpaduththungal.),झाड़ू का प्रयोग करें। (Jhadu ka prayog karen.)
Day 130,beginner.,Now it is clean.,இப்போது சுத்தமாக உள்ளது. (Ippodhu suththamaaga ulladhu.),अब यह साफ है। (Ab yeh saaf hai.)
Day 130,beginner.,Keep it dry.,அதை ஈரம் இல்லாமல் வைத்திருங்கள். (Adhai eeram illaamal vaiththirungal.),इसे सूखा रखें। (Ise sookha rakhein.)
Day 131,beginner.,Can you hear that?,உங்களால் அதைக் கேட்க முடிகிறதா? (Ungalaal adhaik ketka mudigiradha?),क्या आप वह सुन सकते हैं? (Kya aap woh sun sakte hain?)
Day 131,beginner.,Someone is calling.,யாரோ அழைக்கிறார்கள். (Yaaro azhaikkiraargal.),कोई बुला रहा है। (Koi bula raha hai.)
Day 131,beginner.,Go and check.,போய் பாருங்கள். (Poi paarungal.),जाकर देखो। (Jaakar dekho.)
Day 131,beginner.,No one is there.,அங்கே யாரும் இல்லை. (Angay yaarum illai.),वहाँ कोई नहीं है। (Wahan koi nahi hai.)
Day 131,beginner.,It was my mistake.,அது என் தவறு. (Adhu en thavaru.),यह मेरी गलती थी। (Yeh meri galti thi.)
Day 132,beginner.,I am reading a story.,நான் ஒரு கதை படிக்கிறேன். (Naan oru kadhai padikkiren.),मैं एक कहानी पढ़ रहा हूँ। (Main ek kahani padh raha hoon.)
Day 132,beginner.,Is it interesting?,அது சுவாரஸ்யமாக இருக்கிறதா? (Adhu suvaarasiyamaaga irukkiradha?),क्या यह दिलचस्प है? (Kya yeh dilchasp hai?)
Day 132,beginner.,It is very funny.,இது மிகவும் வேடிக்கையாக உள்ளது. (Idhu migavum vedikkaiyaaga ulladhu.),यह बहुत मजेदार है। (Yeh bahut mazedaar hai.)
Day 132,beginner.,Read it out loud.,அதை சத்தமாகப் படியுங்கள். (Adhai saththamaagap padiyungal.),इसे ज़ोर से पढ़ो। (Ise zor se padho.)
Day 132,beginner.,Tell me the summary.,எனக்குச் சுருக்கத்தைச் சொல்லுங்கள். (Enakkuch surukkaththaich sollungal.),मुझे सारांश बताओ। (Mujhe saraansh batao.)
Day 133,beginner.,The heater is on.,ஹீட்டர் ஓடிக்கொண்டிருக்கிறது. (Heater odikkondirukkiradhu.),हीटर चालू है। (Heater chaalu hai.)
Day 133,beginner.,Stay inside.,உள்ளேயே இருங்கள். (Ullay-ay irungal.),अंदर ही रहो। (Andar hi raho.)
Day 133,beginner.,Can you explain how this works?,இது எப்படி வேலை செய்கிறது என்று விளக்க முடியுமா? (Idhu eppadi velai seigiradhu endru vilakka mudiyuma?),क्या आप समझा सकते हैं कि यह कैसे काम करता है? (Kya aap samjha sakte hain ki yeh kaise kaam karta hai?)
Day 133,beginner.,What time does the flight arrive?,விமானம் எத்தனை மணிக்கு வரும்? (Vimaanam ethanai manikku varum?),फ्लाइट कितने बजे आती है? (Flight kitne baje aati hai?)
Day 133,beginner.,I have been waiting for an hour.,நான் ஒரு மணி நேரமாக காத்துக் கொண்டிருக்கிறேன். (Naan oru mani neramaaga kaathuk kondirukkiren.),मैं एक घंटे से इंतज़ार कर रहा हूँ। (Main ek ghante se intezar kar raha hoon.)
Day 134,beginner.,Could you give me a hand with this?,இதற்கு எனக்கு கொஞ்சம் உதவ முடியுமா? (Idharkku enakku konjam udhava mudiyuma?),क्या आप इसमें मेरी मदद कर सकते हैं? (Kya aap ismein meri madad kar sakte hain?)
Day 134,beginner.,Is it possible to change the date?,தேதியை மாற்ற முடியுமா? (Thedhiyai maattra mudiyuma?),क्या तारीख बदलना संभव है? (Kya tareekh badalna sambhav hai?)
Day 134,beginner.,I would like to make a reservation.,நான் ஒரு முன்பதிவு செய்ய விரும்புகிறேன். (Naan oru munbadhivu seyya virumbugiren.),मैं एक आरक्षण (रिजर्वेशन) करना चाहता हूँ। (Main ek arakshan karna chahta hoon.)
Day 134,beginner.,What is the best way to get there?,அங்கு செல்ல சிறந்த வழி எது? (Angu sella sirandha vazhi edhu?),वहाँ पहुँचने का सबसे अच्छा तरीका क्या है? (Wahan pahunchne ka sabse accha tareeka kya hai?)
Day 134,beginner.,I forgot what I was going to say.,நான் என்ன சொல்ல வந்தேன் என்று மறந்துவிட்டேன். (Naan enna solla vandhen endru marandhuvitten.),मैं भूल गया कि मैं क्या कहने वाला था। (Main bhool gaya ki main kya kehne wala tha.)
Day 135,beginner.,Have you ever been to this place?,நீங்கள் எப்போதாவது இந்த இடத்திற்கு வந்திருக்கிறீர்களா? (Neengal eppodhavadhu indha idathirkku vandhirukkireergalla?),क्या आप कभी इस जगह पर आए हैं? (Kya aap kabhi is jagah par aaye hain?)
Day 135,beginner.,I will let you know by tomorrow.,நாளைக்குள் உங்களுக்குத் தெரியப்படுத்துகிறேன். (Naalaikkul ungalukkuth theriyappaduthugiren.),मैं आपको कल तक बता दूँगा। (Main aapko kal tak bata doonga.)
Day 135,beginner.,Do you mind if I sit here?,நான் இங்கே உட்கார்ந்தால் உங்களுக்கு ஆட்சேபனை உண்டா? (Naan inge utkaarndhaal ungalukku aatchebanai undaa?),अगर मैं यहाँ बैठूँ तो आपको कोई आपत्ति तो नहीं? (Agar main yahan baithoon toh aapko koi aapatti toh nahi?)
Day 135,beginner.,It depends on the weather.,அது வானிலையைப் பொறுத்தது. (Adhu vaanilaiyaip poruthadhu.),यह मौसम पर निर्भर करता है। (Yeh mausam par nirbhar karta hai.)
Day 135,beginner.,Could you speak a little louder?,கொஞ்சம் சத்தமாகப் பேச முடியுமா? (Konjam sathamaagap pesa mudiyuma?),क्या आप थोड़ा ज़ोर से बोल सकते हैं? (Kya aap thoda zor se bol sakte hain?)
Day 136,beginner.,I am looking for a specific book.,நான் ஒரு குறிப்பிட்ட புத்தகத்தைத் தேடுகிறேன். (Naan oru kurippitta puthagathaith thedugiren.),मैं एक खास किताब ढूँढ रहा हूँ। (Main ek khaas kitaab dhoondh raha hoon.)
Day 136,beginner.,How long does the battery last?,பேட்டரி எவ்வளவு நேரம் வரும்? (Battery evvalavu neram varum?),बैटरी कितने समय तक चलती है? (Battery kitne samay tak chalti hai?)
Day 136,beginner.,I need to charge my laptop.,நான் எனது லேப்டாப்பை சார்ஜ் செய்ய வேண்டும். (Naan enadhu laptoppai charge seyya vendum.),मुझे अपना लैपटॉप चार्ज करना है। (Mujhe apna laptop charge karna hai.)
Day 136,beginner.,What do you recommend for dinner?,இரவு உணவிற்கு நீங்கள் எதைப் பரிந்துரைக்கிறீர்கள்? (Iravu unavirkku neengal edhaip parindhuraikkireergall?),आप रात के खाने के लिए क्या सुझाव देंगे? (Aap raat ke khane ke liye kya sujhaav denge?)
Day 136,beginner.,I am sorry for the inconvenience.,சிரமத்திற்கு மன்னிக்கவும். (Siramathirkku mannikkavum.),असुविधा के लिए मुझे खेद है। (Asuvidha ke liye mujhe khed hai.)
Day 137,beginner.,Can I have a look at that?,நான் அதை ஒருமுறை பார்க்கலாமா? (Naan adhai orumurai paarkkalaama?),क्या मैं उसे एक बार देख सकता हूँ? (Kya main use ek baar dekh sakta hoon?)
Day 137,beginner.,It is much better than before.,இது முன்பை விட மிகச் சிறந்தது. (Idhu munbai vida migach sirandhadhu.),यह पहले से काफी बेहतर है। (Yeh pehle se kaafi behtar hai.)
Day 137,beginner.,I will try to finish it on time.,நான் அதை சரியான நேரத்தில் முடிக்க முயற்சிப்பேன். (Naan adhai sariyaana nerathil mudikka muyarchippen.),मैं इसे समय पर पूरा करने की कोशिश करूँगा। (Main ise samay par poora karne ki koshish karoonga.)
Day 137,beginner.,Is there anything else I should know?,நான் தெரிந்து கொள்ள வேண்டிய வேறு ஏதேனும் உண்டா? (Naan therindhu kolla vendiya veru edhenum undaa?),क्या कुछ और है जो मुझे जानना चाहिए? (Kya kuch aur hai jo mujhe jaanna chahiye?)
Day 137,beginner.,Do you have this in a larger size?,இது பெரிய அளவில் உங்களிடம் உள்ளதா? (Idhu periya alavil ungalidam ulladha?),क्या आपके पास यह बड़े साइज में है? (Kya aapke paas yeh bade size mein hai?)
Day 138,beginner.,I am not sure about that.,எனக்கு அதில் உறுதியாகத் தெரியவில்லை. (Enakku adhil urudhiyaagath theriyavillai.),मुझे उस बारे में पक्का नहीं पता। (Mujhe us baare mein pakka nahi pata.)
Day 138,beginner.,Please let me know if you need help.,உங்களுக்கு உதவி தேவைப்பட்டால் எனக்குத் தெரியப்படுத்துங்கள். (Ungalukku udhavi thevaippattaal enakku theriyappaduthungal.),अगर आपको मदद चाहिए तो कृपया मुझे बताएं। (Agar aapko madad chahiye toh kripaya mujhe batayein.)
Day 138,beginner.,I have already finished my work.,நான் ஏற்கனவே எனது வேலையை முடித்துவிட்டேன். (Naan erkkaneve enadhu velaiyai mudithuvitten.),मैंने पहले ही अपना काम पूरा कर लिया है। (Maine pehle hi apna kaam poora kar liya hai.)
Day 138,beginner.,What is the difference between these two?,இவை இரண்டிற்கும் என்ன வித்தியாசம்? (Ivai irandirkum enna vidhiyaasam?),इन दोनों के बीच क्या अंतर है? (In dono ke beech kya antar hai?)
Day 138,beginner.,I am thinking of buying a new car.,நான் ஒரு புதிய கார் வாங்க நினைக்கிறேன். (Naan oru pudhiya car vaanga ninaikkiren.),मैं एक नई कार खरीदने की सोच रहा हूँ। (Main ek nayi car khareedne ki soch raha hoon.)
Day 139,beginner.,Could you send me the details via email?,விவரங்களை எனக்கு மின்னஞ்சல் மூலம் அனுப்ப முடியுமா? (Vivarangalai enakku minnanjal moolam anuppa mudiyuma?),क्या आप मुझे विवरण ईमेल के ज़रिए भेज सकते हैं? (Kya aap mujhe vivaran email ke zariye bhej sakte hain?)
Day 139,beginner.,I will be there in ten minutes.,நான் பத்து நிமிடங்களில் அங்கு வந்துவிடுவேன். (Naan patthu nimidangalil angu vandhuviduven.),मैं दस मिनट में वहाँ पहुँच जाऊँगा। (Main das minat mein wahan pahunch jaoonga.)
Day 139,beginner.,It was a pleasure meeting you.,உங்களை சந்தித்ததில் மகிழ்ச்சி. (Ungalai sandhitthadhil magizhchi.),आपसे मिलकर खुशी हुई। (Aapse milkar khushi hui.)
Day 139,beginner.,I am not interested in this.,எனக்கு இதில் ஆர்வம் இல்லை. (Enakku adhil aarvam illai.),मुझे इसमें कोई दिलचस्पी नहीं है। (Mujhe ismein koi dilchaspi nahi hai.)
Day 139,beginner.,Can you show me the way to the park?,பூங்காவிற்கு செல்லும் வழியை எனக்குக் காட்ட முடியுமா? (Poongaavirkku sellum vazhiyai enakkuk kaatta mudiyuma?),क्या आप मुझे पार्क का रास्ता दिखा सकते हैं? (Kya aap mujhe park ka rasta dikha sakte hain?)
Day 140,beginner.,I have a lot of things to do today.,இன்று எனக்கு நிறைய வேலைகள் உள்ளன. (Indru enakku niraiya velaigall ullana.),आज मेरे पास करने के लिए बहुत सारे काम हैं। (Aaj mere paas karne ke liye bahut saare kaam hain.)
Day 140,beginner.,Do you have any suggestions?,உங்களிடம் ஏதேனும் ஆலோசனைகள் உள்ளனவா? (Ungalidam edhenum aalōsanaigal ullanavaa?),क्या आपके पास कोई सुझाव हैं? (Kya aapke paas koi sujhaav hain?)
Day 140,beginner.,I will call you as soon as I arrive.,நான் வந்தவுடன் உங்களுக்கு அழைக்கிறேன். (Naan vandhavudan ungalukku azhaikkiren.),मैं पहुँचते ही आपको कॉल करूँगा। (Main pahunchte hi aapko call karoonga.)
Day 140,beginner.,Is this the right way to the station?,இது ரயில் நிலையத்திற்கு செல்லும் சரியான வழியா? (Idhu rayil nilaiyathirkku sellum sariyaana vazhiya?),क्या यह स्टेशन जाने का सही रास्ता है? (Kya yeh station jaane ka sahi rasta hai?)
Day 140,beginner.,I need to renew my passport.,நான் எனது பாஸ்போர்ட்டை புதுப்பிக்க வேண்டும். (Naan enadhu passport-ai pudhuppikka vendum.),मुझे अपना पासपोर्ट रिन्यू कराना है। (Mujhe apna passport renew karana hai.)
Day 141,beginner.,How much does this cost per day?,இதற்கு ஒரு நாளைக்கு எவ்வளவு கட்டணம்? (Idharku oru naalaikku evvalavu kattanam?),इसका एक दिन का कितना खर्च है? (Iska ek din ka kitna kharch hai?)
Day 141,beginner.,I don't agree with your opinion.,உங்கள் கருத்தை நான் ஏற்கவில்லை. (Ungal karuthai naan erkkavillai.),मैं आपकी राय से सहमत नहीं हूँ। (Main aapki ray se sahmat nahi hoon.)
Day 141,beginner.,Can we reschedule the meeting?,கூட்டத்தை வேறொரு நேரத்திற்கு மாற்றலாமா? (Koottathai veroru nerathirkku maattralaama?),क्या हम मीटिंग का समय बदल सकते हैं? (Kya hum meeting ka samay badal sakte hain?)
Day 141,beginner.,I am very happy with the results.,முடிவுகளில் எனக்கு மிகவும் மகிழ்ச்சி. (Mudivugalil enakku migavum magizhchi.),मैं नतीजों से बहुत खुश हूँ। (Main natijon se bahut khush hoon.)
Day 141,beginner.,Could you please repeat the last sentence?,தயவுசெய்து கடைசி வாக்கியத்தை மீண்டும் சொல்ல முடியுமா? (Thayavuseidhu kadaisi vaakkiyathai meendum solla mudiyuma?),क्या आप कृपया आखिरी वाक्य फिर से बोल सकते हैं? (Kya aap kripaya aakhiri vakya phir se bol sakte hain?)
Day 142,beginner.,I am having trouble with the Wi-Fi.,வைஃபை இணைப்பில் எனக்கு சிக்கல் உள்ளது. (Wi-Fi inaippil enakku sikkal ulladhu.),मुझे वाई-फाई के साथ समस्या हो रही है। (Mujhe Wi-Fi ke saath samasya ho rahi hai.)
Day 142,beginner.,What is the deadline for this project?,இந்த திட்டத்திற்கான காலக்கெடு என்ன? (Indha thittathirkkaana kaalakkedu enna?),इस प्रोजेक्ट की समय सीमा (डेडलाइन) क्या है? (Is project ki samay seema kya hai?)
Day 142,beginner.,I will take care of it immediately.,நான் உடனே அதைக் கவனித்துக் கொள்கிறேன். (Naan udane adhaik kavanithuk kolgiren.),मैं तुरंत इसका ख्याल रखूँगा। (Main turant iska khayal rakhoonga.)
Day 142,beginner.,How do I fill out this form?,இந்த படிவத்தை நான் எப்படி நிரப்ப வேண்டும்? (Indha padivathai naan eppadi nirappa vendum?),मैं यह फॉर्म कैसे भरूँ? (Main yeh form kaise bharoon?)
Day 142,beginner.,It’s not as difficult as I thought.,நான் நினைத்தது போல இது அவ்வளவு கடினம் அல்ல. (Naan ninaithadhu pola idhu avvalavu kadinam alla.),यह उतना कठिन नहीं है जितना मैंने सोचा था। (Yeh utna kathin nahi hai jitna maine socha tha.)
Day 143,beginner.,Do you have a map of the city?,உங்களிடம் நகரத்தின் வரைபடம் உள்ளதா? (Ungalidam nagarathin varaipadam ulladha?),क्या आपके पास शहर का नक्शा है? (Kya aapke paas shehar ka naksha hai?)
Day 143,beginner.,I am looking forward to seeing you.,உங்களைச் சந்திக்க ஆவலாக இருக்கிறேன். (Ungalaich sandhikka aavalaaga irukkiren.),मैं आपसे मिलने के लिए उत्सुक हूँ। (Main aapse milne ke liye utsuk hoon.)
Day 143,beginner.,Could you explain the reason for this?,இதற்கான காரணத்தை விளக்க முடியுமா? (Idharkaana kaaranathai vilakka mudiyuma?),क्या आप इसका कारण समझा सकते हैं? (Kya aap iska kaaran samjha sakte hain?)
Day 143,beginner.,I am trying to improve my skills.,நான் எனது திறன்களை மேம்படுத்த முயற்சிக்கிறேன். (Naan enadhu thirangalai mempadutha muyarchikkiren.),मैं अपने कौशल में सुधार करने की कोशिश कर रहा हूँ। (Main apne kaushal mein sudhaar karne ki koshish kar raha hoon.)
Day 143,beginner.,What is the purpose of this meeting?,இந்தக் கூட்டத்தின் நோக்கம் என்ன? (Indha koottathin nokkam enna?),इस मीटिंग का उद्देश्य क्या है? (Is meeting ka uddeshya kya hai?)
Day 144,beginner.,I will reach out to you soon.,நான் விரைவில் உங்களைத் தொடர்பு கொள்கிறேன். (Naan viraivil ungalait thodarbu kolgiren.),मैं जल्द ही आपसे संपर्क करूँगा। (Main jald hi aapse sampark karoonga.)
Day 144,beginner.,Could you suggest a better alternative?,ஒரு சிறந்த மாற்றீட்டைப் பரிந்துரைக்க முடியுமா? (Oru sirandha maattreetaip parindhuraikka mudiyuma?),क्या आप किसी बेहतर विकल्प का सुझाव दे सकते हैं? (Kya aap kisi behtar vikalp ka sujhaav de sakte hain?)
Day 144,beginner.,It’s not possible to finish it today.,இன்று அதை முடிப்பது சாத்தியமில்லை. (Indru adhai mudippadhu saathiyamillai.),इसे आज खत्म करना संभव नहीं है। (Ise aaj khatm karna sambhav nahi hai.)
Day 144,beginner.,I am satisfied with your explanation.,உங்கள் விளக்கத்தில் எனக்குத் திருப்தி. (Ungal vilakkathil enakku thrupthi.),मैं आपके स्पष्टीकरण से संतुष्ट हूँ। (Main aapke spashtikaran se santusht hoon.)
Day 144,beginner.,Please let me know your decision.,உங்கள் முடிவை எனக்குத் தெரியப்படுத்துங்கள். (Ungal mudivai enakkuth theriyappaduthungal.),कृपया मुझे अपना निर्णय बताएं। (Kripaya mujhe apna nirnay batayein.)
Day 145,beginner.,I have some doubts about this plan.,இந்தத் திட்டத்தில் எனக்கு சில சந்தேகங்கள் உள்ளன. (Indha thittathil enakku sila sandhegangal ullana.),मुझे इस योजना के बारे में कुछ संदेह हैं। (Mujhe is yojana ke baare mein kuch sandeh hain.)
Day 145,beginner.,How long will it take to process?,இதைச் செயல்படுத்த எவ்வளவு நேரம் ஆகும்? (Idhaich seyalpadutha evvalavu neram aagum?),इसे प्रोसेस करने में कितना समय लगेगा? (Ise process karne mein kitna samay lagega?)
Day 145,beginner.,I would appreciate your feedback.,உங்கள் கருத்துக்களை நான் பாராட்டுகிறேன். (Ungal karuthukkalai naan paaraattugiren.),मैं आपकी प्रतिक्रिया की सराहना करूँगा। (Main aapki pratikriya ki sarahna karoonga.)
Day 145,beginner.,We need to find a solution quickly.,நாம் விரைவில் ஒரு தீர்வைக்காண வேண்டும். (Naam viraivil oru theervaikaana vendum.),हमें जल्दी से समाधान ढूँढना होगा। (Humein jaldi se samadhan dhoondhna hoga.)
Day 145,beginner.,I am looking for a permanent job.,நான் ஒரு நிரந்தர வேலையைத் தேடுகிறேன். (Naan oru nirandhara velaiyaith thedugiren.),मैं एक स्थायी नौकरी की तलाश में हूँ। (Main ek sthayi naukri ki talash mein hoon.)
Day 146,beginner.,Could you double-check the figures?,எண்களை மீண்டும் ஒருமுறை சரிபார்க்க முடியுமா? (Engalai meendum orumurai saripaarkka mudiyuma?),क्या आप आंकड़ों की दोबारा जांच कर सकते हैं? (Kya aap aankdon ki dobara jaanch kar sakte hain?)
Day 146,beginner.,It is better to wait for a while.,சிறிது நேரம் காத்திருப்பது நல்லது. (Siridhu neram kaathiruppadhu nalladhu.),थोड़ी देर इंतज़ार करना बेहतर है। (Thodi der intezar karna behtar hai.)
Day 146,beginner.,I am working on a new project.,நான் ஒரு புதிய திட்டத்தில் பணியாற்றுகிறேன். (Naan oru pudhiya thittathil paniyattrugiren.),मैं एक नए प्रोजेक्ट पर काम कर रहा हूँ। (Main ek naye project par kaam kar raha hoon.)
Day 146,beginner.,What are the requirements for this?,இதற்கான தேவைகள் என்ன? (Idharkaana thevaigal enna?),इसके लिए क्या आवश्यकताएं हैं? (Iske liye kya aavashyaktaein hain?)
Day 146,beginner.,I didn't expect this to happen.,இது நடக்கும் என்று நான் எதிர்பார்க்கவில்லை. (Idhu nadakkum endru naan edhirpaarkkavillai.),मैंने इसके होने की उम्मीद नहीं की थी। (Maine iske hone ki ummeed nahi ki thi.)
Day 147,beginner.,Please keep me updated on this.,இது குறித்து எனக்குத் தகவல்களைத் தாருங்கள். (Idhu kurithu enakkuth thagavalgalait thaarungal.),कृपया मुझे इस बारे में अपडेट रखें। (Kripaya mujhe is baare mein update rakhein.)
Day 147,beginner.,It was a very productive discussion.,இது மிகவும் பயனுள்ள விவாதம். (Idhu migavum payanulla vivaadham.),यह बहुत ही उत्पादक चर्चा थी। (Yeh bahut hi utpadak charcha thi.)
Day 147,beginner.,I am not authorized to do that.,அதைச் செய்ய எனக்கு அதிகாரம் இல்லை. (Adhaich seyya enakku adhikaram illai.),मैं ऐसा करने के लिए अधिकृत नहीं हूँ। (Main aisa karne ke liye adhikrit nahi hoon.)
Day 147,beginner.,Could you clarify this point?,இந்த விஷயத்தை விளக்க முடியுமா? (Indha vishayathai vilakka mudiyuma?),क्या आप इस बिंदु को स्पष्ट कर सकते हैं? (Kya aap is bindu ko spasht kar sakte hain?)
Day 147,beginner.,I have already sent the documents.,நான் ஏற்கனவே ஆவணங்களை அனுப்பிவிட்டேன். (Naan erkkaneve aavanangalai anuppivitten.),मैंने पहले ही दस्तावेज़ भेज दिए हैं। (Maine pehle hi dastavez bhej diye hain.)
Day 148,beginner.,What is the current status of it?,அதன் தற்போதைய நிலை என்ன? (Adhan tharpodhaiya nilai enna?),इसकी वर्तमान स्थिति क्या है? (Iski vartaman sthiti kya hai?)
Day 148,beginner.,I will try my best to help you.,உங்களுக்கு உதவ நான் என்னால் முடிந்தவரை முயற்சிப்பேன். (Ungalukku udhava naan ennaal mudindhavarai muyarchippen.),मैं आपकी मदद करने की पूरी कोशिश करूँगा। (Main aapki madad karne ki poori koshish karoonga.)
Day 148,beginner.,I am responsible for this department.,இந்தத் துறைக்கு நான் தான் பொறுப்பு. (Indha thuraikku naan dhaan poruppu.),मैं इस विभाग के लिए ज़िम्मेदार हूँ। (Main is vibhag ke liye zimmedar hoon.)
Day 148,beginner.,Could you recommend a good lawyer?,ஒரு நல்ல வழக்கறிஞரைப் பரிந்துரைக்க முடியுமா? (Oru nalla vazhakkaringaraip parindhuraikka mudiyuma?),क्या आप किसी अच्छे वकील का सुझाव दे सकते हैं? (Kya aap kisi acche vakeel ka sujhaav de sakte hain?)
Day 148,beginner.,I have some experience in this field.,எனக்கு இந்தத் துறையில் கொஞ்சம் அனுபவம் உள்ளது. (Enakku indha thuraiyil konjam anubavam ulladhu.),मुझे इस क्षेत्र में कुछ अनुभव है। (Mujhe is kshetra mein kuch anubhav hai.)
Day 149,beginner.,We should consider all the options.,நாம் அனைத்து விருப்பங்களையும் பரிசீலிக்க வேண்டும். (Naam anaithu viruppangalaip pariseelikka vendum.),हमें सभी विकल्पों पर विचार करना चाहिए। (Humein sabhi vikalpon par vichaar karna chahiye.)
Day 149,beginner.,I will get back to you by evening.,நான் மாலைக்குள் உங்களைத் தொடர்பு கொள்கிறேன். (Naan maalaikkul ungalait thodarbu kolgiren.),मैं शाम तक आपसे संपर्क करूँगा। (Main shaam tak aapse sampark karoonga.)
Day 149,beginner.,It’s a very challenging task.,இது மிகவும் சவாலான பணி. (Idhu migavum savaalaana pani.),यह बहुत ही चुनौतीपूर्ण कार्य है। (Yeh bahut hi chunautipoorna karya hai.)
Day 149,beginner.,I agree with your proposal.,உங்கள் முன்மொழிவை நான் ஏற்கிறேன். (Ungal munmozhivai naan erkkiren.),मैं आपके प्रस्ताव से सहमत हूँ। (Main aapke prastav se sahmat hoon.)
Day 149,beginner.,How do I get a refund?,பணத்தைத் திரும்பப் பெறுவது எப்படி? (Panathaith thirumbap peruvadhu eppadi?),मुझे रिफंड कैसे मिलेगा? (Mujhe refund kaise milega?)
Day 150,beginner.,I would like to cancel my order.,எனது ஆர்டரை ரத்து செய்ய விரும்புகிறேன். (Enadhu order-ai rathu seyya virumbugiren.),मैं अपना ऑर्डर रद्द करना चाहता हूँ। (Main apna order radd karna chahta hoon.)
Day 150,beginner.,What are the terms and conditions?,விதிமுறைகள் மற்றும் நிபந்தனைகள் என்ன? (Vidhimuraigal mattrum nidhandhanaigal enna?),नियम और शर्तें क्या हैं? (Niyam aur shartein kya hain?)
Day 150,beginner.,I am looking for a reliable person.,நான் ஒரு நம்பகமான நபரைத் தேடுகிறேன். (Naan oru nambagamaana nabaraith thedugiren.),मैं एक भरोसेमंद व्यक्ति की तलाश में हूँ। (Main ek bharosemand vyakti ki talash mein hoon.)
Day 150,beginner.,Could you please lower the price?,தயவுசெய்து விலையைக் குறைக்க முடியுமா? (Thayavuseidhu vilaiyaik kuraikka mudiyuma?),क्या आप कृपया कीमत कम कर सकते हैं? (Kya aap kripaya keemat kam kar sakte hain?)
Day 150,beginner.,I will confirm the meeting tomorrow.,நான் நாளை கூட்டத்தை உறுதிப்படுத்துகிறேன். (Naan naalai koottathai urudhippadutthugiren.),मैं कल मीटिंग की पुष्टि करूँगा। (Main kal meeting ki pushti karoonga.)
Day 151,beginner.,It’s not fair to say that.,அப்படிச் சொல்வது சரியல்ல. (Appadich solvadhu sariyalla.),ऐसा कहना उचित नहीं है। (Aisa kehna uchit nahi hai.)
Day 151,beginner.,I am impressed by your work.,உங்கள் வேலையைக் கண்டு நான் வியக்கிறேன். (Ungal velaiyaik kandu naan viyakkiren.),मैं आपके काम से प्रभावित हूँ। (Main aapke kaam se prabhavit hoon.)
Day 151,beginner.,Could you explain it once more?,இதை மீண்டும் ஒருமுறை விளக்க முடியுமா? (Idhai meendum orumurai vilakka mudiyuma?),क्या आप इसे एक बार और समझा सकते हैं? (Kya aap ise ek baar aur samjha sakte hain?)
Day 151,beginner.,I need to consult with my manager.,நான் எனது மேலாளரிடம் ஆலோசனை செய்ய வேண்டும். (Naan enadhu melaalaridam aalosana seyya vendum.),मुझे अपने मैनेजर से सलाह लेनी होगी। (Mujhe apne manager se salah leni hogi.)
Day 151,beginner.,What is the warranty period?,உத்தரவாதக் காலம் எவ்வளவு? (Uttharavaadhak kaalam evvalavu?),वारंटी की अवधि क्या है? (Warranty ki avdhi kya hai?)
Day 152,beginner.,I am trying to save some money.,நான் கொஞ்சம் பணத்தைச் சேமிக்க முயற்சிக்கிறேன். (Naan konjam panathaich semikka muyarchikkiren.),मैं कुछ पैसे बचाने की कोशिश कर रहा हूँ। (Main kuch paise bachane ki koshish kar raha hoon.)
Day 152,beginner.,Could you please send me the invoice?,தயவுசெய்து எனக்கு விலைப்பட்டியல் அனுப்ப முடியுமா? (Thayavuseidhu enakku vilaippattiyal anuppa mudiyuma?),क्या आप कृपया मुझे इनवॉइस भेज सकते हैं? (Kya aap kripaya mujhe invoice bhej sakte hain?)
Day 152,beginner.,I will be available after 3 PM.,நான் மாலை 3 மணிக்கு மேல் இருப்பேன். (Naan maalai 3 manikku mel iruppen.),मैं दोपहर 3 बजे के बाद उपलब्ध रहूँगा। (Main dopahar 3 baje ke baad uplabdh rahoonga.)
Day 152,beginner.,It’s a matter of great importance.,இது மிகவும் முக்கியமான விஷயம். (Idhu migavum mukkiyamaana vishayam.),यह बहुत महत्व का मामला है। (Yeh bahut mahatva ka mamla hai.)
Day 152,beginner.,I am not satisfied with the service.,இந்தச் சேவையில் எனக்குத் திருப்தி இல்லை. (Indhach sevaiyil enakku thrupthi illai.),मैं सेवा से संतुष्ट नहीं हूँ। (Main seva se santusht nahi hoon.)
Day 153,beginner.,What is the procedure for this?,இதற்கான நடைமுறை என்ன? (Idharkaana nadaimurai enna?),इसके लिए क्या प्रक्रिया है? (Iske liye kya prakriya hai?)
Day 153,beginner.,I will follow up with you later.,நான் பிறகு உங்களிடம் தொடர்பில் இருப்பேன். (Naan piragu ungalidam thodarbil iruppen.),मैं बाद में आपसे फॉलो-अप लूँगा। (Main baad mein aapse follow-up loonga.)
Day 153,beginner.,Can you provide a detailed report?,விரிவான அறிக்கையை வழங்க முடியுமா? (Virivaana arikkaiyai vazhanga mudiyuma?),क्या आप विस्तृत रिपोर्ट दे सकते हैं? (Kya aap vistrit report de sakte hain?)
Day 153,beginner.,I am looking for a long-term solution.,நான் நீண்ட கால தீர்வைத் தேடுகிறேன். (Naan neenda kaala theervaith thedugiren.),मैं दीर्घकालिक समाधान की तलाश में हूँ। (Main deerghkalik samadhan ki talash mein hoon.)
Day 153,beginner.,What are the benefits of this plan?,இந்தத் திட்டத்தின் நன்மைகள் என்ன? (Indha thittathin nanmaigal enna?),इस योजना के क्या लाभ हैं? (Is yojana ke kya laabh hain?)
Day 154,beginner.,I need to prioritize my tasks.,நான் எனது பணிகளுக்கு முன்னுரிமை அளிக்க வேண்டும். (Naan enadhu panigalukku munnurimai alikka vendum.),मुझे अपने कार्यों को प्राथमिकता देने की आवश्यकता है। (Mujhe apne karyon ko prathmikta dene ki avashyakta hai.)
Day 154,beginner.,Could you summarize the discussion?,விவாதத்தைச் சுருக்கமாகக் கூற முடியுமா? (Vivaadhathaich surukkamaagak koora mudiyuma?),क्या आप चर्चा का सारांश दे सकते हैं? (Kya aap charcha ka saaransh de sakte hain?)
Day 154,beginner.,I am not comfortable with this decision.,இந்த முடிவில் எனக்கு உடன்பாடு இல்லை. (Indha mudivil enakku udanpaadu illai.),मैं इस फैसले से सहज नहीं हूँ। (Main is faisle se sahaj nahi hoon.)
Day 154,beginner.,How do we measure the progress?,முன்னேற்றத்தை நாம் எப்படி அளவிடுவது? (Munnetrathai naam eppadi alaviduvadhu?),हम प्रगति को कैसे मापते हैं? (Hum pragati ko kaise maapte hain?)
Day 154,beginner.,I will take full responsibility for this.,இதற்கு நான் முழு பொறுப்பேற்கிறேன். (Idharkku naan muzhu porupperkkiren.),मैं इसकी पूरी जिम्मेदारी लूँगा। (Main iski poori zimmedari loonga.)
Day 155,beginner.,Please verify the information once more.,தகவலை மீண்டும் ஒருமுறை சரிபார்க்கவும். (Thagavalai meendum orumurai saripaarkkavum.),कृपया जानकारी की एक बार फिर से जांच करें। (Kripaya jankari ki ek baar phir se jaanch karein.)
Day 155,beginner.,It’s a great opportunity for us.,இது நமக்கு ஒரு சிறந்த வாய்ப்பு. (Idhu namakku oru sirandha vaippu.),यह हमारे लिए एक शानदार अवसर है। (Yeh hamare liye ek shaandaar avsar hai.)
Day 155,beginner.,I have a conflicting schedule today.,இன்று எனக்கு வேலைப்பளு அதிகமாக உள்ளது. (Indru enakku velaippalu adhigamaaga ulladhu.),आज मेरा शेड्यूल व्यस्त है। (Aaj mera schedule vyast hai.)
Day 155,beginner.,Could you guide me through the process?,இந்த நடைமுறையில் எனக்கு வழிகாட்ட முடியுமா? (Indha nadaimuraiyil enakku vazhikaatta mudiyuma?),क्या आप प्रक्रिया में मेरा मार्गदर्शन कर सकते हैं? (Kya aap prakriya mein mera maargdarshan kar sakte hain?)
Day 155,beginner.,I am confident about our success.,நமது வெற்றியில் எனக்கு நம்பிக்கை உள்ளது. (Namadhu vetriyil enakku nambikkai ulladhu.),मुझे हमारी सफलता पर भरोसा है। (Mujhe hamari safalta par bharosa hai.)
Day 156,beginner.,What is the estimated budget for this?,இதற்கான மதிப்பிடப்பட்ட பட்ஜெட் என்ன? (Idharkaana madhippidappatta budget enna?),इसके लिए अनुमानित बजट क्या है? (Iske liye anumanit budget kya hai?)
Day 156,beginner.,I need to update the software.,நான் மென்பொருளைப் புதுப்பிக்க வேண்டும். (Naan menporulaip pudhuppikka vendum.),मुझे सॉफ़्टवेयर अपडेट करना होगा। (Mujhe software update karna hoga.)
Day 156,beginner.,Could you please share your perspective?,உங்கள் கருத்தைப் பகிர்ந்து கொள்ள முடியுமா? (Ungal karutthaip pagirndhu kolla mudiyuma?),क्या आप अपना दृष्टिकोण साझा कर सकते हैं? (Kya aap apna drishtikon sajha kar sakte hain?)
Day 156,beginner.,I am trying to balance work and life.,நான் வேலை மற்றும் வாழ்க்கையை சமநிலைப்படுத்த முயல்கிறேன். (Naan velai mattrum vaazhkkaiyai samalaipadutha muyalgiren.),मैं काम और जीवन में संतुलन बनाने की कोशिश कर रहा हूँ। (Main kaam aur jeevan mein santulan banane ki koshish kar raha hoon.)
Day 156,beginner.,Is there any alternative solution?,மாற்றுத் தீர்வு ஏதேனும் உள்ளதா? (Maattruth theervu edhenum ulladha?),क्या कोई वैकल्पिक समाधान है? (Kya koi vaikalpik samadhan hai?)
Day 157,beginner.,I will send you the invite shortly.,விரைவில் அழைப்பை உங்களுக்கு அனுப்புகிறேன். (Viraivil azhaippai ungalukku anuppugiren.),मैं आपको जल्द ही आमंत्रण भेजूँगा। (Main aapko jald hi amantran bhejunga.)
Day 157,beginner.,It was a misunderstanding from my side.,அது எனது தரப்பிலிருந்து ஏற்பட்ட தவறு. (Adhu enadhu tharappilirundhu erppatta thavaru.),यह मेरी तरफ से एक गलतफहमी थी। (Yeh meri taraf se ek galatfahami thi.)
Day 157,beginner.,Could you please hold for a moment?,தயவுசெய்து ஒரு நிமிடம் காத்திருக்க முடியுமா? (Thayavuseidhu oru nimidam kaathirukka mudiyuma?),क्या आप कृपया एक क्षण के लिए रुक सकते हैं? (Kya aap kripaya ek kshan ke liye ruk sakte hain?)
Day 157,beginner.,I am dealing with a difficult situation.,நான் ஒரு கடினமான சூழ்நிலையை எதிர்கொள்கிறேன். (Naan oru kadinaana soozhnilaiyai edhirkolgiren.),मैं एक कठिन परिस्थिति का सामना कर रहा हूँ। (Main ek kathin paristithi ka saamna kar raha hoon.)
Day 157,beginner.,What are the risks involved here?,இதில் உள்ள அபாயங்கள் என்ன? (Idhil ulla abaayangal enna?),इसमें क्या जोखिम शामिल हैं? (Ismein kya jokhim shamil hain?)
Day 158,beginner.,I will review the documents tonight.,ஆவணங்களை இன்று இரவு ஆய்வு செய்கிறேன். (Aavanangalai indru iravu aaivu seigiren.),मैं आज रात दस्तावेजों की समीक्षा करूँगा। (Main aaj raat dastavezon ki sameeksha karoonga.)
Day 158,beginner.,Can you recommend a reliable source?,நம்பகமான ஆதாரத்தைப் பரிந்துரைக்க முடியுமா? (Nambagamaana aadhaarathaip parindhuraikka mudiyuma?),क्या आप किसी विश्वसनीय स्रोत का सुझाव दे सकते हैं? (Kya aap kisi vishwasniya srot ka sujhaav de sakte hain?)
Day 158,beginner.,I am attending a training session.,நான் ஒரு பயிற்சி வகுப்பில் கலந்து கொள்கிறேன். (Naan oru payirchi vakuppil kalandhu kolgiren.),मैं एक प्रशिक्षण सत्र में भाग ले रहा हूँ। (Main ek prashikshan satra mein bhaag le raha hoon.)
Day 158,beginner.,Could you clarify the terms of use?,பயன்பாட்டு விதிமுறைகளை விளக்க முடியுமா? (Payanpaattu vidhimuraigalai vilakka mudiyuma?),क्या आप उपयोग की शर्तों को स्पष्ट कर सकते हैं? (Kya aap upyog ki sharton ko spasht kar sakte hain?)
Day 158,beginner.,I need to improve my communication skills.,எனது தகவல் தொடர்புத் திறனை மேம்படுத்த வேண்டும். (Enadhu thagaval thodarbuth thiranai mempadutha vendum.),मुझे अपने संचार कौशल में सुधार करने की आवश्यकता है। (Mujhe apne sanchar kaushal mein sudhaar karne ki avashyakta hai.)
Day 159,beginner.,What is the vision of the company?,நிறுவனத்தின் தொலைநோக்கு பார்வை என்ன? (Niruvanathin tholainokku paarvai enna?),कंपनी का दृष्टिकोण (विज़न) क्या है? (Company ka drishtikon kya hai?)
Day 159,beginner.,I am looking for creative ideas.,நான் ஆக்கப்பூர்வமான யோசனைகளைத் தேடுகிறேன். (Naan aakkappoovamaana yōsanaigalait thēdugirēn.),मैं रचनात्मक विचारों की तलाश में हूँ। (Main rachnatmak vicharon ki talash mein hoon.)
Day 159,beginner.,Could you please sign this document?,தயவுசெய்து இந்த ஆவணத்தில் கையெழுத்திடுங்கள். (Thayavuseidhu indha aavanathil kaiyezhuthidungal.),कृपया इस दस्तावेज़ पर हस्ताक्षर करें। (Kripaya is dastavez par hastakshar karein.)
Day 159,beginner.,I will double-check the delivery status.,விநியோக நிலையை நான் மீண்டும் சரிபார்ப்பேன். (Viniyoga nilaiyai naan meendum saripaarppen.),मैं डिलीवरी की स्थिति की दोबारा जांच करूँगा। (Main delivery ki sthiti ki dobara jaanch karoonga.)
Day 159,beginner.,It’s not within my scope of work.,இது எனது பணி எல்லைக்குள் இல்லை. (Idhu enadhu pani ellaikkul illai.),यह मेरे कार्यक्षेत्र में नहीं है। (Yeh mere karyakshetra mein nahi hai.)
Day 160,beginner.,I am happy to collaborate with you.,உங்களுடன் இணைந்து பணியாற்றுவதில் மகிழ்ச்சி. (Ungaludan inaindhu paniyattruvadhil magizhchi.),मुझे आपके साथ सहयोग करने में खुशी होगी। (Mujhe aapke saath sahyog karne mein khushi hogi.)
Day 160,beginner.,Could you explain the context of this?,இதற்கான சூழலை விளக்க முடியுமா? (Idharkaana soozhalai vilakka mudiyuma?),क्या आप इसका संदर्भ समझा सकते हैं? (Kya aap iska sandarbh samjha sakte hain?)
Day 160,beginner.,I am considering a career change.,நான் தொழில் மாற்றத்தைப் பற்றி யோசிக்கிறேன். (Naan thozhil maattrathaip pattri yosikkiren.),मैं करियर बदलने के बारे में सोच रहा हूँ। (Main career badalne ke baare mein soch raha hoon.)
Day 160,beginner.,What is the impact of this decision?,இந்த முடிவின் தாக்கம் என்ன? (Indha mudivin thaakkam enna?),इस फैसले का क्या प्रभाव होगा? (Is faisle ka kya prabhav hoga?)
Day 160,beginner.,I need to set realistic goals.,நான் யதார்த்தமான இலக்குகளை நிர்ணயிக்க வேண்டும். (Naan yadhardhamaana ilakkugalai nirnayikka vendum.),मुझे यथार्थवादी लक्ष्य निर्धारित करने की आवश्यकता है। (Mujhe yatharthvadi lakshya nirdharit karne ki avashyakta hai.)
Day 161,beginner.,Could you provide more examples?,கூடுதல் உதாரணங்களை வழங்க முடியுமா? (Koodudhal udhaaranangalai vazhanga mudiyuma?),क्या आप और उदाहरण दे सकते हैं? (Kya aap aur udaharan de sakte hain?)
Day 161,beginner.,I am looking forward to our partnership.,நமது கூட்டாண்மையை ஆவலுடன் எதிர்பார்க்கிறேன். (Namadhu koottaanmaiyai aavaludan edhirpaarkkiren.),मैं हमारी साझेदारी के लिए उत्सुक हूँ। (Main hamari sajhedari ke liye utsuk hoon.)
Day 161,beginner.,What is the core problem here?,இங்குள்ள முக்கிய பிரச்சனை என்ன? (Ingulla mukkiya pirachannai enna?),यहाँ मुख्य समस्या क्या है? (Yahan mukhya samasya kya hai?)
Day 161,beginner.,I will coordinate with the team.,நான் குழுவுடன் ஒருங்கிணைந்து செயல்படுவேன். (Naan kuzhuvudan orunginaindhu seyalpaduven.),मैं टीम के साथ समन्वय करूँगा। (Main team ke saath samanvay karoonga.)
Day 161,beginner.,Could you please repeat the instructions?,தயவுசெய்து வழிமுறைகளை மீண்டும் கூற முடியுமா? (Thayavuseidhu vazhimuraigalai meendum koora mudiyuma?),क्या आप कृपया निर्देश दोहरा सकते हैं? (Kya aap kripaya nirdesh dohra sakte hain?)
Day 162,beginner.,I am busy with an urgent matter.,நான் ஒரு அவசர வேலையாக இருக்கிறேன். (Naan oru avasara velaiyaaga irukkiren.),मैं एक ज़रूरी मामले में व्यस्त हूँ। (Main ek zaroori maamle mein vyast hoon.)
Day 162,beginner.,What is the timeline for completion?,முடிப்பதற்கான காலவரிசை என்ன? (Mudippadharkaana kaalavarisai enna?),पूरा होने की समयसीमा क्या है? (Poora hone ki samayseema kya hai?)
Day 162,beginner.,I will handle the client communication.,வாடிக்கையாளர் தொடர்பை நான் கவனிப்பேன். (Vaadikkaiyaalar thodarbai naan kavanippen.),मैं क्लाइंट संचार को संभालूँगा। (Main client sanchar ko sambhaalunga.)
Day 162,beginner.,Could you clarify the objective?,குறிக்கோளை விளக்க முடியுமா? (Kurikkolai vilakka mudiyuma?),क्या आप उद्देश्य स्पष्ट कर सकते हैं? (Kya aap uddeshya spasht kar sakte hain?)
Day 162,beginner.,I am open to new ideas.,நான் புதிய யோசனைகளை ஏற்கத் தயார். (Naan pudhiya yōsanaigalai ērkkath thayār.),मैं नए विचारों के लिए तैयार हूँ। (Main naye vicharon ke liye taiyar hoon.)
Day 163,beginner.,What is the budget allocation for this?,இதற்கான பட்ஜெட் ஒதுக்கீடு எவ்வளவு? (Idharkaana budget odhukkeedu evvalavu?),इसके लिए बजट आवंटन क्या है? (Iske liye budget aavantan kya hai?)
Day 163,beginner.,I will prepare the presentation by tomorrow.,நாளைக்குள் விளக்கக்காட்சியைத் தயார் செய்வேன். (Naalaikkul vilakkakkaatchiyaith thayaar seiven.),मैं कल तक प्रेजेंटेशन तैयार कर लूँगा। (Main kal tak presentation taiyar kar loonga.)