Day,Level,English,Tamil,Hindi
Day 1,Advanced,We need to prioritize our tasks to meet the strict deadline.,காலக்கெடுவை முடிக்க நாம் நம்முடைய பணிகளுக்கு முன்னுரிமை அளிக்க வேண்டும். (Kaalakkeduvai mudikka naam nammudaiya panigalukku munnurimai alikka vendum.),हमें समय सीमा को पूरा करने के लिए अपने कार्यों को प्राथमिकता देने की आवश्यकता है। (Humein samay seema ko poora karne ke liye apne karyon ko prathmikta dene ki aavashyakta hai.)
Day 1,Advanced,"Despite the challenges, the team managed to achieve a successful outcome.","சவால்கள் இருந்தபோதிலும், குழு ஒரு வெற்றிகரமான முடிவை அடைய முடிந்தது. (Savaalgal irundhapodhilum, kuzhu oru vetrigaramaana mudivai adaiya mudindhadhu.)","चुनौतियों के बावजूद, टीम एक सफल परिणाम प्राप्त करने में सफल रही। (Chunautiyon ke bawajood, team ek safal parinaam prapt karne mein safal rahi.)"
Day 1,Advanced,Could you please elaborate on the points you mentioned earlier?,நீங்கள் முன்னதாகக் குறிப்பிட்ட புள்ளிகளைப் பற்றி விரிவாக விளக்க முடியுமா? (Neengal munnaadhaagak kurippitta pulligalaip pattri virivaaga vilakka mudiyuma?),क्या आप कृपया उन बिंदुओं पर विस्तार से बता सकते हैं जिनका आपने पहले उल्लेख किया था? (Kya aap kripya un binduon par vistaar se bata sakte hain jinka aapne pehle ullekh kiya tha?)
Day 1,Advanced,It is essential to maintain a healthy work-life balance for long-term productivity.,நீண்ட கால உற்பத்தித் திறனுக்கு ஆரோக்கியமான வேலை-வாழ்க்கை சமநிலையைப் பேணுவது அவசியம். (Neenda kaala urpaththith thiranukku aarokkiyamaana velai-vaazhkkai samanilaiyaip penuvadhu avasiyam.),दीर्घकालिक उत्पादकता के लिए एक स्वस्थ कार्य-जीवन संतुलन बनाए रखना आवश्यक है। (Deerghkaalik utpaadakta ke liye ek swasth karya-jeevan santulan banaye rakhna aavashyak hai.)
Day 1,Advanced,The economic situation is gradually showing signs of steady improvement.,பொருளாதார நிலைமை படிப்படியாக சீரான முன்னேற்றத்திற்கான அறிகுறிகளைக் காட்டுகிறது. (Porulaadhaara nilaimai padippadiyaaga seeraana munnetraththirkaana arigurigalaik kaattugiradhu.),आर्थिक स्थिति धीरे-धीरे निरंतर सुधार के संकेत दे रही है। (Aarthik sthiti dheere-dheere nirantar sudhaar ke sanket de rahi hai.)
Day 2,Advanced,The presentation provided a comprehensive overview of the market trends.,அந்த விளக்கக்காட்சி சந்தை மாற்றங்கள் குறித்த விரிவான கண்ணோட்டத்தை வழங்கியது. (Andha vilakkakkaatchi sandhai maatrangal kuritha virivaana kannottathai valangiyadhu.),प्रेजेंटेशन ने बाजार के रुझानों का एक व्यापक अवलोकन (comprehensive overview) प्रदान किया। (Presentation ne bazaar ke rujhanon ka ek vyapak avalokan pradan kiya.)
Day 2,Advanced,We must take environmental sustainability into account when planning projects.,திட்டங்களைத் திட்டமிடும்போது சுற்றுச்சூழல் நிலைத்தன்மையை நாம் கருத்தில் கொள்ள வேண்டும். (Thittangalaith thittamidumpodhu sutruch-soozhal nilaiththanmaiyai naam karudhil kolla vendum.),परियोजनाओं की योजना बनाते समय हमें पर्यावरणीय स्थिरता को ध्यान में रखना चाहिए। (Pariyojnaon ki yojna banate samay humein paryavaraniya sthirta ko dhyan mein rakhna chahiye.)
Day 2,Advanced,I would like to express my sincere gratitude for your invaluable assistance.,உங்கள் விலைமதிப்பற்ற உதவிக்கு எனது மனமார்ந்த நன்றியைத் தெரிவித்துக் கொள்கிறேன். (Ungal vilaimadhippattra udhavikku enadhu manamaarndha nandriyait theriviththuk kolgiren.),मैं आपकी अमूल्य सहायता के लिए अपना हार्दिक आभार व्यक्त करना चाहता हूँ। (Main aapki amoolya sahayata ke liye apna haardik aabhar vyakt karna chahta hoon.)
Day 2,Advanced,It is crucial to address these issues before they escalate further.,இந்தப் பிரச்சினைகள் மேலும் தீவிரமடைவதற்கு முன் அவற்றைத் தீர்ப்பது மிக முக்கியம். (Indhap pirachinaigal melum theeviramadaivadharku mun avattraith theerppadhu miga mukkiyam.),"इससे पहले कि ये मुद्दे और बढ़ें, इनका समाधान करना महत्वपूर्ण है। (Isse pehle ki ye mudde aur badhein, inka samadhan karna mahatvapoorn hai.)"
Day 2,Advanced,The new policy aims to foster a more inclusive workplace culture.,புதிய கொள்கையானது உள்ளடக்கிய பணியிட கலாச்சாரத்தை வளர்ப்பதை நோக்கமாகக் கொண்டுள்ளது. (Pudhiya kolgaiyaandhu ulladakkiya paniyaidap kalaachchaarathai valarppadhai nokkamaagak kondulladhu.),नई नीति का उद्देश्य अधिक समावेशी कार्यस्थल संस्कृति को बढ़ावा देना है। (Nayi neeti ka uddeshya adhik samaveshi karyasthal sanskriti ko badhava dena hai.)
Day 3,Advanced,We are conducting a thorough investigation into the cause of the technical failure.,தொழில்நுட்பக் கோளாறுக்கான காரணம் குறித்து நாங்கள் முழுமையான விசாரணை நடத்தி வருகிறோம். (Thozhilnutpak kolarukkaana kaaranam kurithu naangal muzhumaiyaana vichaaranai nadaththi varugiroam.),हम तकनीकी विफलता के कारण की गहन जांच कर रहे हैं। (Hum takneeki vifalta ke kaaran ki gahan jaanch kar rahe hain.)
Day 3,Advanced,The candidate possesses the necessary qualifications and extensive experience.,விண்ணப்பதாரர் தேவையான தகுதிகளையும் விரிவான அனுபவத்தையும் கொண்டுள்ளார். (Vinnappadhaara r thevaiyaana thagudhigalaiyum virivaana anubhavaththaiyum kondullaar.),उम्मीदवार के पास आवश्यक योग्यता और व्यापक अनुभव है। (Umeedwar ke paas aavashyak yogyata aur vyapak anubhav hai.)
Day 3,Advanced,Effective communication is the cornerstone of any successful partnership.,பயனுள்ள தகவல் தொடர்பு என்பது எந்தவொரு வெற்றிகரமான கூட்டாண்மைக்கும் ஒரு அடிப்படைக்கல். (Payanulla thagaval thodarpu enbadhu endha-voru vetrigaramaana koottannmaikkum oru adippadaikkal.),प्रभावी संचार किसी भी सफल साझेदारी की आधारशिला है। (Prabhavi sanchaar kisi bhi safal saajhedari ki aadhaarshila hai.)
Day 3,Advanced,We need to implement innovative strategies to remain competitive in the industry.,இத்துறையில் போட்டித்தன்மையுடன் இருக்க நாம் புதுமையான உத்திகளைச் செயல்படுத்த வேண்டும். (Iththuraiyil pottith-thanmaiyudan irukka naam pudhumaiyaana uththigalaich seiyalpadaiththa vendum.),उद्योग में प्रतिस्पर्धी बने रहने के लिए हमें अभिनव रणनीतियों को लागू करने की आवश्यकता है। (Udyog mein pratispardhi bane rehne ke liye humein abhinav rann-neethiyon ko laagu karne ki aavashyakta hai.)
Day 3,Advanced,The results of the study were consistent with our initial hypotheses.,ஆய்வின் முடிவுகள் எங்களின் ஆரம்பகால அனுமானங்களுடன் ஒத்துப்போகின்றன. (Aaivin mudivugal engalin aarambakaala anumaanangaludan oththuppogindrana.),अध्ययन के परिणाम हमारी प्रारंभिक परिकल्पनाओं (hypotheses) के अनुरूप थे। (Adhyayan ke parinaam humari prarambhik parikalpanaon ke anuroop the.)
Day 4,Advanced,Collaboration between departments is vital for the successful execution of the plan.,திட்டத்தைச் சிறப்பாகச் செயல்படுத்தத் துறைகளுக்கு இடையேயான ஒத்துழைப்பு மிக முக்கியம். (Thittaththais sirappaagach seiyalpadaiththath thuraigalukku idaiyaeyaana oththuzhaippu miga mukkiyam.),योजना के सफल निष्पादन के लिए विभागों के बीच सहयोग महत्वपूर्ण है। (Yojna ke safal nishpadan ke liye vibhagon ke beech sahyog mahatvapoorn hai.)
Day 4,Advanced,We must ensure that our actions are in compliance with the latest regulations.,எங்களின் நடவடிக்கைகள் சமீபத்திய விதிமுறைகளுக்கு இணங்குவதை நாம் உறுதி செய்ய வேண்டும். (Engalin nadavadikkaigal sameebathiya vidhimuraigalukku inanguvadhai naam urudhi seiya vendum.),हमें यह सुनिश्चित करना चाहिए कि हमारे कार्य नवीनतम नियमों के अनुपालन में हों। (Humein yeh sunishchit karna chahiye ki humare karya naveentam niyamon ke anupaalan mein hon.)
Day 4,Advanced,The project has been delayed due to unforeseen circumstances.,எதிர்பாராத சூழ்நிலைகளால் இந்தத் திட்டம் தாமதமானது. (Edhirpaaraadha suzh-nilaigalaal indha thittam thaamadham-aanadhu.),अप्रत्याशित परिस्थितियों के कारण परियोजना में देरी हुई है। (Apratyashit paristhitiyon ke kaaran pariyojna mein deri hui hai.)
Day 4,Advanced,Achieving long-term goals requires perseverance and dedication.,நீண்ட கால இலக்குகளை அடைய விடாமுயற்சியும் அர்ப்பணிப்பும் தேவை. (Neenda kaala ilakkugalai adaiya vidaamuyarchiyum arppanippum thevai.),दीर्घकालिक लक्ष्यों को प्राप्त करने के लिए दृढ़ता और समर्पण की आवश्यकता होती है। (Deergh-kaalik lakshyon ko prapt karne ke liye dridhta aur samarpan ki aavashyakta hoti hai.)
Day 4,Advanced,The company is undergoing a major restructuring to improve efficiency.,செயல்திறனை மேம்படுத்த நிறுவனம் ஒரு பெரிய மறுசீரமைப்புக்கு உட்பட்டுள்ளது. (Seyalthiranai mempaduththa niruvanam oru periya maruseeramaippukku utpattulladhu.),दक्षता में सुधार के लिए कंपनी में एक बड़ा पुनर्गठन (restructuring) चल रहा है। (Dakshata mein sudhaar ke liye company mein ek bada punargathan chal raha hai.)
Day 5,Advanced,We have reached a consensus after several rounds of negotiation.,பல சுற்று பேச்சுவார்த்தைகளுக்குப் பிறகு நாங்கள் ஒருமித்த கருத்தை எட்டியுள்ளோம். (Pala sutru pechchu-vaarththaigalukkup piragu naangal orumiththa karuththai ettiyullom.),बातचीत के कई दौर के बाद हम एक आम सहमति पर पहुँच गए हैं। (Baat-cheet ke kai daur ke baad hum ek aam sahamati par pahunch gaye hain.)
Day 5,Advanced,The initial findings suggest a correlation between the two variables.,ஆரம்பகட்ட கண்டுபிடிப்புகள் இரு மாறிகளுக்கும் (variables) இடையே ஒரு தொடர்பைக் காட்டுகின்றன. (Aarambagatta kandupidippugal iru maarigalukkum idaiyae oru thodarpaik kaattugindrana.),प्रारंभिक निष्कर्ष दोनों चरों (variables) के बीच एक संबंध का सुझाव देते हैं। (Prarambhik nishkarsh dono charon ke beech ek sambandh ka sujhaav dete hain.)
Day 5,Advanced,It is imperative that we mitigate the risks associated with this investment.,முதலீட்டுடன் தொடர்புடைய அபாயங்களை நாம் குறைப்பது அவசியமாகும். (Mudhalittudan thodarpudaiya abaayangalai naam kuraippadhu avasiyamaagum.),यह अनिवार्य है कि हम इस निवेश से जुड़े जोखिमों को कम करें। (Yeh anivarya hai ki hum is nivesh se jude jokhimon ko kam karen.)
Day 5,Advanced,The report highlights the potential benefits of the proposed reforms.,முன்மொழியப்பட்ட சீர்திருத்தங்களின் சாத்தியமான நன்மைகளை அறிக்கை அடிக்கோடிட்டுக் காட்டுகிறது. (Mun-mozhiyappatta seerthiruththangalin saaththiyamaana nanmaigalai arikkai adikkottuk kaattugiradhu.),रिपोर्ट प्रस्तावित सुधारों के संभावित लाभों पर प्रकाश डालती है। (Report prastavit sudhaaron ke sambhavit laabhon par prakash daalti hai.)
Day 5,Advanced,We must remain vigilant in monitoring the situation as it unfolds.,நிலைமை வெளிவரும்போது அதைக் கண்காணிப்பதில் நாம் விழிப்புடன் இருக்க வேண்டும். (Nilaimai velivarumpodhu adhaik kangaanippadhil naam vizhippudan irukka vendum.),स्थिति के सामने आने पर हमें उसकी निगरानी में सतर्क रहना चाहिए। (Sthiti ke saamne aane par humein uski nigrani mein satark rehna chahiye.)
Day 6,Advanced,The document outlines the roles and responsibilities of each team member.,இந்த ஆவணம் ஒவ்வொரு குழு உறுப்பினரின் பாத்திரங்கள் மற்றும் பொறுப்புகளை விளக்குகிறது. (Indha aavannam ovvoru kuzhu uruppinarin paaththirangal matrum poruppugalai vilakkugiradhu.),दस्तावेज़ प्रत्येक टीम के सदस्य की भूमिकाओं और जिम्मेदारियों को रेखांकित करता है। (Dastawez pratyek team ke sadasya ki bhoomikaon aur zimmedariyon ko rekhankit karta hai.)
Day 6,Advanced,Our primary objective is to enhance customer satisfaction through quality service.,தரமான சேவையின் மூலம் வாடிக்கையாளர் திருப்தியை மேம்படுத்துவதே எங்களின் முதன்மை நோக்கம். (Dharamaana sevaiyin moolam vaadikkaiyaalar thirupthiyai mempaduththuvadhay engalin mudhanmai nokkam.),हमारा प्राथमिक उद्देश्य गुणवत्तापूर्ण सेवा के माध्यम से ग्राहक संतुष्टि बढ़ाना है। (Humara prathmik uddeshya gunvattapoorn seva ke maadhyam se grahak santushti badhana hai.)
Day 6,Advanced,There has been a significant shift in consumer behavior in recent years.,சமீபத்திய ஆண்டுகளில் நுகர்வோர் நடத்தையில் குறிப்பிடத்தக்க மாற்றம் ஏற்பட்டுள்ளது. (Sameebathiya aandugalil nugarvor nadaththaiyil kurippidaththakka maatram erpattulladhu.),हाल के वर्षों में उपभोक्ता व्यवहार में महत्वपूर्ण बदलाव आया है। (Haal ke varshon mein upbhokta vyavhaar mein mahatvapoorn badlav aaya hai.)
Day 6,Advanced,I have carefully scrutinized the data to ensure its accuracy.,தரவுகளின் துல்லியத்தை உறுதிப்படுத்த நான் அவற்றை உன்னிப்பாகப் பரிசோதித்தேன். (Dharavugalin thulliyaththai urudhi-paduththa naan avattrai unnirppaagap parisoadhiththaen.),मैंने डेटा की सटीकता सुनिश्चित करने के लिए उसकी सावधानीपूर्वक जांच की है। (Maine data ki sateekta sunishchit karne ke liye uski saavdhanipoorvak jaanch ki hai.)
Day 6,Advanced,The initiative was launched to promote diversity and inclusion within the firm.,நிறுவனத்திற்குள் பன்முகத்தன்மை மற்றும் உள்ளடக்கத்தை மேம்படுத்த இந்த முயற்சி தொடங்கப்பட்டது. (Niruvanaththirkul panmugath-thanmai matrum ulladakkathai mempaduththa indha muyarchi thodangappattadhu.),फर्म के भीतर विविधता और समावेश को बढ़ावा देने के लिए यह पहल शुरू की गई थी। (Firm ke bheetar vividhata aur samavesh ko badhava dene ke liye yeh pehal shuru ki gayi thi.)
Day 7,Advanced,We are exploring several avenues to resolve the ongoing conflict.,நடந்து வரும் மோதலைத் தீர்க்க நாங்கள் பல வழிகளை ஆராய்ந்து வருகிறோம். (Nadandhu varum modhalaith theerkka naangal pala vazhigalai aaraaindhu varugiroam.),हम चल रहे संघर्ष को सुलझाने के लिए कई रास्ते तलाश रहे हैं। (Hum chal rahe sangharsh ko suljhane ke liye kai raaste talash rahe hain.)
Day 7,Advanced,The feedback we received was overwhelmingly positive.,எங்களுக்குக் கிடைத்த கருத்துக்கள் (feedback) பெருமளவில் நேர்மறையானவை. (Engalukkuk kidaiththa karuththukkal perumalavil naermaraiyaanavi.),हमें जो फीडबैक मिला वह काफी हद तक सकारात्मक था। (Humein jo feedback mila wah kaafi had tak sakaratmak tha.)
Day 7,Advanced,We must take proactive measures to prevent such incidents from recurring.,இதுபோன்ற சம்பவங்கள் மீண்டும் நிகழாமல் தடுக்க நாம் முன்முயற்சி எடுக்க வேண்டும். (Idhu-poandra sambavangal meendum nigalaamal thadukka naam munmuyarchi edukka vendum.),ऐसी घटनाओं को दोबारा होने से रोकने के लिए हमें सक्रिय कदम उठाने चाहिए। (Aisi ghatnaon ko dobara hone se rokne ke liye humein sakriya kadam uthane chahiye.)
Day 7,Advanced,The conclusion of the report is based on empirical evidence.,அறிக்கையின் முடிவு அனுபவ ரீதியான ஆதாரங்களை அடிப்படையாகக் கொண்டது. (Arikkaiyin mudivu anubava reethiyaana aadhaarangalai adippadaiyaagak kondadhu.),रिपोर्ट का निष्कर्ष अनुभवजन्य साक्ष्य (empirical evidence) पर आधारित है। (Report ka nishkarsh anubhav-janya saakshya par aadharit hai.)
Day 7,Advanced,The technology has evolved significantly over the last decade.,கடந்த தசாப்தத்தில் தொழில்நுட்பம் கணிசமாக வளர்ந்துள்ளது. (Kadhandha dhasaapthaththil thozhilnutpam kanisamaaga valarndhulladhu.),पिछले एक दशक में तकनीक काफी विकसित हुई है। (Pichle ek dashak mein takneek kaafi vikasit hui hai.)
Day 8,Advanced,I am writing to formally request a reconsideration of the proposal.,முன்மொழிவை மீண்டும் பரிசீலிக்குமாறு முறைப்படி கோருவதற்காக நான் எழுதுகிறேன். (Mun-mozhiyivai meendum pariseelikkumaaru muraippadi koaruvadharkaaga naan ezhudhugiren.),मैं औपचारिक रूप से प्रस्ताव पर पुनर्विचार करने का अनुरोध करने के लिए लिख रहा हूँ। (Main aupcharik roop se prastav par punar-vichaar karne ka anurodh karne ke liye likh raha hoon.)
Day 8,Advanced,The strategy aims to optimize resource allocation across the organization.,இந்த உத்தி நிறுவனம் முழுவதும் வள ஒதுக்கீட்டை மேம்படுத்துவதை நோக்கமாகக் கொண்டுள்ளது. (Indha uththi niruvanam muzhuvadhum vala odhikkittai mempaduththuvadhai nokkamaagak kondulladhu.),रणनीति का उद्देश्य पूरे संगठन में संसाधनों के आवंटन को अनुकूलित करना है। (Rann-neeti ka uddeshya poore sangathan mein sansadhanon ke aavantan ko anukoolit karna hai.)
Day 8,Advanced,It is essential to maintain professional integrity at all times.,எப்போதும் தொழில்முறை நேர்மையைப் பேணுவது அவசியம். (Eppoadhum thozhilmurai naermaiyaip paennuvadu avasiyam.),हर समय पेशेवर ईमानदारी (professional integrity) बनाए रखना आवश्यक है। (Har samay peshewar imandari banaye rakhna aavashyak hai.)
Day 8,Advanced,The findings of the research have significant implications for the industry.,ஆராய்ச்சியின் முடிவுகள் இத்துறையில் குறிப்பிடத்தக்க தாக்கங்களை ஏற்படுத்தும். (Aaraichiyin mudivugal iththuraiyil kurippidaththakka thaakkangalai erpaduththum.),शोध के निष्कर्षों के उद्योग के लिए महत्वपूर्ण निहितार्थ हैं। (Shodh ke nishkarshon ke udyog ke liye mahatvapoorn nihitarth hain.)
Day 8,Advanced,We are committed to upholding the highest standards of transparency.,வெளிப்படைத்தன்மையின் மிக உயர்ந்த தரத்தை நிலைநிறுத்த நாங்கள் கடமைப்பட்டுள்ளோம். (Velipadai-thanmaiyin miga uyarndha dharaththai nilainiruththa naangal kadamaippattulloam.),हम पारदर्शिता के उच्चतम मानकों को बनाए रखने के लिए प्रतिबद्ध हैं। (Hum paardarsheeta ke uchhtam maanakon ko banaye rakhne ke liye pratibaddh hain.)
Day 9,Advanced,The project necessitates a high degree of technical expertise.,இந்தத் திட்டத்திற்கு உயர்மட்ட தொழில்நுட்ப நிபுணத்துவம் அவசியம். (Indha thittaththirku uyar-matta thozhil-nutpa nipunaththuvam avasiyam.),परियोजना के लिए उच्च स्तर की तकनीकी विशेषज्ञता की आवश्यकता है। (Pariyojna ke liye uchh star ki takneeki visheshagyata ki aavashyakta hai.)
Day 9,Advanced,I have enclosed the required documentation for your perusal.,உங்கள் பார்வைக்காகத் தேவையான ஆவணங்களை இணைத்துள்ளேன். (Ungal paarvaikkaagath thevaiyaana aavannangalai inaippiththullen.),मैंने आपके अवलोकन (perusal) के लिए आवश्यक दस्तावेज संलग्न किए हैं। (Maine aapke avalokan ke liye aavashyak dastawez sanlagn kiye hain.)
Day 9,Advanced,We must adapt our business model to meet changing market demands.,மாறும் சந்தை தேவைகளைப் பூர்த்தி செய்ய நமது வணிக மாதிரியை நாம் மாற்றியமைக்க வேண்டும். (Maarum sandhai thevaigalaip poorththi seiya namadhu vaniga maadhiriyai naam maatryamaikka vendum.),हमें बदलती बाजार की मांगों को पूरा करने के लिए अपने बिजनेस मॉडल को अनुकूलित करना चाहिए। (Humein badalti bazaar ki maangon ko poora karne ke liye apne business model ko anukoolit karna chahiye.)
Day 9,Advanced,The evaluation was based on a predefined set of criteria.,மதிப்பீடு முன்பே தீர்மானிக்கப்பட்ட அளவுகோல்களின் தொகுப்பின் அடிப்படையில் அமைந்தது. (Madhippidu munbe theermaanikkappatta alavukoalgalin thoguppin adippadaiyil amaindhadhu.),मूल्यांकन मानदंडों (criteria) के एक पूर्व-निर्धारित सेट पर आधारित था। (Mulyankan maandandon ke ek poorv-nirdharit set par aadharit tha.)
Day 9,Advanced,The partnership has proven to be mutually beneficial for both parties.,இந்த கூட்டாண்மை இரு தரப்பினருக்கும் பரஸ்பரம் நன்மை பயக்கும் என்று நிரூபிக்கப்பட்டுள்ளது. (Indha koottannmai iru dharappinarukkum parasparam nanmai payakkum endru niroobikkappattulladhu.),साझेदारी दोनों पक्षों के लिए पारस्परिक रूप से लाभकारी साबित हुई है। (Saajhedari dono pakshon ke liye parasparik roop se laabhkari saabit hui hai.)
Day 10,Advanced,We are in the process of streamlining our internal operations.,நாங்கள் எங்களின் உள் செயல்பாடுகளை முறைப்படுத்தும் பணியில் ஈடுபட்டுள்ளோம். (Naangal engalin ul seiyalpadaugalai muraippaduththum paniyil eedupattulloam.),हम अपने आंतरिक कार्यों को सुव्यवस्थित (streamline) करने की प्रक्रिया में हैं। (Hum apne aantarik karyon ko suvyavasthit karne ki prakriya mein hain.)
Day 10,Advanced,The proposal was rejected on the grounds of insufficient evidence.,போதிய ஆதாரங்கள் இல்லாத காரணத்தால் முன்மொழிவு நிராகரிக்கப்பட்டது. (Poadhiya aadhaarangal illaadha kaaranaththaal mun-mozhiyivu niraagarikkappattadhu.),अपर्याप्त साक्ष्यों के आधार पर प्रस्ताव को खारिज कर दिया गया था। (Aparyapt saakshyon ke aadhar par prastav ko kharij kar diya gaya tha.)
Day 10,Advanced,We must take into consideration the long-term environmental impact.,நீண்ட கால சுற்றுச்சூழல் பாதிப்பை நாம் கருத்தில் கொள்ள வேண்டும். (Neenda kaala sutruch-soozhal paadhippai naam karudhil kolla vendum.),हमें दीर्घकालिक पर्यावरणीय प्रभाव को ध्यान में रखना चाहिए। (Humein deergh-kaalik paryavaraniya prabhav ko dhyan mein rakhna chahiye.)
Day 10,Advanced,The collaboration resulted in a breakthrough in cancer research.,இந்த ஒத்துழைப்பு புற்றுநோய் ஆராய்ச்சியில் ஒரு திருப்புமுனையை ஏற்படுத்தியது. (Indha oththuzhaippu puttrunoy aaraichiyil oru thiruppumunaiyai erpaduththiyadhu.),सहयोग के परिणामस्वरूप कैंसर अनुसंधान में एक बड़ी सफलता (breakthrough) मिली। (Sahyog ke parinaam-swaroop cancer anusandhan mein ek badi safalta mili.)
Day 10,Advanced,I am writing to confirm our agreement as discussed during the meeting.,கூட்டத்தின் போது விவாதித்தபடி எங்களின் ஒப்பந்தத்தை உறுதிப்படுத்த நான் எழுதுகிறேன். (Koottaththin podhu vivaadhiththappadi engalin oppandhaththai urudhi-paduththa naan ezhudhugiren.),मैं मीटिंग के दौरान चर्चा के अनुसार हमारे समझौते की पुष्टि करने के लिए लिख रहा हूँ। (Main meeting ke dauran charcha ke anusar humare samjhote ki pushti karne ke liye likh raha hoon.)
Day 11,Advanced,We must scrutinize the financial statements to identify any discrepancies.,ஏதேனும் முரண்பாடுகளைக் கண்டறிய நிதி அறிக்கைகளை நாம் உன்னிப்பாகப் பரிசோதிக்க வேண்டும். (Edhenum muranpaadugalaik kandariya nidhi arikkaigalai naam unnirppaagap parisoadhikka vendum.),हमें किसी भी विसंगति की पहचान करने के लिए वित्तीय विवरणों की सूक्ष्म जांच करनी चाहिए। (Humein kisi bhi visangati ki pehchan karne ke liye vitteeya vivranon ki sookshm jaanch karni chahiye.)
Day 11,Advanced,The merger will consolidate our position as a leader in the global market.,இந்த இணைப்பானது உலகளாவிய சந்தையில் ஒரு தலைவராக நமது நிலையை உறுதிப்படுத்தும். (Indha inaippaandhu ulagalaaviya sandhaiyil oru thalaivaraaga namadhu nilaiyai urudhippaduththum.),यह विलय वैश्विक बाजार में एक लीडर के रूप में हमारी स्थिति को मजबूत करेगा। (Yeh vilay vaishvik bazaar mein ek leader ke roop mein humari sthiti ko mazboot karega.)
Day 11,Advanced,It is imperative to mitigate potential risks before launching the new product.,புதிய தயாரிப்பைத் தொடங்குவதற்கு முன் சாத்தியமான அபாயங்களைக் குறைப்பது அவசியமாகும். (Pudhiya thayaarippaith thodanguvadharku mun saaththiyamaana abaayangalaik kuraippadhu avasiyamaagum.),नए उत्पाद को लॉन्च करने से पहले संभावित जोखिमों को कम करना अनिवार्य है। (Naye utpaad ko launch karne se pehle sambhavit jokhimon ko kam karna anivarya hai.)
Day 11,Advanced,The findings of the audit highlight several areas for structural improvement.,தணிக்கையின் கண்டுபிடிப்புகள் கட்டமைப்பு மேம்பாட்டிற்கான பல பகுதிகளை அடிக்கோடிட்டுக் காட்டுகின்றன. (Thanikkaiyin kandupidippugal kattamaippu mempaattirkaana pala pagudhigalai adikkottuk kaattugindrana.),ऑडिट के निष्कर्ष संरचनात्मक सुधार के लिए कई क्षेत्रों पर प्रकाश डालते हैं। (Audit ke nishkarsh sanrachnatmak sudhaar ke liye kai kshetron par prakash daalte hain.)
Day 11,Advanced,We should take proactive steps to foster innovation within our organization.,நமது நிறுவனத்திற்குள் புதுமைகளை வளர்க்க நாம் முன்முயற்சியுடன் நடவடிக்கைகளை எடுக்க வேண்டும். (Namadhu niruvanaththirkul pudhumaiyalai valarkka naam munmuyarchiyudan nadavadikkaigalai edukka vendum.),हमें अपने संगठन के भीतर नवाचार को बढ़ावा देने के लिए सक्रिय कदम उठाने चाहिए। (Humein apne sangathan ke bheetar navachar ko badhava dene ke liye sakriya kadam uthane chahiye.)
Day 12,Advanced,The current economic volatility necessitates a flexible business strategy.,தற்போதைய பொருளாதார ஏற்ற இறக்கம் ஒரு நெகிழ்வான வணிக உத்தியை அவசியமாக்குகிறது. (Tharpodhaiya porulaadhaara ettra irakkam oru negizhvaana vaniga uththiyai avasiyamaakkugiradhu.),वर्तमान आर्थिक अस्थिरता के लिए एक लचीली व्यावसायिक रणनीति की आवश्यकता है। (Vartaman aarthik astharta ke liye ek lachili vyavsayik rann-neeti ki aavashyakta hai.)
Day 12,Advanced,I would appreciate your candid feedback on the proposed reorganization.,முன்மொழியப்பட்ட மறுசீரமைப்பு குறித்த உங்கள் வெளிப்படையான கருத்தை நான் பாராட்டுகிறேன். (Munmozhiyappatta maruseeramaippu kuritha ungal velippadaiyaana karuththai naan paarattugiren.),मैं प्रस्तावित पुनर्गठन पर आपकी स्पष्ट प्रतिक्रिया की सराहना करूँगा। (Main prastavit punargathan par aapki spasht pratikriya ki saraahna karunga.)
Day 12,Advanced,Our team is working diligently to resolve the technical glitches in the system.,கணினியில் உள்ள தொழில்நுட்பக் கோளாறுகளைத் தீர்க்க எங்கள் குழு விடாமுயற்சியுடன் செயல்பட்டு வருகிறது. (Kani-niyil ulla thozhilnutpak kolarugalaith theerkka engal kuzhu vidaamuyarchiyudan seiyal-pattu varugiradhu.),हमारी टीम सिस्टम में तकनीकी खामियों को दूर करने के लिए लगन से काम कर रही है। (Humari team system mein takneeki khamiyon ko door karne ke liye lagan se kaam kar rahi hai.)
Day 12,Advanced,It is vital to maintain transparency in all our business dealings.,நமது அனைத்து வணிக நடவடிக்கைகளிலும் வெளிப்படைத்தன்மையைப் பேணுவது மிக முக்கியம். (Namadhu anaithu vaniga nadavadikkaigalilum velippadaith-thanmaiyaip paenuvadhu miga mukkiyam.),हमारे सभी व्यावसायिक व्यवहारों में पारदर्शिता बनाए रखना महत्वपूर्ण है। (Humare sabhi vyavsayik vyavharon mein paardarsheeta banaye rakhna mahatvapoorn hai.)
Day 12,Advanced,The study provides empirical evidence to support the new theory.,இந்தப் புதிய கோட்பாட்டை ஆதரிக்க இந்த ஆய்வு அனுபவப்பூர்வமான ஆதாரங்களை வழங்குகிறது. (Indhap pudhiya kotpaattai aadharkka indha aaivu anubava-poorvamaana aadhaarangalai valangugiradhu.),यह अध्ययन नए सिद्धांत का समर्थन करने के लिए अनुभवजन्य साक्ष्य प्रदान करता है। (Yeh adhyayan naye siddhant ka samarthan karne ke liye anubhav-janya saakshya pradan karta hai.)
Day 13,Advanced,We are seeking a long-term partnership that is mutually beneficial.,நாங்கள் பரஸ்பரம் நன்மை பயக்கும் நீண்ட கால கூட்டாண்மையை எதிர்பார்க்கிறோம். (Naangal parasparam nanmai payakkum neenda kaala koottannmaiyai edhirpaarkkiroam.),हम एक दीर्घकालिक साझेदारी की तलाश में हैं जो पारस्परिक रूप से लाभकारी हो। (Hum ek deergh-kaalik saajhedari ki talaash mein hain jo parasparik roop se laabhkari ho.)
Day 13,Advanced,The proposal outlines a comprehensive plan for infrastructure development.,இந்த முன்மொழிவு உள்கட்டமைப்பு மேம்பாட்டிற்கான ஒரு விரிவான திட்டத்தை விளக்குகிறது. (Indha munmozhiyivu ulkattamaippu mempaattirkaana oru virivaana thittaththai vilakkugiradhu.),प्रस्ताव बुनियादी ढांचे के विकास के लिए एक व्यापक योजना की रूपरेखा तैयार करता है। (Prastav buniyaadi dhaanche ke vikas ke liye ek vyapak yojna ki roop-rekha taiyar karta hai.)
Day 13,Advanced,It is essential to strictly adhere to the safety protocols at the construction site.,கட்டுமான தளத்தில் பாதுகாப்பு நெறிமுறைகளைத் துல்லியமாகப் பின்பற்றுவது அவசியம். (Kattumaana thalaththil paadhukaappu nerimuraigalai thulliyamaga pinpattruvadhu avasiyam.),निर्माण स्थल पर सुरक्षा प्रोटोकॉल का कड़ाई से पालन करना आवश्यक है। (Nirmaan sthal par suraksha protocol ka kadai se paalan karna aavashyak hai.)
Day 13,Advanced,The company has shown remarkable resilience in the face of adversity.,நிறுவனம் பின்னடைவுகளைச் சந்தித்தபோதும் குறிப்பிடத்தக்க மீள்திறனை வெளிப்படுத்தியுள்ளது. (Niruvanam pinnadaivugalaich sandhiththapodhum kurippidaththakka meelthiranai velippaduththiyulladhu.),कंपनी ने विपरीत परिस्थितियों में उल्लेखनीय लचीलापन (resilience) दिखाया है। (Company ne vipreet paristhitiyon mein ullekhneeya lacheelapan dikhaya hai.)
Day 13,Advanced,We must evaluate the feasibility of the project before allocating resources.,வளங்களை ஒதுக்குவதற்கு முன் திட்டத்தின் சாத்தியக்கூறுகளை நாம் மதிப்பீடு செய்ய வேண்டும். (Valangalai odhukkivadharku mun thittaththin saaththiyakkoorugalai naam madhippidu seiya vendum.),संसाधनों के आवंटन से पहले हमें परियोजना की व्यवहार्यता (feasibility) का मूल्यांकन करना चाहिए। (Sansadhanon ke aavantan se pehle humein pariyojna ki vyavaharyata ka mulyankan karna chahiye.)
Day 14,Advanced,The report highlight the significant impact of climate change on agriculture.,விவசாயத்தில் காலநிலை மாற்றத்தின் குறிப்பிடத்தக்க தாக்கத்தை அறிக்கை சுட்டிக்காட்டுகிறது. (Vivasaayaththil kaalanilai maatrathtthin kurippidaththakka thaakkaththai arikkai suttikkaattugiradhu.),रिपोर्ट कृषि पर जलवायु परिवर्तन के महत्वपूर्ण प्रभाव पर प्रकाश डालती है। (Report krishi par jalvayu parivartan ke mahatvapoorn prabhav par prakash daalti hai.)
Day 14,Advanced,We need to implement robust security measures to protect sensitive data.,முக்கியமான தரவைப் பாதுகாக்க நாம் வலுவான பாதுகாப்பு நடவடிக்கைகளைச் செயல்படுத்த வேண்டும். (Mukkiyamaana dharavaip paadhukaakka naam valuvaana paadhukaappu nadavadikkaigalais seiyalpadaiththa vendum.),हमें संवेदनशील डेटा की सुरक्षा के लिए मजबूत सुरक्षा उपाय लागू करने की आवश्यकता है। (Humein sanvedansheel data ki suraksha ke liye mazboot suraksha upay laagu karne ki aavashyakta hai.)
Day 14,Advanced,The new regulations aim to promote fair competition in the marketplace.,சந்தையில் நியாயமான போட்டியை ஊக்குவிப்பதை புதிய விதிமுறைகள் நோக்கமாகக் கொண்டுள்ளன. (Sandhaiyil niyaayamaana pottiyai ookkuvippadhai pudhiya vidhimuraigal nokkamaagak kondullana.),नए नियमों का उद्देश्य बाजार में निष्पक्ष प्रतिस्पर्धा को बढ़ावा देना है। (Naye niyamon ka uddeshya bazaar mein nishpaksh pratispardha ko badhava dena hai.)
Day 14,Advanced,Achieving success in this industry requires a commitment to lifelong learning.,இத்துறையில் வெற்றி பெற வாழ்நாள் முழுவதும் கற்றலுக்கான அர்ப்பணிப்பு தேவை. (Iththuraiyil vetri pera vaazhnaal muzhuvadhum katralukkaana arppanippu thevai.),इस उद्योग में सफलता प्राप्त करने के लिए आजीवन सीखने की प्रतिबद्धता की आवश्यकता होती है। (Is udyog mein safalta prapt karne ke liye aajeevan seekhne ki pratibaddhta ki aavashyakta hoti hai.)
Day 14,Advanced,The project has the potential to transform the local economy significantly.,உள்ளூர் பொருளாதாரத்தை கணிசமாக மாற்றும் ஆற்றல் இந்தத் திட்டத்திற்கு உண்டு. (Ullur porulaadhaara-thai kanisamaaga maatrum aatral indha thittaththirku undu.),इस परियोजना में स्थानीय अर्थव्यवस्था को महत्वपूर्ण रूप से बदलने की क्षमता है। (Is pariyojna mein sthaaniya arthvyavastha ko mahatvapoorn roop se badalne ki kshamta hai.)
Day 15,Advanced,We have successfully streamlined our manufacturing processes to reduce costs.,செலவுகளைக் குறைக்க எங்கள் உற்பத்தி செயல்முறைகளை நாங்கள் வெற்றிகரமாக முறைப்படுத்தியுள்ளோம். (Selavugalaik kuraikka engal urpuththi seiyal-muraigalai naangal vetrigaramaaga muraippaduththiyulloam.),हमने लागत कम करने के लिए अपनी निर्माण प्रक्रियाओं को सफलतापूर्वक सुव्यवस्थित किया है। (Humne laagat kam karne ke liye apni nirmaan prakriyaon ko safaltapoorvak suvyavasthit kiya hai.)
Day 15,Advanced,The results of the experiment are consistent with previous research findings.,சோதனையின் முடிவுகள் முந்தைய ஆராய்ச்சி கண்டுபிடிப்புகளுடன் ஒத்துப்போகின்றன. (Sodhanaiyin mudivugal mundhaiya aaraaichi kandupidippugaludan oththuppogindrana.),प्रयोग के परिणाम पिछले शोध निष्कर्षों के अनुरूप हैं। (Prayog ke parinaam pichle shodh nishkarshon ke anuroop hain.)
Day 15,Advanced,It is essential to cultivate a diverse and inclusive workplace culture.,பன்முகத்தன்மை கொண்ட உள்ளடக்கிய பணியிட கலாச்சாரத்தை வளர்ப்பது அவசியம். (Panmugath-thanmai kondha ulladakkiya paniyaidap kalaachchaarathai valarppadhu avasiyam.),एक विविध और समावेशी कार्यस्थल संस्कृति विकसित करना आवश्यक है। (Ek vividh aur samaveshi karyasthal sanskriti vikasit karna aavashyak hai.)
Day 15,Advanced,The government is implementing policies to stimulate economic growth.,பொருளாதார வளர்ச்சியைத் தூண்டுவதற்கு அரசாங்கம் கொள்கைகளைச் செயல்படுத்தி வருகிறது. (Porulaadhaara valarchiyaith thoonduvadharku arasaangam kolgaigalais seiyalpadaiththi varugiradhu.),सरकार आर्थिक विकास को प्रोत्साहित करने के लिए नीतियां लागू कर रही है। (Sarkar aarthik vikas ko protsahit karne ke liye neetiyaan laagu kar rahi hai.)
Day 15,Advanced,We must ensure that our operations are ecologically sustainable.,எங்களின் செயல்பாடுகள் சுற்றுச்சூழல் ரீதியாக நிலையானவை என்பதை நாம் உறுதி செய்ய வேண்டும். (Engalin seiyalpadugal sutruch-soozhal reethiyaaga nilaiyaanavi enbadhai naam urudhi seiya vendum.),हमें यह सुनिश्चित करना चाहिए कि हमारे कार्य पारिस्थितिक रूप से टिकाऊ (sustainable) हों। (Humein yeh sunishchit karna chahiye ki humare karya paaristhitik roop se tikau hon.)
Day 16,Advanced,The document provides a detailed breakdown of the proposed budget.,முன்மொழியப்பட்ட பட்ஜெட்டின் விரிவான விவரங்களை இந்த ஆவணம் வழங்குகிறது. (Munmozhiyappatta budget-in virivaana vivarangalai indha aavanam valangugiradhu.),दस्तावेज़ प्रस्तावित बजट का विस्तृत विवरण (breakdown) प्रदान करता है। (Dastawez prastavit budget ka vistrit vivran pradan karta hai.)
Day 16,Advanced,I am writing to express my profound dissatisfaction with the quality of service.,சேவையின் தரம் குறித்து எனது ஆழ்ந்த திருப்தியின்மையைத் தெரிவிக்க நான் எழுதுகிறேன். (Sevaiyin dharam kurithu enadhu aazhndha thirupthiyinmaiyait therivikka naan ezhudhugiren.),मैं सेवा की गुणवत्ता के प्रति अपना गहरा असंतोष व्यक्त करने के लिए लिख रहा हूँ। (Main seva ki gunvatta ke prati apna gehra asantosh vyakt karne ke liye likh raha hoon.)
Day 16,Advanced,We must carefully analyze the feedback to improve our future performance.,எதிர்காலச் செயல்பாட்டை மேம்படுத்தக் கருத்துக்களை நாம் கவனமாகப் பகுப்பாய்வு செய்ய வேண்டும். (Edhirkaalach seiyalpadait-thai mempaduththak karuththukkala i naam gavanamaagap paguppaaivu seiya vendum.),हमें अपने भविष्य के प्रदर्शन को सुधारने के लिए फीडबैक का सावधानीपूर्वक विश्लेषण करना चाहिए। (Humein apne bhavishya ke pradarshan ko sudhaarne ke liye feedback ka saavdhanipoorvak vishleshan karna chahiye.)
Day 16,Advanced,The innovation has the potential to revolutionize the healthcare industry.,இந்த கண்டுபிடிப்பு சுகாதாரத் துறையில் புரட்சியை ஏற்படுத்தும் ஆற்றலைக் கொண்டுள்ளது. (Indha kandupidippu sugaadhaara thuraiyil puratchiyai erpaduththum aatralaik kondulladhu.),इस नवाचार में स्वास्थ्य सेवा उद्योग में क्रांति लाने की क्षमता है। (Is navachar mein swasthya seva udyog mein kranti laane ki kshamta hai.)
Day 16,Advanced,We are committed to fostering a culture of continuous improvement.,தொடர்ச்சியான முன்னேற்றக் கலாச்சாரத்தை வளர்ப்பதில் நாங்கள் உறுதியாக உள்ளோம். (Thodaruchiyaana munnetrak kalaachchaarathai valarppadhil naangal urudhiyaaga ulloam.),हम निरंतर सुधार की संस्कृति को बढ़ावा देने के लिए प्रतिबद्ध हैं। (Hum nirantar sudhaar ki sanskriti ko badhava dene ke liye pratibaddh hain.)
Day 17,Advanced,The investigation revealed several lapses in the security system.,பாதுகாப்பு அமைப்பில் ஏற்பட்ட பல குறைபாடுகளை விசாரணை வெளிப்படுத்தியுள்ளது. (Paadhukaappu amaippil erpatta pala kuraipaadugalai vichaaranai velippaduththiyulladhu.),जांच में सुरक्षा प्रणाली में कई खामियों का पता चला है। (Jaanch mein suraksha pranaali mein kai khamiyon ka pata chala hai.)
Day 17,Advanced,Our primary focus is on expanding our presence in emerging markets.,வளர்ந்து வரும் சந்தைகளில் எங்களின் இருப்பை விரிவுபடுத்துவதே எங்களின் முதன்மையான கவனம். (Valarndhu varum sandhai-galil engalin iruppai virivupaduththuvadhay engalin mudhanmaiyaana gavanm.),हमारा प्राथमिक ध्यान उभरते बाजारों में अपनी उपस्थिति बढ़ाने पर है। (Humara prathmik dhyan ubharte bazaaron mein apni upasthiti badhane par hai.)
Day 17,Advanced,We must integrate sustainable practices into our daily business operations.,நிலையான நடைமுறைகளை நமது அன்றாட வணிகச் செயல்பாடுகளில் நாம் ஒருங்கிணைக்க வேண்டும். (Nilaiyaana nadaimuraigalai namadhu andrada vaniga seiyalpau-galil naam orunginaikka vendum.),हमें अपने दैनिक व्यावसायिक कार्यों में टिकाऊ प्रथाओं को एकीकृत करना चाहिए। (Humein apne dainik vyavsayik karyon mein tikau prathaon ko ekikrit karna chahiye.)
Day 17,Advanced,The success of the project is contingent upon securing additional funding.,திட்டத்தின் வெற்றி கூடுதல் நிதியைப் பெறுவதைப் பொறுத்தே அமையும். (Thittaththin vetri koodudhal nidhiyaip peruvadhaip poruththay amaiyum.),परियोजना की सफलता अतिरिक्त धन प्राप्त करने पर निर्भर (contingent) है। (Pariyojna ki safalta atirikt dhan prapt karne par nirbhar hai.)
Day 17,Advanced,The report provides a balanced perspective on the controversial issue.,சர்ச்சைக்குரிய விவகாரத்தில் சமநிலையான கண்ணோட்டத்தை அறிக்கை வழங்குகிறது. (Sarchchaikkuriya vivagaarathil samanilaiyaana kannottathai arikkai valangugiradhu.),रिपोर्ट विवादास्पद मुद्दे पर एक संतुलित दृष्टिकोण प्रदान करती है। (Report vivadaspad mudde par ek santulit drishtikon pradan karti hai.)
Day 18,Advanced,I am writing to formally accept the terms and conditions of the agreement.,ஒப்பந்தத்தின் விதிமுறைகள் மற்றும் நிபந்தனைகளை முறைப்படி ஏற்க நான் எழுதுகிறேன். (Oppandhaththin vidhimuraigal matrum nidhandhanaigalai muraippadi etrkka naan ezhudhugiren.),मैं औपचारिक रूप से समझौते के नियमों और शर्तों को स्वीकार करने के लिए लिख रहा हूँ। (Main aupcharik roop se samjhote ke niyamon aur sharton ko sweekar karne ke liye likh raha hoon.)
Day 18,Advanced,We need to identify new opportunities for growth in a saturated market.,தேக்கமடைந்த சந்தையில் வளர்ச்சிக்கான புதிய வாய்ப்புகளை நாம் கண்டறிய வேண்டும். (Thekkam-adaindha sandhaiyil valarchikkaana pudhiya vaaippugalai naam kandariya vendum.),हमें एक संतृप्त (saturated) बाजार में विकास के नए अवसरों की पहचान करने की आवश्यकता है। (Humein ek santript bazaar mein vikas ke naye avsaron ki pehchan karne ki aavashyakta hai.)
Day 18,Advanced,It is essential to strictly comply with the ethical guidelines of the profession.,தொழிலின் தார்மீக வழிகாட்டுதல்களைத் துல்லியமாகப் பின்பற்றுவது அவசியம். (Thozhilin dhaar-meega vazhikaattudhalaith thulliyamaaga pinpattruvadhu avasiyam.),पेशे के नैतिक दिशानिर्देशों का कड़ाई से पालन करना आवश्यक है। (Peshe ke naitik dishanirdeshon ka kadai se paalan karna aavashyak hai.)
Day 18,Advanced,The results of the market research will inform our future product development.,சந்தை ஆராய்ச்சியின் முடிவுகள் எங்களின் எதிர்காலத் தயாரிப்பு மேம்பாட்டிற்கு உதவும். (Sandhai aaraichiyin mudivugal engalin edhirkaalath thayaarippu mempaattirku udhavum.),बाजार अनुसंधान के परिणाम हमारे भविष्य के उत्पाद विकास को सूचित करेंगे। (Bazaar anusandhan ke parinaam humare bhavishya ke utpaad vikas ko soochit karenge.)
Day 18,Advanced,We are striving to establish ourselves as a socially responsible corporation.,ஒரு சமூகப் பொறுப்புள்ள நிறுவனமாக எங்களை நிலைநிறுத்த நாங்கள் முயற்சி செய்கிறோம். (Oru samoogap poruppulla niruvanamaaga engalai nilainiruththa naangal muyarchi seigiroam.),हम खुद को एक सामाजिक रूप से जिम्मेदार निगम के रूप में स्थापित करने का प्रयास कर रहे हैं। (Hum khud ko ek samajik roop se zimmedar nigam ke roop mein sthapit karne ka prayas kar rahe hain.)
Day 19,Advanced,The project necessitates a high degree of collaboration between stakeholders.,இந்தத் திட்டத்திற்கு பங்குதாரர்களுக்கு இடையே உயர்மட்ட ஒத்துழைப்பு அவசியம். (Indha thittaththirku pangudhaarargalukku idaiyae uyar-matta oththuzhaippu avasiyam.),परियोजना के लिए हितधारकों (stakeholders) के बीच उच्च स्तर के सहयोग की आवश्यकता है। (Pariyojna ke liye hitdharakon ke beech uchh star ke sahyog ki aavashyakta hai.)
Day 19,Advanced,I have enclosed a copy of the contract for your review and signature.,உங்கள் பார்வைக்கும் கையெழுத்திற்கும் ஒப்பந்தத்தின் நகலை இணைத்துள்ளேன். (Ungal paarvaikkum kaiyezhuththirkum oppandhaththin nagalai inaippiththullen.),मैंने आपकी समीक्षा और हस्ताक्षर के लिए अनुबंध (contract) की एक प्रति संलग्न की है। (Maine aapki sameeksha aur hastakshar ke liye anubandh ki ek prati sanlagn ki hai.)
Day 19,Advanced,We must diversify our portfolio to minimize potential financial losses.,சாத்தியமான நிதி இழப்புகளைக் குறைக்க நமது முதலீட்டுத் தொகுப்பை நாம் பன்முகப்படுத்த வேண்டும். (Saaththiyamaana nidhi izhappugalaik kuraikka namadhu mudhaleettuth thoguppai naam panmugappaduththa vendum.),हमें संभावित वित्तीय नुकसान को कम करने के लिए अपने पोर्टफोलियो में विविधता लानी चाहिए। (Humein sambhavit vitteeya nuksan ko kam karne ke liye apne portfolio mein vividhata laani chahiye.)
Day 19,Advanced,The audit was conducted in accordance with international accounting standards.,தணிக்கை சர்வதேச கணக்கியல் தரநிலைகளின்படி நடத்தப்பட்டது. (Thanikkai sarvadhesa kanakkiyal tharanilaigalinpadi nadaththappattadhu.),ऑडिट अंतरराष्ट्रीय लेखा मानकों (accounting standards) के अनुसार किया गया था। (Audit antarrashtriya lekha maanakon ke anusar kiya gaya tha.)
Day 19,Advanced,The collaboration has been instrumental in achieving our strategic goals.,எங்களின் மூலோபாய இலக்குகளை அடைவதில் இந்த ஒத்துழைப்பு முக்கிய பங்கு வகிக்கிறது. (Engalin mooloapaaya ilakkugalai adaindhadhil indha oththuzhaippu mukkiya pangu vagikkiradhu.),हमारे रणनीतिक लक्ष्यों को प्राप्त करने में सहयोग महत्वपूर्ण रहा है। (Humare ranneetik lakshyon ko prapt karne mein sahyog mahatvapoorn raha hai.)
Day 20,Advanced,We are currently exploring the feasibility of expanding into the Asian market.,ஆசிய சந்தையில் விரிவுபடுத்துவதற்கான சாத்தியக்கூறுகளை நாங்கள் தற்போது ஆராய்ந்து வருகிறோம். (Asian sandhaiyil virivupaduththuvadharkkaana saaththiyakkoorugalai naangal tharpodhu aaraaindhu varugiroam.),हम वर्तमान में एशियाई बाजार में विस्तार की व्यवहार्यता (feasibility) तलाश रहे हैं। (Hum vartaman mein Asian bazaar mein vistar ki vyavaharyata talash rahe hain.)
Day 20,Advanced,The proposal was withdrawn due to lack of support from the board.,வாரியத்தின் ஆதரவு இல்லாததால் முன்மொழிவு திரும்பப் பெறப்பட்டது. (Vaariyaththin aadhaaravu illaadhadhaal munmozhiyivu thirumbap perappattadhu.),बोर्ड से समर्थन की कमी के कारण प्रस्ताव वापस ले लिया गया था। (Board se samarthan ki kami ke karan prastav waapas le liya gaya tha.)
Day 20,Advanced,We must take into account the social and economic disparities in the region.,இப்பகுதியில் உள்ள சமூக மற்றும் பொருளாதார ஏற்றத்தாழ்வுகளை நாம் கருத்தில் கொள்ள வேண்டும். (Ippagudhiyil ulla samooga matrum porulaadhaara ettra-thaazhvugalai naam karudhil kolla vendum.),हमें क्षेत्र में सामाजिक और आर्थिक असमानताओं को ध्यान में रखना चाहिए। (Humein kshetra mein samajik aur aarthik asamanataon ko dhyan mein rakhna chahiye.)
Day 20,Advanced,The breakthrough could significantly enhance our understanding of genetics.,இந்த திருப்புமுனை மரபியல் குறித்த நமது புரிதலை கணிசமாக மேம்படுத்தும். (Indha thiruppumunai marabiyal kuritha namadhu puridhalai kanisamaaga mempaduththum.),यह बड़ी सफलता (breakthrough) आनुवंशिकी (genetics) की हमारी समझ को महत्वपूर्ण रूप से बढ़ा सकती है। (Yeh badi safalta aanuvanshiki ki humari samajh ko mahatvapoorn roop se badha sakti hai.)
Day 20,Advanced,I am writing to express my interest in the position of Senior Analyst.,சீனியர் அனலிஸ்ட் பதவிக்கு எனது ஆர்வத்தைத் தெரிவிக்க நான் எழுதுகிறேன். (Senior Analyst padhavikku enadhu aarvaththait therivikka naan ezhudhugiren.),मैं सीनियर एनालिस्ट के पद के लिए अपनी रुचि व्यक्त करने के लिए लिख रहा हूँ। (Main senior analyst ke pad ke liye apni ruchi vyakt karne ke liye likh raha hoon.)
Day 21,Advanced,We need to evaluate the long-term viability of this business model.,இந்த வணிக மாதிரியின் நீண்ட கால நம்பகத்தன்மையை நாம் மதிப்பீடு செய்ய வேண்டும். (Indha vaniga maadhiriyin neenda kaala nambagath-thanmaiyai naam madhippidu seiya vendum.),हमें इस बिजनेस मॉडल की दीर्घकालिक व्यवहार्यता (viability) का मूल्यांकन करने की आवश्यकता है। (Humein is business model ki deerghkaalik vyavaharyata ka mulyankan karne ki aavashyakta hai.)
Day 21,Advanced,The organization is committed to maintaining high standards of corporate governance.,நிறுவனம் உயர்மட்ட நிறுவன ஆளுமைத் தரங்களைப் பேணுவதில் உறுதியாக உள்ளது. (Niruvanam uyar-matta niruvana aalunait tharangalaip paenuvadhil urudhiyaaga ulladhu.),संगठन कॉर्पोरेट गवर्नेंस के उच्च मानकों को बनाए रखने के लिए प्रतिबद्ध है। (Sangathan corporate governance ke uchh maanakon ko banaye rakhne ke liye pratibaddh hai.)
Day 21,Advanced,It is essential to conduct a comprehensive risk assessment before proceeding.,தொடருவதற்கு முன் விரிவான இடர் மதிப்பீட்டைச் செய்வது அவசியம். (Thodaruvadharku mun virivaana idar madhippittaich seivadhu avasiyam.),आगे बढ़ने से पहले एक व्यापक जोखिम मूल्यांकन (risk assessment) करना आवश्यक है। (Aage badhne se pehle ek vyapak jokhim mulyankan karna aavashyak hai.)
Day 21,Advanced,The findings of the report underscore the need for immediate policy changes.,அறிக்கையின் கண்டுபிடிப்புகள் உடனடி கொள்கை மாற்றங்களின் அவசியத்தை வலியுறுத்துகின்றன. (Arikkaiyin kandupidippugal udanadi kolgai maatrangalin avasiyathai valiyuruthugindrana.),रिपोर्ट के निष्कर्ष तत्काल नीतिगत बदलावों की आवश्यकता पर बल देते हैं। (Report ke nishkarsh tatkaal neetigat badlavon ki aavashyakta par bal dete hain.)
Day 21,Advanced,We must take decisive action to address the decline in market share.,சந்தைப் பங்கின் வீழ்ச்சியைத் தடுக்க நாம் தீர்க்கமான நடவடிக்கை எடுக்க வேண்டும். (Sandhaip pangin veezhchiyai thadukka naam theerkhamaana nadavadikkai edukka vendum.),बाजार हिस्सेदारी (market share) में गिरावट को रोकने के लिए हमें निर्णायक कार्रवाई करनी चाहिए। (Bazaar hissedari mein giravat ko rokne ke liye humein nirnayak karwai karni chahiye.)
Day 22,Advanced,The current market saturation necessitates a shift towards innovative solutions.,தற்போதைய சந்தை தேக்கம் புதுமையான தீர்வுகளை நோக்கி நகர்வதை அவசியமாக்குகிறது. (Tharpodhaiya sandhai thekkam pudhumaiyaana theervugalai nokki nagarvadhai avasiyamaakkugiradhu.),वर्तमान बाजार संतृप्ति (saturation) के लिए अभिनव समाधानों की ओर बदलाव आवश्यक है। (Vartaman bazaar santripti ke liye abhinav samadhanon ki aur badlav aavashyak hai.)
Day 22,Advanced,I would appreciate your insightful perspective on the industry's future.,இத்துறையின் எதிர்காலம் குறித்த உங்களின் ஆழமான கண்ணோட்டத்தை நான் பாராட்டுகிறேன். (Iththuraiyin edhirkaalam kuritha ungalin aazhndha kannottathai naan paarattugiren.),मैं उद्योग के भविष्य पर आपके व्यावहारिक दृष्टिकोण (insightful perspective) की सराहना करूँगा। (Main udyog ke bhavishya par aapke vyavaharik drishtikon ki saraahna karunga.)
Day 22,Advanced,We are diligently working to optimize our supply chain operations.,எங்களின் விநியோகச் சங்கிலி செயல்பாடுகளை மேம்படுத்த நாங்கள் விடாமுயற்சியுடன் செயல்படுகிறோம். (Engalin viniyoga changili seiyal-paadugalai mempaduththa naangal vidaamuyarchiyudan seiyalpattugirom.),हम अपने सप्लाई चेन कार्यों को अनुकूलित (optimize) करने के लिए लगन से काम कर रहे हैं। (Hum apne supply chain karyon ko anukoolit karne ke liye lagan se kaam kar rahe hain.)
Day 22,Advanced,Maintaining fiscal responsibility is crucial for the company's stability.,நிறுவனத்தின் ஸ்திரத்தன்மைக்கு நிதிப் பொறுப்பை நிலைநிறுத்துவது மிக முக்கியம். (Niruvanaththin sthirath-thanmaikku nidhip poruppai nilainiruththuvadhu miga mukkiyam.),कंपनी की स्थिरता के लिए राजकोषीय जिम्मेदारी (fiscal responsibility) बनाए रखना महत्वपूर्ण है। (Company ki sthirta ke liye rajkoshiya zimmedari banaye rakhna mahatvapoorn hai.)
Day 22,Advanced,The study provides substantial evidence to support the hypothesis.,இந்த ஆய்வு கருதுகோளை ஆதரிக்க போதுமான ஆதாரங்களை வழங்குகிறது. (Indha aaivu karudhugoalai aadharkka podhumaana aadhaarangalai valangugiradhu.),अध्ययन परिकल्पना (hypothesis) का समर्थन करने के लिए पर्याप्त साक्ष्य प्रदान करता है। (Adhyayan parikalpana ka samarthan karne ke liye paryapt saakshya pradan karta hai.)
Day 23,Advanced,We are exploring collaborative opportunities to enhance our global presence.,எங்களின் உலகளாவிய இருப்பை மேம்படுத்த கூட்டு வாய்ப்புகளை ஆராய்ந்து வருகிறோம். (Engalin ulagalaaviya iruppai mempaduththa koottu vaaippugalai aaraaindhu varugiroam.),हम अपनी वैश्विक उपस्थिति बढ़ाने के लिए सहयोग के अवसरों की तलाश कर रहे हैं। (Hum apni vaishvik upasthiti badhane ke liye sahyog ke avsaron ki talaash kar rahe hain.)
Day 23,Advanced,The report outlines a robust strategy for long-term growth and expansion.,அறிக்கை நீண்ட கால வளர்ச்சி மற்றும் விரிவாக்கத்திற்கான வலுவான உத்தியை விளக்குகிறது. (Arikkai neenda kaala valarchchi matrum virivaakkaththirkaana valuvaana uththiyai vilakkugiradhu.),रिपोर्ट दीर्घकालिक विकास और विस्तार के लिए एक मजबूत रणनीति की रूपरेखा तैयार करती है। (Report deerghkaalik vikas aur vistar ke liye ek mazboot rann-neeti ki roop-rekha taiyar karti hai.)
Day 23,Advanced,It is essential to adhere to the ethical standards established by the board.,வாரியத்தால் நிர்ணயிக்கப்பட்ட நெறிமுறைத் தரங்களை பின்பற்றுவது அவசியம். (Vaariyaththaal nirnaiyikkappatta nerimurait tharangalai pinpattruvadhu avasiyam.),बोर्ड द्वारा स्थापित नैतिक मानकों का पालन करना आवश्यक है। (Board dwara sthapit naitik maanakon ka paalan karna aavashyak hai.)
Day 23,Advanced,The firm has demonstrated exceptional resilience during the economic crisis.,பொருளாதார நெருக்கடியின் போது நிறுவனம் விதிவிலக்கான மீள்திறனை வெளிப்படுத்தியுள்ளது. (Porulaadhaara nerukkadiyin podhu niruvanam vidhivilakkaana meelthiranai velippaduththiyulladhu.),फर्म ने आर्थिक संकट के दौरान असाधारण लचीलापन (resilience) प्रदर्शित किया है। (Firm ne aarthik sankat ke dauran asadharan lacheelapan pradarshit kiya hai.)
Day 23,Advanced,We must evaluate the environmental implications of the proposed project.,முன்மொழியப்பட்ட திட்டத்தின் சுற்றுச்சூழல் பாதிப்புகளை நாம் மதிப்பீடு செய்ய வேண்டும். (Munmozhiyappatta thittaththin sutruch-soozhal paadhippugalai naam madhippidu seiya vendum.),हमें प्रस्तावित परियोजना के पर्यावरणीय प्रभावों का मूल्यांकन करना चाहिए। (Humein prastavit pariyojna ke paryavaraniya prabhavon ka mulyankan karna chahiye.)
Day 24,Advanced,The analysis highlights the significant impact of automation on the workforce.,தொழிலாளர் சக்தியில் ஆட்டோமேஷனின் (automation) குறிப்பிடத்தக்க தாக்கத்தை ஆய்வு சுட்டிக்காட்டுகிறது. (Thozhilaalar sakthiyil automation-in kurippidaththakka thaakkaththai aaivu suttikkaattugiradhu.),विश्लेषण कार्यबल (workforce) पर ऑटोमेशन के महत्वपूर्ण प्रभाव पर प्रकाश डालता है। (Vishleshan workforce par automation ke mahatvapoorn prabhav par prakash daalta hai.)
Day 24,Advanced,We need to implement sophisticated security protocols to protect data integrity.,தரவு நேர்மையைப் பாதுகாக்க நாம் அதிநவீன பாதுகாப்பு நெறிமுறைகளைச் செயல்படுத்த வேண்டும். (Dharavu naermaiyaip paadhukaakka naam adhinaweena paadhukaappu nerimuraigalais seiyalpadaiththa vendum.),डेटा अखंडता (integrity) की रक्षा के लिए हमें परिष्कृत सुरक्षा प्रोटोकॉल लागू करने की आवश्यकता है। (Data akhandta ki raksha ke liye humein parishkrit suraksha protocol laagu karne ki aavashyakta hai.)
Day 24,Advanced,The new legislation aims to foster transparency and accountability in the sector.,இத்துறையில் வெளிப்படைத்தன்மை மற்றும் பொறுப்புக்கூறலை வளர்ப்பதை புதிய சட்டம் நோக்கமாகக் கொண்டுள்ளது. (Iththuraiyil velippadaith-thanmai matrum poruppukkoaralai valarppadhai pudhiya sattam nokkamaagak kondulladhu.),नए कानून का उद्देश्य क्षेत्र में पारदर्शिता और जवाबदेही को बढ़ावा देना है। (Naye kanoon ka uddeshya kshetra mein paardarsheeta aur javabdehi ko badhava dena hai.)
Day 24,Advanced,Professional development requires a commitment to continuous learning and growth.,தொழில்முறை மேம்பாட்டிற்குத் தொடர்ச்சியான கற்றல் மற்றும் வளர்ச்சிக்கான அர்ப்பணிப்பு தேவை. (Thozhilmurai mempaattirkuth thodaruchiyaana katral matrum valarchikkaana arppanippu thevai.),पेशेवर विकास के लिए निरंतर सीखने और विकास के प्रति प्रतिबद्धता की आवश्यकता होती है। (Peshewar vikas ke liye nirantar seekhne aur vikas ke prati pratibaddhta ki aavashyakta hoti hai.)
Day 24,Advanced,The initiative has the potential to revitalize the regional economy significantly.,பிராந்திய பொருளாதாரத்தை கணிசமாக மீட்டெடுக்கும் ஆற்றல் இந்த முயற்சிக்கு உண்டு. (Piraandhiya porulaadhaara-thai kanisamaaga meettedukkum aatral indha muyarchi-kku undu.),इस पहल में क्षेत्रीय अर्थव्यवस्था को महत्वपूर्ण रूप से पुनर्जीवित करने की क्षमता है। (Is pehal mein kshetriya arthvyavastha ko mahatvapoorn roop se punarjeevit karne ki kshamta hai.)
Day 25,Advanced,We have successfully integrated advanced technologies to improve productivity.,உற்பத்தித் திறனை மேம்படுத்த மேம்பட்ட தொழில்நுட்பங்களை நாங்கள் வெற்றிகரமாக ஒருங்கிணைத்துள்ளோம். (Urpuththith thiranai mempaduththa mempatta thozhilnutpangalhai naangal vetrigaramaaga orunginaiththulloam.),हमने उत्पादकता में सुधार के लिए उन्नत तकनीकों को सफलतापूर्वक एकीकृत (integrate) किया है। (Humne utpaadakta mein sudhaar ke liye unnat takneekon ko safaltapoorvak ekikrit kiya hai.)
Day 25,Advanced,The results of the fiscal audit are consistent with international standards.,நிதித் தணிக்கையின் முடிவுகள் சர்வதேச தரத்திற்கு இணங்க உள்ளன. (Nidhith thanikkaiyin mudivugal sarvadhesa tharanilaigalkku inanga ullana.),राजकोषीय ऑडिट के परिणाम अंतरराष्ट्रीय मानकों के अनुरूप हैं। (Rajkoshiya audit ke parinaam antarrashtriya maanakon ke anuroop hain.)
Day 25,Advanced,It is essential to cultivate a culture of innovation and creative thinking.,புதுமை மற்றும் ஆக்கபூர்வமான சிந்தனை கலாச்சாரத்தை வளர்ப்பது அவசியம். (Pudhumai matrum aakkapoorvamaana sindhanai kalaachchaarathai valarppadhu avasiyam.),नवाचार और रचनात्मक सोच की संस्कृति विकसित करना आवश्यक है। (Navachar aur rachnatmak soch ki sanskriti vikasit karna aavashyak hai.)
Day 25,Advanced,The government is considering subsidies to incentivize renewable energy projects.,புதுப்பிக்கத்தக்க எரிசக்தி திட்டங்களை ஊக்குவிக்க அரசாங்கம் மானியங்களை வழங்கப் பரிசீலித்து வருகிறது. (Pudhuppikkathakka erisakhthi thittangalhai ookkuvikka arasaangam maaniyangalhai valangap pariseeliththu varugiradhu.),सरकार अक्षय ऊर्जा परियोजनाओं को प्रोत्साहित करने के लिए सब्सिडी पर विचार कर रही है। (Sarkar akshay oorja pariyojnaon ko protsahit karne ke liye subsidy par vichaar kar rahi hai.)
Day 25,Advanced,We must ensure our business practices are ethically and socially sustainable.,நமது வணிக நடைமுறைகள் தார்மீக ரீதியாகவும் சமூக ரீதியாகவும் நிலையானவை என்பதை உறுதி செய்ய வேண்டும். (Namadhu vaniga nadaimuraigal dhaar-meega reethiyaagavum samooga reethiyaagavum nilaiyaanavi enbadhai urudhi seiya vendum.),हमें यह सुनिश्चित करना चाहिए कि हमारी व्यावसायिक प्रथाएं नैतिक और सामाजिक रूप से टिकाऊ हों। (Humein yeh sunishchit karna chahiye ki humari vyavsayik prathaen naitik aur samajik roop se tikau hon.)
Day 26,Advanced,The document provides a comprehensive analysis of the competitive landscape.,இந்த ஆவணம் போட்டிச் சூழல் குறித்த விரிவான பகுப்பாய்வை வழங்குகிறது. (Indha aavannam pottich chuzhal kuritha virivaana paguppaaivai valangugiradhu.),दस्तावेज़ प्रतिस्पर्धी परिदृश्य (competitive landscape) का व्यापक विश्लेषण प्रदान करता है। (Dastawez pratispardhi paridrishya ka vyapak vishleshan pradan karta hai.)
Day 26,Advanced,I am writing to express my profound appreciation for your leadership.,உங்கள் தலைமைத்துவத்திற்கு எனது ஆழ்ந்த பாராட்டுக்களைத் தெரிவிக்க நான் எழுதுகிறேன். (Ungal thalaimaith-thuvaththirku enadhu aazhndha paarattukkalaith therivikka naan ezhudhugiren.),मैं आपके नेतृत्व के लिए अपनी गहरी सराहना व्यक्त करने के लिए लिख रहा हूँ। (Main aapke netrutva ke liye apni gahri sarahna vyakt karne ke liye likh raha hoon.)
Day 26,Advanced,We must carefully interpret the data to avoid any erroneous conclusions.,தவறான முடிவுகளைத் தவிர்க்க நாம் தரவுகளைக் கவனமாக விளக்க வேண்டும். (Thavarana mudivugalaith thavirikka naam dharavugalaik gavanamaaga vilakka vendum.),हमें किसी भी गलत निष्कर्ष से बचने के लिए डेटा की सावधानीपूर्वक व्याख्या करनी चाहिए। (Humein kisi bhi galat nishkarsh se bachne ke liye data ki saavdhanipoorvak vyakhya karni chahiye.)
Day 26,Advanced,This breakthrough has the potential to redefine the standards of the industry.,இந்த திருப்புமுனை இத்துறையின் தரநிலைகளை மறுவரையறை செய்யும் ஆற்றலைக் கொண்டுள்ளது. (Indha thiruppumunai iththuraiyin tharanilaigalai maru-varaiyarai seiyum aatralaik kondulladhu.),यह बड़ी सफलता (breakthrough) उद्योग के मानकों को फिर से परिभाषित करने की क्षमता रखती है। (Yeh badi safalta udyog ke maanakon ko phir se paribhashit karne ki kshamta rakhti hai.)
Day 26,Advanced,We are committed to maintaining a high level of operational efficiency.,உயர் மட்ட செயல்பாட்டுத் திறனைப் பேணுவதில் நாங்கள் உறுதியாக உள்ளோம். (Uyar matta seiyalpattu thiranai paenuvadhil naangal urudhiyaaga ulloam.),हम परिचालन दक्षता (operational efficiency) का उच्च स्तर बनाए रखने के लिए प्रतिबद्ध हैं। (Hum parichalan dakshata ka uchh star banaye rakhne ke liye pratibaddh hain.)
Day 27,Advanced,The investigation identified several vulnerabilities in our network security.,எங்கள் நெட்வொர்க் பாதுகாப்பில் உள்ள பல பலவீனங்களை விசாரணை கண்டறிந்துள்ளது. (Engal network paadhukaappil ulla pala palaveenangalhai vichaaranai kandarithulladhu.),जांच में हमारी नेटवर्क सुरक्षा में कई कमजोरियों (vulnerabilities) की पहचान की गई है। (Jaanch mein humari network suraksha mein kai kamzoriyon ki pehchan ki gayi hai.)
Day 27,Advanced,Our primary focus is on consolidating our market position through innovation.,புதுமையின் மூலம் எங்களின் சந்தை நிலையை உறுதிப்படுத்துவதே எங்களின் முதன்மையான கவனம். (Pudhumaiyin moolam engalin sandhai nilaiyai urudhippaduththuvadhay engalin mudhanmaiyaana gavanm.),हमारा प्राथमिक ध्यान नवाचार के माध्यम से अपनी बाजार स्थिति को मजबूत करने पर है। (Humara prathmik dhyan navachar ke maadhyam se apni bazaar sthiti ko mazboot karne par hai.)
Day 27,Advanced,We must leverage our core competencies to gain a competitive advantage.,போட்டிச் சாதகத்தைப் பெற நமது அடிப்படைத் திறன்களை நாம் பயன்படுத்திக் கொள்ள வேண்டும். (Pottich saadhagaththaip pera namadhu adippadaith thirangalhai paiyanpaduththik kolla vendum.),प्रतिस्पर्धी लाभ प्राप्त करने के लिए हमें अपनी मुख्य दक्षताओं (core competencies) का लाभ उठाना चाहिए। (Pratispardhi laabh prapt karne ke liye humein apni mukhya dakshataon ka laabh uthana chahiye.)
Day 27,Advanced,The success of the venture is dependent on the synergy between the partners.,இந்த முயற்சியின் வெற்றி கூட்டாளர்களுக்கு இடையேயான ஒருங்கிணைப்பை (synergy) பொறுத்தது. (Indha muyarchiyin vetri koottalaalargalukku idaiyaeyaana orunginaippai poruththadhu.),उद्यम की सफलता भागीदारों के बीच तालमेल (synergy) पर निर्भर है। (Udyam ki safalta bhagidaron ke beech taalmel par nirbhar hai.)
Day 27,Advanced,The report provides an objective assessment of the project's performance.,அறிக்கை திட்டத்தின் செயல்பாட்டைப் பற்றிய ஒரு புறநிலை மதிப்பீட்டை வழங்குகிறது. (Arikkai thittaththin seiyalpattu pattriya oru puranilai madhippittai valangugiradhu.),रिपोर्ट परियोजना के प्रदर्शन का एक निष्पक्ष (objective) मूल्यांकन प्रदान करती है। (Report pariyojna ke pradarshan ka ek nishpaksh mulyankan pradan karti hai.)
Day 28,Advanced,I am writing to formally request a mediation session between the parties.,தரப்பினருக்கு இடையே ஒரு மத்தியஸ்த அமர்வைக் கோரி நான் முறைப்படி எழுதுகிறேன். (Dharappinarukku idaiyae oru madhiyastha amarvaik koari naan muraippadi ezhudhugiren.),मैं पक्षों के बीच मध्यस्थता सत्र (mediation session) के लिए औपचारिक रूप से अनुरोध करने के लिए लिख रहा हूँ। (Main pakshon ke beech madhyasthata satra ke liye aupcharik roop se anurodh karne ke liye likh raha hoon.)
Day 28,Advanced,We need to identify strategic partners to expand our distribution network.,விநியோக வலையமைப்பை விரிவுபடுத்த மூலோபாய கூட்டாளர்களை நாம் கண்டறிய வேண்டும். (Viniyoga valaiyammaippai virivupaduththa mooloapaaya koottalaalargalhai naam kandariya vendum.),हमें अपने वितरण नेटवर्क का विस्तार करने के लिए रणनीतिक भागीदारों की पहचान करने की आवश्यकता है। (Humein apne vitran network ka vistar karne ke liye ranneetik bhagidaron ki pehchan karne ki aavashyakta hai.)
Day 28,Advanced,It is essential to comply with the international standards of corporate ethics.,நிறுவன நெறிமுறைகளின் சர்வதேச தரத்தைப் பின்பற்றுவது அவசியம். (Niruvana nerimuraigalin sarvadhesa tharaththaip pinpattruvadhu avasiyam.),कॉर्पोरेट नैतिकता के अंतरराष्ट्रीय मानकों का पालन करना आवश्यक है। (Corporate naitikta ke antarrashtriya maanakon ka paalan karna aavashyak hai.)
Day 28,Advanced,The results of the survey will facilitate a better understanding of user needs.,கணக்கெடுப்பின் முடிவுகள் பயனர் தேவைகளைச் சிறப்பாகப் புரிந்துகொள்ள உதவும். (Kanakkeduppin mudivugal paiyanar thevaigalhaich sirappaagap purindhukolla udhavum.),सर्वेक्षण के परिणाम उपयोगकर्ता की जरूरतों को बेहतर ढंग से समझने में मदद करेंगे। (Sarvekshan ke parinaam upayogkarta ki zarooraton ko behtar dhang se samajhne mein madad karenge.)
Day 28,Advanced,We are striving to become an industry benchmark for sustainability.,நிலைத்தன்மைக்கான ஒரு தொழில்துறை அளவுகோலாக (benchmark) மாற நாங்கள் முயற்சி செய்கிறோம். (Nilaiththanmaikkaana oru thozhil-thurai alavukoalaaga maara naangal muyarchi seigiroam.),हम स्थिरता (sustainability) के लिए एक उद्योग बेंचमार्क बनने का प्रयास कर रहे हैं। (Hum sthirta ke liye ek udyog benchmark banne ka prayas kar rahe hain.)
Day 29,Advanced,The project involves a significant level of intellectual property considerations.,இந்தத் திட்டம் அறிவுசார் சொத்துரிமை (IP) குறித்த குறிப்பிடத்தக்கக் கருத்தில் கொள்ளலை உள்ளடக்கியது. (Indha thittam arivusaar soththurimai kuritha kurippidaththakkak karuththil kollalai ulladakkiyadhu.),परियोजना में बौद्धिक संपदा (intellectual property) संबंधी महत्वपूर्ण विचार शामिल हैं। (Pariyojna mein bauddhik sampada sambandhi mahatvapoorn vichaar shaamil hain.)
Day 29,Advanced,I have attached the feasibility study for your comprehensive review.,உங்கள் விரிவான பார்வைக்காக சாத்தியக்கூறு ஆய்வை இணைத்துள்ளேன். (Ungal virivaana paarvaikkaaga saaththiyakkooru aaivai inaippiththullen.),मैंने आपकी व्यापक समीक्षा के लिए व्यवहार्यता अध्ययन (feasibility study) संलग्न किया है। (Maine aapki vyapak sameeksha ke liye vyavaharyata adhyayan sanlagn kiya hai.)
Day 29,Advanced,We must mitigate the impact of market fluctuations on our profit margins.,நமது லாப வரம்புகளில் சந்தை ஏற்ற இறக்கங்களின் தாக்கத்தை நாம் குறைக்க வேண்டும். (Namadhu laaba varambugalil sandhai ettra irakkangalin thakkaththai naam kuraikka vendum.),हमें अपने लाभ मार्जिन पर बाजार के उतार-चढ़ाव के प्रभाव को कम करना चाहिए। (Humein apne laabh margin par bazaar ke utaar-chadaav ke prabhav ko kam karna chahiye.)
Day 29,Advanced,The performance was measured against a stringent set of KPIs.,செயல்பாடு கடுமையான கேபிஐ (KPI) அளவுகோல்களுக்கு எதிராக அளவிடப்பட்டது. (Seiyalpattu kadumaiyaana KPI alavukoalgalkku edhiraga alavidappattadhu.),प्रदर्शन को KPI के एक कड़े सेट के आधार पर मापा गया था। (Pradarshan ko KPI ke ek kade set ke aadhar par maapa gaya tha.)
Day 29,Advanced,The collaboration has facilitated a more holistic approach to problem-solving.,இந்த ஒத்துழைப்பு சிக்கலைத் தீர்ப்பதில் ஒரு முழுமையான (holistic) அணுகுமுறையை எளிதாக்கியுள்ளது. (Indha oththuzhaippu sikkalaith theerppadhil oru muzhumaiyaana anugumuraiyai elidhaakkiyulladhu.),सहयोग ने समस्या-समाधान के लिए अधिक समग्र (holistic) दृष्टिकोण को सुगम बनाया है। (Sahyog ne samasya-samadhan ke liye adhik samagra drishtikon ko sugam banaya hai.)
Day 30,Advanced,We are currently evaluating the implications of the new trade agreement.,புதிய வர்த்தக ஒப்பந்தத்தின் தாக்கங்களை நாங்கள் தற்போது மதிப்பீடு செய்து வருகிறோம். (Pudhiya varththaga oppandhaththin thakkangalai naangal tharpodhu madhippidu seidhu varugiroam.),हम वर्तमान में नए व्यापार समझौते के निहितार्थों (implications) का मूल्यांकन कर रहे हैं। (Hum vartaman mein naye vyapar samjhote ke nihitarthon ka mulyankan kar rahe hain.)
Day 30,Advanced,The proposal was tabled pending further clarification on the budget.,பட்ஜெட் குறித்த கூடுதல் விளக்கம் வரும் வரை முன்மொழிவு ஒத்திவைக்கப்பட்டது. (Budget kuritha koodudhal vilakkam varum varai munmozhiyivu oththivaikkappattadhu.),बजट पर और स्पष्टीकरण मिलने तक प्रस्ताव को टाल दिया गया (tabled) था। (Budget par aur spashtikaran milne tak prastav ko taal diya gaya tha.)
Day 30,Advanced,We must consider the socio-economic context of the target demographic.,இலக்கு மக்கள் தொகையின் சமூக-பொருளாதார சூழலை நாம் கருத்தில் கொள்ள வேண்டும். (Ilakku makkal thogaiyin samooga-porulaadhaara suzhalai naam karudhil kolla vendum.),हमें लक्षित जनसांख्यिकी (target demographic) के सामाजिक-आर्थिक संदर्भ पर विचार करना चाहिए। (Humein lakshit jansankhyiki ke samajik-aarthik sandarbh par vichaar karna chahiye.)
Day 30,Advanced,The breakthrough could pave the way for sustainable energy solutions.,இந்த திருப்புமுனை நிலையான எரிசக்தி தீர்வுகளுக்கு வழிவகுக்கும். (Indha thiruppumunai nilaiyaana erisakhthi theervugalukku vazhivakkum.),यह बड़ी सफलता (breakthrough) टिकाऊ ऊर्जा समाधानों का मार्ग प्रशस्त कर सकती है। (Yeh badi safalta tikau oorja samadhanon ka maarg prashast kar sakti hai.)
Day 30,Advanced,I am writing to propose a strategic alignment between our two companies.,எமது இரு நிறுவனங்களுக்கும் இடையே ஒரு மூலோபாய ஒருங்கிணைப்பை முன்மொழிய நான் எழுதுகிறேன். (Emadhu iru niruvanangalkkum idaiyae oru mooloapaaya orunginaippai munmozhiya naan ezhudhugiren.),मैं हमारी दोनों कंपनियों के बीच रणनीतिक संरेखण (strategic alignment) का प्रस्ताव देने के लिए लिख रहा हूँ। (Main humari dono companiyon ke beech ranneetik sanrekhan ka prastav dene ke liye likh raha hoon.)
Day 31,Advanced,We must ensure our business continuity plan is robust and up to date.,நமது வணிகத் தொடர்ச்சித் திட்டம் வலுவாகவும் புதுப்பித்த நிலையிலும் இருப்பதை உறுதி செய்ய வேண்டும். (Namadhu vaniga thodaruchi thittam valuvaagavum pudhuppiththa nilaiyilum iruppadhai urudhi seiya vendum.),हमें यह सुनिश्चित करना चाहिए कि हमारी व्यावसायिक निरंतरता योजना (business continuity plan) मजबूत और अद्यतित हो। (Humein yeh sunishchit karna chahiye ki humari business continuity plan mazboot aur adhyatit ho.)
Day 31,Advanced,The executive summary provides a succinct distillation of the complex report.,நிர்வாகச் சுருக்கம் சிக்கலான அறிக்கையின் சுருக்கமான சாரத்தை வழங்குகிறது. (Nirvaga churukkam sikkalaana arikkaiyin churukkamaana saaraththai valangugiradhu.),कार्यकारी सारांश (executive summary) जटिल रिपोर्ट का संक्षिप्त सार प्रदान करता है। (Karyakari saaraansh jatil report ka sankshipt saar pradan karta hai.)
Day 31,Advanced,It is imperative to mitigate potential liabilities through rigorous legal review.,முறையான சட்ட ஆய்வின் மூலம் சாத்தியமான பொறுப்புகளைக் குறைப்பது அவசியமாகும். (Muraiyaana satta aaivin moolam saaththiyamaana poruppugalaik kuraippadhu avasiyamaagum.),कठोर कानूनी समीक्षा के माध्यम से संभावित देनदारियों (liabilities) को कम करना अनिवार्य है। (Kathor kanooni sameeksha ke maadhyam se sambhavit dendariyon ko kam karna anivarya hai.)
Day 31,Advanced,The findings underscore the importance of fostering a culture of psychological safety.,கண்டுபிடிப்புகள் உளவியல் பாதுகாப்பு கலாச்சாரத்தை வளர்ப்பதன் முக்கியத்துவத்தை வலியுறுத்துகின்றன. (Kandupidippugal ulaviyal paadhukaappu kalaachchaarathai valarppadhan mukkiyaththuvaththai valiyuruthugindrana.),निष्कर्ष मनोवैज्ञानिक सुरक्षा की संस्कृति को बढ़ावा देने के महत्व को रेखांकित करते हैं। (Nishkarsh manovaigyanik suraksha ki sanskriti ko badhava dene ke mahatv ko rekhankit karte hain.)
Day 31,Advanced,We must take decisive action to rectify the systemic issues in the department.,துறையில் உள்ள முறையான சிக்கல்களைச் சரிசெய்ய நாம் தீர்க்கமான நடவடிக்கை எடுக்க வேண்டும். (Thuraiyil ulla muraiyaana sikkalgalais sariseiya naam theerkamaana nadavadikkai edukka vendum.),हमें विभाग में प्रणालीगत (systemic) मुद्दों को सुधारने के लिए निर्णायक कार्रवाई करनी चाहिए। (Humein vibhag mein systemic muddon ko sudhaarne ke liye nirnayak karwai karni chahiye.)
Day 32,Advanced,The current market dynamics necessitate a more agile approach to product development.,தற்போதைய சந்தை மாற்றங்கள் தயாரிப்பு மேம்பாட்டிற்கு மிகவும் சுறுசுறுப்பான அணுகுமுறையை அவசியமாக்குகின்றன. (Tharpodhaiya sandhai maatrangal thayaarippu mempaattirku migavum suruchuruppaana anugumuraiyai avasiyamaakkugindrana.),वर्तमान बाजार की गतिशीलता (market dynamics) उत्पाद विकास के लिए अधिक चुस्त (agile) दृष्टिकोण की आवश्यकता पैदा करती है। (Vartaman bazaar ki gatisheelata utpaad vikas ke liye adhik agile drishtikon ki aavashyakta paida karti hai.)
Day 32,Advanced,I would appreciate your expert opinion on the feasibility of the proposed acquisition.,முன்மொழியப்பட்ட கையகப்படுத்துதலின் சாத்தியக்கூறுகள் குறித்த உங்கள் நிபுணத்துவ கருத்தை நான் பாராட்டுகிறேன். (Munmozhiyappatta kaiyagappaduththalin saaththiyakkoorugal kuritha ungal nipunaththuva karuththai naan paarattugiren.),मैं प्रस्तावित अधिग्रहण (acquisition) की व्यवहार्यता पर आपकी विशेषज्ञ राय की सराहना करूँगा। (Main prastavit adhigrahan ki vyavaharyata par aapki visheshagya rai ki saraahna karunga.)
Day 32,Advanced,We are diligently working to optimize our capital allocation strategy.,எங்களின் மூலதன ஒதுக்கீடு உத்தியை மேம்படுத்த நாங்கள் விடாமுயற்சியுடன் செயல்படுகிறோம். (Engalin mooladhana odhikkidu uththiyai mempaduththa naangal vidaamuyarchiyudan seiyalpattugirom.),हम अपनी पूंजी आवंटन रणनीति (capital allocation strategy) को अनुकूलित करने के लिए लगन से काम कर रहे हैं। (Hum apni poonji aavantan rann-neeti ko anukoolit karne ke liye lagan se kaam kar rahe hain.)
Day 32,Advanced,Maintaining operational transparency is paramount for shareholder confidence.,பங்குதாரர்களின் நம்பிக்கைக்கு செயல்பாட்டு வெளிப்படைத்தன்மையைப் பேணுவது மிக முக்கியம். (Pangudhaarargalin nambikkaikku seiyalpattu velippadaith-thanmaiyaip paenuvadhu miga mukkiyam.),शेयरधारकों के विश्वास के लिए परिचालन पारदर्शिता बनाए रखना सर्वोपरि है। (Shareholders ke vishwas ke liye parichalan paardarsheeta banaye rakhna sarvopari hai.)
Day 32,Advanced,The study provides compelling evidence to support the long-term trend.,இந்த ஆய்வு நீண்ட கால மாற்றத்தை ஆதரிக்க கட்டாய ஆதாரங்களை வழங்குகிறது. (Indha aaivu neenda kaala maatrathtthai aadharkka kattaaya aadhaarangalai valangugiradhu.),अध्ययन दीर्घकालिक रुझान का समर्थन करने के लिए सम्मोहक (compelling) साक्ष्य प्रदान करता है। (Adhyayan deerghkaalik rujhaan ka samarthan karne ke liye compelling saakshya pradan karta hai.)
Day 33,Advanced,We are exploring strategic alliances to broaden our global distribution reach.,எங்களின் உலகளாவிய விநியோகத்தை விரிவுபடுத்த மூலோபாய கூட்டணிகளை ஆராய்ந்து வருகிறோம். (Engalin ulagalaaviya viniyogaththai virivupaduththa mooloapaaya koottanigalai aaraaindhu varugiroam.),हम अपनी वैश्विक वितरण पहुंच को व्यापक बनाने के लिए रणनीतिक गठजोड़ (strategic alliances) तलाश रहे हैं। (Hum apni vaishvik vitran pahunch ko vyapak banane ke liye ranneetik gathjod talash rahe hain.)
Day 33,Advanced,The proposal provides a high-level roadmap for digital transformation.,இந்த முன்மொழிவு டிஜிட்டல் மாற்றத்திற்கான ஒரு உயர்மட்ட வரைபடத்தை வழங்குகிறது. (Indha munmozhiyivu digital maatrathtthirkaana oru uyar-matta varaipadaththai valangugiradhu.),प्रस्ताव डिजिटल परिवर्तन के लिए एक उच्च-स्तरीय रोडमैप प्रदान करता है। (Prastav digital parivartan ke liye ek uchh-stariya roadmap pradan karta hai.)
Day 33,Advanced,It is essential to strictly comply with the international ethical standards.,சர்வதேச நெறிமுறைத் தரங்களுக்குத் துல்லியமாக இணங்குவது அவசியம். (Sarvadhesa nerimurait tharangalukku thulliyamaaga inanguvadhu avasiyam.),अंतरराष्ट्रीय नैतिक मानकों का कड़ाई से पालन करना आवश्यक है। (Antarrashtriya naitik maanakon ka kadai se paalan karna aavashyak hai.)
Day 33,Advanced,The corporation has demonstrated notable adaptability in a changing landscape.,மாறும் சூழலில் நிறுவனம் குறிப்பிடத்தக்க தகவமைப்புத் திறனை வெளிப்படுத்தியுள்ளது. (Maarum suzhalil niruvanam kurippidaththakka thagavamaipputh thiranai velippaduththiyulladhu.),निगम ने बदलते परिदृश्य में उल्लेखनीय अनुकूलन क्षमता (adaptability) प्रदर्शित की है। (Nigam ne badalte paridrishya mein ullekhneeya anukoolan kshamta pradarshit ki hai.)
Day 33,Advanced,We must assess the financial viability of the project before any commitment.,எந்தவொரு உறுதிமொழிக்கும் முன் திட்டத்தின் நிதி நம்பகத்தன்மையை நாம் மதிப்பீடு செய்ய வேண்டும். (Endha-voru urudhimozhikkum mun thittaththin nidhi nambagath-thanmaiyai naam madhippidu seiya vendum.),किसी भी प्रतिबद्धता से पहले हमें परियोजना की वित्तीय व्यवहार्यता (viability) का आकलन करना चाहिए। (Kisi bhi pratibaddhta se pehle humein pariyojna ki vitteeya vyavaharyata ka aaklan karna chahiye.)
Day 34,Advanced,The report highlights the multifaceted impact of globalization on local industries.,உள்ளூர் தொழில்களில் உலகமயமாக்கலின் பன்முகத் தாக்கத்தை அறிக்கை சுட்டிக்காட்டுகிறது. (Ullur thozhilgalil ulagamayamaakkalin pan-mugath thaakkaththai arikkai suttikkaattugiradhu.),रिपोर्ट स्थानीय उद्योगों पर वैश्वीकरण के बहुआयामी (multifaceted) प्रभाव पर प्रकाश डालती है। (Report sthaaniya udyogon par vaishveekaran ke bahu-aayami prabhav par prakash daalti hai.)
Day 34,Advanced,We need to implement sophisticated risk-mitigation strategies immediately.,நாம் உடனடியாக அதிநவீன இடர்-குறைப்பு உத்திகளைச் செயல்படுத்த வேண்டும். (Naam udanadiyaaga adhinaweena idar-kuraippu uththigalaich seiyalpadaiththa vendum.),हमें तुरंत परिष्कृत जोखिम-न्यूनकरण (risk-mitigation) रणनीतियों को लागू करने की आवश्यकता है। (Humein turant parishkrit jokhim-nyunikaran rann-neetiyon ko laagu karne ki aavashyakta hai.)
Day 34,Advanced,The regulatory framework aims to ensure market integrity and investor protection.,ஒழுங்குமுறை கட்டமைப்பானது சந்தை நேர்மை மற்றும் முதலீட்டாளர் பாதுகாப்பை உறுதி செய்வதை நோக்கமாகக் கொண்டுள்ளது. (Olungumurai kattamaippaandhu sandhai naermai matrum mudhaleettaalar paadhukaappai urudhi seivadhai nokkamaagak kondulladhu.),नियामक ढांचे (regulatory framework) का उद्देश्य बाजार की अखंडता और निवेशक सुरक्षा सुनिश्चित करना है। (Niyamak dhaanche ka uddeshya bazaar ki akhandta aur niveshak suraksha sunishchit karna hai.)
Day 34,Advanced,Continuous improvement is key to maintaining a competitive edge in the market.,சந்தையில் போட்டித்தன்மையை நிலைநாட்ட தொடர்ச்சியான முன்னேற்றம் முக்கியமானது. (Sandhaiyil pottith-thanmaiyai nilainaatta thodaruchiyaana munnetram mukkiyamaandhu.),बाजार में प्रतिस्पर्धी बढ़त (competitive edge) बनाए रखने के लिए निरंतर सुधार महत्वपूर्ण है। (Bazaar mein pratispardhi badhat banaye rakhne ke liye nirantar sudhaar mahatvapoorn hai.)
Day 34,Advanced,The initiative has the potential to fundamentally transform our business model.,இந்த முயற்சி நமது வணிக மாதிரியை அடிப்படை ரீதியாக மாற்றும் ஆற்றல் கொண்டது. (Indha muyarchi namadhu vaniga maadhiriyai adippadai reethiyaaga maatrum aatral kondadhu.),यह पहल हमारे बिजनेस मॉडल को मौलिक रूप से बदलने की क्षमता रखती है। (Yeh pehal humare business model ko maulik roop se badalne ki kshamta rakhti hai.)
Day 35,Advanced,We have successfully deployed cutting-edge technology to streamline operations.,செயல்பாடுகளை முறைப்படுத்த அதிநவீன தொழில்நுட்பத்தை நாங்கள் வெற்றிகரமாகப் பயன்படுத்தியுள்ளோம். (Seiyalpaadugalai muraippaduththa adhinaweena thozhilnutpaththai naangal vetrigaramaagap paiyanpaduththiyulloam.),हमने संचालन को सुव्यवस्थित करने के लिए अत्याधुनिक (cutting-edge) तकनीक का सफलतापूर्वक उपयोग किया है। (Humne sanchalan ko suvyavasthit karne ke liye atyadhunik takneek ka safaltapoorvak upyog kiya hai.)
Day 35,Advanced,The audit results are in full alignment with the statutory requirements.,தணிக்கை முடிவுகள் சட்டப்பூர்வ தேவைகளுடன் முழுமையாக ஒத்துப்போகின்றன. (Thanikkai mudivugal sattappoorva thevaigaludan muzhumaiyaaga oththuppogindrana.),ऑडिट के परिणाम वैधानिक आवश्यकताओं (statutory requirements) के पूर्ण अनुरूप हैं। (Audit ke parinaam vaidhanik aavashyaktaon ke poorn anuroop hain.)
Day 35,Advanced,It is essential to foster an environment that promotes cross-functional collaboration.,பல்துறை ஒத்துழைப்பை ஊக்குவிக்கும் சூழலை வளர்ப்பது அவசியம். (Pal-thurai oththuzhaippai ookkuvikkum suzhalai valarppadhu avasiyam.),एक ऐसा वातावरण विकसित करना आवश्यक है जो क्रॉस-फंक्शनल सहयोग को बढ़ावा दे। (Ek aisa vaatavaran vikasit karna aavashyak hai jo cross-functional sahyog ko badhava de.)
Day 35,Advanced,The board is considering fiscal incentives to stimulate innovation.,புதுமைகளைத் தூண்டுவதற்கு நிதிச் சலுகைகளை வழங்க வாரியம் பரிசீலித்து வருகிறது. (Pudhumaiyalai thoonduvadharkku nidhis chalugaigalai valanga vaariyam pariseeliththu varugiradhu.),बोर्ड नवाचार को प्रोत्साहित करने के लिए राजकोषीय प्रोत्साहन (fiscal incentives) पर विचार कर रहा है। (Board navachar ko protsahit karne ke liye rajkoshiya protsahan par vichaar kar raha hai.)
Day 35,Advanced,We must ensure that our long-term objectives are sustainable and ethical.,எங்களின் நீண்ட கால இலக்குகள் நிலையானவை மற்றும் தார்மீகமானவை என்பதை உறுதி செய்ய வேண்டும். (Engalin neenda kaala ilakkugal nilaiyaanavi matrum dhaar-meegamaanavi enbadhai urudhi seiya vendum.),हमें यह सुनिश्चित करना चाहिए कि हमारे दीर्घकालिक उद्देश्य टिकाऊ और नैतिक हों। (Humein yeh sunishchit karna chahiye ki humare deerghkaalik uddeshya tikau aur naitik hon.)
Day 36,Advanced,The document provides an intricate analysis of the current competitive landscape.,இந்த ஆவணம் தற்போதைய போட்டிச் சூழல் குறித்த சிக்கலான பகுப்பாய்வை வழங்குகிறது. (Indha aavannam tharpodhaiya pottich chuzhal kuritha sikkalaana paguppaaivai valangugiradhu.),दस्तावेज़ वर्तमान प्रतिस्पर्धी परिदृश्य का एक जटिल विश्लेषण प्रदान करता है। (Dastawez vartaman pratispardhi paridrishya ka ek jatil vishleshan pradan karta hai.)
Day 36,Advanced,I am writing to express my formal commitment to our strategic partnership.,எமது மூலோபாய கூட்டாண்மைக்கு எனது முறைப்படியான அர்ப்பணிப்பைத் தெரிவிக்க நான் எழுதுகிறேன். (Emadhu mooloapaaya koottannmaikku enadhu muraippadiyaana arppanippait therivikka naan ezhudhugiren.),मैं हमारी रणनीतिक साझेदारी के प्रति अपनी औपचारिक प्रतिबद्धता व्यक्त करने के लिए लिख रहा हूँ। (Main humari ranneetik saajhedari ke prati apni aupcharik pratibaddhta vyakt karne ke liye likh raha hoon.)
Day 36,Advanced,We must verify the data meticulously to prevent any analytical errors.,பகுப்பாய்வு பிழைகளைத் தவிர்க்க நாம் தரவுகளை மிக நுணுக்கமாகச் சரிபார்க்க வேண்டும். (Paguppaaivu pizhaigalaith thavirkka naam dharavugalai miga nunukkamaagas saripaarkka vendum.),हमें किसी भी विश्लेषणात्मक त्रुटि से बचने के लिए डेटा की सावधानीपूर्वक पुष्टि करनी चाहिए। (Humein kisi bhi vishleshnatmak truti se bachne ke liye data ki saavdhanipoorvak pushti karni chahiye.)
Day 36,Advanced,This milestone has the potential to significantly enhance our market valuation.,இந்த மைல்கல் நமது சந்தை மதிப்பை கணிசமாக மேம்படுத்தும் ஆற்றல் கொண்டது. (Indha mail-kal namadhu sandhai madhippai kanisamaaga mempaduththum aatral kondadhu.),यह मील का पत्थर (milestone) हमारे बाजार मूल्यांकन को महत्वपूर्ण रूप से बढ़ाने की क्षमता रखता है। (Yeh milestone humare bazaar mulyankan ko mahatvapoorn roop se badhane ki kshamta rakhti hai.)
Day 36,Advanced,We are committed to achieving a higher degree of organizational synergy.,நிறுவன ரீதியாக உயர்மட்ட ஒருங்கிணைப்பை அடைய நாங்கள் உறுதியாக உள்ளோம். (Niruvana reethiyaaga uyar-matta orunginaippai adaiya naangal urudhiyaaga ulloam.),हम संगठनात्मक तालमेल (synergy) के उच्च स्तर को प्राप्त करने के लिए प्रतिबद्ध हैं। (Hum sangathanatmak taalmel ke uchh star ko prapt karne ke liye pratibaddh hain.)
Day 37,Advanced,The forensic audit uncovered several irregularities in the financial reporting.,தடயவியல் தணிக்கை நிதி அறிக்கையிடலில் உள்ள பல முறைகேடுகளை வெளிப்படுத்தியுள்ளது. (Thadaiyaviyal thanikkai nidhi arikkaiyidalil ulla pala muraigaidugalai velippaduththiyulladhu.),फोरेंसिक ऑडिट में वित्तीय रिपोर्टिंग में कई अनियमितताओं का पता चला है। (Forensic audit mein vitteeya reporting mein kai aniyamitataon ka pata chala hai.)
Day 37,Advanced,Our primary objective is to maintain financial stability during the transition.,மாற்றத்தின் போது நிதி ஸ்திரத்தன்மையைப் பேணுவதே எங்களின் முதன்மை நோக்கம். (Maatrathtthin podhu nidhi sthirath-thanmaiyaip paenuvadhay engalin mudhanmai nokkam.),हमारा प्राथमिक उद्देश्य संक्रमण (transition) के दौरान वित्तीय स्थिरता बनाए रखना है। (Humara prathmik uddeshya transition ke dauran vitteeya sthirta banaye rakhna hai.)
Day 37,Advanced,We must synthesize the diverse viewpoints to form a cohesive strategy.,ஒரு ஒருங்கிணைந்த உத்தியை உருவாக்க பல்வேறு கருத்துக்களை நாம் ஒன்றிணைக்க வேண்டும். (Oru orunginaiththa uththiyai uruvaakka palveru karuththukkalai naam ondrinaikka vendum.),एक सुसंगत रणनीति बनाने के लिए हमें विविध दृष्टिकोणों को संश्लेषित (synthesize) करना चाहिए। (Ek susangat rann-neeti banane ke liye humein vividh drishtikonon ko synthesize karna chahiye.)
Day 37,Advanced,The project's outcome is heavily contingent on the global economic climate.,திட்டத்தின் முடிவு உலகளாவிய பொருளாதார சூழலை பெரிதும் சார்ந்துள்ளது. (Thittaththin mudivu ulagalaaviya porulaadhaara suzhalai peridhum saarndhulladhu.),परियोजना का परिणाम काफी हद तक वैश्विक आर्थिक माहौल पर निर्भर (contingent) है। (Pariyojna ka parinaam kaafi had tak vaishvik aarthik mahaul par nirbhar hai.)
Day 37,Advanced,The report provides a candid evaluation of the pitfalls encountered.,எதிர்கொண்ட இடையூறுகள் குறித்த வெளிப்படையான மதிப்பீட்டை அறிக்கை வழங்குகிறது. (Edhirkonda idaiyoorugal kuritha velippadaiyaana madhippittai arikkai valangugiradhu.),रिपोर्ट सामने आई खामियों (pitfalls) का स्पष्ट मूल्यांकन प्रदान करती है। (Report saamne aayi khamiyon ka spasht mulyankan pradan karti hai.)
Day 38,Advanced,I am writing to formally request a consultation regarding the legal dispute.,சட்டச் சிக்கல் தொடர்பாக ஆலோசனையைக் கோரி நான் முறைப்படி எழுதுகிறேன். (Sattach chikkal thodarbaga aaloasanaiyaik koari naan muraippadi ezhudhugiren.),मैं कानूनी विवाद के संबंध में औपचारिक रूप से परामर्श (consultation) का अनुरोध करने के लिए लिख रहा हूँ। (Main kanooni vivad ke sambandh mein aupcharik roop se paramarsh ka anurodh karne ke liye likh raha hoon.)
Day 38,Advanced,We need to identify synergistic opportunities to optimize our resource usage.,நமது வளப் பயன்பாட்டை மேம்படுத்த ஒருங்கிணைந்த வாய்ப்புகளைக் கண்டறிய வேண்டும். (Namadhu valap paiyanpaattai mempaduththa orunginaiththa vaaippugalai kandariya vendum.),हमें अपने संसाधन उपयोग को अनुकूलित करने के लिए सहक्रियात्मक (synergistic) अवसरों की पहचान करने की आवश्यकता है। (Humein apne sansadhan upyog ko anukoolit karne ke liye synergistic avsaron ki pehchan karne ki aavashyakta hai.)
Day 38,Advanced,It is essential to strictly adhere to the professional code of conduct.,தொழில்முறை நடத்தை விதிகளைத் துல்லியமாகப் பின்பற்றுவது அவசியம். (Thozhilmurai nadaththai vidhigalaith thulliyamaaga pinpattruvadhu avasiyam.),पेशेवर आचार संहिता (code of conduct) का कड़ाई से पालन करना आवश्यक है। (Peshewar aachar sanhita ka kadai se paalan karna aavashyak hai.)
Day 38,Advanced,The results of the feasibility study will dictate our investment decisions.,சாத்தியக்கூறு ஆய்வின் முடிவுகள் எங்களின் முதலீட்டு முடிவுகளைத் தீர்மானிக்கும். (Saaththiyakkooru aaivin mudivugal engalin mudhaleettu mudivugalai theermaanikkum.),व्यवहार्यता अध्ययन (feasibility study) के परिणाम हमारे निवेश निर्णयों को तय करेंगे। (Vyavaharyata adhyayan ke parinaam humare nivesh nirnayon ko tay karenge.)
Day 38,Advanced,We are striving to cultivate an environment that empowers every employee.,ஒவ்வொரு ஊழியருக்கும் அதிகாரமளிக்கும் சூழலை வளர்க்க நாங்கள் முயற்சி செய்கிறோம். (Ovvoru oozhiyarukkum adhigaaramalikkum suzhalai valarkka naangal muyarchi seigiroam.),हम एक ऐसा वातावरण विकसित करने का प्रयास कर रहे हैं जो हर कर्मचारी को सशक्त बनाता है। (Hum ek aisa vaatavaran vikasit karne ka prayas kar rahe hain jo har karmchari ko sashakt banata hai.)
Day 39,Advanced,The project requires a high degree of collaboration between the stakeholders.,இந்தத் திட்டத்திற்குப் பங்குதாரர்களுக்கு இடையே உயர்மட்ட ஒத்துழைப்பு தேவை. (Indha thittaththirkup pangudhaarargalukku idaiyae uyar-matta oththuzhaippu thevai.),परियोजना के लिए हितधारकों (stakeholders) के बीच उच्च स्तर के सहयोग की आवश्यकता है। (Pariyojna ke liye hitdharakon ke beech uchh star ke sahyog ki aavashyakta hai.)
Day 39,Advanced,I have enclosed the strategic plan for your comprehensive evaluation.,உங்கள் விரிவான மதிப்பீட்டிற்காக மூலோபாயத் திட்டத்தை இணைத்துள்ளேன். (Ungal virivaana madhippittirkaaga mooloapaayath thittaththai inaippiththullen.),मैंने आपके व्यापक मूल्यांकन के लिए रणनीतिक योजना (strategic plan) संलग्न की है। (Maine aapke vyapak mulyankan ke liye ranneetik yojna sanlagn ki hai.)
Day 39,Advanced,We must mitigate the risks associated with global market volatility.,உலகளாவிய சந்தை ஏற்ற இறக்கங்களுடன் தொடர்புடைய அபாயங்களை நாம் குறைக்க வேண்டும். (Ulagalaaviya sandhai ettra irakkangaludan thodarpudaiya abaayangalai naam kuraikka vendum.),हमें वैश्विक बाजार की अस्थिरता से जुड़े जोखिमों को कम करना चाहिए। (Humein vaishvik bazaar ki astharta se jude jokhimon ko kam karna chahiye.)
Day 39,Advanced,The performance was evaluated against a stringent set of benchmarks.,செயல்பாடு கடுமையான அளவுகோல்களின் தொகுப்பிற்கு எதிராக மதிப்பிடப்பட்டது. (Seiyalpattu kadumaiyaana alavukoalgalkalin thoguppirku edhiraga madhippidappattadhu.),प्रदर्शन का मूल्यांकन कड़े बेंचमार्क (benchmarks) के सेट के आधार पर किया गया था। (Pradarshan ka mulyankan kade benchmarks ke set ke aadhar par kiya gaya tha.)
Day 39,Advanced,The collaboration has facilitated a more holistic perspective on the project.,இந்த ஒத்துழைப்பு திட்டம் குறித்த முழுமையான கண்ணோட்டத்தை எளிதாக்கியுள்ளது. (Indha oththuzhaippu thittam kuritha muzhumaiyaana kannottathai elidhaakkiyulladhu.),सहयोग ने परियोजना पर अधिक समग्र (holistic) दृष्टिकोण रखने में मदद की है। (Sahyog ne pariyojna par adhik samagra drishtikon rakhne mein madad ki hai.)
Day 40,Advanced,We are currently analyzing the implications of the latest fiscal policy.,சமீபத்திய நிதிக் கொள்கையின் தாக்கங்களை நாங்கள் தற்போது ஆய்வு செய்து வருகிறோம். (Sameebathiya nidhik kolgaiyin thakkangalai naangal tharpodhu aaivu seidhu varugiroam.),हम वर्तमान में नवीनतम राजकोषीय नीति (fiscal policy) के निहितार्थों का विश्लेषण कर रहे हैं। (Hum vartaman mein naveentam rajkoshiya neeti ke nihitarthon ka vishleshan kar rahe hain.)
Day 40,Advanced,The proposal was withdrawn pending further clarification on the funding.,நிதி குறித்த கூடுதல் விளக்கம் வரும் வரை முன்மொழிவு திரும்பப் பெறப்பட்டது. (Nidhi kuritha koodudhal vilakkam varum varai munmozhiyivu thirumbap perappattadhu.),वित्तपोषण (funding) पर और स्पष्टीकरण मिलने तक प्रस्ताव वापस ले लिया गया था। (Funding par aur spashtikaran milne tak prastav waapas le liya gaya tha.)
Day 40,Advanced,We must consider the socioeconomic factors of the target audience.,இலக்கு பார்வையாளர்களின் சமூக-பொருளாதாரக் காரணிகளை நாம் கருத்தில் கொள்ள வேண்டும். (Ilakku paarvaiyaalargalin samooga-porulaadhaarak kaaranigalai naam karudhil kolla vendum.),हमें लक्षित दर्शकों के सामाजिक-आर्थिक कारकों पर विचार करना चाहिए। (Humein lakshit darshakon ke samajik-aarthik kaarkon par vichaar karna chahiye.)
Day 40,Advanced,The breakthrough could redefine our strategy for future growth.,இந்தத் திருப்புமுனை எதிர்கால வளர்ச்சிக்கான நமது உத்தியை மறுவரையறை செய்யலாம். (Indha thiruppumunai edhirkaala valarchikkaana namadhu uththiyai maru-varaiyarai seiyalaam.),यह बड़ी सफलता (breakthrough) भविष्य के विकास के लिए हमारी रणनीति को फिर से परिभाषित कर सकती है। (Yeh badi safalta bhavishya ke vikas ke liye humari ranneeti ko phir se paribhashit kar sakti hai.)
Day 40,Advanced,I am writing to propose a formal alliance between our organizations.,எமது நிறுவனங்களுக்கு இடையே முறைப்படியான கூட்டணியை முன்மொழிய நான் எழுதுகிறேன். (Emadhu niruvanangalkkum idaiyae muraippadiyaana koottuniyai munmozhiya naan ezhudhugiren.),मैं हमारे संगठनों के बीच औपचारिक गठबंधन (formal alliance) का प्रस्ताव देने के लिए लिख रहा हूँ। (Main humare sangathanon ke beech aupcharik gathbandhan ka prastav dene ke liye likh raha hoon.)
Day 41,Advanced,We must scrutinize the proposal to ensure it aligns with our core objectives.,முன்மொழிவு நமது முக்கிய நோக்கங்களுடன் ஒத்துப்போவதை உறுதி செய்ய நாம் அதை உன்னிப்பாகப் பரிசோதிக்க வேண்டும். (Munmozhiyivu namadhu mukkiya nokkangaldan oththuppovadhai urudhi seiya naam adhai unnirppaagap parisoadhikka vendum.),हमें यह सुनिश्चित करने के लिए प्रस्ताव की सूक्ष्म जांच करनी चाहिए कि यह हमारे मुख्य उद्देश्यों के अनुरूप हो। (Humein yeh sunishchit karne ke liye prastav ki sookshm jaanch karni chahiye ki yeh humare mukhya uddeshyon ke anuroop ho.)
Day 41,Advanced,The organization is undergoing a paradigm shift in its approach to management.,நிறுவனம் அதன் மேலாண்மை அணுகுமுறையில் ஒரு அடிப்படை மாற்றத்தை (paradigm shift) சந்தித்து வருகிறது. (Niruvanam adhan melaanmai anugumuraiyil oru adippadai maatratthai sandhithu varugiradhu.),संगठन अपने प्रबंधन के दृष्टिकोण में एक वैचारिक परिवर्तन (paradigm shift) से गुजर रहा है। (Sangathan apne prabandhan ke drishtikon mein ek vaicharik parivartan se guzar raha hai.)
Day 41,Advanced,It is imperative to maintain professional decorum during high-stakes negotiations.,முக்கியமான பேச்சுவார்த்தைகளின் போது தொழில்முறை கண்ணியத்தைப் பேணுவது அவசியமாகும். (Mukkiyamaana pechchuvaarththaigalin podhu thozhilmurai kanniyaththaip paenuvadhu avasiyamaagum.),उच्च-स्तरीय बातचीत (negotiations) के दौरान पेशेवर मर्यादा (decorum) बनाए रखना अनिवार्य है। (Uchh-stariya baat-cheet ke dauran peshewar maryada banaye rakhna anivarya hai.)
Day 41,Advanced,The findings highlight the critical importance of fostering organizational resilience.,கண்டுபிடிப்புகள் நிறுவன மீள்திறனை வளர்ப்பதன் முக்கியத்துவத்தை அடிக்கோடிட்டுக் காட்டுகின்றன. (Kandupidippugal niruvana meelthiranai valarppadhan mukkiyathuvathai adikkottuk kaattugindrana.),निष्कर्ष संगठनात्मक लचीलापन (resilience) को बढ़ावा देने के महत्वपूर्ण महत्व पर प्रकाश डालते हैं। (Nishkarsh sangathanatmak lacheelapan ko badhava dene ke mahatvapoorn mahatv par prakash daalte hain.)
Day 41,Advanced,We must take decisive measures to mitigate the environmental impact of our operations.,எங்களின் செயல்பாடுகளின் சுற்றுச்சூழல் பாதிப்பைக் குறைக்க நாம் தீர்க்கமான நடவடிக்கைகளை எடுக்க வேண்டும். (Engalin seiyalpaadugalin sutruch-soozhal paadhippaik kuraikka naam theerkamaana nadavadikkaigalai edukka vendum.),हमें अपने कार्यों के पर्यावरणीय प्रभाव को कम करने के लिए निर्णायक कदम उठाने चाहिए। (Humein apne karyon ke paryavaraniya prabhav ko kam karne ke liye nirnayak kadam uthane chahiye.)
Day 42,Advanced,The current market volatility necessitates a robust and adaptive risk-management strategy.,தற்போதைய சந்தை ஏற்ற இறக்கம் ஒரு வலுவான மற்றும் தகவமைக்கக்கூடிய இடர்-மேலாண்மை உத்தியை அவசியமாக்குகிறது. (Tharpodhaiya sandhai ettra irakkam oru valuvaana matrum thagavaimaikkakkoodiya idar-melaanmai uththiyai avasiyamaakkugiradhu.),वर्तमान बाजार की अस्थिरता के लिए एक मजबूत और अनुकूलन योग्य जोखिम-प्रबंधन रणनीति आवश्यक है। (Vartaman bazaar ki astharta ke liye ek mazboot aur anukoolan yogya jokhim-prabandhan rann-neeti aavashyak hai.)
Day 42,Advanced,I would appreciate your candid evaluation of our recent performance metrics.,எங்களின் சமீபத்திய செயல்திறன் அளவீடுகள் குறித்த உங்களின் வெளிப்படையான மதிப்பீட்டை நான் பாராட்டுகிறேன். (Engalin sameebathiya seiyalthiran alaveedugal kuritha ungalin velippadaiyaana madhippittai naan paarattugiren.),मैं हमारे हालिया प्रदर्शन मेट्रिक्स के आपके स्पष्ट मूल्यांकन की सराहना करूँगा। (Main humare haaliya pradarshan metrics ke aapke spasht mulyankan ki saraahna karunga.)
Day 42,Advanced,We are working diligently to enhance the operational efficiency of our supply chain.,எங்களின் விநியோகச் சங்கிலியின் செயல்பாட்டுத் திறனை மேம்படுத்த நாங்கள் விடாமுயற்சியுடன் செயல்பட்டு வருகிறோம். (Engalin viniyoga changiliyin seiyalpattu thiranai mempaduththa naangal vidaamuyarchiyudan seiyalpattu varugirom.),हम अपनी आपूर्ति श्रृंखला (supply chain) की परिचालन दक्षता बढ़ाने के लिए लगन से काम कर रहे हैं। (Hum apni supply chain ki parichalan dakshata badhane ke liye lagan se kaam kar rahe hain.)
Day 42,Advanced,Maintaining fiscal integrity is paramount for building long-term investor confidence.,நீண்ட கால முதலீட்டாளர் நம்பிக்கையை வளர்ப்பதற்கு நிதி நேர்மையைப் பேணுவது மிக முக்கியம். (Neenda kaala mudhaleettaalar nambikkaiyai valarppadharku nidhi naermaiyaip paenuvadhu miga mukkiyam.),दीर्घकालिक निवेशक विश्वास बनाने के लिए राजकोषीय अखंडता बनाए रखना सर्वोपरि है। (Deerghkaalik niveshak vishwas banane ke liye rajkoshiya akhandta banaye rakhna sarvopari hai.)
Day 42,Advanced,The study provides substantial empirical evidence to support our initial hypothesis.,இந்த ஆய்வு எங்களின் ஆரம்ப கருதுகோளை ஆதரிக்க போதுமான ஆதாரங்களை வழங்குகிறது. (Indha aaivu engalin aaramba karudhugoalai aadharkka podhumaana aadhaarangalai valangugiradhu.),अध्ययन हमारी प्रारंभिक परिकल्पना (hypothesis) का समर्थन करने के लिए पर्याप्त अनुभवजन्य साक्ष्य प्रदान करता है। (Adhyayan humari prarambhik parikalpana ka samarthan karne ke liye paryapt anubhav-janya saakshya pradan karta hai.)
Day 43,Advanced,We are seeking a strategic partnership that fosters mutual growth and innovation.,பரஸ்பர வளர்ச்சி மற்றும் புதுமையை வளர்க்கும் ஒரு மூலோபாய கூட்டாண்மையை நாங்கள் எதிர்பார்க்கிறோம். (Paraspara valarchi matrum pudhumaiyai valarkkum oru mooloapaaya koottannmaiyai naangal edhirpaarkkirom.),हम एक ऐसी रणनीतिक साझेदारी की तलाश में हैं जो पारस्परिक विकास और नवाचार को बढ़ावा दे। (Hum ek aisi ranneetik saajhedari ki talaash mein hain jo parasparik vikas aur navachar ko badhava de.)
Day 43,Advanced,The proposal outlines a detailed roadmap for comprehensive digital transformation.,இந்த முன்மொழிவு விரிவான டிஜிட்டல் மாற்றத்திற்கான விரிவான வரைபடத்தை விளக்குகிறது. (Indha munmozhiyivu virivaana digital maatratthirkaana virivaana varaipadathai vilakkugiradhu.),प्रस्ताव व्यापक डिजिटल परिवर्तन के लिए एक विस्तृत रोडमैप तैयार करता है। (Prastav vyapak digital parivartan ke liye ek vistrit roadmap taiyar karta hai.)
Day 43,Advanced,It is essential to strictly comply with the international standards of corporate ethics.,நிறுவன நெறிமுறைகளின் சர்வதேச தரத்திற்குத் துல்லியமாக இணங்குவது அவசியம். (Niruvana nerimuraigalin sarvadhesa tharaththirkku thulliyamaaga inanguvadhu avasiyam.),कॉर्पोरेट नैतिकता के अंतरराष्ट्रीय मानकों का कड़ाई से पालन करना आवश्यक है। (Corporate naitikta ke antarrashtriya maanakon ka kadai se paalan karna aavashyak hai.)
Day 43,Advanced,The company has demonstrated remarkable agility in navigating a complex market.,ஒரு சிக்கலான சந்தையைக் கையாள்வதில் நிறுவனம் குறிப்பிடத்தக்க சுறுசுறுப்பை வெளிப்படுத்தியுள்ளது. (Oru sikkalaana sandhaiyaik kaiyaaluvadhil niruvanam kurippidaththakka suruchuruppai velippaduththiyulladhu.),कंपनी ने एक जटिल बाजार में काम करने में उल्लेखनीय चपलता (agility) प्रदर्शित की है। (Company ne ek jatil bazaar mein kaam karne mein ullekhneeya chapalta pradarshit ki hai.)
Day 43,Advanced,We must evaluate the financial feasibility of the project before allocating resources.,வளங்களை ஒதுக்குவதற்கு முன் திட்டத்தின் நிதிச் சாத்தியக்கூறுகளை நாம் மதிப்பீடு செய்ய வேண்டும். (Valangalai odhukkivadharku mun thittaththin nidhis-saaththiyakkoorugalai naam madhippidu seiya vendum.),संसाधनों के आवंटन से पहले हमें परियोजना की वित्तीय व्यवहार्यता (feasibility) का मूल्यांकन करना चाहिए। (Sansadhanon ke aavantan se pehle humein pariyojna ki vitteeya vyavaharyata ka mulyankan karna chahiye.)
Day 44,Advanced,The analysis highlights the transformative potential of artificial intelligence.,செயற்கை நுண்ணறிவின் (AI) மாற்றத்தக்க ஆற்றலை இந்த ஆய்வு சுட்டிக்காட்டுகிறது. (Seiyarkai nunnarivuin maatranthakka aatralai indha aaivu suttikkaattugiradhu.),विश्लेषण आर्टिफिशियल इंटेलिजेंस की परिवर्तनकारी क्षमता पर प्रकाश डालता है। (Vishleshan artificial intelligence ki parivartankari kshamta par prakash daalta hai.)
Day 44,Advanced,We need to implement robust data-governance policies to ensure information security.,தகவல் பாதுகாப்பை உறுதிப்படுத்த நாம் வலுவான தரவு-ஆளுமை கொள்கைகளைச் செயல்படுத்த வேண்டும். (Thagaval paadhukaappai urudhi seiya naam valuvaana dharavu-aalunai kolgaigalaich seiyalpadaiththa vendum.),सूचना सुरक्षा सुनिश्चित करने के लिए हमें मजबूत डेटा-गवर्नेंस नीतियां लागू करने की आवश्यकता है। (Soochna suraksha sunishchit karne ke liye humein mazboot data-governance neetiyaan laagu karne ki aavashyakta hai.)
Day 44,Advanced,The report emphasizes the need for a collaborative approach to problem-solving.,சிக்கலைத் தீர்ப்பதற்கு ஒரு கூட்டு அணுகுமுறை அவசியம் என்று அறிக்கை வலியுறுத்துகிறது. (Sikkalaith theerppadharku oru koottu anugumurai avasiyam endru arikkai valiyuruthugiradhu.),रिपोर्ट समस्या-समाधान के लिए एक सहयोगी दृष्टिकोण की आवश्यकता पर जोर देती है। (Report samasya-samadhan ke liye ek sahyogi drishtikon ki aavashyakta par zor deti hai.)
Day 44,Advanced,Professional excellence requires a commitment to lifelong learning and skill development.,தொழில்முறை சிறப்புக்கு வாழ்நாள் முழுவதும் கற்றல் மற்றும் திறன் மேம்பாட்டிற்கான அர்ப்பணிப்பு தேவை. (Thozhilmurai sirappukkku vaazhnaal muzhuvadhum katral matrum thiran mempaattirkaana arppanippu thevai.),पेशेवर उत्कृष्टता के लिए आजीवन सीखने और कौशल विकास के प्रति प्रतिबद्धता की आवश्यकता होती है। (Peshewar utkrishtta ke liye aajeevan seekhne aur kaushal vikas ke prati pratibaddhta ki aavashyakta hoti hai.)
Day 44,Advanced,The project has the potential to fundamentally redefine the landscape of the industry.,இத்துறையின் சூழலை அடிப்படை ரீதியாக மறுவரையறை செய்யும் ஆற்றல் இந்தத் திட்டத்திற்கு உண்டு. (Iththuraiyin suzhalai adippadai reethiyaaga maru-varaiyarai seiyum aatral indha thittaththirku undu.),परियोजना में उद्योग के परिदृश्य को मौलिक रूप से फिर से परिभाषित करने की क्षमता है। (Pariyojna mein udyog ke paridrishya ko maulik roop se phir se paribhashit karne ki kshamta hai.)
Day 45,Advanced,We have successfully integrated advanced analytical tools to streamline our processes.,எங்களின் செயல்முறைகளை முறைப்படுத்த மேம்பட்ட பகுப்பாய்வு கருவிகளை நாங்கள் வெற்றிகரமாக ஒருங்கிணைத்துள்ளோம். (Engalin seiyal-muraigalai muraippaduththa mempatta paguppaaivu karuvigalai naangal vetrigaramaaga orunginaiththulloam.),हमने अपनी प्रक्रियाओं को सुव्यवस्थित करने के लिए उन्नत विश्लेषणात्मक उपकरणों को सफलतापूर्वक एकीकृत किया है। (Humne apni prakriyaon ko suvyavasthit karne ke liye unnat vishleshnatmak upkarnon ko safaltapoorvak ekikrit kiya hai.)
Day 45,Advanced,The results of the audit are consistent with international accounting standards.,தணிக்கையின் முடிவுகள் சர்வதேச கணக்கியல் தரநிலைகளுக்கு இணங்க உள்ளன. (Thanikkaiyin mudivugal sarvadhesa kanakkiyal tharanilaigalukku inanga ullana.),ऑडिट के परिणाम अंतरराष्ट्रीय लेखा मानकों (accounting standards) के अनुरूप हैं। (Audit ke parinaam antarrashtriya lekha maanakon ke anuroop hain.)
Day 45,Advanced,It is essential to foster a workplace environment that celebrates diversity and inclusion.,பன்முகத்தன்மை மற்றும் உள்ளடக்கத்தைக் கொண்டாடும் பணியிட சூழலை வளர்ப்பது அவசியம். (Panmugath-thanmai matrum ulladakkathai kondaadum paniyaida suzhalai valarppadhu avasiyam.),एक ऐसा कार्यस्थल वातावरण विकसित करना आवश्यक है जो विविधता और समावेश का जश्न मनाए। (Ek aisa karyasthal vaatavaran vikasit karna aavashyak hai jo vividhata aur samavesh ka jashn manaye.)
Day 45,Advanced,The company is exploring innovative strategies to optimize its resource allocation.,வள ஒதுக்கீட்டை மேம்படுத்த நிறுவனம் புதுமையான உத்திகளை ஆராய்ந்து வருகிறது. (Vala odhikkittai mempaduththa niruvanam pudhumaiyaana uththigalai aaraaindhu varugiradhu.),कंपनी अपने संसाधन आवंटन को अनुकूलित करने के लिए अभिनव रणनीतियों की तलाश कर रही है। (Company apne sansadhan aavantan ko anukoolit karne ke liye abhinav rann-neetiyon ki talaash kar rahi hai.)
Day 45,Advanced,We must ensure that our long-term goals are ecologically and socially sustainable.,எங்களின் நீண்ட கால இலக்குகள் சுற்றுச்சூழல் மற்றும் சமூக ரீதியாக நிலையானவை என்பதை உறுதி செய்ய வேண்டும். (Engalin neenda kaala ilakkugal sutruch-soozhal matrum samooga reethiyaaga nilaiyaanavi enbadhai urudhi seiya vendum.),हमें यह सुनिश्चित करना चाहिए कि हमारे दीर्घकालिक लक्ष्य पारिस्थितिक और सामाजिक रूप से टिकाऊ हों। (Humein yeh sunishchit karna chahiye ki humare deerghkaalik uddeshya paaristhitik aur samajik roop se tikau hon.)
Day 46,Advanced,The document provides an in-depth analysis of the current competitive landscape.,இந்த ஆவணம் தற்போதைய போட்டிச் சூழல் குறித்த ஆழமான பகுப்பாய்வை வழங்குகிறது. (Indha aavannam tharpodhaiya pottich chuzhal kuritha aazhndha paguppaaivai valangugiradhu.),दस्तावेज़ वर्तमान प्रतिस्पर्धी परिदृश्य का गहन विश्लेषण प्रदान करता है। (Dastawez vartaman pratispardhi paridrishya ka gahan vishleshan pradan karta hai.)
Day 46,Advanced,We must interpret the statistical data with caution to avoid any misleading conclusions.,தவறான முடிவுகளைத் தவிர்க்க நாம் புள்ளிவிவரத் தரவுகளை எச்சரிக்கையுடன் விளக்க வேண்டும். (Thavarana mudivugalaith thavirikka naam pullivivara dharavugala i echarikkaiyudan vilakka vendum.),हमें किसी भी भ्रामक निष्कर्ष से बचने के लिए सांख्यिकीय डेटा की सावधानीपूर्वक व्याख्या करनी चाहिए। (Humein kisi bhi bhramak nishkarsh se bachne ke liye sankhyikiya data ki saavdhanipoorvak vyakhya karni chahiye.)
Day 46,Advanced,This milestone has the potential to significantly enhance our market positioning.,இந்த மைல்கல் நமது சந்தை நிலையை கணிசமாக மேம்படுத்தும் ஆற்றல் கொண்டது. (Indha mail-kal namadhu sandhai nilaiyai kanisamaaga mempaduththum aatral kondadhu.),यह मील का पत्थर (milestone) हमारी बाजार स्थिति को महत्वपूर्ण रूप से बढ़ाने की क्षमता रखता है। (Yeh milestone humari bazaar sthiti ko mahatvapoorn roop se badhane ki kshamta rakhti hai.)
Day 46,Advanced,We are committed to achieving the highest standards of operational excellence.,செயல்பாட்டுச் சிறப்பின் மிக உயர்ந்த தரத்தை அடைய நாங்கள் உறுதியாக உள்ளோம். (Seiyalpattu chirappin miga uyarndha dharathai adaiya naangal urudhiyaaga ulloam.),हम परिचालन उत्कृष्टता (operational excellence) के उच्चतम मानकों को प्राप्त करने के लिए प्रतिबद्ध हैं। (Hum parichalan utkrishtta ke uchhtam maanakon ko prapt karne ke liye pratibaddh hain.)
Day 46,Advanced,The investigation identified several systemic failures in the existing safety protocols.,தற்போதுள்ள பாதுகாப்பு நெறிமுறைகளில் உள்ள பல முறையான தோல்விகளை விசாரணை கண்டறிந்துள்ளது. (Tharpodhu ulla paadhukaappu nerimuraigalil ulla pala muraiyaana tholvigalai vichaaranai kandarithulladhu.),जांच में मौजूदा सुरक्षा प्रोटोकॉल में कई प्रणालीगत (systemic) विफलताओं की पहचान की गई है। (Jaanch mein maujooda suraksha protocol mein kai systemic vifaltaon ki pehchan ki gayi hai.)
Day 47,Advanced,Our primary focus is on expanding our presence in the emerging Southeast Asian markets.,வளர்ந்து வரும் தென்கிழக்கு ஆசிய சந்தைகளில் எங்களின் இருப்பை விரிவுபடுத்துவதே எங்களின் முதன்மையான கவனம். (Valarndhu varum then-kizhakku Asia sandhai-galil engalin iruppai virivupaduththuvadhay engalin mudhanmaiyaana gavanm.),हमारा प्राथमिक ध्यान उभरते दक्षिण-पूर्व एशियाई बाजारों में अपनी उपस्थिति बढ़ाने पर है। (Humara prathmik dhyan ubharte dakshin-poorv aashiyayi bazaaron mein apni upasthiti badhane par hai.)
Day 47,Advanced,We must synthesize the diverse perspectives of our stakeholders into a cohesive plan.,எமது பங்குதாரர்களின் பல்வேறு கண்ணோட்டங்களை ஒரு ஒருங்கிணைந்த திட்டமாக நாம் ஒன்றிணைக்க வேண்டும். (Emadhu pangudhaarargalin palveru kannottangalhai oru orunginaiththa thittamaaga naam ondrinaikka vendum.),हमें अपने हितधारकों (stakeholders) के विविध दृष्टिकोणों को एक सुसंगत योजना में संश्लेषित (synthesize) करना चाहिए। (Humein apne hitdharakon ke vividh drishtikonon ko ek susangat yojna mein synthesize karna chahiye.)
Day 47,Advanced,The success of the project is heavily contingent on securing additional funding.,திட்டத்தின் வெற்றி கூடுதல் நிதியைப் பெறுவதைப் பொறுத்தே அமையும். (Thittaththin vetri koodudhal nidhiyaip peruvadhaip poruththay amaiyum.),परियोजना की सफलता अतिरिक्त धन प्राप्त करने पर बहुत अधिक निर्भर (contingent) है। (Pariyojna ki safalta atirikt dhan prapt karne par bahut adhik nirbhar hai.)
Day 47,Advanced,The report provides a candid assessment of the challenges and opportunities ahead.,வரவிருக்கும் சவால்கள் மற்றும் வாய்ப்புகள் குறித்த வெளிப்படையான மதிப்பீட்டை அறிக்கை வழங்குகிறது. (Varavirukkum savaalgal matrum vaaippugal kuritha velippadaiyaana madhippittai arikkai valangugiradhu.),रिपोर्ट आने वाली चुनौतियों और अवसरों का स्पष्ट मूल्यांकन प्रदान करती है। (Report aane wali chunautiyon aur avsaron ka spasht mulyankan pradan karti hai.)
Day 47,Advanced,I am writing to formally request a consultation regarding the proposed restructuring.,முன்மொழியப்பட்ட மறுசீரமைப்பு தொடர்பாக ஆலோசனையைக் கோரி நான் முறைப்படி எழுதுகிறேன். (Munmozhiyappatta maruseeramaippu thodarbaga aaloasanaiyaik koari naan muraippadi ezhudhugiren.),मैं प्रस्तावित पुनर्गठन (restructuring) के संबंध में औपचारिक रूप से परामर्श का अनुरोध करने के लिए लिख रहा हूँ। (Main prastavit punargathan ke sambandh mein aupcharik roop se paramarsh ka anurodh karne ke liye likh raha hoon.)
Day 48,Advanced,We need to identify synergistic opportunities to enhance our competitive advantage.,நமது போட்டிச் சாதகத்தை மேம்படுத்த ஒருங்கிணைந்த வாய்ப்புகளைக் கண்டறிய வேண்டும். (Namadhu pottich saadhagathai mempaduththa orunginaiththa vaaippugalai kandariya vendum.),हमें अपने प्रतिस्पर्धी लाभ को बढ़ाने के लिए सहक्रियात्मक (synergistic) अवसरों की पहचान करने की आवश्यकता है। (Humein apne pratispardhi laabh ko badhane ke liye synergistic avsaron ki pehchan karne ki aavashyakta hai.)
Day 48,Advanced,It is essential to maintain professional integrity in all our business transactions.,எங்களின் அனைத்து வணிக நடவடிக்கைகளிலும் தொழில்முறை நேர்மையைப் பேணுவது அவசியம். (Engalin anaithu vaniga nadavadikkaigalilum thozhilmurai naermaiyaip paenuvadhu avasiyam.),हमारे सभी व्यावसायिक लेनदेन में पेशेवर अखंडता (professional integrity) बनाए रखना आवश्यक है। (Humare sabhi vyavsayik len-den mein peshewar akhandta banaye rakhna aavashyak hai.)
Day 48,Advanced,The findings of the market research will inform our future strategic decisions.,சந்தை ஆராய்ச்சியின் கண்டுபிடிப்புகள் எங்களின் எதிர்கால மூலோபாய முடிவுகளுக்கு உதவும். (Sandhai aaraichiyin kandupidippugal engalin edhirkaala mooloapaaya mudivugalukku udhavum.),बाजार अनुसंधान के निष्कर्ष हमारे भविष्य के रणनीतिक निर्णयों को सूचित करेंगे। (Bazaar anusandhan ke nishkarsh humare bhavishya ke ranneetik nirnayon ko soochit karenge.)
Day 48,Advanced,We are striving to establish ourselves as a socially responsible and ethical corporation.,ஒரு சமூகப் பொறுப்புள்ள மற்றும் நேர்மையான நிறுவனமாக எங்களை நிலைநிறுத்த நாங்கள் முயற்சி செய்கிறோம். (Oru samoogap poruppulla matrum naermaiyaana niruvanamaaga engalai nilainiruththa naangal muyarchi seigiroam.),हम खुद को एक सामाजिक रूप से जिम्मेदार और नैतिक निगम के रूप में स्थापित करने का प्रयास कर रहे हैं। (Hum khud ko ek samajik roop se zimmedar aur naitik nigam ke roop mein sthapit karne ka prayas kar rahe hain.)
Day 48,Advanced,The project necessitates a high degree of collaboration between multiple departments.,இந்தத் திட்டத்திற்குப் பல துறைகளுக்கு இடையே உயர்மட்ட ஒத்துழைப்பு அவசியம். (Indha thittaththirkup pala thuraigalukku idaiyae uyar-matta oththuzhaippu avasiyam.),परियोजना के लिए कई विभागों के बीच उच्च स्तर के सहयोग की आवश्यकता है। (Pariyojna ke liye kai vibhagon ke beech uchh star ke sahyog ki aavashyakta hai.)
Day 49,Advanced,I have enclosed the required documentation for your comprehensive review and feedback.,உங்கள் விரிவான பார்வைக்கும் கருத்துக்கும் தேவையான ஆவணங்களை இணைத்துள்ளேன். (Ungal virivaana paarvaikkum karuththukkum thevaiyaana aavannangalai inaippiththullen.),मैंने आपकी व्यापक समीक्षा और प्रतिक्रिया के लिए आवश्यक दस्तावेज संलग्न किए हैं। (Maine aapke vyapak sameeksha aur pratikriya ke liye aavashyak dastawez sanlagn kiye hain.)
Day 49,Advanced,We must mitigate the financial risks associated with international market expansion.,சர்வதேச சந்தை விரிவாக்கத்துடன் தொடர்புடைய நிதி அபாயங்களை நாம் குறைக்க வேண்டும். (Sarvadhesa sandhai virivaakkaththudan thodarpudaiya nidhi abaayangalai naam kuraikka vendum.),हमें अंतरराष्ट्रीय बाजार विस्तार से जुड़े वित्तीय जोखिमों को कम करना चाहिए। (Humein antarrashtriya bazaar vistar se jude vitteeya jokhimon ko kam karna chahiye.)
Day 49,Advanced,The performance was evaluated against a predefined set of rigorous benchmarks.,செயல்பாடு முன்பே தீர்மானிக்கப்பட்ட கடுமையான அளவுகோல்களின் தொகுப்பிற்கு எதிராக மதிப்பிடப்பட்டது. (Seiyalpattu munbe theermaanikkappatta kadumaiyaana alavukoalgalin thoguppirku edhiraga madhippidappattadhu.),प्रदर्शन का मूल्यांकन कड़े बेंचमार्क (benchmarks) के एक पूर्व-निर्धारित सेट के आधार पर किया गया था। (Pradarshan ka mulyankan kade benchmarks ke ek poorv-nirdharit set ke aadhar par kiya gaya tha.)
Day 49,Advanced,The collaboration has facilitated a more holistic perspective on the complex issue.,இந்த ஒத்துழைப்பு சிக்கலான விவகாரத்தில் ஒரு முழுமையான கண்ணோட்டத்தை எளிதாக்கியுள்ளது. (Indha oththuzhaippu sikkalaana vivagaarathil oru muzhumaiyaana kannottathai elidhaakkiyulladhu.),सहयोग ने जटिल मुद्दे पर अधिक समग्र (holistic) दृष्टिकोण रखने में मदद की है। (Sahyog ne jatil mudde par adhik samagra drishtikon rakhne mein madad ki hai.)
Day 49,Advanced,We are currently evaluating the socio-economic implications of the new policy.,புதிய கொள்கையின் சமூக-பொருளாதார தாக்கங்களை நாங்கள் தற்போது மதிப்பீடு செய்து வருகிறோம். (Pudhiya kolgaiyin samooga-porulaadhaara thakkangalai naangal tharpodhu madhippidu seidhu varugiroam.),हम वर्तमान में नई नीति के सामाजिक-आर्थिक निहितार्थों (implications) का मूल्यांकन कर रहे हैं। (Hum vartaman mein nayi neeti ke samajik-aarthik nihitarthon ka mulyankan kar rahe hain.)
Day 50,Advanced,The proposal was withdrawn pending further clarification on the estimated budget.,மதிப்பீடு செய்யப்பட்ட பட்ஜெட் குறித்த கூடுதல் விளக்கம் வரும் வரை முன்மொழிவு திரும்பப் பெறப்பட்டது. (Madhippidu seiyappatta budget kuritha koodudhal vilakkam varum varai munmozhiyivu thirumbap perappattadhu.),अनुमानित बजट पर और स्पष्टीकरण मिलने तक प्रस्ताव वापस ले लिया गया था। (Anumanit budget par aur spashtikaran milne tak prastav waapas le liya gaya tha.)
Day 50,Advanced,We must consider the diverse cultural backgrounds of our target demographic.,இலக்கு மக்கள் தொகையின் பல்வேறு கலாச்சார பின்னணிகளை நாம் கருத்தில் கொள்ள வேண்டும். (Ilakku makkal thogaiyin palveru kalaachchaara pinnanigalai naam karudhil kolla vendum.),हमें अपने लक्षित जनसांख्यिकी (demographic) की विविध सांस्कृतिक पृष्ठभूमि पर विचार करना चाहिए। (Humein apne lakshit jansankhyiki ki vividh sanskritik prishtbhumi par vichaar karna chahiye.)
Day 50,Advanced,The breakthrough has the potential to redefine the way we perceive sustainability.,இந்தத் திருப்புமுனை நிலைத்தன்மையை நாம் உணரும் விதத்தை மறுவரையறை செய்யும் ஆற்றல் கொண்டது. (Indha thiruppumunai nilaiththanmaiyai naam unarum vidhathai maru-varaiyarai seiyum aatral kondadhu.),यह बड़ी सफलता स्थिरता (sustainability) को देखने के हमारे नजरिए को फिर से परिभाषित करने की क्षमता रखती है। (Yeh badi safalta sustainability ko dekhne ke humare nazariye ko phir se paribhashit karne ki kshamta rakhti hai.)
Day 50,Advanced,I am writing to propose a strategic alignment between our two research groups.,எமது இரு ஆராய்ச்சி குழுக்களுக்கும் இடையே ஒரு மூலோபாய ஒருங்கிணைப்பை முன்மொழிய நான் எழுதுகிறேன். (Emadhu iru aaraaichi kuzhukkalkkum idaiyae oru mooloapaaya orunginaippai munmozhiya naan ezhudhugiren.),मैं हमारे दोनों शोध समूहों के बीच रणनीतिक संरेखण (strategic alignment) का प्रस्ताव देने के लिए लिख रहा हूँ। (Main humare dono shodh samuho ke beech ranneetik sanrekhan ka prastav dene ke liye likh raha hoon.)
Day 50,Advanced,We must foster a culture of accountability to ensure the project's success.,திட்டத்தின் வெற்றியை உறுதிப்படுத்த நாம் பொறுப்புக்கூறல் கலாச்சாரத்தை வளர்க்க வேண்டும். (Thittaththin vetriyai urudhi seiya naam poruppukkoaral kalaachchaarathai valarkka vendum.),परियोजना की सफलता सुनिश्चित करने के लिए हमें जवाबदेही की संस्कृति को बढ़ावा देना चाहिए। (Pariyojna ki safalta sunishchit karne ke liye humein javabdehi ki sanskriti ko badhava dena chahiye.)
Day 51,Advanced,The organization is prioritizing the digital transformation of its core services.,நிறுவனம் அதன் முக்கிய சேவைகளின் டிஜிட்டல் மாற்றத்திற்கு முன்னுரிமை அளிக்கிறது. (Niruvanam adhan mukkiya sevaigalin digital maatratthirkku munnurimai alikkiradhu.),संगठन अपनी मुख्य सेवाओं के डिजिटल परिवर्तन (digital transformation) को प्राथमिकता दे रहा है। (Sangathan apni mukhya sevaon ke digital transformation ko prathmikta de raha hai.)
Day 51,Advanced,It is essential to maintain professional objectivity during the evaluation process.,மதிப்பீட்டுச் செயல்பாட்டின் போது தொழில்முறை புறநிலையைப் பேணுவது அவசியம். (Madhippittuch seiyalpattu-p-podhu thozhilmurai puranilaiyaip paenuvadhu avasiyam.),मूल्यांकन प्रक्रिया के दौरान पेशेवर निष्पक्षता (objectivity) बनाए रखना आवश्यक है। (Mulyankan prakriya ke dauran peshewar nishpakshata banaye rakhna aavashyak hai.)
Day 51,Advanced,The study underscores the necessity of implementing sustainable business practices.,நிலையான வணிக நடைமுறைகளைச் செயல்படுத்துவதன் அவசியத்தை ஆய்வு வலியுறுத்துகிறது. (Nilaiyaana vaniga nadaimuraigalaich seiyalpadaiththuvadhan avasiyaththai aaivu valiyuruthugiradhu.),अध्ययन टिकाऊ व्यावसायिक प्रथाओं को लागू करने की आवश्यकता पर बल देता है। (Adhyayan tikau vyavsayik prathaon ko laagu karne ki aavashyakta par bal deta hai.)
Day 51,Advanced,We need to take proactive steps to address the widening skill gap in the industry.,இத்துறையில் அதிகரித்து வரும் திறன் இடைவெளியைக் குறைக்க நாம் முன்முயற்சிகளை எடுக்க வேண்டும். (Iththuraiyil adhigariththu varum thiran idaiveliyai kuraikka naam mun-muyarchigalai edukka vendum.),हमें उद्योग में बढ़ते कौशल अंतर (skill gap) को पाटने के लिए सक्रिय कदम उठाने की जरूरत है। (Humein udyog mein badhte kaushal antar ko paatne ke liye sakriya kadam uthane ki zaroorat hai.)
Day 51,Advanced,The current market trends necessitate a more customer-centric business approach.,தற்போதைய சந்தை மாற்றங்கள் வாடிக்கையாளரை மையமாகக் கொண்ட அணுகுமுறையை அவசியமாக்குகின்றன. (Tharpodhaiya sandhai maatrangal vaadikkaiyaalarai maiyamaga-k-konda anugumuraiyaia avasiyamaakkugindrana.),वर्तमान बाजार के रुझान अधिक ग्राहक-केंद्रित (customer-centric) व्यावसायिक दृष्टिकोण की आवश्यकता पैदा करते हैं। (Vartaman bazaar ke rujhan adhik customer-centric vyavsayik drishtikon ki aavashyakta paida karte hain.)
Day 52,Advanced,I would appreciate your expert insight into the potential impacts of this policy.,இந்தக் கொள்கையின் சாத்தியமான தாக்கங்கள் குறித்த உங்களின் நிபுணத்துவப் பார்வையை நான் பாராட்டுகிறேன். (Indha kolgaiyin saaththiyamaana thakkangal kuritha ungalin nipunaththuva-p-paarvaiyai naan paarattugiren.),मैं इस नीति के संभावित प्रभावों पर आपकी विशेषज्ञ अंतर्दृष्टि (expert insight) की सराहना करूँगा। (Main is neeti ke sambhavit prabhavon par aapki visheshagya antardrishti ki saraahna karunga.)
Day 52,Advanced,We are working to optimize our resource management to enhance overall efficiency.,ஒட்டுமொத்த செயல்திறனை மேம்படுத்த எங்களின் வள மேலாண்மையைச் சீரமைக்கச் செயல்படுகிறோம். (Ottumoththa seyalthiranai mempaduththa engalin vala melaanmaiyai seiramikkach seiyalpattugirom.),हम समग्र दक्षता बढ़ाने के लिए अपने संसाधन प्रबंधन को अनुकूलित (optimize) करने पर काम कर रहे हैं। (Hum samagra dakshata badhane ke liye apne sansadhan prabandhan ko anukoolit karne par kaam kar rahe hain.)
Day 52,Advanced,Maintaining data privacy is of paramount importance in the digital age.,டிஜிட்டல் யுகத்தில் தரவு தனியுரிமையைப் பேணுவது மிக முக்கியமானது. (Digital yugaththil dharavu thaniyurimaiyaip paenuvadhu miga mukkiyamaanadhu.),डिजिटल युग में डेटा गोपनीयता (data privacy) बनाए रखना सर्वोपरि है। (Digital yug mein data gopniyata banaye rakhna sarvopari hai.)
Day 52,Advanced,The research provides significant empirical data to validate the new methodology.,புதிய முறையை உறுதிப்படுத்த இந்த ஆராய்ச்சி குறிப்பிடத்தக்க ஆதாரங்களை வழங்குகிறது. (Pudhiya muraiyai urudhi-paduththa indha aaraaichi kurippidaththakka aadhaarangalai valangugiradhu.),शोध नई कार्यप्रणाली (methodology) को मान्य करने के लिए महत्वपूर्ण अनुभवजन्य डेटा प्रदान करता है। (Shodh nayi karyapranali ko manya karne ke liye mahatvapoorn anubhav-janya data pradan karta hai.)
Day 52,Advanced,We are seeking a strategic alliance that facilitates long-term technological growth.,நீண்ட கால தொழில்நுட்ப வளர்ச்சியை எளிதாக்கும் ஒரு மூலோபாய கூட்டணியை நாங்கள் நாடுகிறோம். (Neenda kaala thozhilnutpa valarchiyai elidhaakkum oru mooloapaaya koottannmaiyai naangal naadugirom.),हम एक ऐसे रणनीतिक गठबंधन की तलाश में हैं जो दीर्घकालिक तकनीकी विकास को सुगम बनाए। (Hum ek aise ranneetik gathbandhan ki talaash mein hain jo deerghkaalik takneeki vikas ko sugam banaye.)
Day 53,Advanced,The proposal outlines a comprehensive strategy for organizational restructuring.,இந்த முன்மொழிவு நிறுவன மறுசீரமைப்புக்கான ஒரு விரிவான உத்தியை விளக்குகிறது. (Indha munmozhiyivu niruvana maruseeramaippukkaana oru virivaana uththiyai vilakkugiradhu.),प्रस्ताव संगठनात्मक पुनर्गठन (restructuring) के लिए एक व्यापक रणनीति की रूपरेखा तैयार करता है। (Prastav sangathanatmak punargathan ke liye ek vyapak rann-neeti ki roop-rekha taiyar karta hai.)
Day 53,Advanced,It is essential to strictly comply with the international regulatory standards.,சர்வதேச ஒழுங்குமுறை தரநிலைகளுக்குத் துல்லியமாக இணங்குவது அவசியம். (Sarvadhesa olungumurai tharanilaigalkku thulliyamaaga inanguvadhu avasiyam.),अंतरराष्ट्रीय नियामक मानकों (regulatory standards) का कड़ाई से पालन करना आवश्यक है। (Antarrashtriya niyamak maanakon ka kadai se paalan karna aavashyak hai.)
Day 53,Advanced,The firm has demonstrated notable resilience amidst global economic fluctuations.,உலகளாவிய பொருளாதார ஏற்ற இறக்கங்களுக்கு மத்தியில் நிறுவனம் குறிப்பிடத்தக்க மீள்திறனை வெளிப்படுத்தியுள்ளது. (Ulagalaaviya porulaadhaara ettra irakkangalukkku madthiyil niruvanam kurippidaththakka meelthiranai velippaduththiyulladhu.),फर्म ने वैश्विक आर्थिक उतार-चढ़ाव के बीच उल्लेखनीय लचीलापन प्रदर्शित किया है। (Firm ne vaishvik aarthik utaar-chadaav ke beech ullekhneeya lacheelapan pradarshit kiya hai.)
Day 53,Advanced,We must evaluate the long-term environmental sustainability of the project.,திட்டத்தின் நீண்ட கால சுற்றுச்சூழல் நிலைத்தன்மையை நாம் மதிப்பீடு செய்ய வேண்டும். (Thittaththin neenda kaala sutruch-soozhal nilaiththanmaiyai naam madhippidu seiya vendum.),हमें परियोजना की दीर्घकालिक पर्यावरणीय स्थिरता का मूल्यांकन करना चाहिए। (Humein pariyojna ki deerghkaalik paryavaraniya sthirta ka mulyankan karna chahiye.)
Day 53,Advanced,The report highlight the multifaceted impact of globalization on local economies.,உள்ளூர் பொருளாதாரங்களில் உலகமயமாக்கலின் பன்முகத் தாக்கத்தை அறிக்கை சுட்டிக்காட்டுகிறது. (Ullur porulaadhaarangalil ulagamayamaakkalin pan-mugath thaakkaththai arikkai suttikkaattugiradhu.),रिपोर्ट स्थानीय अर्थव्यवस्थाओं पर वैश्वीकरण के बहुआयामी प्रभावों पर प्रकाश डालती है। (Report sthaaniya arthvyavasthaon par vaishveekaran ke bahu-aayami prabhavon par prakash daalti hai.)
Day 54,Advanced,We need to implement robust cybersecurity measures to mitigate potential threats.,சாத்தியமான அச்சுறுத்தல்களைக் குறைக்க நாம் வலுவான சைபர் பாதுகாப்பு நடவடிக்கைகளை எடுக்க வேண்டும். (Saaththiyamaana ach-churuththalgalai kuraikka naam valuvaana cybersecurity nadavadikkaigalai edukka vendum.),हमें संभावित खतरों को कम करने के लिए मजबूत साइबर सुरक्षा उपाय लागू करने की आवश्यकता है। (Humein sambhavit khatron ko kam karne ke liye mazboot cybersecurity upay laagu karne ki aavashyakta hai.)
Day 54,Advanced,The new legislation aims to foster a more transparent and accountable financial sector.,நிதித் துறையில் அதிக வெளிப்படைத்தன்மை மற்றும் பொறுப்புக்கூறலை வளர்ப்பதை புதிய சட்டம் நோக்கமாகக் கொண்டுள்ளது. (Nidhith thuraiyil adhiga velippadaith-thanmai matrum poruppukkoaralai valarppadhai pudhiya sattam nokkamaagak kondulladhu.),नए कानून का उद्देश्य एक अधिक पारदर्शी और जवाबदेह वित्तीय क्षेत्र को बढ़ावा देना है। (Naye kanoon ka uddeshya ek adhik paardarshee aur javabdeh vitteeya kshetra ko badhava dena hai.)
Day 54,Advanced,Achieving success in this industry requires a commitment to continuous innovation.,இத்துறையில் வெற்றிபெறத் தொடர்ச்சியான கண்டுபிடிப்புகளுக்கான அர்ப்பணிப்பு தேவை. (Iththuraiyil vetri-pera-th thodaruchiyaana kandupidippugalkkaana arppanippu thevai.),इस उद्योग में सफलता प्राप्त करने के लिए निरंतर नवाचार (innovation) के प्रति प्रतिबद्धता की आवश्यकता होती है। (Is udyog mein safalta prapt karne ke liye nirantar navachar ke prati pratibaddhta ki aavashyakta hoti hai.)
Day 54,Advanced,The project has the potential to fundamentally transform the way we do business.,நாம் வணிகம் செய்யும் முறையை அடிப்படை ரீதியாக மாற்றும் ஆற்றல் இந்தத் திட்டத்திற்கு உண்டு. (Naam vaniga seiyum muraiyai adippadai reethiyaaga maatrum aatral indha thittaththirku undu.),इस परियोजना में हमारे व्यापार करने के तरीके को मौलिक रूप से बदलने की क्षमता है। (Is pariyojna mein humare vyapar karne ke tareeke ko maulik roop se badalne ki kshamta hai.)
Day 54,Advanced,We have successfully streamlined our internal processes to enhance productivity.,உற்பத்தித் திறனை மேம்படுத்த எங்களின் உள் செயல்பாடுகளை நாங்கள் முறைப்படுத்தியுள்ளோம். (Urpuththith thiranai mempaduththa engalin ul seiyalpau-galai naangal muraippaduththiyulloam.),हमने उत्पादकता बढ़ाने के लिए अपनी आंतरिक प्रक्रियाओं को सफलतापूर्वक सुव्यवस्थित किया है। (Humne utpaadakta badhane ke liye apni aantarik prakriyaon ko safaltapoorvak suvyavasthit kiya hai.)
Day 55,Advanced,The results of the audit are consistent with international accounting principles.,தணிக்கை முடிவுகள் சர்வதேச கணக்கியல் கொள்கைகளுக்கு இணங்க உள்ளன. (Thanikkai mudivugal sarvadhesa kanakkiyal kolgaigalkku inanga ullana.),ऑडिट के परिणाम अंतरराष्ट्रीय लेखा सिद्धांतों के अनुरूप हैं। (Audit ke parinaam antarrashtriya lekha siddhanton ke anuroop hain.)
Day 55,Advanced,It is essential to cultivate a diverse and inclusive workplace for all employees.,அனைத்து ஊழியர்களுக்கும் பன்முகத்தன்மை கொண்ட ஒரு பணியிடத்தை உருவாக்குவது அவசியம். (Anaithu oozhiyargalukkum panmugath-thanmai kondha oru paniyaidaththai uruvaakkuvadhu avasiyam.),सभी कर्मचारियों के लिए एक विविध और समावेशी कार्यस्थल विकसित करना आवश्यक है। (Sabhi karmchariyon ke liye ek vividh aur samaveshi karyasthal vikasit karna aavashyak hai.)
Day 55,Advanced,The company is exploring innovative strategies to broaden its market reach.,சந்தை விரிவாக்கத்திற்காக நிறுவனம் புதுமையான உத்திகளை ஆராய்ந்து வருகிறது. (Sandhai virivaakkaththirkaga niruvanam pudhumaiyaana uththigalai aaraaindhu varugiradhu.),कंपनी अपनी बाजार पहुंच बढ़ाने के लिए अभिनव रणनीतियों की तलाश कर रही है। (Company apni bazaar pahunch badhane ke liye abhinav rann-neetiyon ki talaash kar rahi hai.)
Day 55,Advanced,We must ensure that our long-term objectives are environmentally sustainable.,எங்களின் நீண்ட கால இலக்குகள் சுற்றுச்சூழல் ரீதியாக நிலையானவை என்பதை உறுதி செய்ய வேண்டும். (Engalin neenda kaala ilakkugal sutruch-soozhal reethiyaaga nilaiyaanavi enbadhai urudhi seiya vendum.),हमें यह सुनिश्चित करना चाहिए कि हमारे दीर्घकालिक उद्देश्य पर्यावरणीय रूप से टिकाऊ हों। (Humein yeh sunishchit karna chahiye ki humare deerghkaalik uddeshya paryavaraniya roop se tikau hon.)
Day 55,Advanced,I am writing to express my formal commitment to our collaborative project.,எமது கூட்டுக் கூட்டுத் திட்டத்திற்கு எனது முறைப்படியான அர்ப்பணிப்பைத் தெரிவிக்க எழுதுகிறேன். (Emadhu koottuk koottuth thittaththirku enadhu muraippadiyaana arppanippait therivikka ezhudhugiren.),मैं हमारी सहयोगी परियोजना के प्रति अपनी औपचारिक प्रतिबद्धता व्यक्त करने के लिए लिख रहा हूँ। (Main humari sahyogi pariyojna ke prati apni aupcharik pratibaddhta vyakt karne ke liye likh raha hoon.)
Day 56,Advanced,We must interpret the data cautiously to avoid any erroneous conclusions.,தவறான முடிவுகளைத் தவிர்க்க நாம் தரவுகளை எச்சரிக்கையுடன் விளக்க வேண்டும். (Thavarana mudivugalaith thavirikka naam dharavugalai echarikkaiyudan vilakka vendum.),हमें किसी भी गलत निष्कर्ष से बचने के लिए डेटा की सावधानीपूर्वक व्याख्या करनी चाहिए। (Humein kisi bhi galat nishkarsh se bachne ke liye data ki saavdhanipoorvak vyakhya karni chahiye.)
Day 56,Advanced,This milestone has the potential to significantly enhance our market position.,இந்த மைல்கல் நமது சந்தை நிலையை கணிசமாக மேம்படுத்தும் ஆற்றல் கொண்டது. (Indha mail-kal namadhu sandhai nilaiyai kanisamaaga mempaduththum aatral kondadhu.),यह मील का पत्थर (milestone) हमारी बाजार स्थिति को महत्वपूर्ण रूप से बढ़ाने की क्षमता रखता है। (Yeh milestone humari bazaar sthiti ko mahatvapoorn roop se badhane ki kshamta rakhti hai.)
Day 56,Advanced,The investigation identified several systemic failures in our network security.,எமது நெட்வொர்க் பாதுகாப்பில் உள்ள பல முறையான தோல்விகளை விசாரணை கண்டறிந்துள்ளது. (Emadhu network paadhukaappil ulla pala muraiyaana tholvigalai vichaaranai kandarithulladhu.),जांच में हमारी नेटवर्क सुरक्षा में कई प्रणालीगत (systemic) विफलताओं की पहचान की गई है। (Jaanch mein humari network suraksha mein kai systemic vifaltaon ki pehchan ki gayi hai.)
Day 56,Advanced,Our primary focus is on expanding our presence in emerging international markets.,வளர்ந்து வரும் சர்வதேச சந்தைகளில் எமது இருப்பை விரிவுபடுத்துவதே எமது முதன்மையான கவனம். (Valarndhu varum sarvadhesa sandhai-galil emadhu iruppai virivupaduththuvadhay emadhu mudhanmaiyaana gavanm.),हमारा प्राथमिक ध्यान उभरते अंतरराष्ट्रीय बाजारों में अपनी उपस्थिति बढ़ाने पर है। (Humara prathmik dhyan ubharte antarrashtriya bazaaron mein apni upasthiti badhane par hai.)
Day 56,Advanced,We must scrutinize the proposal to ensure it aligns with our core strategic objectives.,முன்மொழிவு நமது முக்கிய மூலோபாய நோக்கங்களுடன் ஒத்துப்போவதை உறுதி செய்ய நாம் அதை உன்னிப்பாகப் பரிசோதிக்க வேண்டும். (Munmozhiyivu namadhu mukkiya mooloapaaya nokkangaludan oththuppovadhai urudhi seiya naam adhai unnirppaagap parisoadhikka vendum.),हमें यह सुनिश्चित करने के लिए प्रस्ताव की सूक्ष्म जांच करनी चाहिए कि यह हमारे मुख्य रणनीतिक उद्देश्यों के अनुरूप हो। (Humein yeh sunishchit karne ke liye prastav ki sookshm jaanch karni chahiye ki yeh humare mukhya ranneetik uddeshyon ke anuroop ho.)
Day 57,Advanced,The organization is undergoing a paradigm shift in its approach to environmental sustainability.,நிறுவனம் அதன் சுற்றுச்சூழல் நிலைத்தன்மை அணுகுமுறையில் ஒரு அடிப்படை மாற்றத்தை சந்தித்து வருகிறது. (Niruvanam adhan sutruch-soozhal nilaiththanmai anugumuraiyil oru adippadai maatratthai sandhithu varugiradhu.),संगठन पर्यावरणीय स्थिरता के अपने दृष्टिकोण में एक वैचारिक परिवर्तन (paradigm shift) से गुजर रहा है। (Sangathan paryavaraniya sthirta ke apne drishtikon mein ek vaicharik parivartan se guzar raha hai.)
Day 57,Advanced,It is imperative to maintain professional decorum during high-stakes board meetings.,முக்கியமான வாரியக் கூட்டங்களின் போது தொழில்முறை கண்ணியத்தைப் பேணுவது அவசியமாகும். (Mukkiyamaana vaariya koottangalin podhu thozhilmurai kanniyaththaip paenuvadhu avasiyamaagum.),उच्च-स्तरीय बोर्ड बैठकों के दौरान पेशेवर मर्यादा (decorum) बनाए रखना अनिवार्य है। (Uchh-stariya board baithakon ke dauran peshewar maryada banaye rakhna anivarya hai.)
Day 57,Advanced,I would appreciate your candid evaluation of our recent fiscal performance metrics.,எங்களின் சமீபத்திய நிதிச் செயல்திறன் அளவீடுகள் குறித்த உங்களின் வெளிப்படையான மதிப்பீட்டை நான் பாராட்டுகிறேன். (Engalin sameebathiya nidhis-seiyalthiran alaveedugal kuritha ungalin velippadaiyaana madhippittai naan paarattugiren.),मैं हमारे हालिया राजकोषीय प्रदर्शन मेट्रिक्स के आपके स्पष्ट मूल्यांकन की सराहना करूँगा। (Main humare haaliya rajkoshiya pradarshan metrics ke aapke spasht mulyankan ki saraahna karunga.)
Day 57,Advanced,The analysis highlights the transformative potential of artificial intelligence in finance.,நிதித் துறையில் செயற்கை நுண்ணறிவின் (AI) மாற்றத்தக்க ஆற்றலை இந்த ஆய்வு சுட்டிக்காட்டுகிறது. (Nidhith thuraiyil seiyarkai nunnarivuin maatranthakka aatralai indha aaivu suttikkaattugiradhu.),विश्लेषण वित्त में आर्टिफिशियल इंटेलिजेंस की परिवर्तनकारी क्षमता पर प्रकाश डालता है। (Vishleshan vitt mein artificial intelligence ki parivartankari kshamta par prakash daalta hai.)
Day 57,Advanced,The report emphasizes the need for a collaborative approach to complex problem-solving.,சிக்கலான சிக்கலைத் தீர்ப்பதற்கு ஒரு கூட்டு அணுகுமுறை அவசியம் என்று அறிக்கை வலியுறுத்துகிறது. (Sikkalaana sikkalaith theerppadharku oru koottu anugumurai avasiyam endru arikkai valiyuruthugiradhu.),रिपोर्ट जटिल समस्या-समाधान के लिए एक सहयोगी दृष्टिकोण की आवश्यकता पर जोर देती है। (Report jatil samasya-samadhan ke liye ek sahyogi drishtikon ki aavashyakta par zor deti hai.)
Day 58,Advanced,Professional excellence requires a commitment to lifelong learning and leadership development.,தொழில்முறை சிறப்புக்கு வாழ்நாள் முழுவதும் கற்றல் மற்றும் தலைமைத்துவ மேம்பாட்டிற்கான அர்ப்பணிப்பு தேவை. (Thozhilmurai sirappukkku vaazhnaal muzhuvadhum katral matrum thalaimaiththuva mempaattirkaana arppanippu thevai.),पेशेवर उत्कृष्टता के लिए आजीवन सीखने और नेतृत्व विकास के प्रति प्रतिबद्धता की आवश्यकता होती है। (Peshewar utkrishtta ke liye aajeevan seekhne aur netrutva vikas ke prati pratibaddhta ki aavashyakta hoti hai.)
Day 58,Advanced,The project has the potential to fundamentally redefine the landscape of the tech industry.,தொழில்நுட்பத் துறையின் சூழலை அடிப்படை ரீதியாக மறுவரையறை செய்யும் ஆற்றல் இந்தத் திட்டத்திற்கு உண்டு. (Thozhilnutpath thuraiyin suzhalai adippadai reethiyaaga maru-varaiyarai seiyum aatral indha thittaththirku undu.),परियोजना में तकनीकी उद्योग के परिदृश्य को मौलिक रूप से फिर से परिभाषित करने की क्षमता है। (Pariyojna mein takneeki udyog ke paridrishya ko maulik roop se phir se paribhashit karne ki kshamta hai.)
Day 58,Advanced,We have successfully integrated advanced analytical tools to streamline our fiscal processes.,எங்களின் நிதிச் செயல்முறைகளை முறைப்படுத்த மேம்பட்ட பகுப்பாய்வு கருவிகளை நாங்கள் வெற்றிகரமாக ஒருங்கிணைத்துள்ளோம். (Engalin nidhis-seiyal-muraigalai muraippaduththa mempatta paguppaaivu karuvigalai naangal vetrigaramaaga orunginaiththulloam.),हमने अपनी राजकोषीय प्रक्रियाओं को सुव्यवस्थित करने के लिए उन्नत विश्लेषणात्मक उपकरणों को सफलतापूर्वक एकीकृत किया है। (Humne apni rajkoshiya prakriyaon ko suvyavasthit karne ke liye unnat vishleshnatmak upkarnon ko safaltapoorvak ekikrit kiya hai.)
Day 58,Advanced,The results of the audit are consistent with international auditing standards.,தணிக்கையின் முடிவுகள் சர்வதேச தணிக்கைத் தரநிலைகளுக்கு இணங்க உள்ளன. (Thanikkaiyin mudivugal sarvadhesa thanikkaith tharanilaigalukku inanga ullana.),ऑडिट के परिणाम अंतरराष्ट्रीय ऑडिटिंग मानकों के अनुरूप हैं। (Audit ke parinaam antarrashtriya auditing maanakon ke anuroop hain.)
Day 58,Advanced,It is essential to foster a workplace environment that celebrates diversity and inclusivity.,பன்முகத்தன்மை மற்றும் உள்ளடக்கிய தன்மையைக் கொண்டாடும் பணியிட சூழலை வளர்ப்பது அவசியம். (Panmugath-thanmai matrum ulladakkath-thanmaiyaik kondaadum paniyaida suzhalai valarppadhu avasiyam.),एक ऐसा कार्यस्थल वातावरण विकसित करना आवश्यक है जो विविधता और समावेशिता का जश्न मनाए। (Ek aisa karyasthal vaatavaran vikasit karna aavashyak hai jo vividhata aur samaveshita ka jashn manaye.)
Day 59,Advanced,The company is exploring innovative strategies to optimize its global resource allocation.,உலகளாவிய வள ஒதுக்கீட்டை மேம்படுத்த நிறுவனம் புதுமையான உத்திகளை ஆராய்ந்து வருகிறது. (Ulagalaaviya vala odhikkittai mempaduththa niruvanam pudhumaiyaana uththigalai aaraaindhu varugiradhu.),कंपनी अपने वैश्विक संसाधन आवंटन को अनुकूलित करने के लिए अभिनव रणनीतियों की तलाश कर रही है। (Company apne vaishvik sansadhan aavantan ko anukoolit karne ke liye abhinav rann-neetiyon ki talaash kar rahi hai.)
Day 59,Advanced,We are currently evaluating the socio-economic implications of the new fiscal policy.,புதிய நிதிக் கொள்கையின் சமூக-பொருளாதார தாக்கங்களை நாங்கள் தற்போது மதிப்பீடு செய்து வருகிறோம். (Pudhiya nidhik kolgaiyin samooga-porulaadhaara thakkangalai naangal tharpodhu madhippidu seidhu varugiroam.),हम वर्तमान में नई राजकोषीय नीति (fiscal policy) के सामाजिक-आर्थिक निहितार्थों का मूल्यांकन कर रहे हैं। (Hum vartaman mein nayi rajkoshiya neeti ke samajik-aarthik nihitarthon ka mulyankan kar rahe hain.)
Day 59,Advanced,We must consider the diverse cultural backgrounds of our target global demographic.,உலகளாவிய இலக்கு மக்கள் தொகையின் பல்வேறு கலாச்சார பின்னணிகளை நாம் கருத்தில் கொள்ள வேண்டும். (Ulagalaaviya ilakku makkal thogaiyin palveru kalaachchaara pinnanigalai naam karudhil kolla vendum.),हमें अपने लक्षित वैश्विक जनसांख्यिकी (demographic) की विविध सांस्कृतिक पृष्ठभूमि पर विचार करना चाहिए। (Humein apne lakshit vaishvik jansankhyiki ki vividh sanskritik prishtbhumi par vichaar karna chahiye.)
Day 59,Advanced,The breakthrough has the potential to redefine the way we perceive sustainable growth.,இந்தத் திருப்புமுனை நிலையான வளர்ச்சியை நாம் உணரும் விதத்தை மறுவரையறை செய்யும் ஆற்றல் கொண்டது. (Indha thiruppumunai nilaiyaana valarchiyai naam unarum vidhathai maru-varaiyarai seiyum aatral kondadhu.),यह बड़ी सफलता हमारे द्वारा सतत विकास (sustainable growth) को देखने के नजरिए को फिर से परिभाषित करने की क्षमता रखती है। (Yeh badi safalta humare dwara satat vikas ko dekhne ke nazariye ko phir se paribhashit karne ki kshamta rakhti hai.)
Day 59,Advanced,I am writing to propose a strategic alignment between our two corporate groups.,எமது இரு நிறுவனக் குழுக்களுக்கும் இடையே ஒரு மூலோபாய ஒருங்கிணைப்பை முன்மொழிய நான் எழுதுகிறேன். (Emadhu iru niruvanak kuzhukkalkkum idaiyae oru mooloapaaya orunginaippai munmozhiya naan ezhudhugiren.),मैं हमारे दोनों कॉर्पोरेट समूहों के बीच रणनीतिक संरेखण (strategic alignment) का प्रस्ताव देने के लिए लिख रहा हूँ। (Main humare dono corporate samuho ke beech ranneetik sanrekhan ka prastav dene ke liye likh raha hoon.)
Day 60,Advanced,We must scrutinize the proposed expansion to ensure long-term viability.,நீண்ட கால நம்பகத்தன்மையை உறுதிப்படுத்த முன்மொழியப்பட்ட விரிவாக்கத்தை நாம் உன்னிப்பாகப் பரிசோதிக்க வேண்டும். (Neenda kaala nambagath-thanmaiyai urudhi seiya munmozhiyappatta virivaakkaththai naam unnirppaagap parisoadhikka vendum.),हमें दीर्घकालिक व्यवहार्यता (viability) सुनिश्चित करने के लिए प्रस्तावित विस्तार की सूक्ष्म जांच करनी चाहिए। (Humein deerghkaalik vyavaharyata sunishchit karne ke liye prastavit vistar ki sookshm jaanch karni chahiye.)
Day 60,Advanced,The organization is prioritizing the diversification of its investment portfolio.,நிறுவனம் அதன் முதலீட்டுத் தொகுப்பை பன்முகப்படுத்துவதற்கு முன்னுரிமை அளிக்கிறது. (Niruvanam adhan mudhaleettuth thoguppai panmugappaduththuvadharku munnurimai alikkiradhu.),संगठन अपने निवेश पोर्टफोलियो के विविधीकरण (diversification) को प्राथमिकता दे रहा है। (Sangathan apne nivesh portfolio ke vividhikaran ko prathmikta de raha hai.)
Day 60,Advanced,It is essential to maintain professional objectivity throughout the audit process.,தணிக்கைச் செயல்முறை முழுவதும் தொழில்முறை புறநிலையைப் பேணுவது அவசியம். (Thanikkai seiyalpattu muzhuvadhum thozhilmurai puranilaiyaip paenuvadhu avasiyam.),ऑडिट प्रक्रिया के दौरान पेशेवर निष्पक्षता (objectivity) बनाए रखना आवश्यक है। (Audit prakriya ke dauran peshewar nishpakshata banaye rakhna aavashyak hai.)
Day 60,Advanced,The study underscores the necessity of fostering an inclusive corporate culture.,உள்ளடக்கிய நிறுவன கலாச்சாரத்தை வளர்ப்பதன் அவசியத்தை ஆய்வு வலியுறுத்துகிறது. (Ulladakkiya niruvana kalaachchaarathai valarppadhan avasiyaththai aaivu valiyuruthugiradhu.),अध्ययन एक समावेशी कॉर्पोरेट संस्कृति को बढ़ावा देने की आवश्यकता पर बल देता है। (Adhyayan ek samaveshi corporate sanskriti ko badhava dene ki aavashyakta par bal deta hai.)
Day 60,Advanced,We need to take proactive steps to address the evolving market demands.,மாறிவரும் சந்தை தேவைகளைப் பூர்த்தி செய்ய நாம் முன்முயற்சிகளை எடுக்க வேண்டும். (Maari-varum sandhai thevaigalaip poorththi seiya naam mun-muyarchigalai edukka vendum.),हमें बदलती बाजार की मांगों को पूरा करने के लिए सक्रिय कदम उठाने की जरूरत है। (Humein badalti bazaar ki maangon ko poora karne ke liye sakriya kadam uthane ki zaroorat hai.)
Day 61,Advanced,The current economic landscape necessitates a more agile business strategy.,தற்போதைய பொருளாதாரச் சூழல் மிகவும் சுறுசுறுப்பான வணிக உத்தியை அவசியமாக்குகிறது. (Tharpodhaiya porulaadhaara-ch choozhal migavum suruchuruppaana vaniga uththiyai avasiyamaakkugiradhu.),वर्तमान आर्थिक परिदृश्य एक अधिक चुस्त (agile) व्यावसायिक रणनीति की आवश्यकता पैदा करता है। (Vartaman aarthik paridrishya ek adhik agile vyavsayik rann-neeti ki aavashyakta paida karta hai.)
Day 61,Advanced,I would appreciate your expert perspective on the potential long-term impacts.,சாத்தியமான நீண்ட கால தாக்கங்கள் குறித்த உங்களின் நிபுணத்துவப் பார்வையை நான் பாராட்டுகிறேன். (Saaththiyamaana neenda kaala thaakkangal kuritha ungalin nipunaththuva-p-paarvaiyai naan paarattugiren.),मैं संभावित दीर्घकालिक प्रभावों पर आपकी विशेषज्ञ अंतर्दृष्टि (perspective) की सराहना करूँगा। (Main sambhavit deerghkaalik prabhavon par aapki visheshagya antardrishti ki saraahna karunga.)
Day 61,Advanced,We are working to optimize our internal processes to enhance overall productivity.,ஒட்டுமொத்த உற்பத்தித் திறனை மேம்படுத்த எங்களின் உள் செயல்பாடுகளைச் சீரமைக்கச் செயல்படுகிறோம். (Ottumoththa urpuththith thiranai mempaduththa engalin ul seiyalpau-galai seiramikkach seiyalpattugirom.),हम समग्र उत्पादकता बढ़ाने के लिए अपनी आंतरिक प्रक्रियाओं को अनुकूलित (optimize) करने पर काम कर रहे हैं। (Hum samagra utpaadakta badhane ke liye apni aantarik prakriyaon ko anukoolit karne par kaam rahe hain.)
Day 61,Advanced,Maintaining transparency is of paramount importance in stakeholder communication.,பங்குதாரர் தகவல் தொடர்பில் வெளிப்படைத்தன்மையைப் பேணுவது மிக முக்கியமானது. (Pangudhaarar thagaval thodarpil velippadaith-thanmaiyaip paenuvadhu miga mukkiyamaanadhu.),हितधारकों (stakeholders) के संवाद में पारदर्शिता बनाए रखना सर्वोपरि है। (Hitdharakon ke samvad mein paardarsheeta banaye rakhna sarvopari hai.)
Day 61,Advanced,The research provides significant evidence to validate the proposed framework.,முன்மொழியப்பட்ட கட்டமைப்பை உறுதிப்படுத்த இந்த ஆராய்ச்சி குறிப்பிடத்தக்க ஆதாரங்களை வழங்குகிறது. (Munmozhiyappatta kattamaippai urudhi-paduththa indha aaraaichi kurippidaththakka aadhaarangalai valangugiradhu.),शोध प्रस्तावित ढांचे (framework) को मान्य करने के लिए महत्वपूर्ण साक्ष्य प्रदान करता है। (Shodh prastavit dhaanche ko manya karne ke liye mahatvapoorn saakshya pradan karta hai.)
Day 62,Advanced,We are seeking a strategic alliance that facilitates technological innovation.,தொழில்நுட்ப கண்டுபிடிப்புகளை எளிதாக்கும் ஒரு மூலோபாய கூட்டணியை நாங்கள் நாடுகிறோம். (Thozhilnutpa kandupidippugalai elidhaakkum oru mooloapaaya koottannmaiyai naangal naadugirom.),हम एक ऐसे रणनीतिक गठबंधन की तलाश में हैं जो तकनीकी नवाचार को सुगम बनाए। (Hum ek aise ranneetik gathbandhan ki talaash mein hain jo takneeki navachar ko sugam banaye.)
Day 62,Advanced,The proposal outlines a comprehensive roadmap for organizational development.,இந்த முன்மொழிவு நிறுவன வளர்ச்சிக்கான ஒரு விரிவான வரைபடத்தை விளக்குகிறது. (Indha munmozhiyivu niruvana valarchikkaana oru virivaana varaipadathai vilakkugiradhu.),प्रस्ताव संगठनात्मक विकास के लिए एक व्यापक रोडमैप तैयार करता है। (Prastav sangathanatmak vikas ke liye ek vyapak roadmap taiyar karta hai.)
Day 62,Advanced,It is essential to strictly comply with the international quality standards.,சர்வதேச தரத் தரநிலைகளுக்குத் துல்லியமாக இணங்குவது அவசியம். (Sarvadhesa tharath tharanilaigalkku thulliyamaaga inanguvadhu avasiyam.),अंतरराष्ट्रीय गुणवत्ता मानकों (quality standards) का कड़ाई से पालन करना आवश्यक है। (Antarrashtriya gunvatta maanakon ka kadai se paalan karna aavashyak hai.)
Day 62,Advanced,The firm has demonstrated notable resilience amidst market fluctuations.,சந்தை ஏற்ற இறக்கங்களுக்கு மத்தியில் நிறுவனம் குறிப்பிடத்தக்க மீள்திறனை வெளிப்படுத்தியுள்ளது. (Sandhai ettra irakkangalukkku madthiyil niruvanam kurippidaththakka meelthiranai velippaduththiyulladhu.),फर्म ने बाजार के उतार-चढ़ाव के बीच उल्लेखनीय लचीलापन प्रदर्शित किया है। (Firm ne bazaar ke utaar-chadaav ke beech ullekhneeya lacheelapan pradarshit kiya hai.)
Day 62,Advanced,We must evaluate the socioeconomic implications of the proposed project.,முன்மொழியப்பட்ட திட்டத்தின் சமூக-பொருளாதார தாக்கங்களை நாம் மதிப்பீடு செய்ய வேண்டும். (Munmozhiyappatta thittaththin samooga-porulaadhaara thakkangalai naam madhippidu seiya vendum.),हमें प्रस्तावित परियोजना के सामाजिक-आर्थिक निहितार्थों का मूल्यांकन करना चाहिए। (Humein prastavit pariyojna ke samajik-aarthik nihitarthon ka mulyankan karna chahiye.)
Day 63,Advanced,The report highlight the multifaceted impact of urbanization on infrastructure.,உள்கட்டமைப்பில் நகரமயமாக்கலின் பன்முகத் தாக்கத்தை அறிக்கை சுட்டிக்காட்டுகிறது. (Ulkattamaippil nagaramayamaakkalin pan-mugath thaakkaththai arikkai suttikkaattugiradhu.),रिपोर्ट बुनियादी ढांचे पर शहरीकरण के बहुआयामी प्रभावों पर प्रकाश डालती है। (Report buniyaadi dhaanche par shahreekaran ke bahu-aayami prabhavon par prakash daalti hai.)
Day 63,Advanced,We need to implement robust security measures to protect intellectual property.,அறிவுசார் சொத்துக்களைப் பாதுகாக்க நாம் வலுவான பாதுகாப்பு நடவடிக்கைகளை எடுக்க வேண்டும். (Arivusaar soththukkalaip paadhukaakka naam valuvaana paadhukaappu nadavadikkaigalai edukka vendum.),हमें बौद्धिक संपदा (intellectual property) की रक्षा के लिए मजबूत सुरक्षा उपाय लागू करने की आवश्यकता है। (Humein bauddhik sampada ki raksha ke liye mazboot suraksha upay laagu karne ki aavashyakta hai.)
Day 63,Advanced,The new regulations aim to promote ethical conduct in the financial sector.,நிதித் துறையில் தார்மீக நடத்தையை ஊக்குவிப்பதை புதிய விதிமுறைகள் நோக்கமாகக் கொண்டுள்ளன. (Nidhith thuraiyil dhaar-meega nadaththaiyai ookkuvippadhai pudhiya vidhimuraigal nokkamaagak kondullana.),नए नियमों का उद्देश्य वित्तीय क्षेत्र में नैतिक आचरण (ethical conduct) को बढ़ावा देना है। (Naye niyamon ka uddeshya vitteeya kshetra mein naitik aacharan ko badhava dena hai.)
Day 63,Advanced,Achieving success requires a commitment to continuous professional growth.,வெற்றிபெறத் தொடர்ச்சியான தொழில்முறை வளர்ச்சிக்கான அர்ப்பணிப்பு தேவை. (Vetri-pera-th thodaruchiyaana thozhilmurai valarchikkaana arppanippu thevai.),सफलता प्राप्त करने के लिए निरंतर पेशेवर विकास के प्रति प्रतिबद्धता की आवश्यकता होती है। (Safalta prapt karne ke liye nirantar peshewar vikas ke prati pratibaddhta ki aavashyakta hoti hai.)
Day 63,Advanced,The initiative has the potential to fundamentally redefine our market position.,எமது சந்தை நிலையை அடிப்படை ரீதியாக மறுவரையறை செய்யும் ஆற்றல் இந்த முயற்சிக்கு உண்டு. (Emadhu sandhai nilaiyai adippadai reethiyaaga maru-varaiyarai seiyum aatral indha muyarchi-kku undu.),इस पहल में हमारी बाजार स्थिति को मौलिक रूप से फिर से परिभाषित करने की क्षमता है। (Is pehal mein humari bazaar sthiti ko maulik roop se phir se paribhashit karne ki kshamta hai.)
Day 64,Advanced,We have successfully integrated advanced technologies to enhance efficiency.,செயல்திறனை மேம்படுத்த மேம்பட்ட தொழில்நுட்பங்களை நாங்கள் வெற்றிகரமாக ஒருங்கிணைத்துள்ளோம். (Seyalthiranai mempaduththa mempatta thozhilnutpangalhai naangal vetrigaramaaga orunginaiththulloam.),हमने दक्षता बढ़ाने के लिए उन्नत तकनीकों को सफलतापूर्वक एकीकृत किया है। (Humne dakshata badhane ke liye unnat takneekon ko safaltapoorvak ekikrit kiya hai.)
Day 64,Advanced,The results of the audit are consistent with international reporting standards.,தணிக்கை முடிவுகள் சர்வதேச அறிக்கையிடல் தரநிலைகளுக்கு இணங்க உள்ளன. (Thanikkai mudivugal sarvadhesa arikkaiyidal tharanilaigalkku inanga ullana.),ऑडिट के परिणाम अंतरराष्ट्रीय रिपोर्टिंग मानकों के अनुरूप हैं। (Audit ke parinaam antarrashtriya reporting maanakon ke anuroop hain.)
Day 64,Advanced,It is essential to cultivate a culture of innovation within the organization.,நிறுவனத்திற்குள் புதுமை கலாச்சாரத்தை உருவாக்குவது அவசியம். (Niruvanaththirkul pudhumai kalaachchaaraththai uruvaakkuvadhu avasiyam.),संगठन के भीतर नवाचार (innovation) की संस्कृति विकसित करना आवश्यक है। (Sangathan ke bheetar navachar ki sanskriti vikasit karna aavashyak hai.)
Day 64,Advanced,The company is exploring innovative strategies to optimize its global reach.,உலகளாவிய விரிவாக்கத்திற்காக நிறுவனம் புதுமையான உத்திகளை ஆராய்ந்து வருகிறது. (Ulagalaaviya virivaakkaththirkaga niruvanam pudhumaiyaana uththigalai aaraaindhu varugiradhu.),कंपनी अपनी वैश्विक पहुंच को अनुकूलित करने के लिए अभिनव रणनीतियों की तलाश कर रही है। (Company apni vaishvik pahunch ko anukoolit karne ke liye abhinav rann-neetiyon ki talaash kar rahi hai.)
Day 64,Advanced,We must ensure that our long-term strategies are socially sustainable.,எங்களின் நீண்ட கால உத்திகள் சமூக ரீதியாக நிலையானவை என்பதை உறுதி செய்ய வேண்டும். (Engalin neenda kaala uththigal samooga reethiyaaga nilaiyaanavi enbadhai urudhi seiya vendum.),हमें यह सुनिश्चित करना चाहिए कि हमारी दीर्घकालिक रणनीतियाँ सामाजिक रूप से टिकाऊ हों। (Humein yeh sunishchit karna chahiye ki humari deerghkaalik rann-neetiyaan samajik roop se tikau hon.)
Day 65,Advanced,The document provides an in-depth analysis of the current market landscape.,இந்த ஆவணம் தற்போதைய சந்தை சூழல் குறித்த ஆழமான பகுப்பாய்வை வழங்குகிறது. (Indha aavannam tharpodhaiya sandhai choozhal kuritha aazhndha paguppaaivai valangugiradhu.),दस्तावेज़ वर्तमान बाजार परिदृश्य (landscape) का गहन विश्लेषण प्रदान करता है। (Dastawez vartaman bazaar paridrishya ka gahan vishleshan pradan karta hai.)
Day 65,Advanced,I am writing to express my formal commitment to our strategic project.,எமது மூலோபாய திட்டத்திற்கு எனது முறைப்படியான அர்ப்பணிப்பைத் தெரிவிக்க எழுதுகிறேன். (Emadhu mooloapaaya thittaththirku enadhu muraippadiyaana arppanippait therivikka ezhudhugiren.),मैं हमारी रणनीतिक परियोजना के प्रति अपनी औपचारिक प्रतिबद्धता व्यक्त करने के लिए लिख रहा हूँ। (Main humari ranneetik pariyojna ke prati apni aupcharik pratibaddhta vyakt karne ke liye likh raha hoon.)
Day 65,Advanced,We must verify the statistical data cautiously to avoid any analytical errors.,பகுப்பாய்வு பிழைகளைத் தவிர்க்க நாம் புள்ளிவிவரத் தரவுகளை எச்சரிக்கையுடன் சரிபார்க்க வேண்டும். (Paguppaaivu pizhaigalaith thavirkka naam pullivivara dharavugalai echarikkaiyudan saripaarkka vendum.),हमें किसी भी विश्लेषणात्मक त्रुटि से बचने के लिए सांख्यिकीय डेटा की सावधानीपूर्वक पुष्टि करनी चाहिए। (Humein kisi bhi vishleshnatmak truti se bachne ke liye sankhyikiya data ki saavdhanipoorvak pushti karni chahiye.)
Day 65,Advanced,This milestone has the potential to significantly enhance our corporate valuation.,இந்த மைல்கல் நமது நிறுவன மதிப்பை கணிசமாக மேம்படுத்தும் ஆற்றல் கொண்டது. (Indha mail-kal namadhu niruvana madhippai kanisamaaga mempaduththum aatral kondadhu.),यह मील का पत्थर (milestone) हमारे कॉर्पोरेट मूल्यांकन को महत्वपूर्ण रूप से बढ़ाने की क्षमता रखता है। (Yeh milestone humare corporate mulyankan ko mahatvapoorn roop se badhane ki kshamta rakhti hai.)
Day 65,Advanced,We are committed to maintaining the highest standards of operational efficiency.,செயல்பாட்டுத் திறனின் மிக உயர்ந்த தரத்தைப் பேணுவதில் நாங்கள் உறுதியாக உள்ளோம். (Seiyalpattu thiranin miga uyarndha dharaththaip paenuvadhil naangal urudhiyaaga ulloam.),हम परिचालन दक्षता के उच्चतम मानकों को बनाए रखने के लिए प्रतिबद्ध हैं। (Hum parichalan dakshata ke uchhtam maanakon ko banaye rakhne ke liye pratibaddh hain.)
Day 66,Advanced,The investigation identified several systemic lapses in our compliance protocols.,எமது இணக்க நெறிமுறைகளில் உள்ள பல முறையான குறைபாடுகளை விசாரணை கண்டறிந்துள்ளது. (Emadhu inakka nerimuraigalil ulla pala muraiyaana kuraipaadugalai vichaaranai kandarithulladhu.),जांच में हमारे अनुपालन (compliance) प्रोटोकॉल में कई प्रणालीगत खामियों की पहचान की गई है। (Jaanch mein humare compliance protocol mein kai systemic khamiyon ki pehchan ki gayi hai.)
Day 66,Advanced,Our primary focus is on expanding our presence in emerging technological markets.,வளர்ந்து வரும் தொழில்நுட்ப சந்தைகளில் எமது இருப்பை விரிவுபடுத்துவதே எமது முதன்மையான கவனம். (Valarndhu varum thozhilnutpa sandhai-galil emadhu iruppai virivupaduththuvadhay emadhu mudhanmaiyaana gavanm.),हमारा प्राथमिक ध्यान उभरते तकनीकी बाजारों में अपनी उपस्थिति बढ़ाने पर है। (Humara prathmik dhyan ubharte takneeki bazaaron mein apni upasthiti badhane par hai.)
Day 66,Advanced,The success of the project is heavily contingent on securing external investment.,திட்டத்தின் வெற்றி வெளிநாட்டு முதலீட்டைப் பெறுவதைப் பொறுத்தே அமையும். (Thittaththin vetri velinaattu mudhaleettaippperuvadhaip poruththay amaiyum.),परियोजना की सफलता बाहरी निवेश प्राप्त करने पर बहुत अधिक निर्भर (contingent) है। (Pariyojna ki safalta bahari nivesh prapt karne par bahut adhik nirbhar hai.)
Day 66,Advanced,The report provides a candid evaluation of the organizational challenges ahead.,நிறுவனத்திற்கு வரவிருக்கும் சவால்கள் குறித்த வெளிப்படையான மதிப்பீட்டை அறிக்கை வழங்குகிறது. (Niruvanaththirku varavirukkum savaalgal kuritha velippadaiyaana madhippittai arikkai valangugiradhu.),रिपोर्ट आने वाली संगठनात्मक चुनौतियों का स्पष्ट मूल्यांकन प्रदान करती है। (Report aane wali sangathanatmak chunautiyon ka spasht mulyankan pradan karti hai.)
Day 66,Advanced,I am writing to formally request a consultation regarding the proposed merger.,முன்மொழியப்பட்ட இணைப்பு தொடர்பாக ஆலோசனையைக் கோரி நான் முறைப்படி எழுதுகிறேன். (Munmozhiyappatta inaippu thodarbaga aaloasanaiyaik koari naan muraippadi ezhudhugiren.),मैं प्रस्तावित विलय (merger) के संबंध में औपचारिक रूप से परामर्श का अनुरोध करने के लिए लिख रहा हूँ। (Main prastavit vilay ke sambandh mein aupcharik roop se paramarsh ka anurodh karne ke liye likh raha hoon.)
Day 67,Advanced,We need to identify synergistic opportunities to optimize our operational costs.,எமது செயல்பாட்டுச் செலவுகளை மேம்படுத்த ஒருங்கிணைந்த வாய்ப்புகளைக் கண்டறிய வேண்டும். (Emadhu seiyalpattu-ch chelaugala i mempaduththa orunginaiththa vaaippugalai kandariya vendum.),हमें अपने परिचालन खर्चों को अनुकूलित करने के लिए सहक्रियात्मक (synergistic) अवसरों की पहचान करने की आवश्यकता है। (Humein apne parichalan kharchon ko anukoolit karne ke liye synergistic avsaron ki pehchan karne ki aavashyakta hai.)
Day 67,Advanced,It is essential to maintain professional integrity in all our strategic dealings.,எமது அனைத்து மூலோபாய நடவடிக்கைகளிலும் தொழில்முறை நேர்மையைப் பேணுவது அவசியம். (Emadhu anaithu mooloapaaya nadavadikkaigalilum thozhilmurai naermaiyaip paenuvadhu avasiyam.),हमारे सभी रणनीतिक व्यवहारों में पेशेवर अखंडता बनाए रखना आवश्यक है। (Humare sabhi ranneetik vyavharon mein peshewar akhandta banaye rakhna aavashyak hai.)
Day 67,Advanced,The findings of the survey will inform our future organizational strategies.,கணக்கெடுப்பின் கண்டுபிடிப்புகள் எமது எதிர்கால நிறுவன உத்திகளுக்கு உதவும். (Kanakkeduppin kandupidippugal emadhu edhirkaala niruvana uththigalkku udhavum.),सर्वेक्षण के निष्कर्ष हमारी भविष्य की संगठनात्मक रणनीतियों को सूचित करेंगे। (Sarvekshan ke nishkarsh humari bhavishya ki sangathanatmak rann-neetiyon ko soochit karenge.)
Day 67,Advanced,We are striving to establish ourselves as a socially responsible global corporation.,ஒரு சமூகப் பொறுப்புள்ள உலகளாவிய நிறுவனமாக எங்களை நிலைநிறுத்த நாங்கள் முயற்சி செய்கிறோம். (Oru samoogap poruppulla ulagalaaviya niruvanamaaga engalai nilainiruththa naangal muyarchi seigiroam.),हम खुद को एक सामाजिक रूप से जिम्मेदार वैश्विक निगम के रूप में स्थापित करने का प्रयास कर रहे हैं। (Hum khud ko ek samajik roop se zimmedar vaishvik nigam ke roop mein sthapit karne ka prayas kar rahe hain.)
Day 67,Advanced,The project necessitates a high degree of collaboration between global partners.,இந்தத் திட்டத்திற்கு உலகளாவிய கூட்டாளர்களுக்கு இடையே உயர்மட்ட ஒத்துழைப்பு அவசியம். (Indha thittaththirkulagalalaaviya koottalaalargalukku idaiyae uyar-matta oththuzhaippu avasiyam.),परियोजना के लिए वैश्विक भागीदारों के बीच उच्च स्तर के सहयोग की आवश्यकता है। (Pariyojna ke liye vaishvik bhagidaron ke beech uchh star ke sahyog ki aavashyakta hai.)
Day 68,Advanced,I have enclosed the required documentation for your comprehensive assessment.,உங்கள் விரிவான மதிப்பீட்டிற்காகத் தேவையான ஆவணங்களை இணைத்துள்ளேன். (Ungal virivaana madhippittirkaagath thevaiyaana aavannangalai inaippiththullen.),मैंने आपके व्यापक मूल्यांकन के लिए आवश्यक दस्तावेज संलग्न किए हैं। (Maine aapke vyapak mulyankan ke liye aavashyak dastawez sanlagn kiye hain.)
Day 68,Advanced,We must mitigate the financial risks associated with emerging market volatility.,வளர்ந்து வரும் சந்தை ஏற்ற இறக்கங்களுடன் தொடர்புடைய நிதி அபாயங்களை நாம் குறைக்க வேண்டும். (Valarndhu varum sandhai ettra irakkangaludan thodarpudaiya nidhi abaayangalai naam kuraikka vendum.),हमें उभरते बाजारों की अस्थिरता से जुड़े वित्तीय जोखिमों को कम करना चाहिए। (Humein ubharte bazaaron ki astharta se jude vitteeya jokhimon ko kam karna chahiye.)
Day 68,Advanced,The performance was evaluated against a predefined set of rigorous metrics.,செயல்பாடு முன்பே தீர்மானிக்கப்பட்ட கடுமையான அளவீடுகளின் தொகுப்பிற்கு எதிராக மதிப்பிடப்பட்டது. (Seiyalpattu munbe theermaanikkappatta kadumaiyaana alaveedugalin thoguppirku edhiraga madhippidappattadhu.),प्रदर्शन का मूल्यांकन कड़े मेट्रिक्स (metrics) के एक पूर्व-निर्धारित सेट के आधार पर किया गया था। (Pradarshan ka mulyankan kade metrics ke ek poorv-nirdharit set ke aadhar par kiya gaya tha.)
Day 68,Advanced,The collaboration has facilitated a more holistic perspective on the project goals.,இந்த ஒத்துழைப்பு திட்ட இலக்குகள் குறித்த முழுமையான கண்ணோட்டத்தை எளிதாக்கியுள்ளது. (Indha oththuzhaippu thitta ilakkugal kuritha muzhumaiyaana kannottathai elidhaakkiyulladhu.),सहयोग ने परियोजना के लक्ष्यों पर अधिक समग्र (holistic) दृष्टिकोण रखने में मदद की है। (Sahyog ne pariyojna ke lakshyon par adhik samagra drishtikon rakhne mein madad ki hai.)
Day 68,Advanced,The proposal was withdrawn pending further clarification on the strategic budget.,மூலோபாய பட்ஜெட் குறித்த கூடுதல் விளக்கம் வரும் வரை முன்மொழிவு திரும்பப் பெறப்பட்டது. (Mooloapaaya budget kuritha koodudhal vilakkam varum varai munmozhiyivu thirumbap perappattadhu.),रणनीतिक बजट पर और स्पष्टीकरण मिलने तक प्रस्ताव वापस ले लिया गया था। (Ranneetik budget par aur spashtikaran milne tak prastav waapas le liya gaya था।)
Day 69,Advanced,We must consider the diverse cultural backgrounds of our target global audience.,உலகளாவிய இலக்கு பார்வையாளர்களின் பல்வேறு கலாச்சார பின்னணிகளை நாம் கருத்தில் கொள்ள வேண்டும். (Ulagalaaviya ilakku paarvaiyaalargalin palveru kalaachchaara pinnanigalai naam karudhil kolla vendum.),हमें अपने लक्षित वैश्विक दर्शकों की विविध सांस्कृतिक पृष्ठभूमि पर विचार करना चाहिए। (Humein apne lakshit vaishvik darshakon ki vividh sanskritik prishtbhumi par vichaar karna chahiye.)
Day 69,Advanced,The breakthrough could redefine our understanding of sustainable development.,இந்த திருப்புமுனை நிலையான வளர்ச்சி குறித்த நமது புரிதலை மறுவரையறை செய்யலாம். (Indha thiruppumunai nilaiyaana valarchchi kuritha namadhu puridhalai maru-varaiyarai seiyalaam.),यह बड़ी सफलता सतत विकास की हमारी समझ को फिर से परिभाषित कर सकती है। (Yeh badi safalta satat vikas ki humari samajh ko phir se paribhashit kar sakti hai.)
Day 69,Advanced,I am writing to propose a formal strategic alliance between our organizations.,எமது நிறுவனங்களுக்கு இடையே முறைப்படியான மூலோபாய கூட்டணியை முன்மொழிய நான் எழுதுகிறேன். (Emadhu niruvanangalkkum idaiyae muraippadiyaana mooloapaaya koottuniyai munmozhiya naan ezhudhugiren.),मैं हमारे संगठनों के बीच औपचारिक रणनीतिक गठबंधन का प्रस्ताव देने के लिए लिख रहा हूँ। (Main humare sangathanon ke beech aupcharik ranneetik gathbandhan ka prastav dene ke liye likh raha hoon.)
Day 69,Advanced,The current market volatility necessitates a robust risk-management strategy.,தற்போதைய சந்தை ஏற்ற இறக்கம் ஒரு வலுவான இடர்-மேலாண்மை உத்தியை அவசியமாக்குகிறது. (Tharpodhaiya sandhai ettra irakkam oru valuvaana idar-melaanmai uththiyai avasiyamaakkugiradhu.),वर्तमान बाजार की अस्थिरता के लिए एक मजबूत जोखिम-प्रबंधन रणनीति आवश्यक है। (Vartaman bazaar ki astharta ke liye ek mazboot jokhim-prabandhan rann-neeti aavashyak hai.)
Day 69,Advanced,I would appreciate your expert insight into the potential impacts of this merger.,இந்த இணைப்பின் சாத்தியமான தாக்கங்கள் குறித்த உங்களின் நிபுணத்துவப் பார்வையை நான் பாராட்டுகிறேன். (Indha inaippin saaththiyamaana thakkangal kuritha ungalin nipunaththuva-p-paarvaiyai naan paarattugiren.),मैं इस विलय के संभावित प्रभावों पर आपकी विशेषज्ञ अंतर्दृष्टि (expert insight) की सराहना करूँगा। (Main is vilay ke sambhavit prabhavon par aapki visheshagya antardrishti ki saraahna karunga.)
Day 70,Advanced,We are working to optimize our internal processes to enhance organizational efficiency.,நிறுவனத்தின் செயல்திறனை மேம்படுத்த எங்களின் உள் செயல்பாடுகளைச் சீரமைக்கச் செயல்படுகிறோம். (Niruvanaththin seyalthiranai mempaduththa engalin ul seiyalpau-galai seiramikkach seiyalpattugirom.),हम संगठनात्मक दक्षता बढ़ाने के लिए अपनी आंतरिक प्रक्रियाओं को अनुकूलित करने पर काम कर रहे हैं। (Hum sangathanatmak dakshata badhane ke liye apni aantarik prakriyaon ko anukoolit karne par kaam kar rahe hain.)
Day 70,Advanced,Maintaining transparency is of paramount importance in corporate governance.,நிறுவன ஆளுமையில் வெளிப்படைத்தன்மையைப் பேணுவது மிக முக்கியமானது. (Niruvana aalunaiyil velippadaith-thanmaiyaip paenuvadhu miga mukkiyamaanadhu.),कॉर्पोरेट गवर्नेंस में पारदर्शिता बनाए रखना सर्वोपरि है। (Corporate governance mein paardarsheeta banaye rakhna sarvopari hai.)
Day 70,Advanced,The proposal outlines a comprehensive strategy for organizational expansion.,இந்த முன்மொழிவு நிறுவன விரிவாக்கத்திற்கான ஒரு விரிவான உத்தியை விளக்குகிறது. (Indha munmozhiyivu niruvana virivaakkaththirkaana oru virivaana uththiyai vilakkugiradhu.),प्रस्ताव संगठनात्मक विस्तार के लिए एक व्यापक रणनीति की रूपरेखा तैयार करता है। (Prastav sangathanatmak vistar ke liye ek vyapak rann-neeti ki roop-rekha taiyar karta hai.)
Day 70,Advanced,The report highlights the multifaceted impact of digitalization on industry growth.,தொழில் வளர்ச்சியில் டிஜிட்டல் மயமாக்கலின் பன்முகத் தாக்கத்தை அறிக்கை சுட்டிக்காட்டுகிறது. (Thozhil valarchiyil digitalization-in pan-mugath thaakkaththai arikkai suttikkaattugiradhu.),रिपोर्ट उद्योग के विकास पर डिजिटलीकरण के बहुआयामी प्रभावों पर प्रकाश डालती है। (Report udyog ke vikas par digitalization ke bahu-aayami prabhavon par prakash daalti hai.)
Day 70,Advanced,We need to implement robust security measures to protect trade secrets.,வணிக ரகசியங்களைப் பாதுகாக்க நாம் வலுவான பாதுகாப்பு நடவடிக்கைகளை எடுக்க வேண்டும். (Vaniga ragasiyangalaip paadhukaakka naam valuvaana paadhukaappu nadavadikkaigalai edukka vendum.),हमें व्यापार रहस्यों (trade secrets) की रक्षा के लिए मजबूत सुरक्षा उपाय लागू करने की आवश्यकता है। (Humein vyapar rahasyon ki raksha ke liye mazboot suraksha upay laagu karne ki aavashyakta hai.)
Day 71,Advanced,The new legislation aims to foster a more accountable financial sector.,நிதித் துறையில் அதிக பொறுப்புக்கூறலை வளர்ப்பதை புதிய சட்டம் நோக்கமாகக் கொண்டுள்ளது. (Nidhith thuraiyil adhiga poruppukkoaralai valarppadhai pudhiya sattam nokkamaagak kondulladhu.),नए कानून का उद्देश्य एक अधिक जवाबदेह (accountable) वित्तीय क्षेत्र को बढ़ावा देना है। (Naye kanoon ka uddeshya ek adhik javabdeh vitteeya kshetra ko badhava dena hai.)
Day 71,Advanced,Achieving success requires a commitment to continuous organizational learning.,வெற்றிபெற நிறுவன ரீதியான தொடர்ச்சியான கற்றலுக்கான அர்ப்பணிப்பு தேவை. (Vetri-pera niruvana reethiyaana thodaruchiyaana katralukkaana arppanippu thevai.),सफलता प्राप्त करने के लिए निरंतर संगठनात्मक सीखने के प्रति प्रतिबद्धता की आवश्यकता होती है। (Safalta prapt karne ke liye nirantar sangathanatmak seekhne ke prati pratibaddhta ki aavashyakta hoti hai.)
Day 71,Advanced,The project has the potential to fundamentally redefine our brand identity.,எமது பிராண்ட் அடையாளத்தை அடிப்படை ரீதியாக மறுவரையறை செய்யும் ஆற்றல் இந்தத் திட்டத்திற்கு உண்டு. (Emadhu brand adaiyaalaththai adippadai reethiyaaga maru-varaiyarai seiyum aatral indha thittaththirku undu.),इस परियोजना में हमारी ब्रांड पहचान को मौलिक रूप से फिर से परिभाषित करने की क्षमता है। (Is pariyojna mein humari brand pehchan ko maulik roop se phir se paribhashit karne ki kshamta hai.)
Day 71,Advanced,We have successfully streamlined our workflow to enhance operational productivity.,செயல்பாட்டுத் திறனை மேம்படுத்த எங்களின் பணிப்பாய்வை நாங்கள் முறைப்படுத்தியுள்ளோம். (Seiyalpattu thiranai mempaduththa engalin panippaivai naangal muraippaduththiyulloam.),हमने परिचालन उत्पादकता बढ़ाने के लिए अपने वर्कफ़्लो को सफलतापूर्वक सुव्यवस्थित किया है। (Humne parichalan utpaadakta badhane ke liye apne workflow ko safaltapoorvak suvyavasthit kiya hai.)
Day 71,Advanced,The results of the audit are consistent with international compliance standards.,தணிக்கை முடிவுகள் சர்வதேச இணக்கத் தரநிலைகளுக்கு இணங்க உள்ளன. (Thanikkai mudivugal sarvadhesa inakkath tharanilaigalkku inanga ullana.),ऑडिट के परिणाम अंतरराष्ट्रीय अनुपालन (compliance) मानकों के अनुरूप हैं। (Audit ke parinaam antarrashtriya anupaalan maanakon ke anuroop hain.)
Day 72,Advanced,It is essential to cultivate a workplace culture that values diversity and equity.,பன்முகத்தன்மை மற்றும் சமத்துவத்தை மதிக்கும் பணியிட கலாச்சாரத்தை வளர்ப்பது அவசியம். (Panmugath-thanmai matrum samaththuvaththai madhikkum paniyaida kalaachchaarathai valarppadhu avasiyam.),एक ऐसी कार्यस्थल संस्कृति विकसित करना आवश्यक है जो विविधता और समानता को महत्व दे। (Ek aisi karyasthal sanskriti vikasit karna aavashyak hai jo vividhata aur samanta ko mahatv de.)
Day 72,Advanced,The company is exploring innovative strategies to optimize its human capital.,எமது மனித வளத்தை மேம்படுத்த நிறுவனம் புதுமையான உத்திகளை ஆராய்ந்து வருகிறது. (Emadhu manidha valaththai mempaduththa niruvanam pudhumaiyaana uththigalai aaraaindhu varugiradhu.),कंपनी अपनी मानव पूंजी (human capital) को अनुकूलित करने के लिए अभिनव रणनीतियों की तलाश कर रही है। (Company apni manav poonji ko anukoolit karne ke liye abhinav rann-neetiyon ki talaash kar rahi hai.)
Day 72,Advanced,We must ensure that our long-term strategies are ethically sound.,எங்களின் நீண்ட கால உத்திகள் தார்மீக ரீதியாக சரியானவை என்பதை உறுதி செய்ய வேண்டும். (Engalin neenda kaala uththigal dhaar-meega reethiyaaga sariyaanavi enbadhai urudhi seiya vendum.),हमें यह सुनिश्चित करना चाहिए कि हमारी दीर्घकालिक रणनीतियाँ नैतिक रूप से सही हों। (Humein yeh sunishchit karna chahiye ki humari deerghkaalik rann-neetiyaan naitik roop se sahi hon.)
Day 72,Advanced,The document provides a detailed breakdown of the proposed structural changes.,முன்மொழியப்பட்ட கட்டமைப்பு மாற்றங்களின் விரிவான விவரங்களை இந்த ஆவணம் வழங்குகிறது. (Munmozhiyappatta kattamaippu maatrangalin virivaana vivarangalai indha aavanam valangugiradhu.),दस्तावेज़ प्रस्तावित संरचनात्मक परिवर्तनों का विस्तृत विवरण (breakdown) प्रदान करता है। (Dastawez prastavit sanrachnatmak parivartanon ka vistrit vivran pradan karta hai.)
Day 72,Advanced,We must interpret the technical data meticulously to avoid misinterpretation.,தவறான புரிதலைத் தவிர்க்க நாம் தொழில்நுட்பத் தரவுகளை மிக நுணுக்கமாக விளக்க வேண்டும். (Thavarana puridhalaith thavirikka naam thozhilnutpa dharavugalai miga nunukkamaaga vilakka vendum.),हमें गलत व्याख्या से बचने के लिए तकनीकी डेटा की सावधानीपूर्वक व्याख्या करनी चाहिए। (Humein galat vyakhya se bache ke liye takneeki data ki saavdhanipoorvak vyakhya karni chahiye.)
Day 73,Advanced,This breakthrough has the potential to redefine our current market valuation.,இந்த திருப்புமுனை எமது தற்போதைய சந்தை மதிப்பை மறுவரையறை செய்யும் ஆற்றல் கொண்டது. (Indha thiruppumunai emadhu tharpodhaiya sandhai madhippai maru-varaiyarai seiyum aatral kondadhu.),यह बड़ी सफलता हमारे वर्तमान बाजार मूल्यांकन को फिर से परिभाषित करने की क्षमता रखती है। (Yeh badi safalta humare vartaman bazaar mulyankan ko phir se paribhashit karne ki kshamta rakhti hai.)
Day 73,Advanced,We are committed to achieving the highest levels of operational excellence.,செயல்பாட்டுச் சிறப்பின் மிக உயர்ந்த நிலைகளை அடைய நாங்கள் உறுதியாக உள்ளோம். (Seiyalpattu chirappin miga uyarndha nilaigalai adaiya naangal urudhiyaaga ulloam.),हम परिचालन उत्कृष्टता (operational excellence) के उच्चतम स्तर प्राप्त करने के लिए प्रतिबद्ध हैं। (Hum parichalan utkrishtta ke uchhtam star prapt karne ke liye pratibaddh hain.)
Day 73,Advanced,The investigation identified several systemic failures in our network infrastructure.,எமது நெட்வொர்க் உள்கட்டமைப்பில் உள்ள பல முறையான தோல்விகளை விசாரணை கண்டறிந்துள்ளது. (Emadhu network ulkattamaippil ulla pala muraiyaana tholvigalai vichaaranai kandarithulladhu.),जांच में हमारे नेटवर्क बुनियादी ढांचे (infrastructure) में कई प्रणालीगत विफलताओं की पहचान की गई है। (Jaanch mein humari network infrastructure mein kai systemic vifaltaon ki pehchan ki gayi hai.)
Day 73,Advanced,Our primary focus is on expanding our presence in emerging technological sectors.,வளர்ந்து வரும் தொழில்நுட்பத் துறைகளில் எமது இருப்பை விரிவுபடுத்துவதே எமது முதன்மையான கவனம். (Valarndhu varum thozhilnutpath thuraigalil emadhu iruppai virivupaduththuvadhay emadhu mudhanmaiyaana gavanm.),हमारा प्राथमिक ध्यान उभरते तकनीकी क्षेत्रों में अपनी उपस्थिति बढ़ाने पर है। (Humara prathmik dhyan ubharte takneeki kshetron mein apni upasthiti badhane par hai.)
Day 73,Advanced,We must synthesize the diverse perspectives of our shareholders into a cohesive plan.,எமது பங்குதாரர்களின் பல்வேறு கண்ணோட்டங்களை ஒரு ஒருங்கிணைந்த திட்டமாக நாம் ஒன்றிணைக்க வேண்டும். (Emadhu pangudhaarargalin palveru kannottangalhai oru orunginaiththa thittamaaga naam ondrinaikka vendum.),हमें अपने शेयरधारकों के विविध दृष्टिकोणों को एक सुसंगत योजना में संश्लेषित (synthesize) करना चाहिए। (Humein apne shareholders ke vividh drishtikonon ko ek susangat yojna mein synthesize karna chahiye.)
Day 74,Advanced,The success of the project is contingent upon securing additional venture capital.,திட்டத்தின் வெற்றி கூடுதல் துணிகர மூலதனத்தைப் (venture capital) பெறுவதைப் பொறுத்தே அமையும். (Thittaththin vetri koodudhal thunigara mooladhanaththai-p-peruvadhaip poruththay amaiyum.),परियोजना की सफलता अतिरिक्त उद्यम पूंजी (venture capital) प्राप्त करने पर निर्भर है। (Pariyojna ki safalta atirikt udyam poonji prapt karne par nirbhar hai.)
Day 74,Advanced,The report provides a candid evaluation of the strategic challenges ahead.,வரவிருக்கும் மூலோபாய சவால்கள் குறித்த வெளிப்படையான மதிப்பீட்டை அறிக்கை வழங்குகிறது. (Varavirukkum mooloapaaya savaalgal kuritha velippadaiyaana madhippittai arikkai valangugiradhu.),रिपोर्ट आने वाली रणनीतिक चुनौतियों का स्पष्ट मूल्यांकन प्रदान करती है। (Report aane wali ranneetik chunautiyon ka spasht mulyankan pradan karti hai.)
Day 74,Advanced,We need to identify synergistic opportunities to enhance our competitive edge.,எமது போட்டித் திறனை மேம்படுத்த ஒருங்கிணைந்த வாய்ப்புகளைக் கண்டறிய வேண்டும். (Emadhu pottith thiranai mempaduththa orunginaiththa vaaippugalai kandariya vendum.),हमें अपनी प्रतिस्पर्धी बढ़त (competitive edge) को बढ़ाने के लिए सहक्रियात्मक अवसरों की पहचान करने की आवश्यकता है। (Humein apni pratispardhi badhat ko badhane ke liye synergistic avsaron ki pehchan karne ki aavashyakta hai.)
Day 74,Advanced,It is essential to maintain professional integrity in all our corporate dealings.,எமது அனைத்து நிறுவன நடவடிக்கைகளிலும் தொழில்முறை நேர்மையைப் பேணுவது அவசியம். (Emadhu anaithu niruvana nadavadikkaigalilum thozhilmurai naermaiyaip paenuvadhu avasiyam.),हमारे सभी कॉर्पोरेट व्यवहारों में पेशेवर अखंडता बनाए रखना आवश्यक है। (Humare sabhi corporate vyavharon mein peshewar akhandta banaye rakhna aavashyak hai.)
Day 74,Advanced,The findings of the market research will inform our future product roadmap.,சந்தை ஆராய்ச்சியின் கண்டுபிடிப்புகள் எமது எதிர்காலத் தயாரிப்பு வரைபடத்திற்கு உதவும். (Sandhai aaraichiyin kandupidippugal emadhu edhirkaalath thayaarippu varaipadaththirku udhavum.),बाजार अनुसंधान के निष्कर्ष हमारे भविष्य के उत्पाद रोडमैप को सूचित करेंगे। (Bazaar anusandhan ke nishkarsh humare bhavishya ke utpaad roadmap ko soochit karenge.)
Day 75,Advanced,We are striving to establish ourselves as a socially responsible and ethical firm.,ஒரு சமூகப் பொறுப்புள்ள மற்றும் நேர்மையான நிறுவனமாக எங்களை நிலைநிறுத்த நாங்கள் முயற்சி செய்கிறோம். (Oru samoogap poruppulla matrum naermaiyaana niruvanamaaga engalai nilainiruththa naangal muyarchi seigiroam.),हम खुद को एक सामाजिक रूप से जिम्मेदार और नैतिक फर्म के रूप में स्थापित करने का प्रयास कर रहे हैं। (Hum khud ko ek samajik roop se zimmedar aur naitik firm ke roop mein sthapit karne ka prayas kar rahe hain.)
Day 75,Advanced,The project necessitates a high degree of collaboration between global stakeholders.,இந்தத் திட்டத்திற்கு உலகளாவிய பங்குதாரர்களுக்கு இடையே உயர்மட்ட ஒத்துழைப்பு அவசியம். (Indha thittaththirkulagalalaaviya pangudhaarargalukku idaiyae uyar-matta oththuzhaippu avasiyam.),परियोजना के लिए वैश्विक हितधारकों (stakeholders) के बीच उच्च स्तर के सहयोग की आवश्यकता है। (Pariyojna ke liye vaishvik hitdharakon ke beech uchh star ke sahyog ki aavashyakta hai.)
Day 75,Advanced,The collaboration has facilitated a more holistic perspective on the complex project.,இந்த ஒத்துழைப்பு சிக்கலான திட்டம் குறித்த முழுமையான கண்ணோட்டத்தை எளிதாக்கியுள்ளது. (Indha oththuzhaippu sikkalaana thittam kuritha muzhumaiyaana kannottathai elidhaakkiyulladhu.),सहयोग ने जटिल परियोजना पर अधिक समग्र (holistic) दृष्टिकोण रखने में मदद की है। (Sahyog ne jatil pariyojna par adhik samagra drishtikon rakhne mein madad ki hai.)
Day 75,Advanced,The breakthrough has the potential to redefine our understanding of sustainable growth.,இந்தத் திருப்புமுனை நிலையான வளர்ச்சி குறித்த எமது புரிதலை மறுவரையறை செய்யும் ஆற்றல் கொண்டது. (Indha thiruppumunai nilaiyaana valarchchi kuritha emadhu puridhalai maru-varaiyarai seiyum aatral kondadhu.),यह बड़ी सफलता सतत विकास की हमारी समझ को फिर से परिभाषित करने की क्षमता रखती है। (Yeh badi safalta satat vikas ki humari samajh ko phir se paribhashit karne ki kshamta rakhti hai.)
Day 75,Advanced,We must scrutinize the overarching strategy to ensure long-term sustainability.,நீண்ட கால நிலைத்தன்மையை உறுதிப்படுத்த ஒட்டுமொத்த உத்தியை நாம் உன்னிப்பாகப் பரிசோதிக்க வேண்டும். (Neenda kaala nilaiththanmaiyai urudhi seiya ottumoththa uththiyai naam unnirppaagap parisoadhikka vendum.),हमें दीर्घकालिक स्थिरता सुनिश्चित करने के लिए व्यापक रणनीति की सूक्ष्म जांच करनी चाहिए। (Humein deerghkaalik sthirta sunishchit karne ke liye vyapak rann-neeti ki sookshm jaanch karni chahiye.)
Day 76,Advanced,The organization is spearheading an initiative to enhance cross-functional synergy.,பல்வேறு துறைகளுக்கு இடையேயான ஒருங்கிணைப்பை மேம்படுத்தும் முயற்சியை நிறுவனம் முன்னெடுத்து வருகிறது. (Palveru thuraigalkku idaiyaeyaana orunginaippai mempaduththum muyarchiyai niruvanam munniduththu varugiradhu.),संगठन विभिन्न विभागों के बीच तालमेल (synergy) बढ़ाने की पहल का नेतृत्व कर रहा है। (Sangathan vibhinn vibhagon ke beech taalmel badhane ki pehal ka netrutva kar raha hai.)
Day 76,Advanced,It is essential to maintain professional objectivity during the performance appraisal.,செயல்திறன் மதிப்பீட்டின் போது தொழில்முறை புறநிலையைப் பேணுவது அவசியம். (Seiyalthiran madhippittin podhu thozhilmurai puranilaiyaip paenuvadhu avasiyam.),प्रदर्शन मूल्यांकन (appraisal) के दौरान पेशेवर निष्पक्षता बनाए रखना आवश्यक है। (Pradarshan mulyankan ke dauran peshewar nishpakshata banaye rakhna aavashyak hai.)
Day 76,Advanced,The research underscores the imperative of adopting eco-friendly manufacturing.,சுற்றுச்சூழலுக்கு உகந்த உற்பத்தியை மேற்கொள்வதன் அவசியத்தை இந்த ஆராய்ச்சி வலியுறுத்துகிறது. (Sutruch-soolukkku ugandha urpaththiyai m erkolluvadhan avasiyaththai indha aaraaichi valiyuruthugiradhu.),शोध पर्यावरण के अनुकूल विनिर्माण को अपनाने की अनिवार्यता पर जोर देता है। (Shodh paryavaran ke anukool vinirmaan ko apnane ki anivaryata par zor deta hai.)
Day 76,Advanced,We need to take proactive measures to mitigate the risks of market saturation.,சந்தை தேக்கமடைவதால் ஏற்படும் அபாயங்களைக் குறைக்க நாம் முன்முயற்சிகளை எடுக்க வேண்டும். (Sandhai thekkam-adaivadhaal erpadum abaayangalaik kuraikka naam mun-muyarchigalai edukka vendum.),हमें बाजार की संतृप्ति के जोखिमों को कम करने के लिए सक्रिय कदम उठाने की जरूरत है। (Humein bazaar ki santripti ke jokhimon ko kam karne ke liye sakriya kadam uthane ki zaroorat hai.)
Day 76,Advanced,The current fiscal climate necessitates a more conservative investment approach.,தற்போதைய நிதிச் சூழல் மிகவும் எச்சரிக்கையான முதலீட்டு அணுகுமுறையை அவசியமாக்குகிறது. (Tharpodhaiya nidhich-choozhal migavum echarikkaiyaana mudhaleettu anugumuraiyai avasiyamaakkugiradhu.),वर्तमान राजकोषीय माहौल एक अधिक रूढ़िवादी (conservative) निवेश दृष्टिकोण की आवश्यकता पैदा करता है। (Vartaman rajkoshiya mahaul ek adhik rudhivadi nivesh drishtikon ki aavashyakta paida karta hai.)
Day 77,Advanced,I would appreciate your expert appraisal of the potential disruptive technologies.,சந்தையில் மாற்றத்தை ஏற்படுத்தக்கூடிய தொழில்நுட்பங்கள் குறித்த உங்களின் நிபுணத்துவ மதிப்பீட்டை பாராட்டுகிறேன். (Sandhaiyil maatrathtthai erpaduththakkoodiya thozhilnutpangal kuritha ungalin nipunaththuva madhippittai paarattugiren.),मैं संभावित विघटनकारी (disruptive) तकनीकों के आपके विशेषज्ञ मूल्यांकन की सराहना करूँगा। (Main sambhavit vighatankari takneekon ke aapke visheshagya mulyankan ki saraahna karunga.)
Day 77,Advanced,We are working to synchronize our global operations for maximum efficiency.,அதிகபட்ச செயல்திறனுக்காக எங்களின் உலகளாவிய செயல்பாடுகளை ஒருங்கிணைக்கச் செயல்படுகிறோம். (Adhigapatcha seyalthiranukkaga engalin ulagalaaviya seiyal-paadugalai ondrinaikkach seiyalpattugirom.),हम अधिकतम दक्षता के लिए अपने वैश्विक कार्यों को सिंक्रोनाइज़ (एक साथ) करने पर काम कर रहे हैं। (Hum adhiktam dakshata ke liye apne vaishvik karyon ko synchronize karne par kaam kar rahe hain.)
Day 77,Advanced,Maintaining data confidentiality is of paramount importance in this sector.,இத்துறையில் தரவு ரகசியத்தைப் பேணுவது மிக முக்கியமானது. (Iththuraiyil dharavu ragasiyaththaip paenuvadhu miga mukkiyamaanadhu.),इस क्षेत्र में डेटा की गोपनीयता (confidentiality) बनाए रखना सर्वोपरि है। (Is kshetra mein data ki gopniyata banaye rakhna sarvopari hai.)
Day 77,Advanced,The audit provides compelling evidence to validate our internal controls.,எங்களின் உள் கட்டுப்பாடுகளை உறுதிப்படுத்த இந்தத் தணிக்கை வலுவான ஆதாரங்களை வழங்குகிறது. (Engalin ul kattuppaadugalai urudhi-paduththa indhath thanikkai valuvaana aadhaarangalai valangugiradhu.),ऑडिट हमारे आंतरिक नियंत्रणों को मान्य करने के लिए सम्मोहक साक्ष्य प्रदान करता है। (Audit humare aantarik niyantranon ko manya karne ke liye compelling saakshya pradan karta hai.)
Day 77,Advanced,We are exploring avenues for collaborative growth in the renewable sector.,புதுப்பிக்கத்தக்க எரிசக்தித் துறையில் கூட்டு வளர்ச்சிக்கான வழிகளை நாங்கள் ஆராய்ந்து வருகிறோம். (Pudhuppikkathakka erisakhthith thuraiyil koottu valarchikkaana vazhigalai naangal aaraaindhu varugiroam.),हम अक्षय ऊर्जा क्षेत्र में सहयोगात्मक विकास के रास्ते तलाश रहे हैं। (Hum akshay oorja kshetra mein sahyogatmak vikas ke raaste talash rahe hain.)
Day 78,Advanced,The proposal provides a detailed blueprint for organizational transformation.,இந்த முன்மொழிவு நிறுவன மாற்றத்திற்கான ஒரு விரிவான வரைபடத்தை (blueprint) வழங்குகிறது. (Indha munmozhiyivu niruvana maatrathtthirkaana oru virivaana varaipadathai valangugiradhu.),प्रस्ताव संगठनात्मक परिवर्तन के लिए एक विस्तृत ब्लूप्रिंट (योजना) प्रदान करता है। (Prastav sangathanatmak parivartan ke liye ek vistrit blueprint pradan karta hai.)
Day 78,Advanced,It is essential to strictly comply with the established professional ethics.,நிர்ணயிக்கப்பட்ட தொழில்முறை நெறிமுறைகளைத் துல்லியமாகப் பின்பற்றுவது அவசியம். (Nirnaiyikkappatta thozhilmurai nerimuraigalai thulliyamaaga pinpattruvadhu avasiyam.),स्थापित पेशेवर नैतिकता का कड़ाई से पालन करना आवश्यक है। (Sthapit peshewar naitikta ka kadai se paalan karna aavashyak hai.)
Day 78,Advanced,The corporation has demonstrated notable adaptability amidst the pandemic.,பெருந்தொற்று காலத்தின் போது நிறுவனம் குறிப்பிடத்தக்க தகவமைப்புத் திறனை வெளிப்படுத்தியுள்ளது. (Perundhotru kaalaththin podhu niruvanam kurippidaththakka thagavamaipputh thiranai velippaduththiyulladhu.),निगम ने महामारी के बीच उल्लेखनीय अनुकूलन क्षमता प्रदर्शित की है। (Nigam ne mahamari ke beech ullekhneeya anukoolan kshamta pradarshit ki hai.)
Day 78,Advanced,We must evaluate the socioeconomic feasibility of the proposed development.,முன்மொழியப்பட்ட மேம்பாட்டின் சமூக-பொருளாதார சாத்தியக்கூறுகளை நாம் மதிப்பீடு செய்ய வேண்டும். (Munmozhiyappatta mempaattin samooga-porulaadhaara saaththiyakkoorugalai naam madhippidu seiya vendum.),हमें प्रस्तावित विकास की सामाजिक-आर्थिक व्यवहार्यता का मूल्यांकन करना चाहिए। (Humein prastavit vikas ki samajik-aarthik vyavharyata ka mulyankan karna chahiye.)
Day 78,Advanced,The report highlight the significant impact of automation on job security.,வேலை பாதுகாப்பில் ஆட்டோமேஷனின் (automation) குறிப்பிடத்தக்க தாக்கத்தை அறிக்கை சுட்டிக்காட்டுகிறது. (Velai paadhukaappil automation-in kurippidaththakka thaakkaththai arikkai suttikkaattugiradhu.),रिपोर्ट नौकरी की सुरक्षा पर स्वचालन (automation) के महत्वपूर्ण प्रभाव पर प्रकाश डालती है। (Report naukri ki suraksha par automation ke mahatvapoorn prabhav par prakash daalti hai.)
Day 79,Advanced,We need to implement sophisticated algorithms to optimize network performance.,நெட்வொர்க் செயல்திறனை மேம்படுத்த நாம் அதிநவீன அல்காரிதம்களை (algorithms) செயல்படுத்த வேண்டும். (Network seiyalthiranai mempaduththa naam adhinaweena algorithms-ais seiyalpadaiththa vendum.),हमें नेटवर्क प्रदर्शन को अनुकूलित करने के लिए परिष्कृत एल्गोरिदम लागू करने की आवश्यकता है। (Humein network pradarshan ko anukoolit karne ke liye parishkrit algorithms laagu karne ki aavashyakta hai.)
Day 79,Advanced,The legislative framework aims to ensure corporate accountability and transparency.,சட்டக் கட்டமைப்பானது நிறுவனப் பொறுப்புக்கூறல் மற்றும் வெளிப்படைத்தன்மையை உறுதி செய்வதை நோக்கமாகக் கொண்டுள்ளது. (Sattak-kattamaippaandhu niruvanap-poruppukkoaral matrum velippadaith-thanmaiyai urudhi seivadhai nokkamaagak kondulladhu.),विधायी ढांचे (legislative framework) का उद्देश्य कॉर्पोरेट जवाबदेही और पारदर्शिता सुनिश्चित करना है। (Vidhayi dhaanche ka uddeshya corporate javabdehi aur paardarsheeta sunishchit karna hai.)
Day 79,Advanced,Intellectual curiosity is key to driving innovation within a research team.,ஒரு ஆராய்ச்சி குழுவிற்குள் புதுமைகளை உருவாக்க அறிவுசார் ஆர்வம் முக்கியமானது. (Oru aaraaichi kuzhuvirkul pudhumaiyalai uruvaakka arivusaar aarvam mukkiyamaandhu.),एक शोध टीम के भीतर नवाचार को बढ़ावा देने के लिए बौद्धिक जिज्ञासा (intellectual curiosity) महत्वपूर्ण है। (Ek shodh team ke bheetar navachar ko badhava dene ke liye bauddhik jigyasa mahatvapoorn hai.)
Day 79,Advanced,The initiative has the potential to fundamentally transform regional trade.,இந்த முயற்சி பிராந்திய வர்த்தகத்தை அடிப்படை ரீதியாக மாற்றும் ஆற்றல் கொண்டது. (Indha muyarchi piraandhiya varththagaththai adippadai reethiyaaga maatrum aatral kondadhu.),इस पहल में क्षेत्रीय व्यापार को मौलिक रूप से बदलने की क्षमता है। (Is pehal mein kshetriya vyapar ko maulik roop se badalne ki kshamta hai.)
Day 79,Advanced,We have successfully deployed advanced analytics to streamline customer support.,வாடிக்கையாளர் சேவையை முறைப்படுத்த மேம்பட்ட பகுப்பாய்வை நாங்கள் வெற்றிகரமாகப் பயன்படுத்தியுள்ளோம். (Vaadikkaiyaalar sevaiyai muraippaduththa mempatta paguppaaivai naangal vetrigaramaagap paiyanpaduththiyulloam.),हमने ग्राहक सहायता को सुव्यवस्थित करने के लिए उन्नत विश्लेषण (analytics) को सफलतापूर्वक तैनात किया है। (Humne grahak sahayata ko suvyavasthit karne ke liye unnat analytics ko safaltapoorvak tainat kiya hai.)
Day 80,Advanced,The results of the fiscal audit are in complete alignment with legal mandates.,நிதித் தணிக்கையின் முடிவுகள் சட்டப்பூர்வ உத்தரவுகளுடன் முழுமையாக ஒத்துப்போகின்றன. (Nidhith thanikkaiyin mudivugal sattappoorva uttharavugaldan muzhumaiyaaga oththuppogindrana.),राजकोषीय ऑडिट के परिणाम कानूनी जनादेशों (mandates) के पूर्ण अनुरूप हैं। (Rajkoshiya audit ke parinaam kanooni janadeshon ke poorn anuroop hain.)
Day 80,Advanced,It is essential to foster a work environment that prioritizes mental well-being.,மன நலத்திற்கு முன்னுரிமை அளிக்கும் பணியிட சூழலை வளர்ப்பது அவசியம். (Mana nalaththirkku munnurimai alikkum paniyaida suzhalai valarppadhu avasiyam.),एक ऐसा कार्य वातावरण विकसित करना आवश्यक है जो मानसिक स्वास्थ्य को प्राथमिकता दे। (Ek aisa karya vaatavaran vikasit karna aavashyak hai jo maansik swasthya ko prathmikta de.)
Day 80,Advanced,The board is considering fiscal measures to stimulate research and development.,ஆராய்ச்சி மற்றும் மேம்பாட்டைத் தூண்டுவதற்கு நிதி நடவடிக்கைகளை வாரியம் பரிசீலித்து வருகிறது. (Aaraaichi matrum mempaattaith thoonduvadharkku nidhi nadavadikkaigalai vaariyam pariseeliththu varugiradhu.),बोर्ड अनुसंधान और विकास को प्रोत्साहित करने के लिए राजकोषीय उपायों पर विचार कर रहा है। (Board anusandhan aur vikas ko protsahit karne ke liye rajkoshiya upayon par vichaar kar raha hai.)
Day 80,Advanced,The document provides an intricate analysis of the competitive landscape.,இந்த ஆவணம் போட்டிச் சூழல் குறித்த சிக்கலான பகுப்பாய்வை வழங்குகிறது. (Indha aavannam pottich chuzhal kuritha sikkalaana paguppaaivai valangugiradhu.),दस्तावेज़ प्रतिस्पर्धी परिदृश्य (landscape) का एक जटिल विश्लेषण प्रदान करता है। (Dastawez pratispardhi paridrishya ka ek jatil vishleshan pradan karta hai.)
Day 80,Advanced,I am writing to formally endorse the proposed strategic partnership.,முன்மொழியப்பட்ட மூலோபாய கூட்டாண்மையை முறைப்படி ஆதரிக்க நான் எழுதுகிறேன். (Munmozhiyappatta mooloapaaya koottannmaiyai muraippadi aadharkka naan ezhudhugiren.),मैं प्रस्तावित रणनीतिक साझेदारी का औपचारिक रूप से समर्थन (endorse) करने के लिए लिख रहा हूँ। (Main prastavit ranneetik saajhedari ka aupcharik roop se samarthan karne ke liye likh raha hoon.)
Day 81,Advanced,We must verify the data meticulously to prevent any interpretive errors.,விளக்கப் பிழைகளைத் தவிர்க்க நாம் தரவுகளை மிக நுணுக்கமாகச் சரிபார்க்க வேண்டும். (Vilakkap pizhaigailaith thavirikka naam dharavugalai miga nunukkamaagas saripaarkka vendum.),हमें किसी भी व्याख्यात्मक त्रुटि से बचने के लिए डेटा की सावधानीपूर्वक पुष्टि करनी चाहिए। (Humein kisi bhi vyakhyatmak truti se bachne ke liye data ki saavdhanipoorvak pushti karni chahiye.)
Day 81,Advanced,We are committed to achieving a higher level of operational excellence.,செயல்பாட்டுச் சிறப்பின் உயர் மட்டத்தை அடைய நாங்கள் உறுதியாக உள்ளோம். (Seiyalpattu chirappin uyar mattaththai adaiya naangal urudhiyaaga ulloam.),हम परिचालन उत्कृष्टता (operational excellence) का उच्च स्तर प्राप्त करने के लिए प्रतिबद्ध हैं। (Hum parichalan utkrishtta ka uchh star prapt karne ke liye pratibaddh hain.)
Day 81,Advanced,The investigation identified several systemic irregularities in the procurement.,கொள்முதல் செயல்பாட்டில் உள்ள பல முறையான முறைகேடுகளை விசாரணை கண்டறிந்துள்ளது. (Kolmudhal seiyal-pattil ulla pala muraiyaana muraigaidugalai vichaaranai kandarithulladhu.),जांच में खरीद (procurement) में कई प्रणालीगत अनियमितताओं की पहचान की गई है। (Jaanch mein khareed mein kai systemic aniyamitataon ki pehchan ki gayi hai.)
Day 81,Advanced,Our primary focus is on expanding our footprint in emerging African markets.,வளர்ந்து வரும் ஆப்பிரிக்க சந்தைகளில் எமது இருப்பை விரிவுபடுத்துவதே எமது முதன்மையான கவனம். (Valarndhu varum Africa sandhai-galil emadhu iruppai virivupaduththuvadhay emadhu mudhanmaiyaana gavanm.),हमारा प्राथमिक ध्यान उभरते अफ्रीकी बाजारों में अपनी पहुंच (footprint) बढ़ाने पर है। (Humara prathmik dhyan ubharte African bazaaron mein apni pahunch badhane par hai.)
Day 81,Advanced,We must synthesize the diverse viewpoints to form a cohesive corporate strategy.,ஒரு ஒருங்கிணைந்த உத்தியை உருவாக்க பல்வேறு கருத்துக்களை நாம் ஒன்றிணைக்க வேண்டும். (Oru orunginaiththa uththiyai uruvaakka palveru karuththukkalai naam ondrinaikka vendum.),एक सुसंगत कॉर्पोरेट रणनीति बनाने के लिए हमें विविध दृष्टिकोणों को संश्लेषित (synthesize) करना चाहिए। (Ek susangat corporate rann-neeti banane ke liye humein vividh drishtikonon ko synthesize karna chahiye.)
Day 82,Advanced,The success of the venture is contingent on the political stability of the region.,இந்த முயற்சியின் வெற்றி அப்பகுதியின் அரசியல் ஸ்திரத்தன்மையைப் பொறுத்தது. (Indha muyarchiyin vetri appagudhiyin arasiyal sthirath-thanmaiyaip poruththadhu.),उद्यम की सफलता क्षेत्र की राजनीतिक स्थिरता पर निर्भर (contingent) है। (Udyam ki safalta kshetra ki rajneetik sthirta par nirbhar hai.)
Day 82,Advanced,The report provides a candid evaluation of the potential pitfalls.,ஏற்படக்கூடிய இடையூறுகள் குறித்த வெளிப்படையான மதிப்பீட்டை அறிக்கை வழங்குகிறது. (Erpadakkoodiya idaiyoorugal kuritha velippadaiyaana madhippittai arikkai valangugiradhu.),रिपोर्ट संभावित खामियों (pitfalls) का स्पष्ट मूल्यांकन प्रदान करती है। (Report sambhavit khamiyon ka spasht mulyankan pradan karti hai.)
Day 82,Advanced,We need to identify synergistic opportunities to optimize our operational expenditure.,செயல்பாட்டுச் செலவினங்களை மேம்படுத்த ஒருங்கிணைந்த வாய்ப்புகளைக் கண்டறிய வேண்டும். (Seiyalpattu-ch chelavinangalhai mempaduththa orunginaiththa vaaippugalai kandariya vendum.),हमें अपने परिचालन व्यय को अनुकूलित करने के लिए सहक्रियात्मक (synergistic) अवसरों की पहचान करने की आवश्यकता है। (Humein apne parichalan vyay ko anukoolit karne ke liye synergistic avsaron ki pehchan karne ki aavashyakta hai.)
Day 82,Advanced,The findings of the survey will inform our future human resource policies.,கணக்கெடுப்பின் கண்டுபிடிப்புகள் எமது எதிர்கால மனிதவளக் கொள்கைகளுக்கு உதவும். (Kanakkeduppin kandupidippugal emadhu edhirkaala manidhavalak-kolgaigalkku udhavum.),सर्वेक्षण के निष्कर्ष हमारी भविष्य की मानव संसाधन नीतियों को सूचित करेंगे। (Sarvekshan ke nishkarsh humari bhavishya ki manav sansadhan neetiyon ko soochit karenge.)
Day 82,Advanced,We are striving to cultivate an environment that fosters intellectual growth.,அறிவுசார் வளர்ச்சியை ஊக்குவிக்கும் சூழலை வளர்க்க நாங்கள் முயற்சி செய்கிறோம். (Arivusaar valarchiyai ookkuvikkum suzhalai valarkka naangal muyarchi seigiroam.),हम एक ऐसा वातावरण विकसित करने का प्रयास कर रहे हैं जो बौद्धिक विकास को बढ़ावा दे। (Hum ek aisa vaatavaran vikasit karne ka prayas kar rahe hain jo bauddhik vikas ko badhava de.)
Day 83,Advanced,The project necessitates a high degree of collaboration between the stakeholders.,இந்தத் திட்டத்திற்குப் பங்குதாரர்களுக்கு இடையே உயர்மட்ட ஒத்துழைப்பு அவசியம். (Indha thittaththirkup pangudhaarargalukku idaiyae uyar-matta oththuzhaippu avasiyam.),परियोजना के लिए हितधारकों (stakeholders) के बीच उच्च स्तर के सहयोग की आवश्यकता है। (Pariyojna ke liye hitdharakon ke beech uchh star ke sahyog ki aavashyakta hai.)
Day 83,Advanced,I have enclosed the strategic roadmap for your comprehensive review.,உங்களின் விரிவான பார்வைக்காக மூலோபாய வரைபடத்தை இணைத்துள்ளேன். (Ungal virivaana paarvaikkaaga mooloapaaya varaipadathai inaippiththullen.),मैंने आपकी व्यापक समीक्षा के लिए रणनीतिक रोडमैप संलग्न किया है। (Maine aapke vyapak sameeksha ke liye ranneetik roadmap sanlagn kiya hai.)
Day 83,Advanced,We must mitigate the risks associated with global supply chain disruptions.,உலகளாவிய விநியோகச் சங்கிலி பாதிப்புகளுடன் தொடர்புடைய அபாயங்களை நாம் குறைக்க வேண்டும். (Ulagalaaviya viniyoga changili paadhippugaldan thodarpudaiya abaayangalai naam kuraikka vendum.),हमें वैश्विक आपूर्ति श्रृंखला (supply chain) व्यवधानों से जुड़े जोखिमों को कम करना चाहिए। (Humein vaishvik aaporti shrinkhla vyavdhanon se jude jokhimon ko kam karna chahiye.)
Day 83,Advanced,The breakthrough has the potential to redefine our understanding of sustainability.,இந்தத் திருப்புமுனை நிலைத்தன்மையை நாம் உணரும் விதத்தை மறுவரையறை செய்யும் ஆற்றல் கொண்டது. (Indha thiruppumunai nilaiththanmaiyai naam unarum vidhathai maru-varaiyarai seiyum aatral kondadhu.),यह बड़ी सफलता स्थिरता (sustainability) को देखने के हमारे नजरिए को फिर से परिभाषित करने की क्षमता रखती है। (Yeh badi safalta sustainability ko dekhne ke humare nazariye ko phir se paribhashit karne ki kshamta rakhti hai.)
Day 83,Advanced,We must foster a culture of transparency to build lasting stakeholder trust.,பங்குதாரர்களின் நம்பிக்கையை வளர்க்க நாம் வெளிப்படைத்தன்மை கொண்ட கலாச்சாரத்தை உருவாக்க வேண்டும். (Pangudhaarargalin nambikkaiyai valarkka naam velippadaiththanmai kondha kalaachchaaraththai uruvaakka vendum.),हितधारकों का स्थायी विश्वास बनाने के लिए हमें पारदर्शिता की संस्कृति को बढ़ावा देना चाहिए। (Hitdharakon ka sthayi vishwas banane ke liye humein paardarsheeta ki sanskriti ko badhava dena chahiye.)
Day 84,Advanced,The report highlights the multifaceted impact of globalization on local economies.,உள்ளூர் பொருளாதாரங்களில் உலகமயமாக்கலின் பன்முகத் தாக்கத்தை அறிக்கை சுட்டிக்காட்டுகிறது. (Ullur porulaadhaarangalil ulagamayamaakkalin pan-mugath thaakkaththai arikkai suttikkaattugiradhu.),रिपोर्ट स्थानीय अर्थव्यवस्थाओं पर वैश्वीकरण के बहुआयामी प्रभावों पर प्रकाश डालती है। (Report sthaaniya arthvyavasthaon par vaishveekaran ke bahu-aayami prabhavon par prakash daalti hai.)
Day 84,Advanced,The new legislation aims to foster a more transparent financial sector.,நிதித் துறையில் அதிக வெளிப்படைத்தன்மையை வளர்ப்பதை புதிய சட்டம் நோக்கமாகக் கொண்டுள்ளது. (Nidhith thuraiyil adhiga velippadaiththanmaiyai valarppadhai pudhiya sattam nokkamaagak kondulladhu.),नए कानून का उद्देश्य एक अधिक पारदर्शी वित्तीय क्षेत्र को बढ़ावा देना है। (Naye kanoon ka uddeshya ek adhik paardarshee vitteeya kshetra ko badhava dena hai.)
Day 84,Advanced,The investigation identified several systemic failures in our compliance protocols.,எமது இணக்க நெறிமுறைகளில் உள்ள பல முறையான தோல்விகளை விசாரணை கண்டறிந்துள்ளது. (Emadhu inakka nerimuraigalil ulla pala muraiyaana tholvigalai vichaaranai kandarithulladhu.),जांच में हमारे अनुपालन (compliance) प्रोटोकॉल में कई प्रणालीगत विफलताओं की पहचान की गई है। (Jaanch mein humare compliance protocol mein kai systemic khamiyon ki pehchan ki gayi hai.)
Day 84,Advanced,We must scrutinize the operational framework to ensure it is robust and scalable.,செயல்பாட்டுக் கட்டமைப்பை உறுதியாகவும் விரிவுபடுத்தக்கூடியதாகவும் இருப்பதை உறுதி செய்ய நாம் உன்னிப்பாகப் பரிசோதிக்க வேண்டும். (Seiyalpattuk-kattamaippai urudhiyaagavum virivupaduththakkoodiyadhaagavum iruppadhai urudhi seiya naam adhai unnirppaagap parisoadhikka vendum.),हमें यह सुनिश्चित करने के लिए परिचालन ढांचे की सूक्ष्म जांच करनी चाहिए कि वह मजबूत और विस्तार योग्य (scalable) हो। (Humein yeh sunishchit karne ke liye parichalan dhaanche ki sookshm jaanch karni chahiye ki wah mazboot aur scalable ho.)
Day 84,Advanced,The organization is prioritizing the implementation of advanced cybersecurity protocols.,நிறுவனம் மேம்பட்ட சைபர் பாதுகாப்பு நெறிமுறைகளைச் செயல்படுத்துவதற்கு முன்னுரிமை அளிக்கிறது. (Niruvanam mempatta cyber paadhukaappu nerimuraigalais seiyalpadaiththuvadharku munnurimai alikkiradhu.),संगठन उन्नत साइबर सुरक्षा प्रोटोकॉल के कार्यान्वयन को प्राथमिकता दे रहा है। (Sangathan unnat cybersecurity protocol ke karyanvayan ko prathmikta de raha hai.)
Day 85,Advanced,It is essential to maintain professional impartiality during the internal investigation.,உள் விசாரணையின் போது தொழில்முறை பாரபட்சமின்மையைப் பேணுவது அவசியம். (Ul vichaaranaiyin podhu thozhilmurai paarabatchaminmaiyaip paenuvadhu avasiyam.),आंतरिक जांच के दौरान पेशेवर निष्पक्षता (impartiality) बनाए रखना आवश्यक है। (Aantarik jaanch ke dauran peshewar nishpakshata banaye rakhna aavashyak hai.)
Day 85,Advanced,The study underscores the imperative of integrating ethical considerations into AI.,செயற்கை நுண்ணறிவில் (AI) தார்மீகக் கருத்துக்களை ஒருங்கிணைப்பதன் அவசியத்தை இந்த ஆய்வு வலியுறுத்துகிறது. (Seiyarkai nunnarivuil dhaar-meegak karuththukkalai ondrinaikkavadhan avasiyaththai indha aaivu valiyuruthugiradhu.),अध्ययन आर्टिफिशियल इंटेलिजेंस (AI) में नैतिक विचारों को एकीकृत करने की अनिवार्यता पर जोर देता है। (Adhyayan artificial intelligence mein naitik vicharon ko ekikrit karne ki anivaryata par zor deta hai.)
Day 85,Advanced,We need to take proactive steps to mitigate the impact of market fluctuations.,சந்தை ஏற்ற இறக்கங்களின் தாக்கத்தைக் குறைக்க நாம் முன்முயற்சிகளை எடுக்க வேண்டும். (Sandhai ettra irakkangalin thaakkaththaik kuraikka naam mun-muyarchigalai edukka vendum.),हमें बाजार के उतार-चढ़ाव के प्रभाव को कम करने के लिए सक्रिय कदम उठाने की जरूरत है। (Humein bazaar ke utaar-chadaav ke prabhav ko kam karne ke liye sakriya kadam uthane ki zaroorat hai.)
Day 85,Advanced,The current geopolitical climate necessitates a more resilient supply chain strategy.,தற்போதைய புவிசார் அரசியல் சூழல் மிகவும் மீள்திறன் கொண்ட விநியோகச் சங்கிலி உத்தியை அவசியமாக்குகிறது. (Tharpodhaiya puvisaar arasiyal choozhal migavum meelthiran kondha viniyoga changili uththiyai avasiyamaakkugiradhu.),वर्तमान भू-राजनीतिक माहौल एक अधिक लचीली (resilient) सप्लाई चेन रणनीति की आवश्यकता पैदा करता है। (Vartaman bhu-rajneetik mahaul ek adhik resilient supply chain rann-neeti ki aavashyakta paida karta hai.)
Day 85,Advanced,I would appreciate your insightful appraisal of our current organizational structure.,எமது தற்போதைய நிறுவனக் கட்டமைப்பு குறித்த உங்களின் ஆழமான மதிப்பீட்டை நான் பாராட்டுகிறேன். (Emadhu tharpodhaiya niruvanak kattamaippu kuritha ungalin aazhndha madhippittai naan paarattugiren.),मैं हमारी वर्तमान संगठनात्मक संरचना के आपके व्यावहारिक मूल्यांकन (appraisal) की सराहना करूँगा। (Main humari vartaman sangathanatmak sanrachna ke aapke vyavaharik mulyankan ki saraahna karunga.)
Day 86,Advanced,We are working to synchronize our cross-border operations for better synergy.,சிறந்த ஒருங்கிணைப்பிற்காக எங்களின் எல்லை தாண்டிய செயல்பாடுகளை ஒத்திசைக்கச் செயல்படுகிறோம். (Sirandha orunginaippirkaaga engalin ellai thaandiya seiyal-paadugalai oththisaikka-ch seiyalpattugirom.),हम बेहतर तालमेल (synergy) के लिए अपने सीमा पार कार्यों को सिंक्रोनाइज़ करने पर काम कर रहे हैं। (Hum behtar synergy ke liye apne seema paar karyon ko synchronize karne par kaam kar rahe hain.)
Day 86,Advanced,Maintaining institutional transparency is paramount for building public trust.,பொது நம்பிக்கையை வளர்க்க நிறுவன வெளிப்படைத்தன்மையைப் பேணுவது மிக முக்கியமானது. (Podhu nambikkaiyai valarkka niruvana velippadaith-thanmaiyaip paenuvadhu miga mukkiyamaanadhu.),सार्वजनिक विश्वास बनाने के लिए संस्थागत पारदर्शिता बनाए रखना सर्वोपरि है। (Saarvajanik vishwas banane ke liye sansthagat paardarsheeta banaye rakhna sarvopari hai.)
Day 86,Advanced,The research provides substantial data to validate the efficacy of the new model.,புதிய மாதிரியின் செயல்திறனை உறுதிப்படுத்த இந்த ஆராய்ச்சி போதுமான தரவுகளை வழங்குகிறது. (Pudhiya maadhiriyin seiyalthiranai urudhi-paduththa indha aaraaichi podhumaana dharavugalai valangugiradhu.),शोध नए मॉडल की प्रभावकारिता (efficacy) को मान्य करने के लिए पर्याप्त डेटा प्रदान करता है। (Shodh naye model ki prabhavkarita ko manya karne ke liye paryapt data pradan karta hai.)
Day 86,Advanced,We are seeking a strategic alliance that fosters collaborative innovation and growth.,கூட்டு கண்டுபிடிப்பு மற்றும் வளர்ச்சியை ஊக்குவிக்கும் ஒரு மூலோபாய கூட்டணியை நாங்கள் நாடுகிறோம். (Koottu kandupidippu matrum valarchiyai ookkuvikkum oru mooloapaaya koottannmaiyai naangal naadugirom.),हम एक ऐसे रणनीतिक गठबंधन की तलाश में हैं जो सहयोगात्मक नवाचार और विकास को बढ़ावा दे। (Hum ek aise ranneetik gathbandhan ki talaash mein hain jo sahyogatmak navachar aur vikas ko badhava de.)
Day 86,Advanced,The proposal provides a comprehensive blueprint for long-term fiscal stability.,இந்த முன்மொழிவு நீண்ட கால நிதி ஸ்திரத்தன்மைக்கான ஒரு விரிவான வரைபடத்தை வழங்குகிறது. (Indha munmozhiyivu neenda kaala nidhi sthirath-thanmaikkaana oru virivaana varaipadathai valangugiradhu.),प्रस्ताव दीर्घकालिक राजकोषीय स्थिरता के लिए एक व्यापक ब्लूप्रिंट प्रदान करता है। (Prastav deerghkaalik rajkoshiya sthirta ke liye ek vyapak blueprint pradan karta hai.)
Day 87,Advanced,It is essential to strictly comply with the global standards of environmental ethics.,சுற்றுச்சூழல் நெறிமுறைகளின் உலகளாவிய தரங்களைத் துல்லியமாகப் பின்பற்றுவது அவசியம். (Sutruch-soozhal nerimuraigalin ulagalaaviya tharangalaith thulliyamaaga pinpattruvadhu avasiyam.),पर्यावरणीय नैतिकता के वैश्विक मानकों का कड़ाई से पालन करना आवश्यक है। (Paryavaraniya naitikta ke vaishvik maanakon ka kadai se paalan karna aavashyak hai.)
Day 87,Advanced,The firm has demonstrated notable resilience in a highly competitive market.,அதிகப் போட்டி நிறைந்த சந்தையில் நிறுவனம் குறிப்பிடத்தக்க மீள்திறனை வெளிப்படுத்தியுள்ளது. (Adhigap-potti niraindha sandhaiyil niruvanam kurippidaththakka meelthiranai velippaduththiyulladhu.),फर्म ने अत्यधिक प्रतिस्पर्धी बाजार में उल्लेखनीय लचीलापन प्रदर्शित किया है। (Firm ne atyadhik pratispardhi bazaar mein ullekhneeya lacheelapan pradarshit kiya hai.)
Day 87,Advanced,We must evaluate the socioeconomic ramifications of the proposed urban expansion.,முன்மொழியப்பட்ட நகர விரிவாக்கத்தின் சமூக-பொருளாதார விளைவுகளை நாம் மதிப்பீடு செய்ய வேண்டும். (Munmozhiyappatta nagara virivaakkaththin samooga-porulaadhaara vilaivugalai naam madhippidu seiya vendum.),हमें प्रस्तावित शहरी विस्तार के सामाजिक-आर्थिक परिणामों (ramifications) का मूल्यांकन करना चाहिए। (Humein prastavit shahari vistar ke samajik-aarthik parinaamon ka mulyankan karna chahiye.)
Day 87,Advanced,The report highlights the transformative impact of renewable energy on the industry.,தொழில்துறையில் புதுப்பிக்கத்தக்க எரிசக்தியின் மாற்றத்தக்க தாக்கத்தை அறிக்கை சுட்டிக்காட்டுகிறது. (Thozhilthuraiyil pudhuppikkathakka erisakhthiyin maatranthakka thaakkaththai arikkai suttikkaattugiradhu.),रिपोर्ट उद्योग पर अक्षय ऊर्जा के परिवर्तनकारी प्रभाव पर प्रकाश डालती है। (Report udyog par akshay oorja ke parivartankari prabhav par prakash daalti hai.)
Day 87,Advanced,We need to implement robust governance policies to ensure corporate accountability.,நிறுவனப் பொறுப்புக்கூறலை உறுதிப்படுத்த நாம் வலுவான ஆளுமைக் கொள்கைகளைச் செயல்படுத்த வேண்டும். (Niruvana-p-poruppukkoaralai urudhi seiya naam valuvaana aalunaik kolgaigalaich seiyalpadaiththa vendum.),हमें कॉर्पोरेट जवाबदेही सुनिश्चित करने के लिए मजबूत शासन (governance) नीतियां लागू करने की आवश्यकता है। (Humein corporate javabdehi sunishchit karne ke liye mazboot governance neetiyaan laagu karne ki aavashyakta hai.)
Day 88,Advanced,The legislative framework aims to enhance transparency and mitigate corruption.,சட்டக் கட்டமைப்பானது வெளிப்படைத்தன்மையை மேம்படுத்தவும் ஊழலைக் குறைக்கவும் நோக்கமாகக் கொண்டுள்ளது. (Sattak-kattamaippaandhu velippadaith-thanmaiyai mempaduththavum oozhalaik kuraikkavum nokkamaagak kondulladhu.),विधायी ढांचे का उद्देश्य पारदर्शिता बढ़ाना और भ्रष्टाचार को कम करना है। (Vidhayi dhaanche ka uddeshya paardarsheeta badhana aur bhrashtachar ko kam karna hai.)
Day 88,Advanced,Cross-functional collaboration is vital for developing innovative business solutions.,புதுமையான வணிகத் தீர்வுகளை உருவாக்கப் பல்துறை ஒத்துழைப்பு மிக முக்கியமானது. (Pudhumaiyaana vaniga theervugalai uruvaakkap pala-thurai oththuzhaippu miga mukkiyamaanadhu.),अभिनव व्यावसायिक समाधान विकसित करने के लिए क्रॉस-फंक्शनल सहयोग महत्वपूर्ण है। (Abhinav vyavsayik samadhan vikasit karne ke liye cross-functional sahyog mahatvapoorn hai.)
Day 88,Advanced,The project has the potential to fundamentally redefine our operational strategy.,எமது செயல்பாட்டு உத்தியை அடிப்படை ரீதியாக மறுவரையறை செய்யும் ஆற்றல் இந்தத் திட்டத்திற்கு உண்டு. (Emadhu seiyalpattu uththiyai adippadai reethiyaaga maru-varaiyarai seiyum aatral indha thittaththirku undu.),इस परियोजना में हमारी परिचालन रणनीति को मौलिक रूप से फिर से परिभाषित करने की क्षमता है। (Is pariyojna mein humari parichalan rann-neeti ko maulik roop se phir se paribhashit karne ki kshamta hai.)
Day 88,Advanced,We have successfully integrated advanced data analytics to enhance decision-making.,முடிவெடுப்பதை மேம்படுத்த மேம்பட்ட தரவுப் பகுப்பாய்வை நாங்கள் வெற்றிகரமாக ஒருங்கிணைத்துள்ளோம். (Mudiveduppadhai mempaduththa mempatta dharavup-paguppaaivai naangal vetrigaramaaga orunginaiththulloam.),हमने निर्णय लेने की क्षमता बढ़ाने के लिए उन्नत डेटा एनालिटिक्स को सफलतापूर्वक एकीकृत किया है। (Humne nirnay lene ki kshamta badhane ke liye unnat data analytics ko safaltapoorvak ekikrit kiya hai.)
Day 88,Advanced,The results of the internal audit are consistent with regulatory expectations.,உள் தணிக்கையின் முடிவுகள் ஒழுங்குமுறை எதிர்பார்ப்புகளுடன் ஒத்துப்போகின்றன. (Ul thanikkaiyin mudivugal olungumurai edhirpaarppugaldan oththuppogindrana.),आंतरिक ऑडिट के परिणाम नियामक (regulatory) अपेक्षाओं के अनुरूप हैं। (Aantarik audit ke parinaam niyamak apekshaon ke anuroop hain.)
Day 89,Advanced,It is essential to foster a work environment that celebrates diverse perspectives.,பல்வேறு கண்ணோட்டங்களைக் கொண்டாடும் பணியிட சூழலை வளர்ப்பது அவசியம். (Palveru kannottangalhai kondaadum paniyaida suzhalai valarppadhu avasiyam.),एक ऐसा कार्य वातावरण विकसित करना आवश्यक है जो विविध दृष्टिकोणों का जश्न मनाए। (Ek aisa karya vaatavaran vikasit karna aavashyak hai jo vividh drishtikonon ka jashn manaye.)
Day 89,Advanced,The organization is exploring innovative avenues to optimize resource allocation.,வள ஒதுக்கீட்டை மேம்படுத்த நிறுவனம் புதுமையான வழிகளை ஆராய்ந்து வருகிறது. (Vala odhikkittai mempaduththa niruvanam pudhumaiyaana vazhigalai aaraaindhu varugiradhu.),संगठन संसाधन आवंटन को अनुकूलित करने के लिए अभिनव रास्ते तलाश रहा है। (Sangathan sansadhan aavantan ko anukoolit karne ke liye abhinav raaste talash raha hai.)
Day 89,Advanced,We must ensure that our corporate growth remains ethically and socially sound.,எமது நிறுவன வளர்ச்சி தார்மீக ரீதியாகவும் சமூக ரீதியாகவும் சரியாக இருப்பதை உறுதி செய்ய வேண்டும். (Emadhu niruvana valarchchi dhaar-meega reethiyaagavum samooga reethiyaagavum sariyaaga iruppadhai urudhi seiya vendum.),हमें यह सुनिश्चित करना चाहिए कि हमारी कॉर्पोरेट वृद्धि नैतिक और सामाजिक रूप से सुदृढ़ रहे। (Humein yeh sunishchit karna chahiye ki humari corporate vriddhi naitik aur samajik roop se sudridh rahe.)
Day 89,Advanced,The document provides an intricate analysis of the current market landscape.,இந்த ஆவணம் தற்போதைய சந்தை சூழல் குறித்த சிக்கலான பகுப்பாய்வை வழங்குகிறது. (Indha aavannam tharpodhaiya sandhai choozhal kuritha sikkalaana paguppaaivai valangugiradhu.),दस्तावेज़ वर्तमान बाजार परिदृश्य (landscape) का एक जटिल विश्लेषण प्रदान करता है। (Dastawez vartaman bazaar paridrishya ka ek jatil vishleshan pradan karta hai.)
Day 89,Advanced,I am writing to formally endorse the proposed strategic partnership alignment.,முன்மொழியப்பட்ட மூலோபாய கூட்டாண்மையை முறைப்படி ஆதரிக்க நான் எழுதுகிறேன். (Munmozhiyappatta mooloapaaya koottannmaiyai muraippadi aadharkka naan ezhudhugiren.),मैं प्रस्तावित रणनीतिक साझेदारी संरेखण (alignment) का औपचारिक रूप से समर्थन करने के लिए लिख रहा हूँ। (Main prastavit ranneetik saajhedari sanrekhan ka aupcharik roop se samarthan karne ke liye likh raha hoon.)
Day 90,Advanced,We must verify the data meticulously to prevent any analytical discrepancies.,பகுப்பாய்வு முரண்பாடுகளைத் தவிர்க்க நாம் தரவுகளை மிக நுணுக்கமாகச் சரிபார்க்க வேண்டும். (Paguppaaivu muranpaadugalaith thavirikka naam dharavugalai miga nunukkamaagas saripaarkka vendum.),हमें किसी भी विश्लेषणात्मक विसंगति (discrepancy) से बचने के लिए डेटा की सावधानीपूर्वक पुष्टि करनी चाहिए। (Humein kisi bhi vishleshnatmak visangati se bachne ke liye data ki saavdhanipoorvak pushti karni chahiye.)
Day 90,Advanced,This milestone has the potential to significantly enhance our corporate reputation.,இந்த மைல்கல் எமது நிறுவனத்தின் நற்பெயரை கணிசமாக மேம்படுத்தும் ஆற்றல் கொண்டது. (Indha mail-kal emadhu niruvanaththin narpeiyarai kanisamaaga mempaduththum aatral kondadhu.),यह मील का पत्थर (milestone) हमारी कॉर्पोरेट प्रतिष्ठा को महत्वपूर्ण रूप से बढ़ाने की क्षमता रखता है। (Yeh milestone humari corporate pratishtha ko mahatvapoorn roop se badhane ki kshamta rakhti hai.)
Day 90,Advanced,We are committed to achieving a higher level of operational excellence globally.,உலகளவில் செயல்பாட்டுச் சிறப்பின் உயர் மட்டத்தை அடைய நாங்கள் உறுதியாக உள்ளோம். (Ulagalavil seiyalpattu chirappin uyar mattaththai adaiya naangal urudhiyaaga ulloam.),हम विश्व स्तर पर परिचालन उत्कृष्टता (operational excellence) के उच्च स्तर को प्राप्त करने के लिए प्रतिबद्ध हैं। (Hum vishwa star par parichalan utkrishtta ke uchh star ko prapt karne ke liye pratibaddh hain.)
Day 90,Advanced,Our primary focus is on expanding our footprint in emerging technological markets.,வளர்ந்து வரும் தொழில்நுட்ப சந்தைகளில் எமது இருப்பை விரிவுபடுத்துவதே எமது முதன்மையான கவனம். (Valarndhu varum thozhilnutpa sandhai-galil emadhu iruppai virivupaduththuvadhay emadhu mudhanmaiyaana gavanm.),हमारा प्राथमिक ध्यान उभरते तकनीकी बाजारों में अपनी पहुंच (footprint) बढ़ाने पर है। (Humara prathmik dhyan ubharte takneeki bazaaron mein apni pahunch badhane par hai.)
Day 90,Advanced,We must synthesize the diverse perspectives of our shareholders into a plan.,எமது பங்குதாரர்களின் பல்வேறு கண்ணோட்டங்களை ஒரு ஒருங்கிணைந்த திட்டமாக நாம் ஒன்றிணைக்க வேண்டும். (Emadhu pangudhaarargalin palveru kannottangalhai oru orunginaiththa thittamaaga naam ondrinaikka vendum.),हमें अपने शेयरधारकों के विविध दृष्टिकोणों को एक सुसंगत योजना में संश्लेषित (synthesize) करना चाहिए। (Humein apne shareholders ke vividh drishtikonon ko ek susangat yojna mein synthesize karna chahiye.)
Day 91,Advanced,The success of the venture is contingent upon securing additional external funding.,இந்த முயற்சியின் வெற்றி கூடுதல் வெளிநாட்டு நிதியைப் பெறுவதைப் பொறுத்தே அமையும். (Indha muyarchiyin vetri koodudhal velinaattu nidhiyaip peruvadhaip poruththay amaiyum.),उद्यम की सफलता अतिरिक्त बाहरी वित्त पोषण प्राप्त करने पर निर्भर (contingent) है। (Udyam ki safalta atirikt bahari vitta poshan prapt karne par nirbhar hai.)
Day 91,Advanced,The report provides a candid evaluation of the potential organizational hurdles.,சாத்தியமான நிறுவனத் தடைகள் குறித்த வெளிப்படையான மதிப்பீட்டை அறிக்கை வழங்குகிறது. (Saaththiyamaana niruvana thadaigal kuritha velippadaiyaana madhippittai arikkai valangugiradhu.),रिपोर्ट संभावित संगठनात्मक बाधाओं (hurdles) का स्पष्ट मूल्यांकन प्रदान करती है। (Report sambhavit sangathanatmak badhaon ka spasht mulyankan pradan karti hai.)
Day 91,Advanced,I have enclosed the strategic roadmap for your comprehensive review and feedback.,உங்கள் விரிவான பார்வைக்கும் கருத்துக்கும் மூலோபாய வரைபடத்தை இணைத்துள்ளேன். (Ungal virivaana paarvaikkum karuththukkum mooloapaaya varaipadathai inaippiththullen.),मैंने आपकी व्यापक समीक्षा और प्रतिक्रिया के लिए रणनीतिक रोडमैप संलग्न किया है। (Maine aapke vyapak sameeksha aur pratikriya ke liye ranneetik roadmap sanlagn kiya hai.)
Day 91,Advanced,We must mitigate the risks associated with international market expansion.,சர்வதேச சந்தை விரிவாக்கத்துடன் தொடர்புடைய நிதி அபாயங்களை நாம் குறைக்க வேண்டும். (Sarvadhesa sandhai virivaakkaththudan thodarpudaiya nidhi abaayangalai naam kuraikka vendum.),हमें अंतरराष्ट्रीय बाजार विस्तार से जुड़े जोखिमों को कम करना चाहिए। (Humein antarrashtriya bazaar vistar se jude jokhimon ko kam karna chahiye.)
Day 91,Advanced,We must scrutinize the ethical dimensions of the proposed technological integration.,முன்மொழியப்பட்ட தொழில்நுட்ப ஒருங்கிணைப்பின் தார்மீக பரிமாணங்களை நாம் உன்னிப்பாகப் பரிசோதிக்க வேண்டும். (Munmozhiyappatta thozhilnutpa orunginaippin dhaar-meega parimaanangalai naam unnirppaagap parisoadhikka vendum.),हमें प्रस्तावित तकनीकी एकीकरण के नैतिक आयामों (ethical dimensions) की सूक्ष्म जांच करनी चाहिए। (Humein prastavit takneeki ekikaran ke naitik aayamo ki sookshm jaanch karni chahiye.)
Day 92,Advanced,The organization is prioritizing the development of a resilient organizational culture.,நிறுவனம் ஒரு மீள்திறன் கொண்ட நிறுவன கலாச்சாரத்தை மேம்படுத்துவதற்கு முன்னுரிமை அளிக்கிறது. (Niruvanam oru meelthiran kondha niruvana kalaachchaaraththai mempaduththuvadharku munnurimai alikkiradhu.),संगठन एक लचीली (resilient) संगठनात्मक संस्कृति के विकास को प्राथमिकता दे रहा है। (Sangathan ek resilient sangathanatmak sanskriti ke vikas ko prathmikta de raha hai.)
Day 92,Advanced,It is essential to maintain professional detachment during high-stakes negotiations.,முக்கியமான பேச்சுவார்த்தைகளின் போது தொழில்முறை பற்றற்ற நிலையைப் பேணுவது அவசியம். (Mukkiyamaana pechchuvaarththaigalin podhu thozhilmurai pattratra nilaiyaip paenuvadhu avasiyam.),उच्च-स्तरीय बातचीत के दौरान पेशेवर तटस्थता (detachment) बनाए रखना आवश्यक है। (Uchh-stariya baat-cheet ke dauran peshewar tatasthata banaye rakhna aavashyak hai.)
Day 92,Advanced,The findings underscore the critical importance of human-centric design in software.,மென்பொருளில் மனிதனை மையமாகக் கொண்ட வடிவமைப்பின் முக்கியத்துவத்தை ஆய்வுகள் வலியுறுத்துகின்றன. (Menporulil manidhanai maiyamaga-k-konda vadivamaippin mukkiyaththuvaththai aaivugal valiyuruthugindrana.),निष्कर्ष सॉफ्टवेयर में मानव-केंद्रित डिजाइन के महत्वपूर्ण महत्व को रेखांकित करते हैं। (Nishkarsh software mein manav-kendrit design ke mahatvapoorn mahatv ko rekhankit karte hain.)
Day 92,Advanced,We must take proactive steps to address the potential impacts of resource scarcity.,வளப் பற்றாக்குறையின் சாத்தியமான தாக்கங்களைச் சமாளிக்க நாம் முன்முயற்சிகளை எடுக்க வேண்டும். (Valap pattraakkuraiyin saaththiyamaana thaakkangalhai-ch samaalikka naam mun-muyarchigalhai edukka vendum.),हमें संसाधन की कमी के संभावित प्रभावों को दूर करने के लिए सक्रिय कदम उठाने चाहिए। (Humein sansadhan ki kami ke sambhavit prabhavon ko door karne ke liye sakriya kadam uthane chahiye.)
Day 92,Advanced,The current fiscal environment necessitates a more robust auditing framework.,தற்போதைய நிதிச் சூழல் மிகவும் வலுவான தணிக்கைக் கட்டமைப்பை அவசியமாக்குகிறது. (Tharpodhaiya nidhich-choozhal migavum valuvaana thanikkaik-kattamaippai avasiyamaakkugiradhu.),वर्तमान राजकोषीय माहौल के लिए एक अधिक मजबूत ऑडिटिंग ढांचे (framework) की आवश्यकता है। (Vartaman rajkoshiya mahaul ke liye ek adhik mazboot auditing dhaanche ki aavashyakta hai.)
Day 93,Advanced,I would appreciate your expert evaluation of the proposed strategic diversification.,முன்மொழியப்பட்ட மூலோபாய பன்முகப்படுத்தல் குறித்த உங்கள் நிபுணத்துவ மதிப்பீட்டைப் பாராட்டுகிறேன். (Munmozhiyappatta mooloapaaya panmugappaduththal kuritha ungal nipunaththuva madhippittaip paarattugiren.),मैं प्रस्तावित रणनीतिक विविधीकरण (diversification) के आपके विशेषज्ञ मूल्यांकन की सराहना करूँगा। (Main prastavit ranneetik vividhikaran ke aapke visheshagya mulyankan ki saraahna karunga.)
Day 93,Advanced,We are working to enhance our internal protocols to ensure regulatory compliance.,ஒழுங்குமுறை இணக்கத்தை உறுதிப்படுத்த எமது உள் நெறிமுறைகளை மேம்படுத்தச் செயல்படுகிறோம். (Olungumurai inakkaththai urudhi-paduththa emadhu ul nerimuraigalhai mempaduththach seiyalpattugirom.),हम नियामक अनुपालन (compliance) सुनिश्चित करने के लिए अपने आंतरिक प्रोटोकॉल को बढ़ाने पर काम कर रहे हैं। (Hum niyamak compliance sunishchit karne ke liye apne aantarik protocol ko badhane par kaam rahe hain.)
Day 93,Advanced,Maintaining transparency is of paramount importance for building long-term equity.,நீண்ட கால மதிப்பினை (equity) வளர்க்க வெளிப்படைத்தன்மையைப் பேணுவது மிக முக்கியமானது. (Neenda kaala madhippinai valarkka velippadaith-thanmaiyaip paenuvadhu miga mukkiyamaanadhu.),दीर्घकालिक इक्विटी बनाने के लिए पारदर्शिता बनाए रखना सर्वोपरि है। (Deerghkaalik equity banane ke liye paardarsheeta banaye rakhna sarvopari hai.)
Day 93,Advanced,The research provides significant empirical data to validate the proposed hypothesis.,முன்மொழியப்பட்ட கருதுகோளை உறுதிப்படுத்த இந்த ஆராய்ச்சி குறிப்பிடத்தக்க ஆதாரங்களை வழங்குகிறது. (Munmozhiyappatta karudhugoalai urudhi-paduththa indha aaraaichi kurippidaththakka aadhaarangalai valangugiradhu.),शोध प्रस्तावित परिकल्पना (hypothesis) को मान्य करने के लिए महत्वपूर्ण अनुभवजन्य डेटा प्रदान करता है। (Shodh prastavit hypothesis ko manya karne ke liye mahatvapoorn anubhav-janya data pradan karta hai.)
Day 93,Advanced,We are seeking a strategic alliance that fosters collaborative research and growth.,கூட்டு ஆராய்ச்சி மற்றும் வளர்ச்சியை ஊக்குவிக்கும் ஒரு மூலோபாய கூட்டணியை நாங்கள் நாடுகிறோம். (Koottu aaraaichi matrum valarchiyai ookkuvikkum oru mooloapaaya koottannmaiyai naangal naadugirom.),हम एक ऐसी रणनीतिक साझेदारी की तलाश में हैं जो सहयोगात्मक अनुसंधान और विकास को बढ़ावा दे। (Hum ek aisi ranneetik saajhedari ki talaash mein hain jo sahyogatmak anusandhan aur vikas ko badhava de.)
Day 94,Advanced,The proposal provides a detailed blueprint for a comprehensive digital ecosystem.,இந்த முன்மொழிவு ஒரு முழுமையான டிஜிட்டல் சுற்றுச்சூழலுக்கான விரிவான வரைபடத்தை வழங்குகிறது. (Indha munmozhiyivu oru muzhumaiyaana digital sutruch-choozhalukkaana virivaana varaipadathai valangugiradhu.),प्रस्ताव एक व्यापक डिजिटल पारिस्थितिकी तंत्र (ecosystem) के लिए एक विस्तृत ब्लूप्रिंट प्रदान करता है। (Prastav ek vyapak digital ecosystem ke liye ek vistrit blueprint pradan karta hai.)
Day 94,Advanced,It is essential to strictly comply with the international ethical and legal standards.,சர்வதேச நெறிமுறை மற்றும் சட்டத் தரங்களுக்குத் துல்லியமாக இணங்குவது அவசியம். (Sarvadhesa nerimurai matrum sattath tharangalukku thulliyamaaga inanguvadhu avasiyam.),अंतरराष्ट्रीय नैतिक और कानूनी मानकों का कड़ाई से पालन करना आवश्यक है। (Antarrashtriya naitik aur kanooni maanakon ka kadai se paalan karna aavashyak hai.)
Day 94,Advanced,The corporation has demonstrated notable adaptability amidst socioeconomic changes.,சமூக-பொருளாதார மாற்றங்களுக்கு மத்தியில் நிறுவனம் குறிப்பிடத்தக்க தகவமைப்புத் திறனை வெளிப்படுத்தியுள்ளது. (Samooga-porulaadhaara maatrangalukkku madthiyil niruvanam kurippidaththakka thagavamaipputh thiranai velippaduththiyulladhu.),निगम ने सामाजिक-आर्थिक परिवर्तनों के बीच उल्लेखनीय अनुकूलन क्षमता प्रदर्शित की है। (Nigam ne samajik-aarthik parivartanon ke beech ullekhneeya anukoolan kshamta pradarshit ki hai.)
Day 94,Advanced,We must evaluate the socioeconomic implications of the proposed structural reform.,முன்மொழியப்பட்ட கட்டமைப்புச் சீர்திருத்தத்தின் சமூக-பொருளாதார தாக்கங்களை நாம் மதிப்பீடு செய்ய வேண்டும். (Munmozhiyappatta kattamaippuch seerthiruththaththin samooga-porulaadhaara thakkangalhai naam madhippidu seiya vendum.),हमें प्रस्तावित संरचनात्मक सुधार के सामाजिक-आर्थिक निहितार्थों का मूल्यांकन करना चाहिए। (Humein prastavit sanrachnatmak sudhaar ke samajik-aarthik nihitarthon ka mulyankan karna chahiye.)
Day 94,Advanced,The report highlights the multifaceted impact of innovation on market leadership.,சந்தை தலைமையில் புதுமையின் பன்முகத் தாக்கத்தை அறிக்கை சுட்டிக்காட்டுகிறது. (Sandhai thalaimaiyil pudhumaiyin pan-mugath thaakkaththai arikkai suttikkaattugiradhu.),रिपोर्ट बाजार नेतृत्व (market leadership) पर नवाचार के बहुआयामी प्रभाव पर प्रकाश डालती है। (Report market leadership par navachar ke bahu-aayami prabhav par prakash daalti hai.)
Day 95,Advanced,We need to implement robust security protocols to protect our digital assets.,எமது டிஜிட்டல் சொத்துக்களைப் பாதுகாக்க நாம் வலுவான பாதுகாப்பு நெறிமுறைகளைச் செயல்படுத்த வேண்டும். (Emadhu digital soththukkalaip paadhukaakka naam valuvaana paadhukaappu nerimuraigalais seiyalpadaiththa vendum.),हमें अपनी डिजिटल संपत्ति (digital assets) की रक्षा के लिए मजबूत सुरक्षा प्रोटोकॉल लागू करने की आवश्यकता है। (Humein apni digital sampatti ki raksha ke liye mazboot suraksha protocol laagu karne ki aavashyakta hai.)
Day 95,Advanced,The new regulations aim to foster a more transparent and ethical corporate culture.,அதிக வெளிப்படைத்தன்மை மற்றும் நெறிமுறை சார்ந்த கலாச்சாரத்தை வளர்ப்பதை புதிய விதிகள் நோக்கமாகக் கொண்டுள்ளன. (Adhiga velippadaith-thanmai matrum nerimurai saarndha kalaachchaaraththai valarppadhai pudhiya vidhigal nokkamaagak kondullana.),नए नियमों का उद्देश्य अधिक पारदर्शी और नैतिक कॉर्पोरेट संस्कृति को बढ़ावा देना है। (Naye niyamon ka uddeshya adhik paardarshee aur naitik corporate sanskriti ko badhava dena hai.)
Day 95,Advanced,Professional excellence requires a commitment to continuous growth and leadership.,தொழில்முறை சிறப்பிற்குத் தொடர்ச்சியான வளர்ச்சி மற்றும் தலைமைத்துவத்திற்கான அர்ப்பணிப்பு தேவை. (Thozhilmurai sirappukkuth thodaruchiyaana valarchchi matrum thalaimaiththuvaththirkaana arppanippu thevai.),पेशेवर उत्कृष्टता के लिए निरंतर विकास और नेतृत्व के प्रति प्रतिबद्धता की आवश्यकता होती है। (Peshewar utkrishtta ke liye nirantar vikas aur netrutva ke prati pratibaddhta ki aavashyakta hoti hai.)
Day 95,Advanced,The project has the potential to fundamentally redefine the future of our industry.,எமது தொழில்துறையின் எதிர்காலத்தை அடிப்படை ரீதியாக மறுவரையறை செய்யும் ஆற்றல் இந்தத் திட்டத்திற்கு உண்டு. (Emadhu thozhilthuraiyin edhirkaalaththai adippadai reethiyaaga maru-varaiyarai seiyum aatral indha thittaththirku undu.),इस परियोजना में हमारे उद्योग के भविष्य को मौलिक रूप से फिर से परिभाषित करने की क्षमता है। (Is pariyojna mein humare udyog ke bhavishya ko maulik roop se phir se paribhashit karne ki kshamta hai.)
Day 95,Advanced,We have successfully integrated advanced analytical tools to streamline operations.,செயல்பாடுகளை முறைப்படுத்த மேம்பட்ட பகுப்பாய்வு கருவிகளை நாங்கள் வெற்றிகரமாக ஒருங்கிணைத்துள்ளோம். (Seiyalpaadugalai muraippaduththa mempatta paguppaaivu karuvigalai naangal vetrigaramaaga orunginaiththulloam.),हमने संचालन को सुव्यवस्थित करने के लिए उन्नत विश्लेषणात्मक उपकरणों को सफलतापूर्वक एकीकृत किया है। (Humne sanchalan ko suvyavasthit karne ke liye unnat vishleshnatmak upkarnon ko safaltapoorvak ekikrit kiya hai.)
Day 96,Advanced,The results of the audit are consistent with international financial standards.,தணிக்கை முடிவுகள் சர்வதேச நிதித் தரநிலைகளுக்கு இணங்க உள்ளன. (Thanikkai mudivugal sarvadhesa nidhith tharanilaigalkku inanga ullana.),ऑडिट के परिणाम अंतरराष्ट्रीय वित्तीय मानकों के अनुरूप हैं। (Audit ke parinaam antarrashtriya vitteeya maanakon ke anuroop hain.)
Day 96,Advanced,It is essential to foster a work environment that values and celebrates inclusivity.,உள்ளடக்கிய தன்மையை (inclusivity) மதிக்கும் மற்றும் கொண்டாடும் பணியிட சூழலை வளர்ப்பது அவசியம். (Ulladakkiya thanmaiyai madhikkum matrum kondaadum paniyaida suzhalai valarppadhu avasiyam.),एक ऐसा कार्य वातावरण विकसित करना आवश्यक है जो समावेशिता (inclusivity) को महत्व दे और उसका जश्न मनाए। (Ek aisa karya vaatavaran vikasit karna aavashyak hai jo inclusivity ko mahatv de aur uska jashn manaye.)
Day 96,Advanced,The company is exploring innovative strategies to optimize its global presence.,உலகளாவிய இருப்பை மேம்படுத்த நிறுவனம் புதுமையான உத்திகளை ஆராய்ந்து வருகிறது. (Ulagalaaviya iruppai mempaduththa niruvanam pudhumaiyaana uththigalai aaraaindhu varugiradhu.),कंपनी अपनी वैश्विक उपस्थिति को अनुकूलित करने के लिए अभिनव रणनीतियों की तलाश कर रही है। (Company apni vaishvik upasthiti ko anukoolit karne ke liye abhinav rann-neetiyon ki talaash kar rahi hai.)
Day 96,Advanced,We must ensure that our long-term strategies are socially and ethically sound.,எமது நீண்ட கால உத்திகள் சமூக ரீதியாகவும் தார்மீக ரீதியாகவும் சரியாக இருப்பதை உறுதி செய்ய வேண்டும். (Emadhu neenda kaala uththigal samooga reethiyaagavum dhaar-meega reethiyaagavum sariyaaga iruppadhai urudhi seiya vendum.),हमें यह सुनिश्चित करना चाहिए कि हमारी दीर्घकालिक रणनीतियाँ सामाजिक और नैतिक रूप से सुदृढ़ हों। (Humein yeh sunishchit karna chahiye ki humari deerghkaalik rann-neetiyaan samajik aur naitik roop se sudridh hon.)
Day 96,Advanced,We must interpret the statistical data cautiously to avoid misleading results.,தவறான முடிவுகளைத் தவிர்க்க நாம் புள்ளிவிவரத் தரவுகளை எச்சரிக்கையுடன் விளக்க வேண்டும். (Thavarana mudivugalhaith thavirikka naam pullivivara dharavugalai echarikkaiyudan vilakka vendum.),हमें भ्रामक परिणामों से बचने के लिए सांख्यिकीय डेटा की सावधानीपूर्वक व्याख्या करनी चाहिए। (Humein bhramak parinaamon se bachne ke liye sankhyikiya data ki saavdhanipoorvak vyakhya karni chahiye.)
Day 97,Advanced,We are committed to achieving the highest levels of operational excellence globally.,உலகளவில் செயல்பாட்டுச் சிறப்பின் மிக உயர்ந்த நிலைகளை அடைய நாங்கள் உறுதியாக உள்ளோம். (Ulagalavil seiyalpattu chirappin miga uyarndha nilaigalai adaiya naangal urudhiyaaga ulloam.),हम विश्व स्तर पर परिचालन उत्कृष्टता (operational excellence) के उच्चतम स्तर प्राप्त करने के लिए प्रतिबद्ध हैं। (Hum vishwa star par parichalan utkrishtta ke uchhtam star prapt karne ke liye pratibaddh hain.)
Day 97,Advanced,The investigation identified several systemic failures in the existing protocols.,தற்போதுள்ள நெறிமுறைகளில் உள்ள பல முறையான தோல்விகளை விசாரணை கண்டறிந்துள்ளது. (Tharpodhu ulla nerimuraigalil ulla pala muraiyaana tholvigalai vichaaranai kandarithulladhu.),जांच में मौजूदा प्रोटोकॉल में कई प्रणालीगत (systemic) विफलताओं की पहचान की गई है। (Jaanch mein maujooda protocols mein kai systemic vifaltaon ki pehchan ki gayi hai.)
Day 97,Advanced,We are striving to cultivate an environment that fosters intellectual growth and innovation.,அறிவுசார் வளர்ச்சி மற்றும் புதுமையை ஊக்குவிக்கும் சூழலை வளர்க்க நாங்கள் முயற்சி செய்கிறோம். (Arivusaar valarchchi matrum pudhumaiyai ookkuvikkum suzhalai valarkka naangal muyarchi seigiroam.),हम एक ऐसा वातावरण विकसित करने का प्रयास कर रहे हैं जो बौद्धिक विकास और नवाचार को बढ़ावा दे। (Hum ek aisa vaatavaran vikasit karne ka prayas kar rahe hain jo bauddhik vikas aur navachar ko badhava de.)
Day 97,Advanced,We must mitigate the risks associated with international market volatility.,சர்வதேச சந்தை ஏற்ற இறக்கங்களுடன் தொடர்புடைய நிதி அபாயங்களை நாம் குறைக்க வேண்டும். (Sarvadhesa sandhai virivaakkaththudan thodarpudaiya nidhi abaayangalai naam kuraikka vendum.),हमें अंतरराष्ट्रीय बाजार की अस्थिरता (volatility) से जुड़े जोखिमों को कम करना चाहिए। (Humein antarrashtriya bazaar ki astharta se jude jokhimon ko kam karna chahiye.)
Day 97,Advanced,We must evaluate the socioeconomic ramifications of the proposed structural reform.,முன்மொழியப்பட்ட கட்டமைப்புச் சீர்திருத்தத்தின் சமூக-பொருளாதார தாக்கங்களை நாம் மதிப்பீடு செய்ய வேண்டும். (Munmozhiyappatta kattamaippuch seerthiruththaththin samooga-porulaadhaara thakkangalhai naam madhippidu seiya vendum.),हमें प्रस्तावित संरचनात्मक सुधार के सामाजिक-आर्थिक निहितार्थों का मूल्यांकन करना चाहिए। (Humein prastavit sanrachnatmak sudhaar ke samajik-aarthik nihitarthon ka mulyankan karna chahiye.)
Day 98,Advanced,The report highlights the transformative impact of innovation on market leadership.,சந்தை தலைமையில் புதுமையின் பன்முகத் தாக்கத்தை அறிக்கை சுட்டிக்காட்டுகிறது. (Sandhai thalaimaiyil pudhumaiyin pan-mugath thaakkaththai arikkai suttikkaattugiradhu.),रिपोर्ट बाजार नेतृत्व पर नवाचार के बहुआयामी प्रभाव पर प्रकाश डालती है। (Report market leadership par navachar ke bahu-aayami prabhav par prakash daalti hai.)
Day 98,Advanced,We must scrutinize the ethical implications of autonomous systems in modern industry.,நவீன தொழில்துறையில் தன்னாட்சி அமைப்புகளின் தார்மீக தாக்கங்களை நாம் உன்னிப்பாகப் பரிசோதிக்க வேண்டும். (Naveena thozhil-thuraiyil thannaatchi amaippugalin dhaar-meega thakkangalai naam unnirppaagap parisoadhikka vendum.),हमें आधुनिक उद्योग में स्वायत्त प्रणालियों (autonomous systems) के नैतिक निहितार्थों की सूक्ष्म जांच करनी चाहिए। (Humein aadhunik udyog mein sawayatt pranaliyon ke naitik nihitarthon ki sookshm jaanch karni chahiye.)
Day 98,Advanced,The organization is prioritizing the development of a resilient leadership pipeline.,நிறுவனம் ஒரு மீள்திறன் கொண்ட தலைமைத்துவ வரிசையை உருவாக்குவதற்கு முன்னுரிமை அளிக்கிறது. (Niruvanam oru meelthiran kondha thalaimaiththuva varisaiyai uruvaakkudharku munnurimai alikkiradhu.),संगठन एक लचीली नेतृत्व पाइपलाइन (leadership pipeline) के विकास को प्राथमिकता दे रहा है। (Sangathan ek resilient netrutva pipeline ke vikas ko prathmikta de raha hai.)
Day 98,Advanced,It is essential to maintain professional composure during high-pressure crises.,அதிக அழுத்தம் உள்ள நெருக்கடி காலங்களில் தொழில்முறை நிதானத்தைப் பேணுவது அவசியம். (Adhiga azhuththam ulla nerukkadi kaalangalil thozhilmurai nidhaanaththaip paenuvadhu avasiyam.),अत्यधिक दबाव वाले संकट के दौरान पेशेवर संयम (composure) बनाए रखना आवश्यक है। (Atyadhik dabaav waale sankat ke dauran peshewar sanyam banaye rakhna aavashyak hai.)
Day 98,Advanced,The findings underscore the critical importance of sustainability in urban planning.,நகரத் திட்டமிடலில் நிலைத்தன்மையின் முக்கியத்துவத்தை ஆய்வுகள் வலியுறுத்துகின்றன. (Nagara-th thittamidhalil nilaiththanmaiyin mukkiyaththuvaththai aaivugal valiyuruthugindrana.),निष्कर्ष शहरी नियोजन में स्थिरता (sustainability) के महत्वपूर्ण महत्व को रेखांकित करते हैं। (Nishkarsh shahari niyojan mein sustainability ke mahatvapoorn mahatv ko rekhankit karte hain.)
Day 99,Advanced,We must take proactive steps to address the potential impacts of climate volatility.,காலநிலை மாற்றத்தின் சாத்தியமான தாக்கங்களைச் சமாளிக்க நாம் முன்முயற்சிகளை எடுக்க வேண்டும். (Kaalanilai maatrathtthin saaththiyamaana thaakkangalhai-ch samaalikka naam mun-muyarchigalhai edukka vendum.),हमें जलवायु अस्थिरता के संभावित प्रभावों को दूर करने के लिए सक्रिय कदम उठाने चाहिए। (Humein jalvayu astharta ke sambhavit prabhavon ko door karne ke liye sakriya kadam uthane chahiye.)
Day 99,Advanced,The current fiscal environment necessitates a more robust transparency framework.,தற்போதைய நிதிச் சூழல் மிகவும் வலுவான வெளிப்படைத்தன்மைக் கட்டமைப்பை அவசியமாக்குகிறது. (Tharpodhaiya nidhich-choozhal migavum valuvaana velippadaiththanmaik-kattamaippai avasiyamaakkugiradhu.),वर्तमान राजकोषीय माहौल के लिए एक अधिक मजबूत पारदर्शिता ढांचे (transparency framework) की आवश्यकता है। (Vartaman rajkoshiya mahaul ke liye ek adhik mazboot transparency framework ki aavashyakta hai.)
Day 99,Advanced,We are working to enhance our internal protocols to ensure strict regulatory compliance.,கடுமையான ஒழுங்குமுறை இணக்கத்தை உறுதிப்படுத்த எமது உள் நெறிமுறைகளை மேம்படுத்தச் செயல்படுகிறோம். (Kadumaiyaana olungumurai inakkaththai urudhi-paduththa emadhu ul nerimuraigalhai mempaduththach seiyalpattugirom.),हम सख्त नियामक अनुपालन सुनिश्चित करने के लिए अपने आंतरिक प्रोटोकॉल को बढ़ाने पर काम कर रहे हैं। (Hum sakht niyamak compliance sunishchit karne ke liye apne aantarik protocol ko badhane par kaam rahe hain.)
Day 99,Advanced,Maintaining institutional accountability is paramount for building lasting trust.,நிலையான நம்பிக்கையை வளர்க்க நிறுவனப் பொறுப்புக்கூறலைப் பேணுவது மிக முக்கியமானது. (Nilaiyaana nambikkaiyai valarkka niruvana-p-poruppukkoaralaip paenuvadhu miga mukkiyamaanadhu.),स्थायी विश्वास बनाने के लिए संस्थागत जवाबदेही बनाए रखना सर्वोपरि है। (Sthayi vishwas banane ke liye sansthagat javabdehi banaye rakhna sarvopari hai.)
Day 99,Advanced,The research provides substantial data to validate the efficacy of the new strategy.,புதிய உத்தியின் செயல்திறனை உறுதிப்படுத்த இந்த ஆராய்ச்சி போதுமான தரவுகளை வழங்குகிறது. (Pudhiya uththiyin seiyalthiranai urudhi-paduththa indha aaraaichi podhumaana dharavugalai valangugiradhu.),शोध नई रणनीति की प्रभावकारिता (efficacy) को मान्य करने के लिए पर्याप्त डेटा प्रदान करता है। (Shodh nayi rann-neeti ki prabhavkarita ko manya karne ke liye paryapt data pradan karta hai.)
Day 100,Advanced,We are seeking a strategic alliance that fosters cross-industry innovation.,தொழில்துறைகளுக்கு இடையேயான புதுமைகளை ஊக்குவிக்கும் ஒரு மூலோபாய கூட்டணியை நாங்கள் நாடுகிறோம். (Thozhilthurai-galukku idaiyaeyaana pudhumaiyalai ookkuvikkum oru mooloapaaya koottannmaiyai naangal naadugirom.),हम एक ऐसे रणनीतिक गठबंधन की तलाश में हैं जो अंतर-उद्योग नवाचार को बढ़ावा दे। (Hum ek aise ranneetik gathbandhan ki talaash mein hain jo antar-udyog navachar ko badhava de.)
Day 100,Advanced,The proposal provides a detailed blueprint for an inclusive digital ecosystem.,இந்த முன்மொழிவு ஒரு உள்ளடக்கிய டிஜிட்டல் சுற்றுச்சூழலுக்கான விரிவான வரைபடத்தை வழங்குகிறது. (Indha munmozhiyivu oru ulladakkiya digital sutruch-choozhalukkaana virivaana varaipadathai valangugiradhu.),प्रस्ताव एक समावेशी डिजिटल पारिस्थितिकी तंत्र (ecosystem) के लिए एक विस्तृत ब्लूप्रिंट प्रदान करता है। (Prastav ek samaveshi digital ecosystem ke liye ek vistrit blueprint pradan karta hai.)
Day 100,Advanced,It is essential to strictly comply with the international ethical mandates.,சர்வதேச தார்மீக உத்தரவுகளுக்குத் துல்லியமாக இணங்குவது அவசியம். (Sarvadhesa dhaar-meega uttharavugalkku thulliyamaaga inanguvadhu avasiyam.),अंतरराष्ट्रीय नैतिक शासनादेशों (mandates) का कड़ाई से पालन करना आवश्यक है। (Antarrashtriya naitik shasanadeshon ka kadai se paalan karna aavashyak hai.)
Day 100,Advanced,The corporation has demonstrated notable agility amidst macroeconomic shifts.,மேக்ரோ பொருளாதார மாற்றங்களுக்கு மத்தியில் நிறுவனம் குறிப்பிடத்தக்க சுறுசுறுப்பை வெளிப்படுத்தியுள்ளது. (Macro porulaadhaara maatrangalukkku madthiyil niruvanam kurippidaththakka suruchuruppai velippaduththiyulladhu.),निगम ने व्यापक आर्थिक (macroeconomic) बदलावों के बीच उल्लेखनीय चपलता दिखाई है। (Nigam ne macroeconomic badlavon ke beech ullekhneeya chapalta dikhayi hai.)
Day 100,Advanced,We must evaluate the long-term ramifications of the proposed structural reform.,முன்மொழியப்பட்ட கட்டமைப்புச் சீர்திருத்தத்தின் நீண்ட கால விளைவுகளை நாம் மதிப்பீடு செய்ய வேண்டும். (Munmozhiyappatta kattamaippuch seerthiruththaththin neenda kaala vilaivugalai naam madhippidu seiya vendum.),हमें प्रस्तावित संरचनात्मक सुधार के दीर्घकालिक परिणामों (ramifications) का मूल्यांकन करना चाहिए। (Humein prastavit sanrachnatmak sudhaar ke deerghkaalik parinaamon ka mulyankan karna chahiye.)
Day 101,Advanced,The report highlights the transformative impact of AI on market dynamics.,சந்தை மாற்றங்களில் செயற்கை நுண்ணறிவின் (AI) மாற்றத்தக்க தாக்கத்தை அறிக்கை சுட்டிக்காட்டுகிறது. (Sandhai maatrangalil AI-in maatranthakka thaakkaththai arikkai suttikkaattugiradhu.),रिपोर्ट बाजार की गतिशीलता पर AI के परिवर्तनकारी प्रभाव पर प्रकाश डालती है। (Report bazaar ki gatisheelata par AI ke parivartankari prabhav par prakash daalti hai.)
Day 101,Advanced,We need to implement robust governance to ensure institutional integrity.,நிறுவன நேர்மையை உறுதிப்படுத்த நாம் வலுவான ஆளுமையைச் செயல்படுத்த வேண்டும். (Niruvana naermaiyai urudhi seiya naam valuvaana aalunaiyaich seiyalpadaiththa vendum.),संस्थागत अखंडता सुनिश्चित करने के लिए हमें मजबूत शासन (governance) लागू करने की आवश्यकता है। (Sansthagat akhandta sunishchit karne ke liye humein mazboot governance laagu karne ki aavashyakta hai.)
Day 101,Advanced,The legislative framework aims to enhance global transparency and trust.,சட்டக் கட்டமைப்பானது உலகளாவிய வெளிப்படைத்தன்மை மற்றும் நம்பிக்கையை மேம்படுத்த நோக்கமாகக் கொண்டுள்ளது. (Sattak-kattamaippaandhu ulagalaaviya velippadaith-thanmai matrum nambikkaiyai mempaduththavum nokkamaagak kondulladhu.),विधायी ढांचे का उद्देश्य वैश्विक पारदर्शिता और विश्वास को बढ़ाना है। (Vidhayi dhaanche ka uddeshya vaishvik paardarsheeta aur vishwas ko badhana hai.)
Day 101,Advanced,Professional excellence requires a commitment to visionary leadership and growth.,தொழில்முறை சிறப்பிற்குத் தொலைநோக்கு தலைமைத்துவம் மற்றும் வளர்ச்சிக்கான அர்ப்பணிப்பு தேவை. (Thozhilmurai sirappukkuth tholainoakku thalaimaiththuvam matrum valarchikkaana arppanippu thevai.),पेशेवर उत्कृष्टता के लिए दूरदर्शी नेतृत्व और विकास के प्रति प्रतिबद्धता की आवश्यकता होती है। (Peshewar utkrishtta ke liye door-darshi netrutva aur vikas ke prati pratibaddhta ki aavashyakta hoti hai.)
Day 101,Advanced,The project has the potential to fundamentally redefine the future of technology.,தொழில்நுட்பத்தின் எதிர்காலத்தை அடிப்படை ரீதியாக மறுவரையறை செய்யும் ஆற்றல் இந்தத் திட்டத்திற்கு உண்டு. (Thozhilnutpaththin edhirkaalaththai adippadai reethiyaaga maru-varaiyarai seiyum aatral indha thittaththirku undu.),इस परियोजना में प्रौद्योगिकी के भविष्य को मौलिक रूप से फिर से परिभाषित करने की क्षमता है। (Is pariyojna mein takneeki ke bhavishya ko maulik roop se phir se paribhashit karne ki kshamta hai.)
Day 102,Advanced,We have successfully integrated advanced analytical tools to optimize operations.,செயல்பாடுகளை மேம்படுத்த மேம்பட்ட பகுப்பாய்வு கருவிகளை நாங்கள் வெற்றிகரமாக ஒருங்கிணைத்துள்ளோம். (Seiyalpaadugalai mempaduththa mempatta paguppaaivu karuvigalai naangal vetrigaramaaga orunginaiththulloam.),हमने संचालन को अनुकूलित करने के लिए उन्नत विश्लेषणात्मक उपकरणों को सफलतापूर्वक एकीकृत किया है। (Humne sanchalan ko anukoolit karne ke liye unnat vishleshnatmak upkarnon ko safaltapoorvak ekikrit kiya hai.)
Day 102,Advanced,The results of the audit are consistent with international reporting mandates.,தணிக்கை முடிவுகள் சர்வதேச அறிக்கையிடல் உத்தரவுகளுக்கு இணங்க உள்ளன. (Thanikkai mudivugal sarvadhesa arikkaiyidal uttharavugalkku inanga ullana.),ऑडिट के परिणाम अंतरराष्ट्रीय रिपोर्टिंग शासनादेशों (mandates) के अनुरूप हैं। (Audit ke parinaam antarrashtriya reporting janadeshon ke anuroop hain.)
Day 102,Advanced,It is essential to foster a work environment that prioritizes collective well-being.,கூட்டு நலனுக்கு முன்னுரிமை அளிக்கும் பணியிட சூழலை வளர்ப்பது அவசியம். (Koottu nalanukku munnurimai alikkum paniyaida suzhalai valarppadhu avasiyam.),एक ऐसा कार्य वातावरण विकसित करना आवश्यक है जो सामूहिक कल्याण को प्राथमिकता दे। (Ek aisa karya vaatavaran vikasit karna aavashyak hai jo samoohik kalyan ko prathmikta de.)
Day 102,Advanced,We must ensure that our corporate growth remains ecologically and socially viable.,எமது நிறுவன வளர்ச்சி சுற்றுச்சூழல் மற்றும் சமூக ரீதியாக சாத்தியமாக இருப்பதை உறுதி செய்ய வேண்டும். (Emadhu niruvana valarchchi sutruch-soozhal matrum samooga reethiyaaga saaththiyamaaga iruppadhai urudhi seiya vendum.),हमें यह सुनिश्चित करना चाहिए कि हमारी कॉर्पोरेट वृद्धि पारिस्थितिक और सामाजिक रूप से व्यवहार्य (viable) रहे। (Humein yeh sunishchit karna chahiye ki humari corporate vriddhi paaristhitik aur samajik roop se vyavaharya rahe.)
Day 102,Advanced,The document provides an intricate analysis of the competitive global landscape.,இந்த ஆவணம் உலகளாவிய போட்டிச் சூழல் குறித்த சிக்கலான பகுப்பாய்வை வழங்குகிறது. (Indha aavannam ulagalaaviya pottich chuzhal kuritha sikkalaana paguppaaivai valangugiradhu.),दस्तावेज़ प्रतिस्पर्धी वैश्विक परिदृश्य का एक जटिल विश्लेषण प्रदान करता है। (Dastawez pratispardhi vaishvik paridrishya ka ek jatil vishleshan pradan karta hai.)
Day 103,Advanced,I am writing to express my formal endorsement of the strategic realignment.,மூலோபாய மறுசீரமைப்பிற்கு எனது முறைப்படியான ஆதரவை (endorsement) தெரிவிக்க நான் எழுதுகிறேன். (Mooloapaaya maruseeramaippirku enadhu muraippadiyaana aadharvait therivikka naan ezhudhugiren.),मैं रणनीतिक पुनर्गठन (realignment) के अपने औपचारिक समर्थन को व्यक्त करने के लिए लिख रहा हूँ। (Main ranneetik punargathan ke apne aupcharik samarthan ko vyakt karne ke liye likh raha hoon.)
Day 103,Advanced,We must verify the data meticulously to prevent analytical discrepancies.,பகுப்பாய்வு முரண்பாடுகளைத் தவிர்க்க நாம் தரவுகளை மிக நுணுக்கமாகச் சரிபார்க்க வேண்டும். (Paguppaaivu muranpaadugalaith thavirikka naam dharavugalai miga nunukkamaagas saripaarkka vendum.),हमें विश्लेषणात्मक विसंगतियों (discrepancies) से बचने के लिए डेटा की सावधानीपूर्वक पुष्टि करनी चाहिए। (Humein vishleshnatmak visangatiyon se bachne ke liye data ki saavdhanipoorvak pushti karni chahiye.)
Day 103,Advanced,We are committed to achieving the highest standards of operational efficiency.,செயல்பாட்டுத் திறனின் மிக உயர்ந்த தரத்தை அடைய நாங்கள் உறுதியாக உள்ளோம். (Seiyalpattu thiranin miga uyarndha dharathai adaiya naangal urudhiyaaga ulloam.),हम परिचालन दक्षता के उच्चतम मानकों को प्राप्त करने के लिए प्रतिबद्ध हैं। (Hum parichalan dakshata ke uchhtam maanakon ko prapt karne ke liye pratibaddh hain.)
Day 103,Advanced,The investigation identified several systemic failures in the existing compliance.,தற்போதுள்ள இணக்கச் செயல்பாட்டில் உள்ள பல முறையான தோல்விகளை விசாரணை கண்டறிந்துள்ளது. (Tharpodhu ulla inakka-ch seiyalpattil ulla pala muraiyaana tholvigalai vichaaranai kandarithulladhu.),जांच में मौजूदा अनुपालन (compliance) में कई प्रणालीगत विफलताओं की पहचान की गई है। (Jaanch mein maujooda anupaalan mein kai systemic vifaltaon ki pehchan ki gayi hai.)
Day 103,Advanced,Our primary focus is on expanding our footprint in emerging sustainable markets.,வளர்ந்து வரும் நிலையான சந்தைகளில் எமது இருப்பை விரிவுபடுத்துவதே எமது முதன்மையான கவனம். (Valarndhu varum nilaiyaana sandhai-galil emadhu iruppai virivupaduththuvadhay emadhu mudhanmaiyaana gavanm.),हमारा प्राथमिक ध्यान उभरते टिकाऊ (sustainable) बाजारों में अपनी पहुंच बढ़ाने पर है। (Humara prathmik dhyan ubharte tikau bazaaron mein apni pahunch badhane par hai.)
Day 104,Advanced,The success of the venture is contingent upon securing long-term investment.,இந்த முயற்சியின் வெற்றி நீண்ட கால முதலீட்டைப் பெறுவதைப் பொறுத்தே அமையும். (Indha muyarchiyin vetri neenda kaala mudhaleettaippperuvadhaip poruththay amaiyum.),उद्यम की सफलता दीर्घकालिक निवेश प्राप्त करने पर निर्भर (contingent) है। (Udyam ki safalta deerghkaalik nivesh prapt karne par nirbhar hai.)
Day 104,Advanced,The report provides a candid evaluation of the potential corporate hurdles.,நிறுவனத்திற்கு ஏற்படக்கூடிய தடைகள் குறித்த வெளிப்படையான மதிப்பீட்டை அறிக்கை வழங்குகிறது. (Niruvanaththirku erpadakkoodiya thadaigal kuritha velippadaiyaana madhippittai arikkai valangugiradhu.),रिपोर्ट संभावित कॉर्पोरेट बाधाओं (hurdles) का स्पष्ट मूल्यांकन प्रदान करती है। (Report sambhavit corporate badhaon ka spasht mulyankan pradan karti hai.)
Day 104,Advanced,We are striving to establish ourselves as a socially responsible global entity.,ஒரு சமூகப் பொறுப்புள்ள உலகளாவிய நிறுவனமாக எங்களை நிலைநிறுத்த நாங்கள் முயற்சி செய்கிறோம். (Oru samoogap poruppulla ulagalaaviya niruvanamaaga engalai nilainiruththa naangal muyarchi seigiroam.),हम खुद को एक सामाजिक रूप से जिम्मेदार वैश्विक इकाई के रूप में स्थापित करने का प्रयास कर रहे हैं। (Hum khud ko ek samajik roop se zimmedar vaishvik ikai ke roop mein sthapit karne ka prayas kar rahe hain.)
Day 104,Advanced,The strategic roadmap outlines a clear trajectory for sustainable expansion.,மூலோபாய வரைபடம் நிலையான விரிவாக்கத்திற்கான தெளிவான பாதையை கோடிட்டுக் காட்டுகிறது. (Moolobaya varaipadam nilaiyaana virivaakkathirkkaana thelivaana paadhaiyai kodittuk kaattugiradhu.),रणनीतिक रोडमैप टिकाऊ विस्तार के लिए एक स्पष्ट प्रक्षेपवक्र की रूपरेखा तैयार करता है। (Rannaitik roadmap tikau vistar ke liye ek spasht prakshepvakra ki rooprekha taiyar karta hai.)
Day 104,Advanced,We must navigate the geopolitical complexities with diplomatic finesse.,புவிசார் அரசியல் சிக்கல்களை நாம் இராஜதந்திர நுணுக்கத்துடன் கையாள வேண்டும். (Puvisaar arasiyal sikkalgalai naam iraajathandhira nunukkathudan kaiyaala vendum.),हमें कूटनीतिक चातुर्य के साथ भू-राजनीतिक जटिलताओं को नेविगेट करना चाहिए। (Humein kootneetik chatury ke saath bhoo-rajneetik jatiltayon ko navigate karna chahiye.)
Day 105,Advanced,The merger is expected to yield significant synergies across the board.,இந்த இணைப்பானது ஒட்டுமொத்தமாக குறிப்பிடத்தக்க ஒருங்கிணைந்த பலன்களைத் தரும் என்று எதிர்பார்க்கப்படுகிறது. (Indha inaippaanadhu ottumotthamaaga kurippidathakka orunginaindha palangalait tharum endru edhirpaarkkappadugiradhu.),विलय से बोर्ड भर में महत्वपूर्ण तालमेल मिलने की उम्मीद है। (Vilay se board bhar mein mahatvapoorn taalmel milne ki ummeed hai.)
Day 105,Advanced,I am seeking a collaborative framework to optimize our intellectual assets.,எங்களது அறிவுசார் சொத்துக்களை மேம்படுத்த ஒரு கூட்டு கட்டமைப்பை நான் நாடுகிறேன். (Engaladhu arivusaar sotthukkalai mempadutha oru koottu kattamaippai naan naadugirom.),मैं अपनी बौद्धिक संपदा को अनुकूलित करने के लिए एक सहयोगी ढांचे की तलाश कर रहा हूँ। (Main apni bauddhik sampada ko anukoolit karne ke liye ek sahyogi dhaanche ki talash mein hoon.)
Day 105,Advanced,It is imperative to mitigate the socio-economic disparities through policy intervention.,கொள்கை தலையீட்டின் மூலம் சமூக-பொருளாதார ஏற்றத்தாழ்வுகளைக் குறைப்பது கட்டாயமாகும். (Kolgai thalaiyeettin moolam samooga-poruladhara ettratthaazhvugalaik kuraippadhu kattaayamaagum.),नीतिगत हस्तक्षेप के माध्यम से सामाजिक-आर्थिक असमानताओं को कम करना अनिवार्य है। (Neetigat hastakshep ke madhyam se samajik-aarthik asamanataon ko kam karna anivarya hai.)
Day 105,Advanced,The analysis provides a succinct distillation of market volatility risks.,இந்த பகுப்பாய்வு சந்தை ஏற்ற இறக்க அபாயங்களின் சுருக்கமான விளக்கத்தை வழங்குகிறது. (Indha paguppaaivu sandhai ettra irakka abaayangalin surukkamaana vilakkathai vazhangugiradhu.),विश्लेषण बाजार की अस्थिरता के जोखिमों का संक्षिप्त सार प्रदान करता है। (Vishleshan bazaar ki asthirta ke jokhimon ka sankshipt saar pradan karta hai.)
Day 105,Advanced,We must integrate circular economy principles into our manufacturing processes.,நமது உற்பத்திச் செயல்பாடுகளில் வட்டப் பொருளாதாரக் கொள்கைகளை நாம் ஒருங்கிணைக்க வேண்டும். (Namadhu urppatthich seyalpaadugalil vatta poruladhara kolgaigalai naam orunginaikka vendum.),हमें अपनी विनिर्माण प्रक्रियाओं में चक्रीय अर्थव्यवस्था (सर्कुलर इकोनॉमी) के सिद्धांतों को एकीकृत करना चाहिए। (Humein apni vinirman prakriyaon mein chakriya arthavyavastha ke siddhanton ko ekikrit karna chahiye.)
Day 106,Advanced,The organizational restructuring is designed to eliminate bureaucratic redundancies.,நிர்வாக ரீதியான பணிநீக்கங்களை நீக்கும் வகையில் நிறுவன மறுசீரமைப்பு வடிவமைக்கப்பட்டுள்ளது. (Nirvaha reethiyaana panineedakkangalai neekkum vakaiyil niruvana maruseirammaippu vadivamaikkappadulladhu.),संगठनात्मक पुनर्गठन को नौकरशाही की फालतू चीजों को खत्म करने के लिए डिज़ाइन किया गया है। (Sangathanatmak punargathan ko naukarsahi ki faltu cheezon ko khatm karne ke liye design kiya gaya hai.)
Day 106,Advanced,Maintaining professional decorum is essential during international summits.,சர்வதேச உச்சிமாநாடுகளின் போது தொழில்முறை கண்ணியத்தைப் பேணுவது அவசியம். (Sarvadhesa ucchimaanadugalin podhu thozhilmurai kanniyathaip penuvadhu avasiyam.),अंतर्राष्ट्रीय शिखर सम्मेलनों के दौरान पेशेवर शिष्टाचार बनाए रखना आवश्यक है। (Antarrashtriya shikhar sammelonon ke dauran peshevar shishtachar banaye rakhna aavashyak hai.)
Day 106,Advanced,The findings underscore the urgency of adopting renewable energy solutions.,புதுப்பிக்கத்தக்க எரிசக்தி தீர்வுகளை ஏற்றுக்கொள்வதன் அவசியத்தை இந்த கண்டுபிடிப்புகள் வலியுறுத்துகின்றன. (Pudhuppikkathakka erisakthi theervugalai etrukkolvadhin avasiyathai indha kandupidippugal valiyurutthugindrana.),निष्कर्ष नवीकरणीय ऊर्जा समाधानों को अपनाने की तात्कालिकता को रेखांकित करते हैं। (Nishkarsh navikaraniya oorja samadhanon ko apnane ki tatkalikta ko rekhankit karte hain.)
Day 106,Advanced,I am writing to propose a paradigm shift in our marketing strategy.,எங்களது சந்தைப்படுத்தல் மூலோபாயத்தில் ஒரு அடிப்படை மாற்றத்தை முன்மொழிய நான் எழுதுகிறேன். (Engaladhu sandhaippaduthal moolobayathil oru adippadai maattrathai munmozhiya naan ezhudhugiren.),मैं हमारी मार्केटिंग रणनीति में एक बुनियादी बदलाव (पैराडाइम शिफ्ट) का प्रस्ताव करने के लिए लिख रहा हूँ। (Main hamari marketing rannaiti mein ek buniyadi badlav ka prastav karne ke liye likh raha hoon.)
Day 106,Advanced,We must foster cross-functional synergy to accelerate product development.,தயாரிப்பு மேம்பாட்டை முடுக்கிவிட குறுக்கு-செயல்பாட்டு ஒருங்கிணைப்பை நாம் வளர்க்க வேண்டும். (Thayaarippu mempaduttai mudukkivida kurukku-seyalpaattu orunginaippai naam valarkka vendum.),हमें उत्पाद विकास में तेजी लाने के लिए क्रॉस-फ़ंक्शनल तालमेल को बढ़ावा देना चाहिए। (Humein utpad vikas mein tezi lane ke liye cross-functional taalmel ko badhava dena chahiye.)
Day 107,Advanced,The feasibility study indicates a high potential for regional growth.,சாத்தியக்கூறு ஆய்வு பிராந்திய வளர்ச்சிக்கான அதிக வாய்ப்பைக் குறிக்கிறது. (Saathiyakkooru aaivu piraandhiya valarchikkaana adhiga vaippaia kurikkiradhu.),व्यवहार्यता अध्ययन क्षेत्रीय विकास के लिए उच्च क्षमता का संकेत देता है। (Vyavaharya adhyayan kshetriya vikas ke liye ucch kshamta ka sanket deta hai.)
Day 107,Advanced,Maintaining operational transparency is crucial for stakeholder engagement.,பங்குதாரர்களின் ஈடுபாட்டிற்கு செயல்பாட்டு வெளிப்படைத்தன்மையைப் பேணுவது முக்கியமானது. (Pangudhaarargalin eedupaattirkku seyalpaattu velippadaitthanmaiyaip penuvadhu mukkiyamaanadhu.),हितधारकों की भागीदारी के लिए परिचालन पारदर्शिता बनाए रखना महत्वपूर्ण है। (Hitdharakon ki bhagidari ke liye parichalan pardarshita banaye rakhna mahatvapoorn hai.)
Day 107,Advanced,We must prioritize diversity and inclusion in our recruitment processes.,எங்களது ஆள்சேர்ப்பு செயல்முறைகளில் பன்முகத்தன்மை மற்றும் உள்ளடக்கத்திற்கு நாம் முன்னுரிமை அளிக்க வேண்டும். (Engaladhu aalserppu seyalmuraigalil panmugatthannmai mattrum ulladakkathirkku naam munnurimai alikka vendum.),हमें अपनी भर्ती प्रक्रियाओं में विविधता और समावेशन को प्राथमिकता देनी चाहिए। (Humein apni bharti prakriyaon mein vividhta aur samaveshan ko prathmikta deni chahiye.)
Day 107,Advanced,The digital transformation will streamline our customer-facing operations.,டிஜிட்டல் மாற்றம் எங்களது வாடிக்கையாளர் சார்ந்த செயல்பாடுகளை எளிதாக்கும். (Digital maattrum engaladhu vaadikkaiyaalar saarndha seyalpaadugalai elidhaakkum.),डिजिटल परिवर्तन हमारे ग्राहकों से जुड़े संचालन को सुव्यवस्थित करेगा। (Digital parivartan hamare grahakon se jude sanchalan ko suvyavasthit karega.)
Day 107,Advanced,It is vital to uphold the principles of corporate social responsibility.,கார்ப்பரேட் சமூகப் பொறுப்பின் கொள்கைகளை நிலைநிறுத்துவது இன்றியமையாதது. (Corporate samoogap poruppin kolgaigalai nilainirutthuvadhu indriyamaiyaadhadhu.),कॉर्पोरेट सामाजिक जिम्मेदारी के सिद्धांतों को बनाए रखना महत्वपूर्ण है। (Corporate samajik zimmedari ke siddhanton ko banaye rakhna mahatvapoorn hai.)
Day 108,Advanced,The current economic volatility necessitates a conservative fiscal approach.,தற்போதைய பொருளாதார ஏற்ற இறக்கம் ஒரு பழமைவாத நிதி அணுகுமுறையை அவசியமாக்குகிறது. (Tharpodhaiya poruladhara ettra irakkam oru pazhamai-vadha nidhia anugumuraiyai avasiyamaakkugiradhu.),वर्तमान आर्थिक अस्थिरता एक रूढ़िवादी वित्तीय दृष्टिकोण की आवश्यकता पैदा करती है। (Vartaman aarthik asthirta ek rudhivadi vittiya drishtikon ki aavashyakta paida karti hai.)
Day 108,Advanced,We must leverage big data analytics to gain consumer insights.,நுகர்வோர் நுண்ணறிவுகளைப் பெற நாம் பெரிய தரவு பகுப்பாய்வைப் பயன்படுத்த வேண்டும். (Nugarvor nunnarivugalaip pera naam periya tharavu paguppaaivaip payanpaduttha vendum.),हमें उपभोक्ता अंतर्दृष्टि प्राप्त करने के लिए बिग डेटा एनालिटिक्स का लाभ उठाना चाहिए। (Humein upbhokta antardrishti praapt karne ke liye big data analytics ka laabh uthana chahiye.)
Day 108,Advanced,I am writing to request a formal audit of our supply chain ethics.,எங்களது விநியோகச் சங்கிலி நெறிமுறைகள் குறித்த முறையான தணிக்கையை கோரி நான் எழுதுகிறேன். (Engaladhu viniyogach changili nerimuraigal kurittha muraiyaana thanikkaiyai kori naan ezhudhugiren.),मैं हमारी आपूर्ति श्रृंखला नैतिकता के औपचारिक ऑडिट का अनुरोध करने के लिए लिख रहा हूँ। (Main hamari aapoorti shrinkhla naitikta ke aupcharik audit ka anurodh karne ke liye likh raha hoon.)
Day 108,Advanced,The initiative has the potential to fundamentally redefine our brand identity.,இந்த முன்முயற்சி எங்களது பிராண்ட் அடையாளத்தை அடிப்படையாக மறுவரையறை செய்யும் திறனைக் கொண்டுள்ளது. (Indha munmuyarchia engaladhu brand adaiyaalathai adippadaiyaaga maruvaraiyarai seyyum thiranaik kondulladhu.),इस पहल में हमारी ब्रांड पहचान को मौलिक रूप से फिर से परिभाषित करने की क्षमता है। (Is pehal mein hamari brand pehchan ko maulik roop se phir se paribhashit karne ki kshamta hai.)
Day 108,Advanced,We must integrate sustainability metrics into our annual performance reviews.,எங்களது ஆண்டு செயல்திறன் ஆய்வுகளில் நிலைத்தன்மை அளவீடுகளை நாம் ஒருங்கிணைக்க வேண்டும். (Engaladhu aandu seyalthiran aaivugalil nilaittannmai alaveedugalai naam orunginaikka vendum.),हमें अपनी वार्षिक प्रदर्शन समीक्षाओं में स्थिरता मेट्रिक्स को एकीकृत करना चाहिए। (Humein apni varshik pradarshan sameekshaon mein sthirta metrics ko ekikrit karna chahiye.)
Day 109,Advanced,The breakthrough paves the way for advanced biomedical applications.,இந்த கண்டுபிடிப்பு மேம்பட்ட உயிரிய மருத்துவப் பயன்பாடுகளுக்கு வழி வகுக்கிறது. (Indha kandupidippu mempatta uyiriya maruthuvap payanpaadugalukku vazhi vakukkiradhu.),यह सफलता उन्नत बायोमेडिकल अनुप्रयोगों का मार्ग प्रशस्त करती है। (Yeh safalta unnatt biomedical anuprayog ki raah prasast karti hai.)
Day 109,Advanced,Professional integrity is paramount when handling sensitive information.,முக்கியமான தகவல்களைக் கையாளும் போது தொழில்முறை நேர்மை மிக முக்கியமானது. (Mukkiyamaana thagavalgalai kaiyaalum podhu thozhilmurai nermin miga mukkiyamaanadhu.),संवेदनशील जानकारी संभालते समय पेशेवर ईमानदारी सर्वोपरि है। (Sanvedansheel jankari sambhalte samay peshevar imandari sarvopari hai.)
Day 109,Advanced,The strategic partnership will facilitate entry into untapped markets.,இந்த மூலோபாயக் கூட்டணி இதுவரை எட்டப்படாத சந்தைகளில் நுழைய உதவும். (Indha moolobayak koottani idhuvarai ettappadaadha sandhaigalil nuzhaiya udhavum.),रणनीतिक साझेदारी अछूते बाजारों में प्रवेश की सुविधा प्रदान करेगी। (Rannaitik sajhedari achute bazaron mein pravesh ki suvidha pradan karegi.)
Day 109,Advanced,We must prioritize digital literacy in our employee development programs.,எங்களது பணியாளர் மேம்பாட்டுத் திட்டங்களில் டிஜிட்டல் கல்வியறிவுக்கு முன்னுரிமை அளிக்க வேண்டும். (Engaladhu paniyaalar mempaduttuth thittangalil digital kalviyarivukku munnurimai alikka vendum.),हमें अपने कर्मचारी विकास कार्यक्रमों में डिजिटल साक्षरता को प्राथमिकता देनी चाहिए। (Humein apne karmchari vikas karyakramon mein digital saksharta ko prathmikta deni chahiye.)
Day 109,Advanced,Maintaining customer loyalty requires consistent quality and transparency.,வாடிக்கையாளரின் விசுவாசத்தைத் தக்கவைக்க நிலையான தரம் மற்றும் வெளிப்படைத்தன்மை தேவை. (Vaadikkaiyalarin visuvaasathaith thakkavaikka nilaiyaana tharam mattrum velippadaitthanmai thevai.),ग्राहकों की वफादारी बनाए रखने के लिए निरंतर गुणवत्ता और पारदर्शिता की आवश्यकता होती है। (Grahakon ki vafadari banaye rakhne ke liye nirantar gunvatta aur pardarshita ki aavashyakta hoti hai.)
Day 110,Advanced,We must adhere to the highest standards of professional ethics.,தொழில்முறை நெறிமுறைகளின் மிக உயர்ந்த தரத்தை நாம் கடைபிடிக்க வேண்டும். (Thozhilmurai nerimuraigalin miga uyarndha tharatthai naam kadaipikka vendum.),हमें पेशेवर नैतिकता के उच्चतम मानकों का पालन करना चाहिए। (Humein peshevar naitikta ke ucchtam maanakon ka palan karna chahiye.)
Day 110,Advanced,The report offers a comprehensive analysis of geopolitical risks.,இந்த அறிக்கை புவிசார் அரசியல் அபாயங்கள் குறித்த விரிவான பகுப்பாய்வை வழங்குகிறது. (Indha arikkai puvisaar arasiyal abaayangal kurittha virivaana paguppaaivai vazhangugiradhu.),रिपोर्ट भू-राजनीतिक जोखिमों का एक व्यापक विश्लेषण प्रदान करती है। (Report bhoo-rajneetik jokhimon ka ek vyapak vishleshan pradan karti hai.)
Day 110,Advanced,Establishing a global presence requires a nuanced understanding of local cultures.,உலகளாவிய இருப்பை நிலைநிறுத்த உள்ளூர் கலாச்சாரங்கள் குறித்த நுணுக்கமான புரிதல் தேவை. (Ulagalaaviya iruppai nilainiruttha ulloor kalaachaarangal kurittha nunukkamaana puridhal thevai.),वैश्विक उपस्थिति स्थापित करने के लिए स्थानीय संस्कृतियों की सूक्ष्म समझ की आवश्यकता होती है। (Vaishvik upasthiti sthapit karne ke liye sthaniye sanskritiyon ki sookshma samajh ki aavashyakta hoti hai.)
Day 110,Advanced,We must implement agile methodologies to stay relevant in the tech industry.,தொழில்நுட்பத் துறையில் பொருத்தமாக இருக்க நாம் சுறுசுறுப்பான முறைகளைச் செயல்படுத்த வேண்டும். (Thozhilnutpath thuraiyil porutthamaaga irukka naam churuchuruppaana muraigalaich seyalpaduttha vendum.),तकनीकी उद्योग में प्रासंगिक बने रहने के लिए हमें चुस्त (एजाइल) कार्यपद्धति को लागू करना चाहिए। (Takneeki udyog mein prasangik bane rehne ke liye humein agile karyapaddhati ko lagu karna chahiye.)
Day 110,Advanced,I would appreciate your expert opinion on the feasibility of the merger.,இணைப்பின் சாத்தியக்கூறு குறித்த உங்கள் நிபுணத்துவ கருத்தை நான் பாராட்டுகிறேன். (Inaippin saathiyakkooru kurittha ungal nipunathuva karuttai naan paaraattugiren.),मैं विलय की व्यवहार्यता पर आपकी विशेषज्ञ राय की सराहना करूँगा। (Main vilay ki vyavaharya par aapki visheshagya rai ki sarahna karoonga.)
Day 111,Advanced,The current regulatory framework aims to prevent monopolistic practices.,தற்போதைய ஒழுங்குமுறை கட்டமைப்பு ஏகபோக நடைமுறைகளைத் தடுப்பதை நோக்கமாகக் கொண்டுள்ளது. (Tharpodhaiya ozhungumurai kattamaippu egapoga nadaimuraigalaith thaduppadhai nokkamaagak kondulladhu.),वर्तमान नियामक ढांचे का उद्देश्य एकाधिकार प्रथाओं को रोकना है। (Vartaman niyamak dhaanche ka uddeshya ekadhikar prathaon ko rokna hai.)
Day 111,Advanced,We must ensure the confidentiality of proprietary information.,எங்களது தனியுரிமைத் தகவலின் ரகசியத்தன்மையை நாம் உறுதி செய்ய வேண்டும். (Engaladhu thaniyurimaith thagavalin ragasiyathannmaiyaia naam urudhi seyya vendum.),हमें मालिकाना जानकारी की गोपनीयता सुनिश्चित करनी चाहिए। (Humein malikana jankari ki gopniyata sunishchit karni chahiye.)
Day 111,Advanced,The initiative seeks to empower marginalized communities through education.,கல்வியின் மூலம் பின்தங்கிய சமூகங்களுக்கு அதிகாரம் அளிக்க இந்த முன்முயற்சி முயல்கிறது. (Kalviyin moolam pindhangiya samoogangalukku adhikaaram alikka indha munmuyarchi muyalgiradhu.),इस पहल का उद्देश्य शिक्षा के माध्यम से हाशिए पर रहने वाले समुदायों को सशक्त बनाना है। (Is pehal ka uddeshya shiksha ke madhyam se hashiye par rehne wale samudayon ko sashakt banana hai.)
Day 111,Advanced,Maintaining organizational cohesion is vital during rapid growth.,விரைவான வளர்ச்சியின் போது நிறுவன ஒருங்கிணைப்பைப் பேணுவது இன்றியமையாதது. (Viraivaana valarchiyin podhu niruvana orunginaippaip penuvadhu indriyamaiyaadhadhu.),तीव्र विकास के दौरान संगठनात्मक सामंजस्य बनाए रखना महत्वपूर्ण है। (Teevra vikas ke dauran sangathanatmak samanjasya banaye rakhna mahatvapoorn hai.)
Day 111,Advanced,We must evaluate the long-term implications of automated labor.,தானியங்கி உழைப்பின் நீண்டகால விளைவுகளை நாம் மதிப்பீடு செய்ய வேண்டும். (Thaaniyaangi uzhaippin neendakaala vilaivugalai naam madhippidu seyya vendum.),हमें स्वचालित श्रम (ऑटोमेटेड लेबर) के दीर्घकालिक परिणामों का मूल्यांकन करना चाहिए। (Humein swachalit shram ke deerghkalik parinamon ka mulyankan karna chahiye.)
Day 112,Advanced,Maintaining fiscal stability requires disciplined resource management.,நிதிச் சமநிலையைப் பேண ஒழுக்கமான வள மேலாண்மை தேவை. (Nidhich samandhilaiaip pena ozhukkamaana vala melaanmai thevai.),वित्तीय स्थिरता बनाए रखने के लिए अनुशासित संसाधन प्रबंधन की आवश्यकता होती है। (Vittiya sthirta banaye rakhne ke liye anushasit sansadhan prabandhan ki aavashyakta hoti hai.)
Day 112,Advanced,The current project necessitates a high level of inter-departmental collaboration.,தற்போதைய திட்டத்திற்குத் துறைகளுக்கு இடையிலான உயர் மட்ட ஒத்துழைப்பு தேவைப்படுகிறது. (Tharpodhaiya thittathirkkut thuraigallukku idaiyilaana uyar matta otthuzhaippu thevaippadugiradhu.),वर्तमान परियोजना के लिए उच्च स्तर के अंतर-विभागीय सहयोग की आवश्यकता है। (Vartaman pariyojana ke liye ucch star ke antar-vibhagiye sahyog ki aavashyakta hai.)
Day 112,Advanced,We must proactively address the evolving cyber-security threats.,வளர்ந்து வரும் இணைய பாதுகாப்பு அச்சுறுத்தல்களை நாம் முன்கூட்டியே எதிர்கொள்ள வேண்டும். (Valarndhu varum inaiya paadhukaappu achurutthalgalaia naam munkoottiye edhirkolla vendum.),हमें उभरते साइबर सुरक्षा खतरों से सक्रिय रूप से निपटना चाहिए। (Humein ubharte cyber suraksha khatron se sakriya roop se nipatna chahiye.)
Day 112,Advanced,The study highlights the correlation between urbanization and climate change.,நகரமயமாக்கலுக்கும் காலநிலை மாற்றத்திற்கும் இடையிலான தொடர்பை இந்த ஆய்வு விளக்குகிறது. (Nagaramayamaakkalukkum kaalanilai maattratthirkkum idaiyilaana thodarpai indha aaivu vilakkugiradhu.),अध्ययन शहरीकरण और जलवायु परिवर्तन के बीच संबंध पर प्रकाश डालता है। (Adhyayan shahrikarann aur jalvayu parivartan ke beech sambandh par prakash daalta hai.)
Day 112,Advanced,We must cultivate a sense of shared purpose within the leadership team.,தலைமைத்துவக் குழுவிற்குள் ஒரு பொதுவான நோக்கத்தை நாம் வளர்க்க வேண்டும். (Thalaimaitthuvak kuzhuvirkkul oru podhuvaana nokkatthai naam valarkka vendum.),हमें नेतृत्व टीम के भीतर साझा उद्देश्य की भावना विकसित करनी चाहिए। (Humein netritva team ke bhetar sajha uddeshya ki bhavna vikasit karni chahiye.)
Day 113,Advanced,Professional development is a lifelong pursuit of knowledge and skill.,தொழில்முறை மேம்பாடு என்பது அறிவு மற்றும் திறனின் வாழ்நாள் தேடலாகும். (Thozhilmurai mempadu enbadhu arivu mattrum thiranin vaazhnaal thedalaagum.),पेशेवर विकास ज्ञान और कौशल की जीवन भर चलने वाली खोज है। (Peshevar vikas gyan aur kaushal ki jeevan bhar chalne wali khoj hai.)
Day 113,Advanced,The breakthrough could revolutionize our approach to clean energy.,இந்த கண்டுபிடிப்பு தூய்மையான ஆற்றல் குறித்த நமது அணுகுமுறையில் புரட்சியை ஏற்படுத்தக்கூடும். (Indha kandupidippu thooimaiyaana aattral kurittha namadhu anugumuraiyil puratchiyai erppadutthakkoodum.),यह सफलता स्वच्छ ऊर्जा के प्रति हमारे दृष्टिकोण में क्रांति ला सकती है। (Yeh safalta swacch oorja ke prati hamare drishtikon mein kranti la sakti hai.)
Day 113,Advanced,We must mitigate the risks associated with intellectual property theft.,அறிவுசார் சொத்து திருட்டு தொடர்பான அபாயங்களை நாம் குறைக்க வேண்டும். (Arivusaar sotthu thiruttu thodarpana abaayangalai naam kuraikka vendum.),हमें बौद्धिक संपदा की चोरी से जुड़े जोखिमों को कम करना चाहिए। (Humein bauddhik sampada ki chori se jude jokhimon ko kam karna chahiye.)
Day 113,Advanced,Maintaining operational efficiency is paramount for market leadership.,சந்தையில் முன்னணியில் இருக்க செயல்பாட்டுத் திறனைப் பேணுவது மிக முக்கியமானது. (Sandhaiyil munniyaniyil irukka seyalpaattu thiranaia penuvadhu miga mukkiyamaanadhu.),बाजार नेतृत्व के लिए परिचालन दक्षता बनाए रखना सर्वोपरि है। (Bazaar netritva ke liye parichalan dakshata banaye rakhna sarvopari hai.)
Day 113,Advanced,We must integrate ethical considerations into every business decision.,ஒவ்வொரு வணிக முடிவிலும் நெறிமுறை சார்ந்த கருத்துக்களை நாம் ஒருங்கிணைக்க வேண்டும். (Ovvoru vaniga mudivillum nerimurai saarndha karutthukkalaia naam orunginaikka vendum.),हमें हर व्यावसायिक निर्णय में नैतिक विचारों को एकीकृत करना चाहिए। (Humein har vyavasayik nirnay mein naitik vicharon ko ekikrit karna chahiye.)
Day 114,Advanced,The initiative seeks to promote transparency in governmental operations.,அரசாங்க செயல்பாடுகளில் வெளிப்படைத்தன்மையை ஊக்குவிக்க இந்த முன்முயற்சி முயல்கிறது. (Arasaanga seyalpaadugalil velippadaitthanmaiyaia ookkuvikka indha munmuyarchi muyalgiradhu.),इस पहल का उद्देश्य सरकारी कामकाज में पारदर्शिता को बढ़ावा देना है। (Is pehal ka uddeshya sarkari kaam-kaaj mein pardarshita ko badhava dena hai.)
Day 114,Advanced,Establishing a strong legal framework is crucial for institutional trust.,நிறுவன நம்பிக்கைக்கு வலுவான சட்டக் கட்டமைப்பை உருவாக்குவது முக்கியமானது. (Niruvana nambikkai kku valuvaana satta kattamaippai uruvaakkuvadhu mukkiyamaanadhu.),संस्थागत विश्वास के लिए एक मजबूत कानूनी ढांचा स्थापित करना महत्वपूर्ण है। (Sansthagat vishwas ke liye ek mazboot kanooni dhaancha sthapit karna mahatvapoorn hai.)
Day 114,Advanced,We must navigate the market volatility with a robust risk-management strategy.,சந்தை ஏற்ற இறக்கத்தை ஒரு வலுவான இடர் மேலாண்மை மூலோபாயத்துடன் நாம் கையாள வேண்டும். (Sandhai ettra irakkathai oru valuvaana idar melaanmai moolobayatthudan naam kaiyaala vendum.),हमें एक मजबूत जोखिम प्रबंधन रणनीति के साथ बाजार की अस्थिरता का सामना करना चाहिए। (Humein ek mazboot jokhim prabandhan rannaiti ke saath bazaar ki asthirta ka saamna karna chahiye.)
Day 114,Advanced,The organizational values must be reflected in our daily business practices.,நிறுவனத்தின் மதிப்புகள் எங்களது அன்றாட வணிக நடைமுறைகளில் பிரதிபலிக்க வேண்டும். (Niruvanatthin madhippugal engaladhu andraada vaniga nadaimuraigalil pradhipalikka vendum.),संगठनात्मक मूल्यों को हमारे दैनिक व्यावसायिक कार्यों में प्रतिबिंबित होना चाहिए। (Sangathanatmak mulyon ko hamare dainik vyavasayik karyon mein pratibimbit hona chahiye.)
Day 114,Advanced,We must adapt our strategic goals to the changing global landscape.,மாறிவரும் உலகளாவிய சூழலுக்கு ஏற்ப நமது மூலோபாய இலக்குகளை நாம் மாற்றியமைக்க வேண்டும். (Maari-varum ulagalaaviya choozhalukku erpa namadhu moolobaya ilakkugalaia naam maattriyamaikka vendum.),हमें बदलते वैश्विक परिदृश्य के अनुसार अपने रणनीतिक लक्ष्यों को अनुकूलित करना चाहिए। (Humein badalte vaishvik paridrishya ke anusaar apne rannaitik lakshyon ko anukoolit karna chahiye.)
Day 115,Advanced,Maintaining data integrity is a top priority for our technical team.,தரவு ஒருமைப்பாட்டைப் பேணுவது எங்களது தொழில்நுட்பக் குழுவின் முதன்மையான முன்னுரிமையாகும். (Tharavu orumaippaattaip penuvadhu engaladhu thozhilnutpak kuzhuvin mudhanmaiyaana munnurimaiyaagum.),डेटा अखंडता बनाए रखना हमारी तकनीकी टीम के लिए सर्वोच्च प्राथमिकता है। (Data akhandta banaye rakhna hamari takneeki team ke liye sarvocch prathmikta hai.)
Day 115,Advanced,The current economic crisis necessitates immediate structural reforms.,தற்போதைய பொருளாதார நெருக்கடி உடனடி கட்டமைப்பு சீர்திருத்தங்களை அவசியமாக்குகிறது. (Tharpodhaiya poruladhara nerukkadi udanadi kattamaippu seirthirutthangalai avasiyamaakkugiradhu.),वर्तमान आर्थिक संकट तत्काल संरचनात्मक सुधारों की आवश्यकता पैदा करता है। (Vartaman aarthik sankat tatkal sanrachnatmak sudhaaron ki aavashyakta paida karta hai.)
Day 115,Advanced,Establishing long-term strategic goals requires careful financial planning.,நீண்ட கால மூலோபாய இலக்குகளை நிர்ணயிக்க கவனமான நிதித் திட்டமிடல் தேவை. (Neenda kaala moolobaya ilakkugalaia nirnayikka kavanamaana nidhith thittamidal thevai.),दीर्घकालिक रणनीतिक लक्ष्य स्थापित करने के लिए सावधानीपूर्वक वित्तीय योजना की आवश्यकता होती है। (Deerghkalik rannaitik lakshya sthapit karne ke liye savdhanipoorvak vittiya yojana ki aavashyakta hoti hai.)
Day 115,Advanced,We must integrate diversity and inclusion into our leadership development.,எங்களது தலைமைத்துவ மேம்பாட்டில் பன்முகத்தன்மை மற்றும் உள்ளடக்கத்தை நாம் ஒருங்கிணைக்க வேண்டும். (Engaladhu thalaimaitthuva mempaduttil panmugatthannmai mattrum ulladakkathai naam orunginaikka vendum.),हमें अपने नेतृत्व विकास में विविधता और समावेशन को एकीकृत करना चाहिए। (Humein apne netritva vikas mein vividhta aur samaveshan ko ekikrit karna chahiye.)
Day 115,Advanced,The report offers insights into the potential impacts of automation on labor.,தொழிலாளர் மீதான தானியக்கத்தின் சாத்தியமான தாக்கங்கள் குறித்த நுண்ணறிவுகளை இந்த அறிக்கை வழங்குகிறது. (Thozhilaallar meedhaana thaaniyakkatthin saathiyamaana thaakkangal kurittha nunnarivugalaia indha arikkai vazhangugiradhu.),रिपोर्ट श्रम पर स्वचालन (ऑटोमेशन) के संभावित प्रभावों के बारे में जानकारी देती है। (Report shram par swachalit (automation) ke sambhavit prabhavon ke baare mein jankari deti hai.)
Day 116,Advanced,Maintaining customer privacy is a legal and ethical obligation.,வாடிக்கையாளரின் தனியுரிமையைப் பேணுவது ஒரு சட்டப்பூர்வ மற்றும் நெறிமுறை கடமையாகும். (Vaadikkaiyalarin thaniyurimaiyaia penuvadhu oru sattappoorva mattrum nerimurai kadamaiyaagum.),ग्राहकों की गोपनीयता बनाए रखना एक कानूनी और नैतिक दायित्व है। (Grahakon ki gopniyata banaye rakhna ek kanooni aur naitik dayitva hai.)
Day 116,Advanced,We must proactively manage our corporate reputation in the digital age.,டிஜிட்டல் யுகத்தில் எங்களது கார்ப்பரேட் நற்பெயரை நாம் முன்கூட்டியே நிர்வகிக்க வேண்டும். (Digital yugathil engaladhu corporate narpeyaraia naam munkoottiye nirvahikka vendum.),हमें डिजिटल युग में अपनी कॉर्पोरेट प्रतिष्ठा का सक्रिय रूप से प्रबंधन करना चाहिए। (Humein digital yug mein apni corporate pratishtha ka sakriya roop se prabandhan karna chahiye.)
Day 116,Advanced,Establishing clear communication channels is vital for remote teams.,தொலைதூரக் குழுக்களுக்குத் தெளிவான தகவல் தொடர்பு சேனல்களை உருவாக்குவது இன்றியமையாதது. (Tholaidhoorak kuzhukkallukkuth thelivaana thagaval thodarbu channelgalaia uruvaakkuvadhu indriyamaiyaadhadhu.),रिमोट टीमों के लिए स्पष्ट संचार चैनल स्थापित करना महत्वपूर्ण है। (Remote teamon ke liye spasht sanchar channel sthapit karna mahatvapoorn hai.)
Day 116,Advanced,I am writing to propose a more holistic approach to employee well-being.,பணியாளர்களின் நல்வாழ்வு குறித்த மிகவும் விரிவான அணுகுமுறையை முன்மொழிய நான் எழுதுகிறேன். (Paniyaalar-galin nalvaazhvu kurittha migavum virivaana anugumuraiyai munmozhiya naan ezhudhugiren.),मैं कर्मचारी कल्याण के लिए अधिक समग्र दृष्टिकोण (होलिस्टिक अप्रोच) का प्रस्ताव करने के लिए लिख रहा हूँ। (Main karmchari kalyan ke liye adhik samagra drishtikon ka prastav karne ke liye likh raha hoon.)
Day 116,Advanced,The analysis highlights the challenges of achieving global carbon neutrality.,உலகளாவிய கார்பன் நடுநிலையை அடைவதில் உள்ள சவால்களை இந்த பகுப்பாய்வு எடுத்துக்காட்டுகிறது. (Ulagalaaviya carbon nadunilaiaia adaivadhil ulla savaalgalaia indha paguppaaivu edutthukkaattugiradhu.),विश्लेषण वैश्विक कार्बन तटस्थता प्राप्त करने की चुनौतियों पर प्रकाश डालता है। (Vishleshan vaishvik carbon tatasthta praapt karne ki chunautiyon par prakash daalta hai.)
Day 117,Advanced,Maintaining operational transparency is key to building public trust.,பொது நம்பிக்கையை உருவாக்குவதற்கு செயல்பாட்டு வெளிப்படைத்தன்மையைப் பேணுவது முக்கியமானது. (Podhu nambikkaiyaia uruvaakkuvadharkku seyalpaattu velippadaitthanmaiyaia penuvadhu mukkiyamaanadhu.),जनता का विश्वास बनाने के लिए परिचालन पारदर्शिता बनाए रखना महत्वपूर्ण है। (Janta ka vishwas banane ke liye parichalan pardarshita banaye rakhna mahatvapoorn hai.)
Day 117,Advanced,We must prioritize sustainable innovation to meet future market demands.,எதிர்கால சந்தை தேவைகளை பூர்த்தி செய்ய நிலையான கண்டுபிடிப்புகளுக்கு நாம் முன்னுரிமை அளிக்க வேண்டும். (Edhirkaala sandhai thevaigalaia poortthi seyya nilaiyaana kandupidippugallukku naam munnurimai alikka vendum.),भविष्य की बाजार मांगों को पूरा करने के लिए हमें टिकाऊ नवाचार को प्राथमिकता देनी चाहिए। (Bhavishya ki bazaar maangon ko poora karne ke liye humein tikau navachar ko prathmikta deni chahiye.)
Day 117,Advanced,Establishing a culture of accountability is essential for organizational success.,நிறுவன வெற்றிக்கு பொறுப்புக்கூறல் கலாச்சாரத்தை உருவாக்குவது அவசியம். (NIRUVANA VETTRIKKU PORUPPUKKOORAL KALAACHAARATHAI URUVAAKKUVADHU AVASIYAM.),संगठनात्मक सफलता के लिए जवाबदेही की संस्कृति स्थापित करना आवश्यक है। (Sangathanatmak safalta ke liye javabdehi ki sanskriti sthapit karna aavashyak hai.)
Day 117,Advanced,Maintaining professional integrity ensures the long-term viability of the firm.,தொழில்முறை நேர்மையைப் பேணுவது நிறுவனத்தின் நீண்டகால நம்பகத்தன்மையை உறுதி செய்கிறது. (Thozhilmurai nerminai penuvadhu niruvanathin neendakaala nambagatthannmaiyaia urudhi seigiradhu.),पेशेवर ईमानदारी बनाए रखना फर्म की दीर्घकालिक व्यवहार्यता सुनिश्चित करता है। (Peshevar imandari banaye rakhna firm ki deerghkalik vyavaharyata sunishchit karta hai.)
Day 117,Advanced,We must navigate the fiscal complexities with meticulous attention to detail.,நிதி சார்ந்த சிக்கல்களை மிக நுணுக்கமான கவனத்துடன் நாம் கையாள வேண்டும். (Nidhi saarndha sikkalgalai miga nunukkamaana kavanathudan naam kaiyaala vendum.),हमें वित्तीय जटिलताओं को विस्तार से ध्यान देते हुए सावधानीपूर्वक नेविगेट करना चाहिए। (Humein vittiya jatiltayon ko vistar se dhyan dete hue savdhanipoorvak navigate karna chahiye.)
Day 118,Advanced,The initiative is designed to bolster regional economic integration.,பிராந்திய பொருளாதார ஒருங்கிணைப்பை வலுப்படுத்தும் வகையில் இந்த முன்முயற்சி வடிவமைக்கப்பட்டுள்ளது. (Piraandhiya poruladhara orunginaippai valuppadutthum vakaiyil indha munmuyarchi vadivamaikkappadulladhu.),यह पहल क्षेत्रीय आर्थिक एकीकरण को मजबूत करने के लिए डिज़ाइन की गई है। (Yeh pehal kshetriya aarthik ekikaran ko mazboot karne ke liye design ki gayi hai.)
Day 118,Advanced,It is imperative to cultivate a mindset of resilience and adaptability.,மீள்தன்மை மற்றும் தகவமைப்புத் தன்மையைக் கொண்ட மனநிலையை வளர்ப்பது கட்டாயமாகும். (Meeldhanni mattrum thagavamaipput thannaiyaik konda mananilaiyai valarppadhu kattaayamaagum.),लचीलापन और अनुकूलन क्षमता की मानसिकता विकसित करना अनिवार्य है। (Lacheelapan aur anukoolan kshamta ki maansikta vikasit karna anivarya hai.)
Day 118,Advanced,The report provides a nuanced perspective on the socio-economic disparities.,சமூக-பொருளாதார ஏற்றத்தாழ்வுகள் குறித்த நுணுக்கமான பார்வையை இந்த அறிக்கை வழங்குகிறது. (Samooga-poruladhara ettratthaazhvugal kurittha nunukkamaana paarvaiyai indha arikkai vazhangugiradhu.),रिपोर्ट सामाजिक-आर्थिक असमानताओं पर एक सूक्ष्म दृष्टिकोण प्रदान करती है। (Report samajik-aarthik asamanataon par ek sookshma drishtikon pradan karti hai.)
Day 118,Advanced,We must address the systemic barriers to inclusive growth immediately.,உள்ளடக்கிய வளர்ச்சிக்கான முறையான தடைகளை நாம் உடனடியாக அகற்ற வேண்டும். (Ulladakkiya valarchikkaana muraiyaana thadaigalai naam udanadiyaaga agattra vendum.),हमें समावेशी विकास की प्रणालीगत बाधाओं को तुरंत दूर करना चाहिए। (Humein samaveshi vikas ki pranaligat badhaon ko turant door karna chahiye.)
Day 118,Advanced,The breakthrough has significant implications for global healthcare standards.,இந்த கண்டுபிடிப்பு உலகளாவிய சுகாதாரத் தரங்களில் குறிப்பிடத்தக்க தாக்கங்களைக் கொண்டுள்ளது. (Indha kandupidippu ulagalaaviya sugadhara-tharangalil kurippidathakka thaakkangalaik kondulladhu.),यह सफलता वैश्विक स्वास्थ्य सेवा मानकों के लिए महत्वपूर्ण निहितार्थ रखती है। (Yeh safalta vaishvik swasthya seva maanakon ke liye mahatvapoorn nihitarth rakhti hai.)
Day 119,Advanced,We need to synchronize our efforts to maximize the project's impact.,திட்டத்தின் தாக்கத்தை அதிகரிக்க நாம் நமது முயற்சிகளை ஒருங்கிணைக்க வேண்டும். (Thittatthin thaakkathai adhigarikka naam namadhu muyarchigalaia orunginaikka vendum.),हमें परियोजना के प्रभाव को अधिकतम करने के लिए अपने प्रयासों को सिंक्रनाइज़ करने की आवश्यकता है। (Humein pariyojana ke prabhav ko adhiktam karne ke liye apne prayason ko synchronize karne ki avashyakta hai.)
Day 119,Advanced,The analysis underscores the volatility of the emerging cryptocurrency market.,வளர்ந்து வரும் கிரிப்டோகரன்சி சந்தையின் ஏற்ற இறக்கத்தை இந்த பகுப்பாய்வு அடிக்கோடிட்டுக் காட்டுகிறது. (Valarndhu varum cryptocurrency sandhaiyin ettra irakkathai indha paguppaaivu adikkodittuk kaattugindrana.),विश्लेषण उभरते क्रिप्टोकरेंसी बाजार की अस्थिरता को रेखांकित करता है। (Vishleshan ubharte cryptocurrency bazaar ki asthirta ko rekhankit karta hai.)
Day 119,Advanced,It is essential to uphold the integrity of the judicial process at all costs.,நீதித்துறை செயல்பாட்டின் ஒருமைப்பாட்டை எவ்விலை கொடுத்தும் காப்பது அவசியம். (Needhithurai seyalpaattin orumaippaattai evvilai kodutthu kaappadhu avasiyam.),किसी भी कीमत पर न्यायिक प्रक्रिया की अखंडता को बनाए रखना आवश्यक है। (Kisi bhi keemat par nyayik prakriya ki akhandta ko banaye rakhna aavashyak hai.)
Day 119,Advanced,The strategic alignment will enhance our collective competitive advantage.,மூலோபாய சீரமைப்பு நமது கூட்டு போட்டி நன்மையை மேம்படுத்தும். (Moolobaya seirammaippu namadhu koottu potti nanmaiyai mempadutthum.),रणनीतिक तालमेल हमारे सामूहिक प्रतिस्पर्धात्मक लाभ को बढ़ाएगा। (Rannaitik taalmel hamare samoohik pratispardhatmak laabh ko badhayega.)
Day 119,Advanced,We must mitigate the environmental footprint of our industrial operations.,நமது தொழில்முறை செயல்பாடுகளின் சுற்றுச்சூழல் பாதிப்பைக் குறைக்க வேண்டும். (Namadhu thozhilmurai seyalpaadugalin sutruchchoozhal paadhippaik kuraikka vendum.),हमें अपने औद्योगिक कार्यों के पर्यावरणीय पदचिह्न को कम करना चाहिए। (Humein apne audyogik karyon ke paryavaraniya padchihn ko kam karna chahiye.)
Day 120,Advanced,Maintaining operational continuity is paramount during the restructuring phase.,மறுசீரமைப்பு கட்டத்தின் போது செயல்பாட்டுத் தொடர்ச்சியைப் பேணுவது மிக முக்கியமானது. (Maruseirammaippu kattatthin podhu seyalpaattu thodarchiyaia penuvadhu miga mukkiyamaanadhu.),पुनर्गठन चरण के दौरान परिचालन निरंतरता बनाए रखना सर्वोपरि है। (Punargathan charan ke dauran parichalan nirantarata banaye rakhna sarvopari hai.)
Day 120,Advanced,The findings validate the hypothesis regarding consumer purchasing patterns.,நுகர்வோர் வாங்கும் முறைகள் குறித்த கருதுகோளை இந்த கண்டுபிடிப்புகள் உறுதிப்படுத்துகின்றன. (Nugarvor vaangum muraigal kurittha karudhugolaia indha kandupidippugal urudhippadutthugindrana.),निष्कर्ष उपभोक्ता खरीद पैटर्न के संबंध में परिकल्पना की पुष्टि करते हैं। (Nishkarsh upbhokta khareed pattern ke sambandh mein parikalpana ki pushti karte hain.)
Day 120,Advanced,We need to foster an environment conducive to intellectual property development.,அறிவுசார் சொத்து மேம்பாட்டிற்கு உகந்த சூழலை நாம் உருவாக்க வேண்டும். (Arivusaar sotthu mempaduttirkku ukandha choozhalaia naam uruvaakka vendum.),हमें बौद्धिक संपदा विकास के लिए अनुकूल वातावरण को बढ़ावा देने की आवश्यकता है। (Humein bauddhik sampada vikas ke liye anukool vatavaran ko badhava dene ki avashyakta hai.)
Day 120,Advanced,The organization is committed to eradicating corruption through transparency.,வெளிப்படைத்தன்மையின் மூலம் ஊழலை ஒழிக்க நிறுவனம் உறுதியாக உள்ளது. (Velippadaitthanmaiyin moolam oozhalaia ozhikka niruvanam urudhiyaaga ulladhu.),संगठन पारदर्शिता के माध्यम से भ्रष्टाचार को मिटाने के लिए प्रतिबद्ध है। (Sangathan pardarshita ke madhyam se bhrashtachar ko mitane ke liye pratibaddh hai.)
Day 120,Advanced,A comprehensive risk assessment must precede any high-level capital investment.,எந்தவொரு உயர்மட்ட மூலதன முதலீட்டிற்கும் முன்பாக விரிவான இடர் மதிப்பீடு செய்யப்பட வேண்டும். (Endhavoru uyar-matta mooladhana mudhaleettirkum munbaaga virivaana idar madhippidu seiyappada vendum.),किसी भी उच्च-स्तरीय पूंजी निवेश से पहले एक व्यापक जोखिम मूल्यांकन किया जाना चाहिए। (Kisi bhi ucch-stariye poonji nivesh se pehle ek vyapak jokhim mulyankan kiya jana chahiye.)
Day 121,Advanced,The breakthrough has the potential to redefine the parameters of energy efficiency.,இந்த கண்டுபிடிப்பு ஆற்றல் திறனின் அளவுருக்களை மறுவரையறை செய்யும் திறனைக் கொண்டுள்ளது. (Indha kandupidippu aattral thiranin alavurukkalaia maruvaraiyarai seyyum thiranaik kondulladhu.),इस सफलता में ऊर्जा दक्षता के मापदंडों को फिर से परिभाषित करने की क्षमता है। (Is safalta mein oorja dakshata ke maapdandon ko phir se paribhashit karne ki kshamta hai.)
Day 121,Advanced,We must scrutinize the ethical implications of data mining and surveillance.,தரவுச் சுரங்கம் மற்றும் கண்காணிப்பின் அறநெறி விளைவுகளை நாம் கூர்ந்து கவனிக்க வேண்டும். (Tharavuch churangam mattrum kangaanippin araneri vilaivugalaia naam koorndhu kavanikka vendum.),हमें डेटा माइनिंग और निगरानी के नैतिक निहितार्थों की जांच करनी चाहिए। (Humein data mining aur nigrani ke naitik nihitarthon ki jaanch karni chahiye.)
Day 121,Advanced,Maintaining cross-functional collaboration is essential for holistic project management.,முழுமையான திட்ட மேலாண்மைக்குத் துறைகளுக்கு இடையிலான ஒத்துழைப்பைப் பேணுவது அவசியம். (Muzhumaiyaana thitta melaanmaikkut thuraigallukku idaiyilaana otthuzhaippaip penuvadhu avasiyam.),समग्र परियोजना प्रबंधन के लिए क्रॉस-फंक्शनल सहयोग बनाए रखना आवश्यक है। (Samagra pariyojana prabandhan ke liye cross-functional sahyog banaye rakhna aavashyak hai.)
Day 121,Advanced,The current market saturation mandates a pivot towards niche demographics.,தற்போதைய சந்தை தேக்கம் குறிப்பிட்ட சிறு குழுக்களை நோக்கி கவனம் செலுத்தத் தூண்டுகிறது. (Tharpodhaiya sandhai thekkam kurippitta siru kuzhukkalaia nokki kavanam selutthath thoondugiradhu.),वर्तमान बाजार संतृप्ति विशिष्ट जनसांख्यिकी की ओर बढ़ने का आदेश देती है। (Vartaman bazaar santripti vishisht jansankhyiki ki ore badhne ka aadesh deti hai.)
Day 121,Advanced,We must bridge the digital divide to ensure equitable access to education.,கல்விக்குச் சமமான வாய்ப்பை உறுதிப்படுத்த டிஜிட்டல் இடைவெளியைக் குறைக்க வேண்டும். (Kalvikkuch samamaana vaippaia urudhi seiyya digital idaiveliaia kuraikka vendum.),शिक्षा तक समान पहुंच सुनिश्चित करने के लिए हमें डिजिटल विभाजन को कम करना चाहिए। (Shiksha tak saman pahunch sunishchit karne ke liye humein digital vibhajan ko kam karna chahiye.)
Day 122,Advanced,The organization is pioneering the transition toward a circular economy.,நிறுவனம் ஒரு வட்டப் பொருளாதாரத்தை நோக்கிய மாற்றத்தில் முன்னோடியாக உள்ளது. (Niruvanam oru vatta poruladhara-thai nokkiya maattratthil munnodiyaaga ulladhu.),संगठन चक्रीय अर्थव्यवस्था (सर्कुलर इकोनॉमी) की ओर संक्रमण का नेतृत्व कर रहा है। (Sangathan chakriya arthavyavastha ki ore sankraman ka netritva kar raha hai.)
Day 122,Advanced,Professional decorum must be maintained even in the heat of conflict.,மோதல்களின் போதும் தொழில்முறை கண்ணியம் பேணப்பட வேண்டும். (Modhal-galin podhum thozhilmurai kanniyam penappada vendum.),संघर्ष की स्थिति में भी पेशेवर शिष्टाचार बनाए रखा जाना चाहिए। (Sangharsh ki sthiti mein bhi peshevar shishtachar banaye rakha jana chahiye.)
Day 122,Advanced,The findings provide a catalyst for rethinking urban infrastructure design.,நகர்ப்புற உள்கட்டமைப்பு வடிவமைப்பை மறுபரிசீலனை செய்ய இந்த கண்டுபிடிப்புகள் ஒரு உந்துதலாக உள்ளன. (Nagarppura ul-kattamaippu vadivamaippaia marupariseelanai seiyya indha kandupidippugal oru undhu-dhalaaga ullana.),निष्कर्ष शहरी बुनियादी ढांचे के डिजाइन पर पुनर्विचार करने के लिए एक उत्प्रेरक प्रदान करते हैं। (Nishkarsh shahri buniyaadi dhaanche ke design par punarvichaar karne ke liye ek utprerak pradan karte hain.)
Day 122,Advanced,We must prioritize cybersecurity as a fundamental pillar of national defense.,தேசிய பாதுகாப்பின் அடிப்படைத் தூணாக இணைய பாதுகாப்பிற்கு நாம் முன்னுரிமை அளிக்க வேண்டும். (Dhesiya paadhukaappin adippadait thoonaaga inaiya paadhukaappirkku naam munnurimai alikka vendum.),हमें साइबर सुरक्षा को राष्ट्रीय रक्षा के एक मौलिक स्तंभ के रूप में प्राथमिकता देनी चाहिए। (Humein cyber suraksha ko rashtriya raksha ke ek maulik stambh ke roop mein prathmikta deni chahiye.)
Day 122,Advanced,The initiative aims to alleviate poverty through community-led empowerment.,சமூகத்தின் தலைமையிலான அதிகாரமளித்தல் மூலம் வறுமையை ஒழிக்க இந்த முன்முயற்சி முயல்கிறது. (Samoogatthin thalaimaiyilaana adhikaaram-alitthual moolam varumaiyaia ozhikka indha munmuyarchi muyalgiradhu.),पहल का उद्देश्य समुदाय के नेतृत्व वाले सशक्तिकरण के माध्यम से गरीबी को कम करना है। (Pehal ka uddeshya samuday ke netritva wale sashaktikaran ke madhyam se gareebi ko kam karna hai.)
Day 123,Advanced,Maintaining fiscal prudence is non-negotiable for long-term organizational health.,நிறுவனத்தின் நீண்டகால ஆரோக்கியத்திற்கு நிதி விவேகத்தைப் பேணுவது தவிர்க்க முடியாதது. (Niruvanatthin neendakaala aarokkiyatthirkku nidhi vivegatthaip penuvadhu thavirka mudiyaadhadhu.),दीर्घकालिक संगठनात्मक स्वास्थ्य के लिए वित्तीय विवेक बनाए रखना गैर-परक्राम्य है। (Deerghkalik sangathanatmak swasthya ke liye vittiya vivek banaye rakhna gair-parakramya hai.)
Day 123,Advanced,The policy seeks to incentivize the adoption of renewable energy technologies.,புதுப்பிக்கத்தக்க எரிசக்தி தொழில்நுட்பங்களை ஏற்றுக்கொள்வதை ஊக்குவிக்க இந்தக் கொள்கை முயல்கிறது. (Pudhuppikkathakka erisakthi thozhilnutpangalait etrukkolvadhai ookkuvikka indhak kolgai muyalgiradhu.),नीति अक्षय ऊर्जा प्रौद्योगिकियों को अपनाने को प्रोत्साहित करना चाहती है। (Neeti akshay oorja prodyogikiyon ko apnane ko protsahit karna chahti hai.)
Day 123,Advanced,We must scrutinize the supply chain for any potential human rights violations.,விநியோகச் சங்கிலியில் மனித உரிமை மீறல்கள் ஏதேனும் உள்ளதா என்பதை நாம் கூர்ந்து ஆராய வேண்டும். (Viniyogach changiliyil manidha urimai meeralgal edhenum ulladhaa enbadhai naam koorndhu aaraaya vendum.),हमें मानवाधिकारों के किसी भी संभावित उल्लंघन के लिए आपूर्ति श्रृंखला की जांच करनी चाहिए। (Humein manavadhikaron ke kisi bhi sambhavit ullanghan ke liye aapoorti shrinkhla ki jaanch karni chahiye.)
Day 123,Advanced,The document provides an exhaustive breakdown of the legal proceedings.,இந்த ஆவணம் சட்ட நடவடிக்கைகளின் விரிவான விளக்கத்தை வழங்குகிறது. (Indha aavanam satta nadavadikkaigalin virivaana vilakkathai vazhangugiradhu.),दस्तावेज़ कानूनी कार्यवाही का विस्तृत विवरण प्रदान करता है। (Dastavez kanooni karyawahi ka vistrit vivaran pradan karta hai.)
Day 123,Advanced,We must adapt our communication style to resonate with a diverse global audience.,மாறுபட்ட உலகளாவிய பார்வையாளர்களைச் சென்றடையும் வகையில் நமது தகவல் தொடர்பு முறையை மாற்றியமைக்க வேண்டும். (Maaruvatta ulagalaaviya paarvaiyaalargalaich senradaiyum vakaiyil namadhu thagaval thodarbu muraiyaia maattriyamaikka vendum.),हमें एक विविध वैश्विक दर्शकों के साथ तालमेल बिठाने के लिए अपनी संचार शैली को अनुकूलित करना चाहिए। (Humein ek vividh vaishvik darshakon ke saath taalmel bithane ke liye apni sanchar shaili ko anukoolit karna chahiye.)
Day 124,Advanced,The strategic partnership is predicated on shared values and mutual respect.,மூலோபாயக் கூட்டணி பொதுவான மதிப்புகள் மற்றும் பரஸ்பர மரியாதையின் அடிப்படையில் அமைந்துள்ளது. (Moolobayak koottani podhuvaana madhippugal mattrum paraspara mariyaadhaiyin adippadaiyil amaindhulladhu.),रणनीतिक साझेदारी साझा मूल्यों और आपसी सम्मान पर आधारित है। (Rannaitik sajhedari sajha mulyon aur aapsi samman par adharit hai.)
Day 124,Advanced,Maintaining an objective stance is essential when mediating organizational conflicts.,நிறுவன மோதல்களைத் தீர்க்கும் போது ஒரு பக்கச்சார்பற்ற நிலையை எடுப்பது அவசியம். (Niruvana modhalgalait theerkkum podhu oru pakkachcharppattra nilaiyaia eduppadhu avasiyam.),संगठनात्मक संघर्षों की मध्यस्थता करते समय एक निष्पक्ष रुख बनाए रखना आवश्यक है। (Sangathanatmak sangharshon ki madhyastha karte samay ek nishpaksh rukh banaye rakhna aavashyak hai.)
Day 124,Advanced,The findings illuminate the complex relationship between health and education.,ஆரோக்கியத்திற்கும் கல்விக்கும் இடையிலான சிக்கலான உறவை இந்த கண்டுபிடிப்புகள் விளக்குகின்றன. (Aarokkiyatthirkum kalvikkum idaiyilaana sikkalaana uravaia indha kandupidippugal vilakkugindrana.),निष्कर्ष स्वास्थ्य और शिक्षा के बीच जटिल संबंधों पर प्रकाश डालते हैं। (Nishkarsh swasthya aur shiksha ke beech jatil sambandhon par prakash daalte hain.)
Day 124,Advanced,We must implement rigorous quality control measures throughout the lifecycle.,வாழ்க்கைச் சுழற்சி முழுவதும் கடுமையான தரக் கட்டுப்பாட்டு நடவடிக்கைகளை நாம் செயல்படுத்த வேண்டும். (Vaazhkaich chuzharchi muzhuvadhum kadumaiyaana tharak kattuppaattu nadavadikkaigalaia naam seyalpaduttha vendum.),हमें जीवनचक्र के दौरान कठोर गुणवत्ता नियंत्रण उपाय लागू करने चाहिए। (Humein jeevanchakra ke dauran kathor gunvatta niyantran upaye lagu karne chahiye.)
Day 124,Advanced,The initiative seeks to revitalize the local economy through small business grants.,சிறு வணிக மானியங்கள் மூலம் உள்ளூர் பொருளாதாரத்தை மேம்படுத்த இந்த முன்முயற்சி முயல்கிறது. (Siru vaniga maaniyangal moolam ulloor poruladhara-thaia mempaduttha indha munmuyarchi muyalgiradhu.),पहल का उद्देश्य लघु व्यवसाय अनुदान के माध्यम से स्थानीय अर्थव्यवस्था को पुनर्जीवित करना है। (Pehal ka uddeshya laghu vyavasay anudan ke madhyam se sthaniye arthavyavastha ko punarjeevit karna hai.)
Day 125,Advanced,Maintaining institutional memory is crucial for long-term consistency.,நீண்ட கால நிலைத்தன்மைக்கு நிறுவனத்தின் அனுபவங்களைப் பாதுகாப்பது முக்கியமானது. (Neenda kaala nilai-thannmaikku niruvanatthin anubavangalait paadhukaappadhu mukkiyamaanadhu.),दीर्घकालिक निरंतरता के लिए संस्थागत स्मृति बनाए रखना महत्वपूर्ण है। (Deerghkalik nirantarata ke liye sansthagat smriti banaye rakhna mahatvapoorn hai.)
Day 125,Advanced,The current market trends indicate a paradigm shift in consumer expectations.,தற்போதைய சந்தை போக்குகள் நுகர்வோர் எதிர்பார்ப்புகளில் ஒரு அடிப்படை மாற்றத்தைக் குறிக்கின்றன. (Tharpodhaiya sandhai pokkugal nugarvor edhirpaarppugalil oru adippadai maattrathai kurikkindrana.),वर्तमान बाजार रुझान उपभोक्ता अपेक्षाओं में एक बुनियादी बदलाव का संकेत देते हैं। (Vartaman bazaar rujhan upbhokta apekshaon mein ek buniyadi badlav ka sanket dete hain.)
Day 125,Advanced,We must prioritize the protection of endangered species in this ecosystem.,இந்த சுற்றுச்சூழல் அமைப்பில் அழிந்து வரும் உயிரினங்களைப் பாதுகாப்பதற்கு நாம் முன்னுரிமை அளிக்க வேண்டும். (Indha sutruchchoozhal amaippil azhindhu varum uyirinangalaip paadhukaappadharkku naam munnurimai alikka vendum.),हमें इस पारिस्थितिकी तंत्र में लुप्तप्राय प्रजातियों के संरक्षण को प्राथमिकता देनी चाहिए। (Humein is paaristithiki tantra mein luptapray prajatiyon ke sanrakshan ko prathmikta deni chahiye.)
Day 125,Advanced,The report offers a multifaceted analysis of the global food security crisis.,உலகளாவிய உணவுப் பாதுகாப்பு நெருக்கடி குறித்த பன்முகப் பகுப்பாய்வை இந்த அறிக்கை வழங்குகிறது. (Ulagalaaviya unavup paadhukaappu nerukkadi kurittha panmugap paguppaaivaia indha arikkai vazhangugiradhu.),रिपोर्ट वैश्विक खाद्य सुरक्षा संकट का एक बहुआयामी विश्लेषण प्रस्तुत करती है। (Report vaishvik khadya suraksha sankat ka ek bahu-aayami vishleshan prastut karti hai.)
Day 125,Advanced,We must integrate ethical considerations into the development of AI algorithms.,செயற்கை நுண்ணறிவு அல்காரிதம்களின் மேம்பாட்டில் அறநெறி சார்ந்த கருத்துக்களை நாம் ஒருங்கிணைக்க வேண்டும். (Seyarkai nunnarivu algorithm-galin mempaduttil araneri saarndha karutthukkalaia naam orunginaikka vendum.),हमें एआई एल्गोरिदम के विकास में नैतिक विचारों को एकीकृत करना चाहिए। (Humein AI algorithms ke vikas mein naitik vicharon ko ekikrit karna chahiye.)
Day 126,Advanced,Maintaining professional integrity is non-negotiable for public officials.,அரசு அதிகாரிகளுக்குத் தொழில்முறை நேர்மையைப் பேணுவது என்பது சமரசத்திற்கு அப்பாற்பட்டது. (Arasu adhikaarigallukkuth thozhilmurai nerminai penuvadhu enbadhu samarasatthirkku appaarppattadhu.),सार्वजनिक अधिकारियों के लिए पेशेवर ईमानदारी बनाए रखना गैर-परक्राम्य है। (Sarvajanik adhikariyon ke liye peshevar imandari banaye rakhna gair-parakramya hai.)
Day 126,Advanced,The initiative seeks to promote cultural heritage through digital preservation.,டிஜிட்டல் பாதுகாப்பு மூலம் கலாச்சார பாரம்பரியத்தை ஊக்குவிக்க இந்த முன்முயற்சி முயல்கிறது. (Digital paadhukaappu moolam kalaachaara paarambariyatthai ookkuvikka indha munmuyarchi muyalgiradhu.),पहल का उद्देश्य डिजिटल संरक्षण के माध्यम से सांस्कृतिक विरासत को बढ़ावा देना है। (Pehal ka uddeshya digital sanrakshan ke madhyam se sanskritik virasat ko badhava dena hai.)
Day 126,Advanced,We must adapt our business processes to ensure seamless global coordination.,தடையற்ற உலகளாவிய ஒருங்கிணைப்பை உறுதிப்படுத்த நமது வணிகச் செயல்பாடுகளை மாற்றியமைக்க வேண்டும். (Thadaiyattra ulagalaaviya orunginaippaia urudhi seiyya namadhu vaniga seyalpaadugalaia maattriyamaikka vendum.),हमें निर्बाध वैश्विक समन्वय सुनिश्चित करने के लिए अपनी व्यावसायिक प्रक्रियाओं को अनुकूलित करना चाहिए। (Humein nirbadh vaishvik samanvay sunishchit karne ke liye apni vyavasayik prakriyaon ko anukoolit karna chahiye.)
Day 126,Advanced,Maintaining customer confidence is essential during product recalls.,தயாரிப்புகளைத் திரும்பப் பெறும் போது வாடிக்கையாளர் நம்பிக்கையைப் பேணுவது அவசியம். (Thayaarippugalait thirumbap perum podhu vaadikkaiyalar nambikkaiyaia penuvadhu avasiyam.),उत्पाद वापसी (रिकॉल) के दौरान ग्राहकों का विश्वास बनाए रखना आवश्यक है। (Utpad wapasi ke dauran grahakon ka vishwas banaye rakhna aavashyak hai.)
Day 126,Advanced,The current geopolitical landscape mandates a more diplomatic approach.,தற்போதைய புவிசார் அரசியல் சூழல் மிகவும் இராஜதந்திர அணுகுமுறையை அவசியமாக்குகிறது. (Tharpodhaiya puvisaar arasiyal choozhal migavum iraajathandhira anugumuraiyai avasiyamaakkugiradhu.),वर्तमान भू-राजनीतिक परिदृश्य एक अधिक राजनयिक दृष्टिकोण की मांग करता है। (Vartaman bhoo-rajneetik paridrishya ek adhik rajnayeek drishtikon ki maang karta hai.)
Day 127,Advanced,We must foster a culture of lifelong learning within the organization.,நிறுவனத்திற்குள் வாழ்நாள் முழுவதும் கற்கும் கலாச்சாரத்தை நாம் வளர்க்க வேண்டும். (Niruvanatthirkkul vaazhnaal muzhuvadhum karkum kalaachaaratthai naam valarkka vendum.),हमें संगठन के भीतर आजीवन सीखने की संस्कृति को बढ़ावा देना चाहिए। (Humein sangathan ke bhetar aajeevan seekhne ki sanskriti ko badhava dena chahiye.)
Day 127,Advanced,The report outlines the significant benefits of international scientific cooperation.,சர்வதேச அறிவியல் ஒத்துழைப்பின் குறிப்பிடத்தக்க நன்மைகளை இந்த அறிக்கை விளக்குகிறது. (Sarvadhesa ariviyal otthuzhaippin kurippidathakka nanmaigalaia indha arikkai vilakkugiradhu.),रिपोर्ट अंतर्राष्ट्रीय वैज्ञानिक सहयोग के महत्वपूर्ण लाभों की रूपरेखा तैयार करती है। (Report antarrashtriya vaigyanik sahyog ke mahatvapoorn laabhon ki rooprekha taiyar karti hai.)
Day 127,Advanced,Maintaining an open dialogue is vital for resolving labor disputes.,தொழிலாளர் தகராறுகளைத் தீர்க்க வெளிப்படையான உரையாடலைப் பேணுவது இன்றியமையாதது. (Thozhilaallar thagaraarugalait theerkka velippadaiyaana uraiyadalai penuvadhu indriyamaiyaadhadhu.),श्रम विवादों को सुलझाने के लिए खुला संवाद बनाए रखना महत्वपूर्ण है। (Shram vivadon ko suljhane ke liye khula samvad banaye rakhna mahatvapoorn hai.)
Day 127,Advanced,The analysis highlights the impact of interest rate fluctuations on investments.,முதலீடுகளில் வட்டி விகித மாற்றங்களின் தாக்கத்தை இந்த பகுப்பாய்வு எடுத்துக்காட்டுகிறது. (Mudhaleedugalil vatti vigidha maattrangalin thaakkathai indha paguppaaivu edutthukkaattugiradhu.),विश्लेषण निवेश पर ब्याज दर में उतार-चढ़ाव के प्रभाव पर प्रकाश डालता है। (Vishleshan nivesh par byaj dar mein utar-chadav ke prabhav par prakash daalta hai.)
Day 127,Advanced,We must ensure the ethical sourcing of all raw materials in our production.,உற்பத்தியில் பயன்படுத்தப்படும் அனைத்து மூலப்பொருட்களையும் அறநெறிப்படி பெறுவதை உறுதி செய்ய வேண்டும். (Urppatthiyil payanpadutthappadum anaittu moolapporutgallaiyaum aranerippadi peruvadhai urudhi seiyya vendum.),हमें अपने उत्पादन में सभी कच्चे माल की नैतिक सोर्सिंग सुनिश्चित करनी चाहिए। (Humein apne utpadan mein sabhi kacche maal ki naitik sourcing sunishchit karni chahiye.)
Day 128,Advanced,Establishing a collaborative framework is essential for cross-border research.,எல்லை தாண்டிய ஆராய்ச்சிக்கு ஒரு கூட்டு கட்டமைப்பை உருவாக்குவது அவசியம். (Ellai thaandiya aaraichikku oru koottu kattamaippaia uruvaakkuvadhu avasiyam.),सीमा पार अनुसंधान के लिए एक सहयोगी ढांचा स्थापित करना आवश्यक है। (Seema paar anusandhan ke liye ek sahyogi dhaancha sthapit karna aavashyak hai.)
Day 128,Advanced,We must prioritize social equity in our urban development projects.,நகர்ப்புற மேம்பாட்டுத் திட்டங்களில் சமூக சமத்துவத்திற்கு நாம் முன்னுரிமை அளிக்க வேண்டும். (Nagarppura mempadutthuth thittangalil samooga samathuvatthirkku naam munnurimai alikka vendum.),हमें अपनी शहरी विकास परियोजनाओं में सामाजिक समानता को प्राथमिकता देनी चाहिए। (Humein apni shahri vikas pariyojanaon mein samajik samanata ko prathmikta deni chahiye.)
Day 128,Advanced,The findings illuminate the challenges faced by local artisans in a global market.,உலகளாவிய சந்தையில் உள்ளூர் கைவினைஞர்கள் எதிர்கொள்ளும் சவால்களை இந்த கண்டுபிடிப்புகள் விளக்குகின்றன. (Ulagalaaviya sandhaiyil ulloor kaivinaignargall edhirkollum savaalgalaia indha kandupidippugal vilakkugindrana.),निष्कर्ष वैश्विक बाजार में स्थानीय कारीगरों द्वारा सामना की जाने वाली चुनौतियों पर प्रकाश डालते हैं। (Nishkarsh vaishvik bazaar mein sthaniye karigaron dwara saamna ki jane wali chunautiyon par prakash daalte hain.)
Day 128,Advanced,Maintaining operational efficiency is crucial for staying ahead of competitors.,போட்டியாளர்களை விட முன்னணியில் இருக்க செயல்பாட்டுத் திறனைப் பேணுவது முக்கியமானது. (Pottiyaalargalaia vida munniyaniyil irukka seyalpaattu thiranaia penuvadhu mukkiyamaanadhu.),प्रतिस्पर्धियों से आगे रहने के लिए परिचालन दक्षता बनाए रखना महत्वपूर्ण है। (Pratispardhiyon se aage rehne ke liye parichalan dakshata banaye rakhna mahatvapoorn hai.)
Day 128,Advanced,We must foster a culture of inclusivity within our human resource programs.,எங்களது மனிதவளத் திட்டங்களில் அனைவரையும் உள்ளடக்கும் கலாச்சாரத்தை வளர்க்க வேண்டும். (Engaladhu manidhavalath thittangalil anaivaraiyaum ulladakkum kalaachaarathai valarkka vendum.),हमें अपने मानव संसाधन कार्यक्रमों के भीतर समावेशिता की संस्कृति को बढ़ावा देना चाहिए। (Humein apne manav sansadhan karyakramon ke bhetar samaveshita ki sanskriti ko badhava dena chahiye.)
Day 129,Advanced,The current fiscal crisis necessitates a comprehensive overhaul of taxation laws.,தற்போதைய நிதி நெருக்கடி வரிச் சட்டங்களின் விரிவான மறுசீரமைப்பை அவசியமாக்குகிறது. (Tharpodhaiya nidhi nerukkadi varich sattangalin virivaana maruseirammaippai avasiyamaakkugiradhu.),वर्तमान वित्तीय संकट कराधान कानूनों के व्यापक सुधार की आवश्यकता पैदा करता है। (Vartaman vittiya sankat karadhan kanoonon ke vyapak sudhaar ki aavashyakta paida karta hai.)
Day 129,Advanced,We must integrate renewable energy sources into our existing electrical grid.,தற்போதுள்ள மின்சாரக் கட்டமைப்பில் புதுப்பிக்கத்தக்க எரிசக்தி ஆதாரங்களை நாம் ஒருங்கிணைக்க வேண்டும். (Tharpodhu ulla minsara-k kattamaippil pudhuppikkathakka erisakthi aadhaarangalaia naam orunginaikka vendum.),हमें अपने मौजूदा विद्युत ग्रिड में नवीकरणीय ऊर्जा स्रोतों को एकीकृत करना चाहिए। (Humein apne maujooda vidyut grid mein navikaraniya oorja sroton ko ekikrit karna chahiye.)
Day 129,Advanced,Maintaining professional objectivity is essential for journalistic integrity.,இதழியல் நேர்மைக்குத் தொழில்முறை புறநிலைத்தன்மையைப் பேணுவது அவசியம். (Idhazhiyal nerminai penuvadharkku thozhilmurai puranilai-thannmaiyaia penuvadhu avasiyam.),पत्रकारिता की अखंडता के लिए पेशेवर निष्पक्षता बनाए रखना आवश्यक है। (Patrakarita ki akhandta ke liye peshevar nishpakshata banaye rakhna aavashyak hai.)
Day 129,Advanced,The initiative seeks to promote scientific literacy among high school students.,உயர்நிலைப் பள்ளி மாணவர்களிடையே அறிவியல் கல்வியறிவை ஊக்குவிக்க இந்த முன்முயற்சி முயல்கிறது. (Uyar-nilaippalli maanavar-galidaiye ariviyal kalviyarivaia ookkuvikka indha munmuyarchi muyalgiradhu.),पहल का उद्देश्य हाई स्कूल के छात्रों के बीच वैज्ञानिक साक्षरता को बढ़ावा देना है। (Pehal ka uddeshya high school ke chatron ke beech vaigyanik saksharta ko badhava dena hai.)
Day 129,Advanced,We must ensure the equitable distribution of resources in the rural sector.,ஊரகத் துறையில் வளங்கள் சமமாக விநியோகிக்கப்படுவதை நாம் உறுதி செய்ய வேண்டும். (Ooragath thuraiyil valangal samamaaga viniyogikkappaduvadhai naam urudhi seiyya vendum.),हमें ग्रामीण क्षेत्र में संसाधनों का समान वितरण सुनिश्चित करना चाहिए। (Humein gramin kshetra mein sansadhanon ka saman vitaran sunishchit karna chahiye.)
Day 130,Advanced,Establishing a collaborative environment is vital for scientific discovery.,அறிவியல் கண்டுபிடிப்புகளுக்கு ஒரு கூட்டுச் சூழலை உருவாக்குவது இன்றியமையாதது. (Ariviyal kandupidippugallukku oru koottuch choozhalaia uruvaakkuvadhu indriyamaiyaadhadhu.),वैज्ञानिक खोज के लिए एक सहयोगी वातावरण स्थापित करना महत्वपूर्ण है। (Vaigyanik khoj ke liye ek sahyogi vatavaran sthapit karna mahatvapoorn hai.)
Day 130,Advanced,We must adapt our strategic plans to address the impact of climate change.,காலநிலை மாற்றத்தின் தாக்கத்தை எதிர்கொள்ள நமது மூலோபாயத் திட்டங்களை மாற்றியமைக்க வேண்டும். (Kaalanilai maattratthin thaakkathai edhirkolla namadhu moolobayath thittangalaia maattriyamaikka vendum.),हमें जलवायु परिवर्तन के प्रभाव से निपटने के लिए अपनी रणनीतिक योजनाओं को अनुकूलित करना चाहिए। (Humein jalvayu parivartan ke prabhav se nipatne ke liye apni rannaitik yojnaon ko anukoolit karna chahiye.)
Day 130,Advanced,The report highlights the importance of protecting consumer data rights.,நுகர்வோர் தரவு உரிமைகளைப் பாதுகாப்பதன் முக்கியத்துவத்தை இந்த அறிக்கை விளக்குகிறது. (Nugarvor tharavu urimaigalaip paadhukaappadhin mukkiyatthuvathai indha arikkai vilakkugiradhu.),रिपोर्ट उपभोक्ता डेटा अधिकारों की रक्षा के महत्व पर प्रकाश डालती है। (Report upbhokta data adhikaron ki raksha ke mahatva par prakash daalti hai.)
Day 130,Advanced,Maintaining an open mind is crucial during inter-cultural negotiations.,கலாச்சாரங்களுக்கு இடையிலான பேச்சுவார்த்தைகளின் போது ஒரு திறந்த மனதைக் கொண்டிருப்பது முக்கியமானது. (Kalaachaarangallukku idaiyilaana pechuvaartthaigalin podhu oru thirandha manadhaia kondiruppadhu mukkiyamaanadhu.),अंतर-सांस्कृतिक वार्ताओं के दौरान खुला दिमाग रखना महत्वपूर्ण है। (Antar-sanskritik vaartaon ke dauran khula dimag rakhna mahatvapoorn hai.)
Day 130,Advanced,The findings illuminate the long-term benefits of early childhood education.,ஆரம்பக் கால கல்வி அளிக்கும் நீண்ட கால நன்மைகளை இந்த கண்டுபிடிப்புகள் விளக்குகின்றன. (Aaramba-kaala kalvi alikkum neenda kaala nanmaigalaia indha kandupidippugal vilakkugindrana.),निष्कर्ष प्रारंभिक बचपन की शिक्षा के दीर्घकालिक लाभों पर प्रकाश डालते हैं। (Nishkarsh prarambhik bachpan ki shiksha ke deerghkalik laabhon par prakash daalte hain.)
Day 131,Advanced,We must prioritize the development of green infrastructure in urban areas.,நகர்ப்புறங்களில் பசுமை உள்கட்டமைப்பு மேம்பாட்டிற்கு நாம் முன்னுரிமை அளிக்க வேண்டும். (Nagarppura-galil pasumai ul-kattamaippu mempadutthirkku naam munnurimai alikka vendum.),हमें शहरी क्षेत्रों में हरित बुनियादी ढांचे के विकास को प्राथमिकता देनी चाहिए। (Humein shahri kshetron mein harit buniyaadi dhaanche ke vikas ko prathmikta deni chahiye.)
Day 131,Advanced,The current market trends indicate a growing demand for sustainable products.,தற்போதைய சந்தை போக்குகள் நிலையான தயாரிப்புகளுக்கான அதிகரித்து வரும் தேவையைக் குறிக்கின்றன. (Tharpodhaiya sandhai pokkugal nilaiyaana thayaarippugallukkaana adhigarithu varum thevaiyaia kurikkindrana.),वर्तमान बाजार रुझान टिकाऊ उत्पादों की बढ़ती मांग का संकेत देते हैं। (Vartaman bazaar rujhan tikau utpadon ki badhti maang ka sanket dete hain.)
Day 131,Advanced,Maintaining operational transparency is essential for building public trust.,பொது நம்பிக்கையை உருவாக்குவதற்கு செயல்பாட்டு வெளிப்படைத்தன்மையைப் பேணுவது அவசியம். (Podhu nambikkaiyaia uruvaakkuvadharkku seyalpaattu velippadaitthanmaiyaia penuvadhu avasiyam.),सार्वजनिक विश्वास बनाने के लिए परिचालन पारदर्शिता बनाए रखना आवश्यक है। (Sarvajanik vishwas banane ke liye parichalan pardarshita banaye rakhna aavashyak hai.)
Day 131,Advanced,We must address the systemic irregularities in the procurement process.,கொள்முதல் செயல்பாட்டில் உள்ள முறையற்ற தன்மைகளை நாம் சரி செய்ய வேண்டும். (Kollmudhal seyalpaattil ulla muraiyattra thanmaigalaia naam sari seiyya vendum.),हमें खरीद प्रक्रिया में प्रणालीगत अनियमितताओं को दूर करना चाहिए। (Humein khareed prakriya mein pranaligat aniyamitataon ko door karna chahiye.)
Day 131,Advanced,I am writing to propose a paradigm shift in our sustainability strategy.,எங்களது நிலைத்தன்மை மூலோபாயத்தில் ஒரு அடிப்படை மாற்றத்தை முன்மொழிய நான் எழுதுகிறேன். (Engaladhu nilaittannmai moolobayatthil oru adippadai maattrathai munmozhiya naan ezhudhugiren.),मैं हमारी स्थिरता रणनीति में एक बुनियादी बदलाव का प्रस्ताव करने के लिए लिख रहा हूँ। (Main hamari sthirta rannaiti mein ek buniyadi badlav ka prastav karne ke liye likh raha hoon.)
Day 132,Advanced,Professional integrity is paramount when managing sensitive geopolitical data.,முக்கியமான புவிசார் அரசியல் தரவுகளைக் கையாளும் போது தொழில்முறை நேர்மை மிக முக்கியமானது. (Mukkiyamaana puvisaar arasiyal tharavugalaia kaiyaalum podhu thozhilmurai nermin miga mukkiyamaanadhu.),संवेदनशील भू-राजनीतिक डेटा प्रबंधित करते समय पेशेवर ईमानदारी सर्वोपरि है। (Sanvedansheel bhoo-rajneetik data prabandhit karte samay peshevar imandari sarvopari hai.)
Day 132,Advanced,Maintaining institutional accountability is paramount for building lasting equity.,நீடித்த சமத்துவத்தை உருவாக்க நிறுவனப் பொறுப்புக்கூறலைப் பேணுவது மிக முக்கியமானது. (Needitta samathuvatthai uruvaakka niruvana poruppukkooralai penuvadhu miga mukkiyamaanadhu.),स्थायी समानता बनाने के लिए संस्थागत जवाबदेही बनाए रखना सर्वोपरि है। (Sthayi samanata banane ke liye sansthagat javabdehi banaye rakhna sarvopari hai.)
Day 132,Advanced,We must prioritize diversity and inclusivity in our leadership development programs.,எங்களது தலைமைத்துவ மேம்பாட்டுத் திட்டங்களில் பன்முகத்தன்மை மற்றும் உள்ளடக்கத்திற்கு முன்னுரிமை அளிக்க வேண்டும். (Engaladhu thalaimaitthuva mempadutthuth thittangalil panmugatthannmai mattrum ulladakkathirkku munnurimai alikka vendum.),हमें अपने नेतृत्व विकास कार्यक्रमों में विविधता और समावेशिता को प्राथमिकता देनी चाहिए। (Humein apne netritva vikas karyakramon mein vividhta aur samaveshita ko prathmikta deni chahiye.)
Day 132,Advanced,The current geopolitical environment necessitates a more robust risk-management strategy.,தற்போதைய புவிசார் அரசியல் சூழல் மிகவும் வலுவான இடர் மேலாண்மை மூலோபாயத்தை அவசியமாக்குகிறது. (Tharpodhaiya puvisaar arasiyal choozhal migavum valuvaana idar melaanmai moolobayathai avasiyamaakkugiradhu.),वर्तमान भू-राजनीतिक वातावरण एक अधिक मजबूत जोखिम प्रबंधन रणनीति की आवश्यकता पैदा करता है। (Vartaman bhoo-rajneetik vatavaran ek adhik mazboot jokhim prabandhan rannaiti ki aavashyakta paida karta hai.)
Day 132,Advanced,Maintaining operational transparency is essential for building public accountability.,பொதுப் பொறுப்புக்கூறலை உருவாக்க செயல்பாட்டு வெளிப்படைத்தன்மையைப் பேணுவது அவசியம். (Podhup poruppukkooralai uruvaakka seyalpaattu velippadaitthanmaiyaia penuvadhu avasiyam.),सार्वजनिक जवाबदेही बनाने के लिए परिचालन पारदर्शिता बनाए रखना आवश्यक है। (Sarvajanik javabdehi banane ke liye parichalan pardarshita banaye rakhna aavashyak hai.)
Day 133,Advanced,We must foster a workplace environment that celebrates diversity and inclusion.,பன்முகத்தன்மை மற்றும் உள்ளடக்கத்தைக் கொண்டாடும் பணிச்சூழலை நாம் வளர்க்க வேண்டும். (Panmugatthannmai mattrum ulladakkathai kondaadum panichchoozhalaia naam valarkka vendum.),हमें एक ऐसा कार्य वातावरण बनाना चाहिए जो विविधता और समावेशन का जश्न मनाए। (Humein ek aisa karya vatavaran banana chahiye jo vividhta aur samaveshan ka jashn manaye.)
Day 133,Advanced,We must interpret the statistical data cautiously to avoid misleading conclusions.,தவறான முடிவுகளைத் தவிர்க்க புள்ளிவிவரத் தரவை நாம் எச்சரிக்கையுடன் விளக்க வேண்டும். (Thavaraana mudivugalaia thavirkka pullivivara tharavai naam eccharikkaiyudan vilakka vendum.),भ्रामक निष्कर्षों से बचने के लिए हमें सांख्यिकीय डेटा की सावधानीपूर्वक व्याख्या करनी चाहिए। (Bhramak nishkarshon se bachne ke liye humein sankhyikiye data ki savdhanipoorvak vyakhya karni chahiye.)
Day 133,Advanced,We are committed to achieving the highest standards of operational excellence globally.,உலகளவில் மிக உயர்ந்த செயல்பாட்டுத் தரத்தை அடைவதில் நாங்கள் உறுதியாக உள்ளோம். (Ulagalaaviya miga uyarndha seyalpaattu tharatthai adaivadhil naangal urudhiyaaga ullom.),हम वैश्विक स्तर पर परिचालन उत्कृष्टता के उच्चतम मानकों को प्राप्त करने के लिए प्रतिबद्ध हैं। (Hum vaishvik star par parichalan utkrishtta ke ucchtam maanakon ko praapt karne ke liye pratibaddh hain.)
Day 133,Advanced,The fiscal policy aims to curb inflationary pressures without stifling growth.,வளர்ச்சிக்கு முட்டுக்கட்டை போடாமல் பணவீக்க அழுத்தங்களைக் கட்டுப்படுத்துவதே நிதி கொள்கையின் நோக்கம். (Valarchi-kku muttukkattai podaamal panaveekka azhuthangalai kattuppadutthuvathe nidhi kolgaiyin nokkam.),राजकोषीय नीति का उद्देश्य विकास को बाधित किए बिना मुद्रास्फीति के दबाव को रोकना है। (Rajkoshiye neeti ka uddeshya vikas ko baadhit kiye bina mudraspheeti ke dabav ko rokna hai.)
Day 133,Advanced,We must ascertain the veracity of these claims before issuing a formal statement.,முறையான அறிக்கையை வெளியிடுவதற்கு முன் இந்தக் கூற்றுகளின் உண்மையை நாம் உறுதிப்படுத்த வேண்டும். (Muraiyaana arikkaiyai veliyiduvadharku mun indha koottrugalin unmaiyai naam urudhippaduttha vendum.),औपचारिक बयान जारी करने से पहले हमें इन दावों की सत्यता का पता लगाना चाहिए। (Aupcharik bayan jaari karne se pehle humein in daavon ki satyata ka pata lagana chahiye.)
Day 134,Advanced,The legal precedent sets a high bar for future intellectual property litigation.,இந்தச் சட்ட முன்னுதாரணம் எதிர்கால அறிவுசார் சொத்துரிமை வழக்குகளுக்கு ஒரு உயர் தரத்தை நிர்ணயிக்கிறது. (Indha satta munnudhaaranam edhirkaala arivusaar sotthurimai vazhakkugalukku oru uyar tharatthai nirnayikkiradhu.),यह कानूनी मिसाल भविष्य के बौद्धिक संपदा मुकदमों के लिए एक ऊंचा मानक स्थापित करती है। (Yeh kanooni misaal bhavishya ke bauddhik sampada mukadmon ke liye ek ooncha maanak sthapit karti hai.)
Day 134,Advanced,Strategic ambiguity can sometimes be an effective tool in international diplomacy.,சர்வதேச இராஜதந்திரத்தில் மூலோபாய தெளிவின்மை சில நேரங்களில் ஒரு பயனுள்ள கருவியாக இருக்கும். (Sarvadhesa iraajathandhirathil moolobaya thelivinmai sila nerangalil oru payanulla karuviyaaga irukkum.),अंतर्राष्ट्रीय कूटनीति में रणनीतिक अस्पष्टता कभी-कभी एक प्रभावी उपकरण हो सकती है। (Antarrashtriya kootneeti mein rannaitik aspashtta kabhi-kabhi ek prabhavi upkaran ho sakti hai.)
Day 134,Advanced,The pandemic acted as a catalyst for the rapid adoption of telecommuting.,பெருந்தொற்று தொலைதூரப் பணிகளை (work from home) விரைவாக ஏற்றுக்கொள்வதற்கான ஒரு ஊக்கியாகச் செயல்பட்டது. (Perundhotttru tholaidhoorap panigalai viraivaaga etrukkolvadharkaana oru ookkiyaagas seyalpattadhu.),महामारी ने दूरसंचार (वर्क फ्रॉम होम) को तेजी से अपनाने के लिए एक उत्प्रेरक के रूप में कार्य किया। (Mahamari ne door-sanchar ko tezi se apnane ke liye ek utprerak ke roop mein karya kiya.)
Day 134,Advanced,It is essential to decouple economic progress from environmental degradation.,பொருளாதார முன்னேற்றத்தைச் சுற்றுச்சூழல் சீரழிவிலிருந்து பிரிப்பது அவசியம். (Poruladhara munnetratthaich sutruchchoozhal seirazhivilirundhu pirippadhu avasiyam.),आर्थिक प्रगति को पर्यावरणीय गिरावट से अलग करना आवश्यक है। (Aarthik pragati ko paryavaraniya giravat se alag karna aavashyak hai.)
Day 134,Advanced,The audit revealed a blatant disregard for established safety protocols.,நிறுவப்பட்ட பாதுகாப்பு விதிமுறைகளை அப்பட்டமாக அலட்சியம் செய்திருப்பதை தணிக்கை வெளிப்படுத்தியது. (Niruvappatta paadhukaappu vidhimuraigalai appattamaaga alatchiyam seidhiruppadhai thanikkai velippadutthiyadhu.),ऑडिट ने स्थापित सुरक्षा प्रोटोकॉल के प्रति घोर उपेक्षा का खुलासा किया। (Audit ne sthapit suraksha protocol ke prati ghor upeksha ka khulasa kiya.)
Day 135,Advanced,Urban sprawl poses a significant threat to the preservation of agricultural land.,நகர்ப்புற விரிவாக்கம் விவசாய நிலங்களைப் பாதுகாப்பதற்குக் குறிப்பிடத்தக்க அச்சுறுத்தலை ஏற்படுத்துகிறது. (Nagarppura virivaakkam vivasaaya nilangalaip paadhukaappadharkkuk kurippidathakka achurutthalai erppadutthugiradhu.),शहरी फैलाव कृषि भूमि के संरक्षण के लिए एक महत्वपूर्ण खतरा पैदा करता है। (Shahri failav krishi bhoomi ke sanrakshan ke liye ek mahatvapoorn khatra paida karta hai.)
Day 135,Advanced,We are witnessing a fundamental realignment of global trade alliances.,உலகளாவிய வர்த்தகக் கூட்டணிகளின் ஒரு அடிப்படை மறுசீரமைப்பை நாம் கண்டு வருகிறோம். (Ulagalaaviya varthaga koottanigalin oru adippadai maruseirammaippai naam kandu varugirom.),हम वैश्विक व्यापार गठबंधनों के एक मौलिक पुनर्गठन के गवाह बन रहे हैं। (Hum vaishvik vyapar gathbandhanon ke ek maulik punargathan ke gawah ban rahe hain.)
Day 135,Advanced,The proliferation of misinformation poses a dire challenge to democratic institutions.,தவறான தகவல்களின் பெருக்கம் ஜனநாயக நிறுவனங்களுக்கு ஒரு கடுமையான சவாலாக உள்ளது. (Thavaraana thagavalgalin perukkam jananaayaga niruvanangalukku oru kadumaiyaana savaalaaga ulladhu.),गलत सूचनाओं का प्रसार लोकतांत्रिक संस्थाओं के लिए एक गंभीर चुनौती पैदा करता है। (Galat soochnaon ka prasar loktantrik sansthaon ke liye ek gambheer chunauti paida karta hai.)
Day 135,Advanced,Corporate entities must pivot toward circular economy models to ensure longevity.,நிறுவனங்கள் நீண்ட ஆயுளை உறுதிப்படுத்த வட்டப் பொருளாதார மாதிரிகளை நோக்கித் திரும்ப வேண்டும். (Niruvanangal neenda aayulai urudhippaduttha vatta poruladhara maadhirigalai nokkith thirumba vendum.),कॉर्पोरेट संस्थाओं को दीर्घायु सुनिश्चित करने के लिए चक्रीय अर्थव्यवस्था मॉडल की ओर मुड़ना चाहिए। (Corporate sansthaon ko deerghayu sunishchit karne ke liye chakriya arthavyavastha model ki ore mudna chahiye.)
Day 135,Advanced,The empirical data suggests an inverse relationship between these two factors.,அனுபவ ரீதியான தரவுகள் இந்த இரண்டு காரணிகளுக்கும் இடையே ஒரு தலைகீழ் தொடர்பைக் காட்டுகின்றன. (Anubava reedhiyaana tharavugal indha irandu kaaranigalukkum idaiye oru thalaikeezh thodharbaik kaattugindrana.),अनुभवजन्य डेटा इन दो कारकों के बीच एक व्युत्क्रम (उल्टा) संबंध सुझाता है। (Anubhavjanya data in do kaarkon ke beech ek vyutkram sambandh sujhata hai.)
Day 136,Advanced,We must remain cognizant of the cultural nuances inherent in local governance.,உள்ளூர் நிர்வாகத்தில் இயல்பாகவே உள்ள கலாச்சார நுணுக்கங்களை நாம் உணர்ந்திருக்க வேண்டும். (Ulloor nirvahathil iyalbaagave ulla kalaachaara nunukkangalai naam unarndhirukka vendum.),हमें स्थानीय शासन में निहित सांस्कृतिक बारीकियों के प्रति सचेत रहना चाहिए। (Humein sthaniye shasan mein nihit sanskritik baarikiyon ke prati sachet rehna chahiye.)
Day 136,Advanced,Technological obsolescence is a major concern for fast-growing startups.,வேகமாக வளர்ந்து வரும் ஸ்டார்ட்அப்களுக்குத் தொழில்நுட்ப வழக்கொழிவு ஒரு பெரிய கவலையாக உள்ளது. (Vegaaga valarndhu varum startup-galukkuth thozhilnutpa vazhakkozhivu oru periya kavalaiyaaga ulladhu.),तेजी से बढ़ते स्टार्टअप के लिए तकनीकी अप्रचलन एक बड़ी चिंता है। (Tezi se badhte startups ke liye takneeki aprachalan ek badi chinta hai.)
Day 136,Advanced,The proposed legislation seeks to codify ethical standards for artificial intelligence.,முன்மொழியப்பட்ட சட்டம் செயற்கை நுண்ணறிவுக்கான நெறிமுறைத் தரங்களை முறைப்படுத்த முயல்கிறது. (Munmozhiyappatta sattam seyarkai nunnarivukkaana nerimuraith tharangalai muraippaduttha muyalgiradhu.),प्रस्तावित कानून कृत्रिम बुद्धिमत्ता (AI) के लिए नैतिक मानकों को संहिताबद्ध करना चाहता है। (Prastaavit kanoon AI ke liye naitik maanakon ko sahitabaddh karna chahta hai.)
Day 136,Advanced,Indigenous knowledge systems offer invaluable insights into sustainable ecology.,பழங்குடியின அறிவு அமைப்புகள் நிலையான சுற்றுச்சூழல் குறித்த விலைமதிப்பற்ற நுண்ணறிவுகளை வழங்குகின்றன. (Pazhangudiyina arivu amaippugal nilaiyaana sutruchchoozhal kurittha vilaimadhippattra nunnarivugalai vazhangugindrana.),स्वदेशी ज्ञान प्रणालियाँ टिकाऊ पारिस्थितिकी में अमूल्य अंतर्दृष्टि प्रदान करती हैं। (Swadeshi gyan prannaliyan tikau paaristithiki mein amoolya antardrishti pradan karti hain.)
Day 136,Advanced,The volatility in the commodity markets has triggered widespread concern.,பொருட்களின் சந்தைகளில் நிலவும் ஏற்ற இறக்கம் பரவலான கவலையைத் தூண்டியுள்ளது. (Porutgalin sandhaigalil nilavum ettra irakkam paravalaana kavalaiyaith thoonduyulladhu.),कमोडिटी बाजारों में अस्थिरता ने व्यापक चिंता पैदा कर दी है। (Commodity bazaron mein asthirta ne vyapak chinta paida kar di hai.)
Day 137,Advanced,We need to dismantle the systemic biases that hinder career progression for minorities.,சிறுபான்மையினரின் தொழில் வளர்ச்சியைத் தடுக்கும் முறையான சார்புகளை நாம் அகற்ற வேண்டும். (Sirubaanmaiyinarin thozhil valarchiyaith thadukkum muraiyaana saarbugalai naam agattra vendum.),हमें उन प्रणालीगत पूर्वाग्रहों को खत्म करने की जरूरत है जो अल्पसंख्यकों के करियर की प्रगति में बाधा डालते हैं। (Humein un pranaligat poorvagraho ko khatm karne ki zaroorat hai jo alpsankhyako ke career ki pragati mein badha dalte hain.)
Day 137,Advanced,The judiciary acts as a bulwark against the encroachment of civil liberties.,குடிமை உரிமைகளின் ஆக்கிரமிப்புக்கு எதிராக நீதித்துறை ஒரு பாதுகாப்பு அரணாகச் செயல்படுகிறது. (Kudimai urimaigalin aakkiramippukku edhiraaga needhithurai oru paadhukaappu aranaagas seyalpattadhu.),न्यायपालिका नागरिक स्वतंत्रता के अतिक्रमण के खिलाफ एक सुरक्षा कवच के रूप में कार्य करती है। (Nyaypalika nagarik swatantrata ke atikraman ke khilaf ek suraksha kavach ke roop mein karya karti hai.)
Day 137,Advanced,Hegemonic power dynamics continue to influence international trade negotiations.,மேலாதிக்க அதிகார இயக்கவியல் சர்வதேச வர்த்தக பேச்சுவார்த்தைகளில் தொடர்ந்து செல்வாக்கு செலுத்துகிறது. (Melaadhikka adhikaara iyakkaviyal sarvadhesa varthaga pechuvaarthaigalil thodarndhu selvaakku selutthugiradhu.),वर्चस्ववादी शक्ति की गतिशीलता अंतर्राष्ट्रीय व्यापार वार्ताओं को प्रभावित करती रहती है। (Varchasvavadi shakti ki gatishilta antarrashtriya vyapar vaartaon ko prabhavit karti rehti hai.)
Day 137,Advanced,The synthesis of these disparate ideas led to a ground-breaking discovery.,இந்த மாறுபட்ட கருத்துகளின் ஒருங்கிணைப்பு ஒரு திருப்புமுனை கண்டுபிடிப்புக்கு வழிவகுத்தது. (Indha maaruvatta karutthugalin orunginaippu oru thiruppumunai kandupidippukku vazhivagutthadhu.),इन असमान विचारों के संश्लेषण से एक क्रांतिकारी खोज हुई। (In asaman vicharon ke sanshleshan se ek krantikari khoj hui.)
Day 137,Advanced,Philanthropic endeavors should ideally focus on structural changes rather than mere charity.,பரோபகார முயற்சிகள் வெறும் தொண்டுக்கு பதிலாகக் கட்டமைப்பு மாற்றங்களில் கவனம் செலுத்த வேண்டும். (Parobagaara muyarchigal verum thondukku badhilaagak kattamaippu maattrangalil kavanam seluttha vendum.),परोपकारी प्रयासों को आदर्श रूप से केवल दान के बजाय संरचनात्मक परिवर्तनों पर ध्यान केंद्रित करना चाहिए। (Paropkari prayason ko aadarsh roop se keval daan ke bajaye sanrachnatmak parivartanon par dhyan kendrit karna chahiye.)
Day 138,Advanced,Our current methodology is predicated on the assumption of market stability.,சந்தை நிலைத்தன்மையின் அனுமானத்தின் அடிப்படையில் எங்களது தற்போதைய வழிமுறை அமைந்துள்ளது. (Sandhai nilaittannmaiyin anumaanatthin adippadaiyil engaladhu tharpodhaiya vazhimurai amaindhulladhu.),हमारी वर्तमान पद्धति बाजार स्थिरता की धारणा पर आधारित है। (Hamari vartaman paddhati bazaar sthirta ki dharnna par adharit hai.)
Day 138,Advanced,Xenophobia remains a persistent obstacle to global social cohesion.,உலகளாவிய சமூக ஒருங்கிணைப்புக்கு வெளிநாட்டவர் மீதான வெறுப்பு ஒரு தொடர்ச்சியான தடையாக உள்ளது. (Ulagalaaviya samooga orunginaippukku velinaattavar meedhaana veruppu oru thodarcciyaana thadaaiyaaga ulladhu.),ज़ेनोफोबिया (विदेशियों के प्रति घृणा) वैश्विक सामाजिक एकजुटता के लिए एक निरंतर बाधा बनी हुई है। (Xenophobia vaishvik samajik ekjutta ke liye ek nirantar badha bani hui hai.)
Day 138,Advanced,The paradox of choice suggests that too many options can lead to decision paralysis.,பல விருப்பங்கள் இருப்பது முடிவெடுப்பதில் முடக்கத்தை ஏற்படுத்தும் என்பதை 'தேர்வு முரண்பாடு' காட்டுகிறது. (Pala viruppangal iruppadhu mudiveduppadhil mudakkatthai erppadutthum enbadhai 'thervu muranpaadu' kaattugiradhu.),पसंद का विरोधाभास' बताता है कि बहुत अधिक विकल्प निर्णय लेने में असमर्थता पैदा कर सकते हैं। (Pasad ka virodhabhas batata hai ki bahut adhik vikalp nirnay lene mein asamarthta paida kar sakte hain.)
Day 138,Advanced,We must scrutinize the overarching narrative to identify hidden biases.,மறைந்திருக்கும் சார்புகளைக் கண்டறிய ஒட்டுமொத்த கருத்தையும் நாம் கூர்ந்து ஆராய வேண்டும். (Maraindhirukkum saarbugalaik kandariya ottumottha karutthaiyaum naam koorndhu aaraaya vendum.),छिपे हुए पूर्वाग्रहों की पहचान करने के लिए हमें व्यापक कथा (नैरेटिव) की जांच करनी चाहिए। (Chhipe hue poorvagraho ki pehchan karne ke liye humein vyapak katha ki jaanch karni chahiye.)
Day 138,Advanced,Infrastructural deficits in rural areas exacerbate economic inequality.,கிராமப்புறங்களில் உள்ள உள்கட்டமைப்பு குறைபாடுகள் பொருளாதார சமமின்மையை அதிகரிக்கின்றன. (Graamappura-galil ulla ul-kattamaippu kuraipaadugal poruladhara samaminmaiyaia adhigarikkindrana.),ग्रामीण क्षेत्रों में बुनियादी ढांचे की कमी आर्थिक असमानता को बढ़ा देती है। (Gramin kshetron mein buniyaadi dhaanche ki kami aarthik asamanata ko badha deti hai.)
Day 139,Advanced,Subliminal advertising techniques are often subject to ethical debate.,ஆழ்மன விளம்பர நுட்பங்கள் பெரும்பாலும் நெறிமுறை விவாதங்களுக்கு உட்பட்டவை. (Aazhmana vilambara nutpangal palappodhum nerimurai vivaadhangallukku utpattavai.),अवचेतन (सबलिमिनल) विज्ञापन तकनीकें अक्सर नैतिक बहस का विषय होती हैं। (Avchetan vigyapan takneekein aksar naitik behas ka vishay hoti hain.)
Day 139,Advanced,The ubiquity of smartphones has fundamentally altered human interaction.,ஸ்மார்ட்போன்களின் எங்கும் நிறைந்த தன்மை மனித தொடர்புகளை அடிப்படையாக மாற்றியுள்ளது. (Smartphone-galin engum niraindha thanmai manidha thodharbugalaia adippadaiyaaga maattriyulladhu.),स्मार्टफोन की सर्वव्यापकता ने मानवीय बातचीत को मौलिक रूप से बदल दिया है। (Smartphone ki sarvavyapakta ne manaviye baat-cheet ko maulik roop se badal diya hai.)
Day 139,Advanced,Intellectual humility is essential for productive academic discourse.,பயனுள்ள கல்வி விவாதத்திற்கு அறிவுசார் பணிவு அவசியம். (Payanulla kalvi vivaadhathirkku arivusaar panivu avasiyam.),उत्पादक शैक्षणिक चर्चा के लिए बौद्धिक विनम्रता आवश्यक है। (Utpadak shaikshanik charcha ke liye bauddhik vinamrata aavashyak hai.)
Day 139,Advanced,The litigation process was characterized by a series of procedural delays.,வழக்குச் செயல்முறை தொடர்ச்சியான நடைமுறை தாமதங்களால் வகைப்படுத்தப்பட்டது. (Vazhakku seyalmurai thodarcciyaana nadaimurai thaamadhangalaal vakaippadutthappattadhu.),मुकदमेबाजी की प्रक्रिया प्रक्रियात्मक देरी की एक श्रृंखला द्वारा चिह्नित थी। (Mukadmebaazi ki prakriya prakriyatmak deri ki ek shrinkhla dwara chihnit thi.)
Day 139,Advanced,We must evaluate the long-term repercussions of this judicial intervention.,இந்த நீதித்துறை தலையீட்டின் நீண்டகால விளைவுகளை நாம் மதிப்பீடு செய்ய வேண்டும். (Indha needhithurai thalaiyeettin neenda-kaala vilaivugalaia naam madhippidu seiyya vendum.),हमें इस न्यायिक हस्तक्षेप के दीर्घकालिक परिणामों का मूल्यांकन करना चाहिए। (Humein is nyayik hastakshep ke deerghkalik parinamon ka mulyankan karna chahiye.)
Day 140,Advanced,Cultural appropriation remains a contentious issue in the fashion industry.,ஆடைத் துறையில் கலாச்சார அபகரிப்பு ஒரு சர்ச்சைக்குரிய விஷயமாகவே உள்ளது. (Aadaith thuraiyil kalaachaara abagarippu oru sarchaikkuriya vishayamaagave ulladhu.),फैशन उद्योग में सांस्कृतिक विनियोग (एप्रोप्रिएशन) एक विवादास्पद मुद्दा बना हुआ है। (Fashion udyog mein sanskritik viniyog ek vivadaspad mudda bana hua hai.)
Day 140,Advanced,The resilience of the local ecosystem is being tested by rapid urbanization.,விரைவான நகரமயமாக்கலால் உள்ளூர் சுற்றுச்சூழல் அமைப்பின் மீள்தன்மை சோதிக்கப்படுகிறது. (Viraivaana nagaramayamaakkalaal ulloor sutruchchoozhal amaippin meeldhannmai sodhikkappa-dugiradhu.),तेजी से शहरीकरण द्वारा स्थानीय पारिस्थितिकी तंत्र के लचीलेपन का परीक्षण किया जा रहा है। (Tezi se shahrikarann dwara sthaniye paaristithiki tantra ke lacheelapan ka parikshan kiya ja raha hai.)
Day 140,Advanced,We need to foster a climate of mutual accountability within the board.,வாரியத்திற்குள் பரஸ்பர பொறுப்புக்கூறல் சூழலை நாம் வளர்க்க வேண்டும். (Vaariyatthirkkul paraspara poruppukkooral choozhalaia naam valarkka vendum.),हमें बोर्ड के भीतर आपसी जवाबदेही का माहौल बनाना होगा। (Humein board ke bhetar aapsi javabdehi ka mahoul banana hoga.)
Day 140,Advanced,The dichotomy between tradition and modernity is evident in this architecture.,பாரம்பரியத்திற்கும் நவீனத்திற்கும் இடையிலான வேறுபாடு இந்த கட்டிடக்கலையில் தெளிவாகத் தெரிகிறது. (Paarambariyatthirkum naveenatthirkum idaiyeillaana veirupaadu indha kattidakkalaiyil thelivaagath therigiradhu.),इस वास्तुकला में परंपरा और आधुनिकता के बीच का द्वंद्व स्पष्ट है। (Is vastukala mein parampara aur aadhunikta ke beech ka dwandv spasht hai.)
Day 140,Advanced,We must scrutinize the methodology to ensure the results are reproducible.,முடிவுகள் மீண்டும் கிடைக்கக்கூடியவை என்பதை உறுதிப்படுத்த வழிமுறையை நாம் கூர்ந்து ஆராய வேண்டும். (Mudivugal meendum kidaikkakkoodiyavai enbadhaia urudhi seiyya vazhimuraiyaia naam koorndhu aaraaya vendum.),हमें कार्यप्रणाली की जांच करनी चाहिए ताकि यह सुनिश्चित हो सके कि परिणाम प्रतिलिपि प्रस्तुत करने योग्य हैं। (Humein karyapaddhati ki jaanch karni chahiye taaki yeh sunishchit ho sake ki parinam punaravartniye hain.)
Day 141,Advanced,Meritocracy is often criticized for overlooking structural disadvantages.,கட்டமைப்பு குறைபாடுகளைக் கவனிக்கத் தவறுவதற்காகத் 'திறமை ஆட்சி' பெரும்பாலும் விமர்சிக்கப்படுகிறது. (Kattamaippu kuraipaadugalaik kavanikka thavaruvadharkkaaga 'thiran aatchi' palappodhum vimarsikkappadugiradhu.),योग्यतावाद (मेरिटोक्रेसी) की अक्सर संरचनात्मक नुकसानों की अनदेखी करने के लिए आलोचना की जाती है। (Yogyatavad ki aksar sanrachnatmak nuksanon ki andekhi karne ke liye alochna ki jati hai.)
Day 141,Advanced,The precarious nature of gig work necessitates stronger social safety nets.,கிக் ஒர்க் (தற்காலிக வேலை) -ன் நிச்சயமற்ற தன்மை வலுவான சமூகப் பாதுகாப்பு அமைப்புகளை அவசியமாக்குகிறது. (Gig work-in nichayattra thanmai valuvaana samooga paadhukaappu amaippugalaia avasiyamaakkugiradhu.),गिग वर्क (अस्थायी काम) की अनिश्चित प्रकृति मजबूत सामाजिक सुरक्षा जाल की आवश्यकता पैदा करती है। (Gig work ki anishchit prakriti mazboot samajik suraksha jaal ki avashyakta paida karti hai.)
Day 141,Advanced,We must facilitate a dialogue between the stakeholders and the local community.,பங்குதாரர்களுக்கும் உள்ளூர் சமூகத்திற்கும் இடையே ஒரு உரையாடலை நாம் ஏற்படுத்த வேண்டும். (Pangudhaarargallukkum ulloor samoogatthirkum idaiye oru uraiyadalai naam erpaduttha vendum.),हमें हितधारकों और स्थानीय समुदाय के बीच संवाद की सुविधा प्रदान करनी चाहिए। (Humein hitdharakon aur sthaniye samuday ke beech samvad ki suvidha pradan karni chahiye.)
Day 141,Advanced,The aesthetic value of the monument is enhanced by its historical context.,நினைவுச்சின்னத்தின் அழகியல் மதிப்பு அதன் வரலாற்றுச் சூழலால் மேம்படுத்தப்படுகிறது. (Ninaivu-chinnatthin azhagiyal madhippu adhan varalaattruch choozhalaal mempadutthappadugiradhu.),स्मारक का सौंदर्य मूल्य उसके ऐतिहासिक संदर्भ से बढ़ जाता है। (Smarak ka saundarya mulya uske aitihasik sandarbh se badh jata hai.)
Day 141,Advanced,Social stratification remains a significant barrier to upward mobility.,சமூக அடுக்குமுறை என்பது முன்னேற்றத்திற்கு ஒரு குறிப்பிடத்தக்க தடையாக உள்ளது. (Samooga adukkumurai enbadhu munnetratthirkku oru kurippidathakka thadaaiyaaga ulladhu.),सामाजिक स्तरीकरण सामाजिक उन्नति में एक महत्वपूर्ण बाधा बना हुआ है। (Samajik starikaran samajik unnati mein ek mahatvapoorn badha bana hua hai.)
Day 142,Advanced,The implementation of austerity measures led to widespread public protests.,சிக்கன நடவடிக்கைகளைச் செயல்படுத்தியது பரவலான பொதுப் போராட்டங்களுக்கு வழிவகுத்தது. (Chikkana nadavadikkaigalaia seyalpadutthiyadhu paravalaana podhu poraatttangallukku vazhivagutthadhu.),तपस्या उपायों (खर्च में कटौती) को लागू करने से व्यापक सार्वजनिक विरोध प्रदर्शन हुए। (Tapasya upayon ko lagu karne se vyapak sarvajanik virodh pradarshan hue.)
Day 142,Advanced,We must mitigate the risks of groupthink during high-stakes decision-making.,முக்கியமான முடிவெடுக்கும் போது 'குழுச் சிந்தனை' (எல்லோரும் ஒரே மாதிரி யோசிப்பது) அபாயங்களை நாம் குறைக்க வேண்டும். (Mukkiyamaana mudivedukkum podhu 'kuzhuch chindhanai' abaayangalaia naam kuraikka vendum.),उच्च-दांव वाले निर्णय लेने के दौरान हमें 'ग्रुपथिंक' के जोखिमों को कम करना चाहिए। (Ucch-daanv wale nirnay lene ke dauran humein 'groupthink' ke jokhimon ko kam karna chahiye.)
Day 142,Advanced,The juxtaposition of light and shadow creates a dramatic effect in this film.,ஒளி மற்றும் நிழலின் அருகாமை இந்தத் திரைப்படத்தில் ஒரு வியத்தகு விளைவை உருவாக்குகிறது. (Oli mattrum nizhalin arugaamai indha thiraippadatthil oru viyatthagu vilaivaia uruvaakkugiradhu.),प्रकाश और छाया का सानिध्य इस फिल्म में एक नाटकीय प्रभाव पैदा करता है। (Prakash aur chaya ka sannidhya is film mein ek natakiye prabhav paida karta hai.)
Day 142,Advanced,We must advocate for the universal declaration of human rights in all regions.,அனைத்துப் பகுதிகளிலும் உலகளாவிய மனித உரிமைகள் பிரகடனத்திற்காக நாம் வாதிட வேண்டும். (Anaittup pagudhigalillum ulagalaaviya manidha urimaigal piragadanatthirkkaaga naam vaadhida vendum.),हमें सभी क्षेत्रों में मानवाधिकारों की सार्वभौमिक घोषणा की वकालत करनी चाहिए। (Humein sabhi kshetron mein manavadhikaron ki sarvabhaumik ghoshna ki vakalat karni chahiye.)
Day 142,Advanced,The volatility of exchange rates impacts the profitability of multinational firms.,அந்நிய செலாவணி விகிதங்களின் ஏற்ற இறக்கம் பன்னாட்டு நிறுவனங்களின் லாபத்தைப் பாதிக்கிறது. (Anniya selaavani vigidhangalin ettra irakkam pannaattu niruvanangalin laabatthaip paadhikkiradhu.),विनिमय दरों की अस्थिरता बहुराष्ट्रीय फर्मों की लाभप्रदता को प्रभावित करती है। (Vinimay daron ki asthirta bahurashtriya farmon ki labhpradata ko prabhavit karti hai.)
Day 143,Advanced,Epistemological questions regarding truth and belief are central to philosophy.,உண்மை மற்றும் நம்பிக்கை குறித்த அறிவுசார் கேள்விகள் தத்துவத்தின் மையமாக உள்ளன. (Unmai mattrum nambikkai kurittha arivusaar kelvigal thatthuvatthin maiyamaaga ullana.),सत्य और विश्वास के संबंध में ज्ञानमीमांसा (एपिस्टेमोलॉजी) के प्रश्न दर्शन के केंद्र में हैं। (Satya aur vishwas ke sambandh mein gyan-mimansa ke prashn darshan ke kendra mein hain.)
Day 143,Advanced,We must deconstruct the prevailing myths surrounding vocational education.,தொழிற்கல்வி குறித்த நிலவும் கட்டுக்கதைகளை நாம் தகர்க்க வேண்டும். (Thozhirkalvi kurittha nilavum kattukkadhaigalaia naam thagarkka vendum.),हमें व्यावसायिक शिक्षा के आसपास प्रचलित मिथकों को तोड़ना चाहिए। (Humein vyavasayik shiksha ke aas-paas prachalit mithakon ko todna chahiye.)
Day 143,Advanced,The synergy between the two departments improved organizational efficiency.,இரண்டு துறைகளுக்கும் இடையிலான ஒருங்கிணைப்பு நிறுவனத் திறனை மேம்படுத்தியது. (Irandu thuraigallukkum idaiyeillaana orunginaippu niruvana thiranaia mempadutthiyadhu.),दोनों विभागों के बीच तालमेल ने संगठनात्मक दक्षता में सुधार किया। (Dono vibhagon ke beech taalmel ne sangathanatmak dakshata mein sudhaar kiya.)
Day 143,Advanced,We must remain steadfast in our commitment to ethical governance.,நெறிமுறை சார்ந்த நிர்வாகத்திற்கான எங்களது அர்ப்பணிப்பில் நாம் உறுதியாக இருக்க வேண்டும். (Nerimurai saarndha nirvahatthirkkaana engaladhu arppanippil naam urudhiyaaga irukka vendum.),हमें नैतिक शासन के प्रति अपनी प्रतिबद्धता में अडिग रहना चाहिए। (Humein naitik shasan ke prati apni pratibaddhta mein adig rehna chahiye.)
Day 143,Advanced,The erosion of trust in public institutions is a growing global concern.,பொது நிறுவனங்கள் மீதான நம்பிக்கை குறைந்து வருவது வளர்ந்து வரும் உலகளாவிய கவலையாகும். (Podhu niruvanangal meedhaana nambikkai kuraindhu varuvadhu valarndhu varum ulagalaaviya kavalaiyaagum.),सार्वजनिक संस्थानों में विश्वास का कम होना एक बढ़ती हुई वैश्विक चिंता है। (Sarvajanik sansthaon mein vishwas ka kam hona ek badhti hui vaishvik chinta hai.)
Day 144,Advanced,We must harmonize our internal policies with international legal standards.,எங்களது உள்நாட்டுக் கொள்கைகளைச் சர்வதேச சட்டத் தரங்களுடன் நாம் சீரமைக்க வேண்டும். (Engaladhu ul-naattuk kolgaigalaia sarvadhesa satta tharangaludan naam seirammaikka vendum.),हमें अपनी आंतरिक नीतियों को अंतर्राष्ट्रीय कानूनी मानकों के साथ तालमेल बिठाना चाहिए। (Humein apni aantarik neetiyon ko antarrashtriya kanooni maanakon ke saath taalmel bithana chahiye.)
Day 144,Advanced,The inherent complexity of the legal system can be daunting for laypeople.,சட்ட அமைப்பின் இயல்பான சிக்கல் சாமானியர்களுக்கு அச்சுறுத்தலாக இருக்கலாம். (Satta amaippin iyalbaana sikkal saamaaniyar-galukku achurutthalaaga irukkalaam.),कानूनी प्रणाली की अंतर्निहित जटिलता आम लोगों के लिए चुनौतीपूर्ण हो सकती है। (Kanooni prannali ki antarnihit jatilta aam logon ke liye chunautipoorna ho sakti hai.)
Day 144,Advanced,We must prioritize the mitigation of climate change for future generations.,எதிர்கால சந்ததியினருக்காகக் காலநிலை மாற்றத்தைக் குறைப்பதற்கு நாம் முன்னுரிமை அளிக்க வேண்டும். (Edhirkaala sandhadhiyinar-ukkaagak kaalanilai maattratthaik kuraippadharkku naam munnurimai alikka vendum.),हमें भविष्य की पीढ़ियों के लिए जलवायु परिवर्तन के शमन को प्राथमिकता देनी चाहिए। (Humein bhavishya ki peedhiyon ke liye jalvayu parivartan ke shaman ko prathmikta deni chahiye.)
Day 144,Advanced,The subtle nuances of language are often lost in direct translation.,மொழியின் நுணுக்கமான விஷயங்கள் பெரும்பாலும் நேரடி மொழிபெயர்ப்பில் மறைந்து விடுகின்றன. (Mozhiyinn nunukkamaana vishayangal palappodhum neradi mozhibeyarppil maraindhu vidugindrana.),भाषा की सूक्ष्म बारीकियां अक्सर सीधे अनुवाद में खो जाती हैं। (Bhasha ki sookshma baarikiyan aksar seedhe anuvad mein kho jati hain.)
Day 144,Advanced,We must address the digital infrastructure gaps in emerging economies.,வளர்ந்து வரும் நாடுகளில் உள்ள டிஜிட்டல் உள்கட்டமைப்பு இடைவெளிகளை நாம் களைய வேண்டும். (Valarndhu varum naadugallil ulla digital ul-kattamaippu idaivelligalaia naam kallaiya vendum.),हमें उभरती अर्थव्यवस्थाओं में डिजिटल बुनियादी ढांचे के अंतराल को दूर करना चाहिए। (Humein ubharti arthavyavasthaon mein digital buniyaadi dhaanche ke antar ko door karna chahiye.)
Day 145,Advanced,The sustainability of the project depends on long-term community engagement.,திட்டத்தின் நிலைத்தன்மை நீண்ட கால சமூக ஈடுபாட்டைப் பொறுத்தது. (Thittatthin nilaittannmai neenda kaala samooga eedupaattaip porutthadhu.),परियोजना की स्थिरता दीर्घकालिक सामुदायिक भागीदारी पर निर्भर करती है। (Pariyojana ki sthirta deerghkalik samudayik bhagidari par nirbhar karti hai.)
Day 145,Advanced,We must scrutinize the overarching economic framework for any systemic flaws.,முறையான குறைபாடுகள் ஏதேனும் உள்ளதா என்பதை அறிய ஒட்டுமொத்த பொருளாதாரக் கட்டமைப்பை நாம் கூர்ந்து ஆராய வேண்டும். (Muraiyaana kuraipaadugal edhenum ulladhaa enbadhaia ariya ottumottha poruladhara-k kattamaippaia naam koorndhu aaraaya vendum.),हमें किसी भी प्रणालीगत खामियों के लिए व्यापक आर्थिक ढांचे की जांच करनी चाहिए। (Humein kisi bhi pranaligat khamiyon ke liye vyapak aarthik dhaanche ki jaanch karni chahiye.)
Day 145,Advanced,The integration of local wisdom into modern science can yield innovative solutions.,நவீன அறிவியலில் உள்ளூர் அறிவை ஒருங்கிணைப்பது புதுமையான தீர்வுகளைத் தரும். (Naveena ariviyalil ulloor arivai orunginaippadhu pudhumaiyaana theervugalait tharum.),आधुनिक विज्ञान में स्थानीय ज्ञान का एकीकरण अभिनव समाधान दे सकता है। (Aadhunik vigyan mein sthaniye gyan ka ekikran abhinav samadhan de sakta hai.)
Day 145,Advanced,We must foster a spirit of inquiry and critical thinking in higher education.,உயர்கல்வியில் ஆய்வு மனப்பான்மையையும் விமர்சனச் சிந்தனையையும் நாம் வளர்க்க வேண்டும். (Uyar-kalviyil aaivu manappaanmaiyaiyum vimarsanach chindhanaiyaiyum naam valarkka vendum.),हमें उच्च शिक्षा में जांच और आलोचनात्मक सोच की भावना को बढ़ावा देना चाहिए। (Humein ucch shiksha mein jaanch aur alochnatmak soch ki bhavna ko badhava dena chahiye.)
Day 145,Advanced,The volatility of the political climate has stalled essential infrastructure projects.,அரசியல் சூழலின் ஏற்ற இறக்கம் அத்தியாவசிய உள்கட்டமைப்பு திட்டங்களை முடக்கியுள்ளது. (Arasiyal choozhalin ettra irakkam atthiyavasiya ul-kattamaippu thittangalaia mudakkiyulladhu.),राजनीतिक माहौल की अस्थिरता ने आवश्यक बुनियादी ढांचा परियोजनाओं को रोक दिया है। (Rajneetik mahoul ki asthirta ne aavashyak buniyaadi dhaancha pariyojnaon ko rok diya hai.)
Day 146,Advanced,We must advocate for the preservation of linguistic diversity across the globe.,உலகம் முழுவதும் மொழிப் பன்முகத்தன்மையைப் பாதுகாப்பதற்காக நாம் வாதிட வேண்டும். (Ulagam muzhuvadhum mozhpip panmugatthannmaiyaia paadhukaappadharkkaaga naam vaadhida vendum.),हमें दुनिया भर में भाषाई विविधता के संरक्षण की वकालत करनी चाहिए। (Humein duniya bhar mein bhashayi vividhta ke sanrakshan ki vakalat karni chahiye.)
Day 146,Advanced,The inherent value of cultural heritage should not be overlooked for profit.,கலாச்சார பாரம்பரியத்தின் இயல்பான மதிப்பு லாபத்திற்காக புறக்கணிக்கப்படக்கூடாது. (Kalaachaara paarambariyatthin iyalbaana madhippu laabatthirkkaaga purakkanikkappadakkoodaadhu.),सांस्कृतिक विरासत के अंतर्निहित मूल्य को लाभ के लिए अनदेखा नहीं किया जाना चाहिए। (Sanskritik virasat ke antarnihit mulya ko laabh ke liye andekha nahi kiya jana chahiye.)
Day 146,Advanced,We must ensure the transparency of financial transactions in the public sector.,பொதுத்துறையில் நிதிப் பரிவர்த்தனைகளின் வெளிப்படைத்தன்மையை நாம் உறுதி செய்ய வேண்டும். (Podhutthuraiyil nidhrip parivarthanaigalin velippadaitthanmaiyaia naam urudhi seiyya vendum.),हमें सार्वजनिक क्षेत्र में वित्तीय लेनदेन की पारदर्शिता सुनिश्चित करनी चाहिए। (Humein sarvajanik kshetra mein vittiya lenden ki pardarshita sunishchit karni chahiye.)
Day 146,Advanced,The convergence of biology and technology is creating new ethical dilemmas.,உயிரியல் மற்றும் தொழில்நுட்பத்தின் சங்கமம் புதிய நெறிமுறைச் சிக்கல்களை உருவாக்குகிறது. (Uyiriyal mattrum thozhilnutpatthin sangamam pudhiya nerimurai-ch chikkalgalaia uruvaakkugiradhu.),जीव विज्ञान और प्रौद्योगिकी का मिलन नई नैतिक दुविधाएं पैदा कर रहा है। (Jeev vigyan aur prodyogiki ka milan nayi naitik duvidhaein paida kar raha hai.)
Day 146,Advanced,We must evaluate the socio-economic impacts of the new taxation policy.,புதிய வரிவிதிப்புக் கொள்கையின் சமூக-பொருளாதாரத் தாக்கங்களை நாம் மதிப்பீடு செய்ய வேண்டும். (Pudhiya varividhippu-k kolgaiyin samooga-poruladhara-th thaakkangalaia naam madhippidu seiyya vendum.),हमें नई कराधान नीति के सामाजिक-आर्थिक प्रभावों का मूल्यांकन करना चाहिए। (Humein nayi karadhan neeti ke samajik-aarthik prabhavon ka mulyankan karna chahiye.)
Day 147,Advanced,The digital divide perpetuates existing social inequalities in rural regions.,டிஜிட்டல் இடைவெளியானது கிராமப்புறங்களில் நிலவும் சமூக ஏற்றத்தாழ்வுகளைத் தொடரச் செய்கிறது. (Digital idaivelliyaanadhu graamappura-galil nilavum samooga ettratthaazhvugalait thodarach seigiradhu.),डिजिटल विभाजन ग्रामीण क्षेत्रों में मौजूदा सामाजिक असमानताओं को बनाए रखता है। (Digital vibhajan gramin kshetron mein maujooda samajik asamanataon ko banaye rakhta hai.)
Day 147,Advanced,We must implement a multi-faceted approach to address urban homelessness.,நகர்ப்புற வீடற்றோர் பிரச்சனையைத் தீர்க்க நாம் ஒரு பன்முக அணுகுமுறையைச் செயல்படுத்த வேண்டும். (Nagarppura veidhattror pirachannaiyaia theerkka naam oru panmuga anugumuraiyaia seyalpaduttha vendum.),हमें शहरी बेघरपन को दूर करने के लिए एक बहुआयामी दृष्टिकोण लागू करना चाहिए। (Humein shahri begharpan ko door karne ke liye ek bahu-aayami drishtikon lagu karna chahiye.)
Day 147,Advanced,The concept of sustainable development is central to global environmental policy.,நிலையான வளர்ச்சி என்ற கருத்து உலகளாவிய சுற்றுச்சூழல் கொள்கையின் மையமாக உள்ளது. (Nilaiyaana valarchi endra karutthu ulagalaaviya sutruchchoozhal kolgaiyin maiyamaaga ulladhu.),सतत विकास की अवधारणा वैश्विक पर्यावरण नीति के केंद्र में है। (Satat vikas ki avdharnna vaishvik paryavaran neeti ke kendra mein hai.)
Day 147,Advanced,We must scrutinize the overarching legal framework for any structural inequities.,கட்டமைப்பு சமத்துவமின்மை ஏதேனும் உள்ளதா என்பதை அறிய ஒட்டுமொத்த சட்டக் கட்டமைப்பை ஆராய வேண்டும். (Kattamaippu samatthuvaminmai edhenum ulladhaa enbadhaia ariya ottumottha satta kattamaippaia aaraaya vendum.),हमें किसी भी संरचनात्मक असमानताओं के लिए व्यापक कानूनी ढांचे की जांच करनी चाहिए। (Humein kisi bhi sanrachnatmak asamanataon ke liye vyapak kanooni dhaanche ki jaanch karni chahiye.)
Day 147,Advanced,The preservation of maritime ecosystems is crucial for global biodiversity.,கடல்சார் சுற்றுச்சூழல் அமைப்புகளைப் பாதுகாப்பது உலகளாவிய பல்லுயிர் பெருக்கத்திற்கு முக்கியமானது. (Kadalsaar sutruchchoozhal amaippugalaip paadhukaappadhu ulagalaaviya palluyir perukkathirkku mukkiyamaanadhu.),समुद्री पारिस्थितिकी तंत्र का संरक्षण वैश्विक जैव विविधता के लिए महत्वपूर्ण है। (Samudri paaristithiki tantra ka sanrakshan vaishvik jaiv vividhta ke liye mahatvapoorn hai.)
Day 148,Advanced,We must foster a culture of inclusivity within our educational institutions.,எங்களது கல்வி நிறுவனங்களுக்குள் அனைவரையும் உள்ளடக்கும் கலாச்சாரத்தை நாம் வளர்க்க வேண்டும். (Engaladhu kalvi niruvanangalukkul anaivaraiyaum ulladakkum kalaachaaratthai naam valarkka vendum.),हमें अपने शैक्षणिक संस्थानों के भीतर समावेशिता की संस्कृति को बढ़ावा देना चाहिए। (Humein apne shaikshanik sansthaon ke bhetar samaveshita ki sanskriti ko badhava dena chahiye.)
Day 148,Advanced,The volatility of the energy sector impacts global economic stability directly.,எரிசக்தித் துறையின் ஏற்ற இறக்கம் உலகளாவிய பொருளாதார நிலைத்தன்மையை நேரடியாகப் பாதிக்கிறது. (Erisakthit thuraiyinn ettra irakkam ulagalaaviya poruladhara nilaittannmaiyaia neradiyaagap paadhikkiradhu.),ऊर्जा क्षेत्र की अस्थिरता वैश्विक आर्थिक स्थिरता को सीधे प्रभावित करती है। (Oorja kshetra ki asthirta vaishvik aarthik sthirta ko seedhe prabhavit karti hai.)
Day 148,Advanced,We must integrate ethical considerations into the governance of biotechnologies.,உயிரி தொழில்நுட்பங்களின் நிர்வாகத்தில் நெறிமுறை சார்ந்த கருத்துக்களை நாம் ஒருங்கிணைக்க வேண்டும். (Uyiri thozhilnutpangalinn nirvahatthil nerimurai saarndha karutthukkalaia naam orunginaikka vendum.),हमें जैव-प्रौद्योगिकियों के शासन में नैतिक विचारों को एकीकृत करना चाहिए। (Humein jaiv-prodyogikiyon ke shasan mein naitik vicharon ko ekikrit karna chahiye.)
Day 148,Advanced,The subtle nuances of diplomacy are often overlooked in mainstream media.,இராஜதந்திரத்தின் நுணுக்கமான விஷயங்கள் பெரும்பாலும் முக்கிய ஊடகங்களால் புறக்கணிக்கப்படுகின்றன. (Iraajathandhiratthinn nunukkamaana vishayangal palappodhum mukkiya oodagangallaal purakkanikkappadugindrana.),मुख्यधारा के मीडिया में कूटनीति की सूक्ष्म बारीकियों को अक्सर अनदेखा कर दिया जाता है। (Mukhyadhara ke media mein kootneeti ki sookshma baarikiyon ko aksar andekha kar diya jata hai.)
Day 148,Advanced,We must facilitate a dialogue between the younger generation and policy makers.,இளைய தலைமுறைக்கும் கொள்கை வகுப்பாளர்களுக்கும் இடையே ஒரு உரையாடலை நாம் ஏற்படுத்த வேண்டும். (Iilaiya thalaimuraikkum kolgai vakuppaalar-gallaukkum idaiye oru uraiyadalai naam erpaduttha vendum.),हमें युवा पीढ़ी और नीति निर्माताओं के बीच संवाद की सुविधा प्रदान करनी चाहिए। (Humein yuva peedhi aur neeti nirmataon ke beech samvad ki suvidha pradan karni chahiye.)
Day 149,Advanced,The resilience of local communities is a testament to their cultural strength.,உள்ளூர் சமூகங்களின் மீள்தன்மை அவர்களின் கலாச்சார வலிமைக்கு ஒரு சான்றாகும். (Ulloor samoogangallinn meeldhannmai avargallinn kalaachaara valimaikku oru saandtraagum.),स्थानीय समुदायों का लचीलापन उनकी सांस्कृतिक ताकत का प्रमाण है। (Sthaniye samudayon ka lacheelapan unki sanskritik takat ka praman hai.)
Day 149,Advanced,We must ensure the transparency of information regarding public health policies.,பொது சுகாதாரக் கொள்கைகள் குறித்த தகவல்களின் வெளிப்படைத்தன்மையை நாம் உறுதி செய்ய வேண்டும். (Podhu sugadhara-k kolgaigal kurittha thagavalgallinn velippadaitthanmaiyaia naam urudhi seiyya vendum.),हमें सार्वजनिक स्वास्थ्य नीतियों के संबंध में सूचना की पारदर्शिता सुनिश्चित करनी चाहिए। (Humein sarvajanik swasthya neetiyon ke sambandh mein soochna ki pardarshita sunishchit karni chahiye.)
Day 149,Advanced,The convergence of digital and physical security is a top priority for firms.,டிஜிட்டல் மற்றும் உடல் பாதுகாப்பு ஆகியவற்றின் ஒருங்கிணைப்பு நிறுவனங்களுக்கு முதன்மையான முன்னுரிமையாகும். (Digital mattrum udal paadhukaappu aagiyavatrrin orunginaippu niruvanangalukku mudhanmaiyaana munnurimaiyaagum.),डिजिटल और भौतिक सुरक्षा का मिलन फर्मों के लिए सर्वोच्च प्राथमिकता है। (Digital aur bhautik suraksha ka milan farmon ke liye sarvocch prathmikta hai.)
Day 149,Advanced,We must evaluate the socio-economic implications of automated manufacturing.,தானியங்கி உற்பத்தியின் சமூக-பொருளாதார விளைவுகளை நாம் மதிப்பீடு செய்ய வேண்டும். (Thaaniyaangi urppatthiyinn samooga-poruladhara vilaivugalaia naam madhippidu seiyya vendum.),हमें स्वचालित विनिर्माण के सामाजिक-आर्थिक निहितार्थों का मूल्यांकन करना चाहिए। (Humein swachalit vinirman ke samajik-aarthik nihitarthon ka mulyankan karna chahiye.)
Day 149,Advanced,The digital divide remains a significant barrier to education in remote areas.,தொலைதூரப் பகுதிகளில் கல்விக்கு டிஜிட்டல் இடைவெளி ஒரு குறிப்பிடத்தக்க தடையாக உள்ளது. (Tholaidhoorap pagudhigallil kalvikku digital idaivelli oru kurippidathakka thadaaiyaaga ulladhu.),डिजिटल विभाजन दूरदराज के क्षेत्रों में शिक्षा के लिए एक महत्वपूर्ण बाधा बना हुआ है। (Digital vibhajan door-daraj के क्षेत्रों में शिक्षा के लिए एक महत्वपूर्ण बाधा बना हुआ है।)
Day 150,Advanced,We must implement a multi-faceted strategy to protect national interests online.,ஆன்லைனில் தேசிய நலன்களைப் பாதுகாக்க நாம் ஒரு பன்முக உத்தியைச் செயல்படுத்த வேண்டும். (On-line-il dhesiya nalangalaip paadhukaakka naam oru panmuga utthiyaia seyalpaduttha vendum.),हमें ऑनलाइन राष्ट्रीय हितों की रक्षा के लिए एक बहुआयामी रणनीति लागू करनी चाहिए। (Humein online rashtriya hiton ki raksha ke liye ek bahu-aayami rannaiti lagu karni chahiye.)
Day 150,Advanced,The concept of intergenerational equity is central to sustainable development.,தலைமுறைக்கு இடையிலான சமத்துவம் என்ற கருத்து நிலையான வளர்ச்சியின் மையமாக உள்ளது. (Thalaimuraikku idaiyeillaana samatthuvam endra karutthu nilaiyaana valarchiyinn maiyamaaga ulladhu.),अंतर-पीढ़ीगत समानता की अवधारणा सतत विकास के केंद्र में है। (Antar-peedhigat samanata ki avdharnna satat vikas ke kendra mein hai.)
Day 150,Advanced,We must scrutinize the overarching legal system for any systemic loopholes.,முறையான ஓட்டைகள் ஏதேனும் உள்ளதா என்பதை அறிய ஒட்டுமொத்த சட்ட அமைப்பை ஆராய வேண்டும். (Muraiyaana ottaigall edhenum ulladhaa enbadhaia ariya ottumottha satta amaippaia aaraaya vendum.),हमें किसी भी प्रणालीगत खामियों के लिए व्यापक कानूनी प्रणाली की जांच करनी चाहिए। (Humein kisi bhi pranaligat khamiyon ke liye vyapak kanooni prannali ki jaanch karni chahiye.)
Day 150,Advanced,The preservation of cultural diversity is essential for global social harmony.,உலகளாவிய சமூக நல்லிணக்கத்திற்கு கலாச்சாரப் பன்முகத்தன்மையைப் பாதுகாப்பது அவசியம். (Ulagalaaviya samooga nallinnakam-thirkku kalaachaarap panmugatthannmaiyaia paadhukaappadhu avasiyam.),वैश्विक सामाजिक सद्भाव के लिए सांस्कृतिक विविधता का संरक्षण आवश्यक है। (Vaishvik samajik sadbhav ke liye sanskritik vividhta ka sanrakshan aavashyak hai.)
Day 150,Advanced,We must ensure the transparency of decision-making in corporate governance.,கார்ப்பரேட் நிர்வாகத்தில் முடிவெடுப்பதன் வெளிப்படைத்தன்மையை நாம் உறுதி செய்ய வேண்டும். (Corporate nirvahatthil mudiveduppadhin velippadaitthanmaiyaia naam urudhi seiyya vendum.),हमें कॉर्पोरेट प्रशासन में निर्णय लेने की पारदर्शिता सुनिश्चित करनी चाहिए। (हमें कॉर्पोरेट प्रशासन में निर्णय लेने की पारदर्शिता सुनिश्चित करनी चाहिए।)
Day 151,Advanced,The convergence of nanotechnology and medicine is opening new frontiers.,நானோ தொழில்நுட்பம் மற்றும் மருத்துவம் ஆகியவற்றின் சங்கமம் புதிய எல்லைகளைத் திறக்கிறது. (Nanotechnology mattrum maruthuvam aagiyavatrrin sangamam pudhiya ellaigallait thirakkiradhu.),नैनो टेक्नोलॉजी और चिकित्सा का मिलन नए आयाम खोल रहा है। (Nanotechnology aur chikitsa ka milan naye aayam khol raha hai.)
Day 151,Advanced,We must evaluate the socio-economic repercussions of the current energy crisis.,தற்போதைய எரிசக்தி நெருக்கடியின் சமூக-பொருளாதார விளைவுகளை நாம் மதிப்பீடு செய்ய வேண்டும். (Tharpodhaiya erisakthi nerukkadiyinn samooga-poruladhara vilaivugalaia naam madhippidu seiyya vendum.),हमें वर्तमान ऊर्जा संकट के सामाजिक-आर्थिक परिणामों का मूल्यांकन करना चाहिए। (Humein vartaman oorja sankat ke samajik-aarthik parinamon ka mulyankan karna chahiye.)
Day 151,Advanced,The digital divide perpetuates existing educational inequalities in developing countries.,வளரும் நாடுகளில் டிஜிட்டல் இடைவெளி நிலவும் கல்வி சமமின்மைகளைத் தொடரச் செய்கிறது. (Valarum naadugallil digital idaivelli nilavum kalvi samaminmaigallait thodarach seigiradhu.),डिजिटल विभाजन विकासशील देशों में मौजूदा शैक्षिक असमानताओं को बनाए रखता है। (Digital vibhajan vikas-sheel deshon mein maujooda shaikshik asamanataon ko banaye rakhta hai.)
Day 151,Advanced,We must implement a multi-faceted approach to address the climate emergency.,காலநிலை அவசரநிலையை எதிர்கொள்ள நாம் ஒரு பன்முக அணுகுமுறையைச் செயல்படுத்த வேண்டும். (Kaalanilai avasaranilaiyai edhirkolla naam oru panmuga anugumuraiyaia seyalpaduttha vendum.),हमें जलवायु आपातकाल से निपटने के लिए बहुआयामी दृष्टिकोण लागू करना चाहिए। (Humein jalvayu aapatkal se nipatne ke liye bahu-aayami drishtikon lagu karna chahiye.)
Day 151,Advanced,The concept of social justice is central to current political discourse.,சமூக நீதி என்ற கருத்து தற்போதைய அரசியல் விவாதத்தின் மையமாக உள்ளது. (Samooga needhi endra karutthu tharpodhaiya arasiyal vivaadhathinn maiyamaaga ulladhu.),सामाजिक न्याय की अवधारणा वर्तमान राजनीतिक चर्चा के केंद्र में है। (Samajik nyay ki avdharnna vartaman rajneetik charcha ke kendra mein hai.)
Day 152,Advanced,We must scrutinize the overarching policy framework for any structural biases.,முறையான சார்புகள் ஏதேனும் உள்ளதா என்பதை அறிய ஒட்டுமொத்த கொள்கை கட்டமைப்பை ஆராய வேண்டும். (Muraiyaana saarbugall edhenum ulladhaa enbadhaia ariya ottumottha kolgai kattamaippaia aaraaya vendum.),हमें किसी भी संरचनात्मक पूर्वाग्रहों के लिए व्यापक नीति ढांचे की जांच करनी चाहिए। (Humein kisi bhi sanrachnatmak poorvagraho ke liye vyapak neeti dhaanche ki jaanch karni chahiye.)
Day 152,Advanced,The preservation of local languages is crucial for global cultural biodiversity.,உலகளாவிய கலாச்சார பல்லுயிர்த்தன்மைக்கு உள்ளூர் மொழிகளைப் பாதுகாப்பது முக்கியமானது. (Ulagalaaviya kalaachaara palluyirthannmaikku ulloor mozhigalaip paadhukaappadhu mukkiyamaanadhu.),वैश्विक सांस्कृतिक जैव-विविधता के लिए स्थानीय भाषाओं का संरक्षण महत्वपूर्ण है। (Vaishvik sanskritik jaiv-vividhta ke liye sthaniye bhashaon ka sanrakshan mahatvapoorn hai.)
Day 152,Advanced,We must ensure the transparency of research data in the scientific community.,அறிவியல் சமூகத்தில் ஆராய்ச்சி தரவுகளின் வெளிப்படைத்தன்மையை நாம் உறுதி செய்ய வேண்டும். (Ariviyal samoogatthil aaraichi tharavugallinn velippadaitthanmaiyaia naam urudhi seiyya vendum.),हमें वैज्ञानिक समुदाय में शोध डेटा की पारदर्शिता सुनिश्चित करनी चाहिए। (Humein vaigyanik samuday mein shodh data ki pardarshita sunishchit karni chahiye.)
Day 152,Advanced,The convergence of environmental and economic goals is a major challenge.,சுற்றுச்சூழல் மற்றும் பொருளாதார இலக்குகளின் சங்கமம் ஒரு பெரிய சவாலாகும். (Sutruchchoozhal mattrum poruladhara ilakkugallinn sangamam oru periya savaalaagum.),पर्यावरणीय और आर्थिक लक्ष्यों का मिलन एक बड़ी चुनौती है। (Paryavaraniya aur aarthik lakshyon ka milan ek badi chunauti hai.)
Day 152,Advanced,We must evaluate the socio-economic impacts of the global migration crisis.,உலகளாவிய குடியேற்ற நெருக்கடியின் சமூக-பொருளாதாரத் தாக்கங்களை நாம் மதிப்பீடு செய்ய வேண்டும். (Ulagalaaviya kudiyettra nerukkadiyinn samooga-poruladhara-th thaakkangalaia naam madhippidu seiyya vendum.),हमें वैश्विक प्रवासन संकट के सामाजिक-आर्थिक प्रभावों का मूल्यांकन करना चाहिए। (Humein vaishvik pravasan sankat ke samajik-aarthik prabhavon ka mulyankan karna chahiye.)
Day 153,Advanced,The digital divide remains a significant barrier to development in low-income regions.,குறைந்த வருமானம் உள்ள பகுதிகளில் வளர்ச்சிக்கு டிஜிட்டல் இடைவெளி ஒரு பெரிய தடையாகும். (Kuraindha varumaanam ulla pagudhigallil valarchikku digital idaivelli oru periya thadaaiyaagum.),डिजिटल विभाजन कम आय वाले क्षेत्रों में विकास के लिए एक महत्वपूर्ण बाधा बना हुआ है। (Digital vibhajan kam aay wale kshetron mein vikas ke liye ek mahatvapoorn badha bana hua hai.)
Day 153,Advanced,We must implement a multi-faceted strategy to protect privacy in the digital age.,டிஜிட்டல் யுகத்தில் தனியுரிமையைப் பாதுகாக்க நாம் ஒரு பன்முக உத்தியைச் செயல்படுத்த வேண்டும். (Digital yugathil thaniyurimaiyaia paadhukaakka naam oru panmuga utthiyaia seyalpaduttha vendum.),हमें डिजिटल युग में गोपनीयता की रक्षा के लिए एक बहुआयामी रणनीति लागू करनी चाहिए। (Humein digital yug mein gopniyata ki raksha ke liye ek bahu-aayami rannaiti lagu karni chahiye.)
Day 153,Advanced,The concept of circular economy is central to sustainable manufacturing.,வட்டப் பொருளாதாரம் என்ற கருத்து நிலையான உற்பத்தியின் மையமாக உள்ளது. (Vatta poruladhara-m endra karutthu nilaiyaana urppatthiyinn maiyamaaga ulladhu.),चक्रीय अर्थव्यवस्था की अवधारणा सतत विनिर्माण के केंद्र में है। (Chakriya arthavyavastha ki avdharnna satat vinirman ke kendra mein hai.)
Day 153,Advanced,The intrinsic value of biodiversity extends far beyond its immediate utility to humans.,பல்லுயிர் பெருக்கத்தின் இயல்பான மதிப்பு மனிதர்களுக்கு அதன் உடனடிப் பயன்பாட்டிற்கு அப்பாற்பட்டது. (Palluyir perukkaththin iyalbaana madhippu manidhargalukku adhan udanadip payanpaattirkku appaarppattadhu.),जैव विविधता का अंतर्निहित मूल्य मनुष्यों के लिए इसकी तत्काल उपयोगिता से कहीं अधिक है। (Jaiv vividhta ka antarnihit mulya manushyon ke liye iski tatkaal upyogita se kahin adhik hai.)
Day 153,Advanced,Arbitrary decision-making in the public sector undermines the foundation of social justice.,பொதுத்துறையில் தன்னிச்சையாக முடிவெடுப்பது சமூக நீதியின் அடித்தளத்தைச் சிதைக்கிறது. (Podhutthuraiyil thannichaiyaaga mudiveduppadhu samooga needhiyin aditthallathaich sidhaikkiradhu.),सार्वजनिक क्षेत्र में मनमाने ढंग से निर्णय लेना सामाजिक न्याय की नींव को कमजोर करता है। (Sarvajanik kshetra mein manmaane dhang se nirnay lena samajik nyay ki neenv ko kamzor karta hai.)
Day 154,Advanced,We must decipher the complex interplay between genetic predisposition and environmental factors.,மரபணு முன்கணிப்பு மற்றும் சுற்றுச்சூழல் காரணிகளுக்கு இடையிலான சிக்கலான தொடர்பை நாம் கண்டறிய வேண்டும். (Marabanu munkanippu mattrum sutruchchoozhal kaaranigalukku idaiyilaana sikkalaana thodarbaik naam kandariya vendum.),हमें आनुवंशिक प्रवृत्ति और पर्यावरणीय कारकों के बीच जटिल परस्पर क्रिया को समझना चाहिए। (Humein aanuvanshik pravritti aur paryavaraniya kaarkon ke beech jatil paraspar kriya ko samajhna chahiye.)
Day 154,Advanced,The fiscal measures were designed to alleviate poverty without inducing market distortions.,சந்தைச் சீர்குலைவுகளைத் தூண்டாமல் வறுமையைக் குறைக்கும் வகையில் நிதி நடவடிக்கைகள் வடிவமைக்கப்பட்டுள்ளன. (Sandhaich seirkulaivaigalaith thoondaamal varumaiyaik kuraippum vakaiyil nidhi nadavadikkaigal vadivamaikkappadullana.),राजकोषीय उपायों को बाजार की विकृतियों को पैदा किए बिना गरीबी को कम करने के लिए डिज़ाइन किया गया था। (Rajkoshiye upayon ko bazaar ki vikritiyon ko paida kiye bina gareebi ko kam karne ke liye design kiya gaya tha.)
Day 154,Advanced,Hegemonic stability theory suggests that a single dominant state can ensure global order.,ஒரு ஆதிக்க நாடு உலகளாவிய ஒழுங்கை உறுதிப்படுத்த முடியும் என்று 'மேலாதிக்க ஸ்திரத்தன்மை கோட்பாடு' கூறுகிறது. (Oru aadhikka naadu ulagalaaviya ozhungai urudhippaduttha mudiyum endru 'melaadhikka sthiratthannmai kotpaadu' koorugiradhu.),हेजेमोनिक स्थिरता सिद्धांत' बताता है कि एक अकेला प्रभुत्वशाली राज्य वैश्विक व्यवस्था सुनिश्चित कर सकता है। (Hegemonic sthirta siddhant batata hai ki ek akela prabhutvashali rajya vaishvik vyavastha sunishchit kar sakta hai.)
Day 154,Advanced,The judiciary serves as a check against the overreach of executive powers.,நிர்வாக அதிகாரங்களின் அத்துமீறலுக்கு எதிராக நீதித்துறை ஒரு தடையாகச் செயல்படுகிறது. (Nirvaha adhikaarangalin atthumeeralukku edhiraaga needhithurai oru thadaaiyaagas seyalpattadhu.),न्यायपालिका कार्यकारी शक्तियों के अतिरेक के खिलाफ एक नियंत्रण के रूप में कार्य करती है। (Nyaypalika karyakari shaktiyon ke atirek ke khilaf ek niyantran ke roop mein karya karti hai.)
Day 154,Advanced,Epistemological relativism challenges the notion of objective and universal truth.,அறிவுசார் சார்புநிலை' என்பது புறநிலை மற்றும் உலகளாவிய உண்மை என்ற கருத்துக்கு சவால் விடுகிறது. (Arivusaar saarppunilai enbadhu puranilai mattrum ulagalaaviya unmai endra karuttukku savaal vidugiradhu.),ज्ञानमीमांसीय सापेक्षवाद वस्तुनिष्ठ और सार्वभौमिक सत्य की धारणा को चुनौती देता है। (Gyan-mimansiye sapekshvad vastunishth aur sarvabhaumik satya ki dharna ko chunauti deta hai.)
Day 155,Advanced,We must deconstruct the narrative to reveal the underlying socio-political biases.,மறைந்திருக்கும் சமூக-அரசியல் சார்புகளை வெளிப்படுத்த நாம் இந்த கருத்தை சிதைத்து ஆராய வேண்டும். (Maraindhirukkum samooga-arasiyal saarbugalai velippaduttha naam indha karuthai sidhaithu aaraaya vendum.),हमें अंतर्निहित सामाजिक-राजनीतिक पूर्वाग्रहों को प्रकट करने के लिए नैरेटिव का विखंडन करना चाहिए। (Humein antarnihit samajik-rajneetik poorvagraho ko prakat karne ke liye narrative ka vikhandan karni chahiye.)
Day 155,Advanced,Precarious employment in the gig economy exacerbates existing socioeconomic inequalities.,கிக் பொருளாதாரத்தில் நிச்சயமற்ற வேலைவாய்ப்பு என்பது ஏற்கனவே உள்ள சமூக-பொருளாதார ஏற்றத்தாழ்வுகளை அதிகரிக்கிறது. (Gig poruladharathil nichayattra velaivaaippu enbadhu erkkaneve ulla samooga-poruladhara ettratthaazhvugalaia adhigarikkindradhu.),गिग इकोनॉमी में अनिश्चित रोजगार मौजूदा सामाजिक-आर्थिक असमानताओं को बढ़ाता है। (Gig economy mein anishchit rozgar maujooda samajik-aarthik asamanataon ko badhata hai.)
Day 155,Advanced,The paradigm shift in medical research is moving toward personalized genomic medicine.,மருத்துவ ஆராய்ச்சியில் ஏற்பட்டுள்ள அடிப்படை மாற்றம் தனிப்பயனாக்கப்பட்ட மரபணு மருத்துவத்தை நோக்கி நகர்கிறது. (Maruthuva aaraichiyil erppattulla adippadai maattrum thanippayana-kkappatta marabanu maruthuvathai nokki nagargiradhu.),चिकित्सा अनुसंधान में वैचारिक बदलाव व्यक्तिगत जीनोमिक दवा की ओर बढ़ रहा है। (Chikitsa anusandhan mein vaicharik badlav vyaktigat genomic dawa ki ore badh raha hai.)
Day 155,Advanced,Urban gentrification often leads to the displacement of long-term lower-income residents.,நகர்ப்புற மேம்பாடு பெரும்பாலும் நீண்டகாலமாக வசிக்கும் குறைந்த வருமானம் கொண்ட குடியிருப்பாளர்களின் இடப்பெயர்வுக்கு வழிவகுக்கிறது. (Nagarppura mempadu palappodhum neendakaalam-aaga vasikkum kuraindha varumaanam konda kudiyiruppaallar-galin idappeiyarvukku vazhivagukkiradhu.),शहरी जेंट्रीफिकेशन अक्सर लंबे समय से रहने वाले कम आय वाले निवासियों के विस्थापन का कारण बनता है। (Shahri gentrification aksar lambe samay se rehne wale kam aay wale niwasiyon ke visthapan ka karan banta hai.)
Day 155,Advanced,We must facilitate the cross-pollination of ideas between academia and industry.,கல்வித்துறை மற்றும் தொழில்துறைக்கு இடையே கருத்துக்களின் பரிமாற்றத்தை நாம் எளிதாக்க வேண்டும். (Kalvithurai mattrum thozhilthuraikku idaiye karutthugalin parimaattrathai naam elidhaakka vendum.),हमें शिक्षाविदों और उद्योग के बीच विचारों के आदान-प्रदान (क्रॉस-पॉलिनेशन) की सुविधा प्रदान करनी चाहिए। (Humein shikshavidon aur udyog ke beech vicharon ke aadan-pradan ki suvidha pradan karni chahiye.)
Day 156,Advanced,"Paradoxical as it may seem, increased transparency can sometimes lead to reduced trust.","முரணாகத் தோன்றினாலும், அதிகரித்த வெளிப்படைத்தன்மை சில நேரங்களில் நம்பிக்கையைக் குறைக்க வழிவகுக்கும். (Muran-aagath thondrinaalum, adhigaritha velippadaitthanmai sila nerangalil nambikkaiyaik kuraikka vazhivagukkum.)","विरोधाभासी लग सकता है, लेकिन बढ़ी हुई पारदर्शिता कभी-कभी विश्वास में कमी का कारण बन सकती है। (Virodhabhasi lag sakta hai, lekin badhi hui pardarshita kabhi-kabhi vishwas mein kami ka karan ban sakti hai.)"
Day 156,Advanced,Subliminal messages in mass media can influence consumer behavior without conscious awareness.,ஊடகங்களில் வரும் ஆழ்மனச் செய்திகள் நனவான விழிப்புணர்வு இல்லாமல் நுகர்வோர் நடத்தையில் செல்வாக்கு செலுத்தலாம். (Oodagangalil varum aazhmana seidhigal nanavaana vizhippunarvu illaamal nugarvor nadatthaiyil selvaakku selutthalaam.),मास मीडिया में अवचेतन (सबलिमिनल) संदेश सचेत जागरूकता के बिना उपभोक्ता व्यवहार को प्रभावित कर सकते हैं। (Mass media mein avchetan sandesh sachet jagrookta ke bina upbhokta vyavhar ko prabhavit kar sakte hain.)
Day 156,Advanced,We must mitigate the risks associated with the proliferation of dual-use technologies.,இரட்டைப் பயன்பாட்டுத் தொழில்நுட்பங்களின் பெருக்கத்துடன் தொடர்புடைய அபாயங்களை நாம் குறைக்க வேண்டும். (Irattaip payanpaattuth thozhilnutpangalin perukkathudan thodarpana abaayangalai naam kuraikka vendum.),हमें दोहरे उपयोग वाली प्रौद्योगिकियों के प्रसार से जुड़े जोखिमों को कम करना चाहिए। (Humein dohre upyog wali prodyogikiyon ke prasar se jude jokhimon ko kam karna chahiye.)
Day 156,Advanced,Bureaucratic inertia often hinders the effective implementation of visionary public policies.,தொலைநோக்கு பொதுக் கொள்கைகளைச் செயல்படுத்துவதில் அதிகாரத்துவ மந்தநிலை பெரும்பாலும் தடையாக இருக்கிறது. (Tholainokku podhuk kolgaigalaich seyalpadutthuvadhil adhikaaratthuva mandhanilai palappodhum thadaaiyaaga irukkiradhu.),नौकरशाही की जड़ता अक्सर दूरदर्शी सार्वजनिक नीतियों के प्रभावी कार्यान्वयन में बाधा डालती है। (Naukarsahi ki jadata aksar dooradarshi sarvajanik neetiyon ke prabhavi karyanvayan mein badha dalti hai.)
Day 156,Advanced,Linguistic determinism suggests that the structure of a language limits human thought.,ஒரு மொழியின் அமைப்பு மனித சிந்தனையை கட்டுப்படுத்துகிறது என்று 'மொழி நிர்ணயவாதம்' கூறுகிறது. (Oru mozhiyin amaippu manidha chindhanaiyai kattuppadutthugiradhu endru 'mozhi nirnayavadham' koorugiradhu.),भाषाई नियतत्ववाद' बताता है कि भाषा की संरचना मानवीय विचार को सीमित करती है। (Bhashayi niyatatvavad batata hai ki bhasha ki sanrachna manaviye vichaar ko seemit karti hai.)
Day 157,Advanced,We must advocate for the universal adoption of stringent carbon-pricing mechanisms.,கடுமையான கார்பன் விலை நிர்ணய முறைகளை உலகளாவிய ரீதியில் ஏற்றுக்கொள்வதற்கு நாம் வாதிட வேண்டும். (Kadumaiyaana carbon vilai nirnay muraigalai ulagalaaviya reedhiyil etrukkolvadharkku naam vaadhida vendum.),हमें कड़े कार्बन-मूल्य निर्धारण तंत्र को सार्वभौमिक रूप से अपनाने की वकालत करनी चाहिए। (Humein kade carbon-mulya nirdharan tantra ko sarvabhaumik roop se apnane ki vakalat karni chahiye.)
Day 157,Advanced,Xylographic evidence provides a unique glimpse into ancient printing techniques.,மரக்கட்டை அச்சு முறை (xylography) சான்றுகள் பண்டைய அச்சு நுட்பங்கள் குறித்த தனித்துவமான பார்வையை வழங்குகின்றன. (Marakkattai achu murai saandrugal pandaiya achu nutpangal kuritha thanitthu-vamaana paarvaiyai vazhangugindrana.),ज़ाइलोग्राफिक (लकड़ी के ब्लॉक वाली छपाई) साक्ष्य प्राचीन छपाई तकनीकों की एक अनूठी झलक प्रदान करते हैं। (Xylographic saakshya pracheen chhapayi takneekon ki ek anoothee jhalak pradan karte hain.)
Day 157,Advanced,Zealotry in political discourse often stifles rational and evidence-based debate.,அரசியல் விவாதங்களில் தீவிரவாதம் பெரும்பாலும் பகுத்தறிவு மற்றும் சான்று அடிப்படையிலான விவாதத்தை முடக்குகிறது. (Arasiyal vivaadhangalil theeviravadham palappodhum pagutthariuvu mattrum saandru adippadaiyilaana vivaadhathai mudakkugiradhu.),राजनीतिक चर्चा में कट्टरता अक्सर तर्कसंगत और साक्ष्य-आधारित बहस को दबा देती है। (Rajneetik charcha mein kattarta aksar tark-sangat aur saakshya-adharit behas ko daba deti hai.)
Day 157,Advanced,Qualitative research methods allow for a deeper exploration of human lived experiences.,குணநலன் சார்ந்த ஆராய்ச்சி முறைகள் மனிதர்களின் வாழ்க்கை அனுபவங்களை ஆழமாக ஆராய அனுமதிக்கின்றன. (Gunanallan saarndha aaraichi muraigal manidhargalin vaazhkkai anubavangalait aazhamaaga aaraaya anumathikkindrana.),गुणात्मक शोध विधियां मानवीय जीवन के अनुभवों के गहन अन्वेषण की अनुमति देती हैं। (Gunatmak shodh vidhiyan manaviye jeevan ke anubhavon ke gahan anveshan ki anumati deti hain.)
Day 157,Advanced,We must scrutinize the ethical dimensions of geo-engineering as a climate solution.,காலநிலை தீர்வாக புவி-பொறியியலின் (geo-engineering) நெறிமுறை விளைவுகளை நாம் கூர்ந்து ஆராய வேண்டும். (Kaalanilai theervaaga puvi-poriyiyalin araneri vilaivugalaia naam koorndhu aaraaya vendum.),हमें जलवायु समाधान के रूप में भू-अभियांत्रिकी (जियो-इंजीनियरिंग) के नैतिक आयामों की जांच करनी चाहिए। (Humein jalvayu samadhan ke roop mein geo-engineering ke naitik aayamon ki jaanch karni chahiye.)
Day 158,Advanced,Maintaining institutional legitimacy is crucial during periods of social upheaval.,சமூக எழுச்சிக் காலங்களில் நிறுவன ரீதியான சட்டபூர்வமான தன்மையைப் பேணுவது முக்கியமானது. (Samooga ezhucchik kaalangalil niruvana reedhiyaana sattappoorvamaana thanmaiyaip penuvadhu mukkiyamaanadhu.),सामाजिक उथल-पुथल की अवधि के दौरान संस्थागत वैधता बनाए रखना महत्वपूर्ण है। (Samajik uthal-puthal ki avadhi ke dauran sansthagat vaidhta banaye rakhna mahatvapoorn hai.)
Day 158,Advanced,The synthesis of digital surveillance and social credit systems raises serious human rights concerns.,டிஜிட்டல் கண்காணிப்பு மற்றும் சமூகக் கடன் முறைகளின் ஒருங்கிணைப்பு கடுமையான மனித உரிமை கவலைகளை எழுப்புகிறது. (Digital kangaanippu mattrum samoogak kadan muraigallin orunginaippu kadumaiyaana manidha urimai kavalaiyalai ezhupugiradhu.),डिजिटल निगरानी और सोशल क्रेडिट सिस्टम का मिलन गंभीर मानवाधिकारों की चिंताएं पैदा करता है। (Digital nigrani aur social credit system ka milan gambheer manavadhikaron ki chintayein paida karta hai.)
Day 158,Advanced,We need to foster an environment where dissent is viewed as a catalyst for innovation.,கருத்து வேறுபாடு என்பது கண்டுபிடிப்புக்கான ஒரு ஊக்கியாகக் கருதப்படும் சூழலை நாம் வளர்க்க வேண்டும். (Karutthu veirupaadu enbadhu kandupidippukkaana oru ookkiyaagak karudhappadum choozhalaia naam valarkka vendum.),हमें एक ऐसा वातावरण बनाना होगा जहां असहमति को नवाचार के उत्प्रेरक के रूप में देखा जाए। (Humein ek aisa vatavaran banana hoga jahan asahmati ko navachar ke utprerak ke roop mein dekha jaye.)
Day 158,Advanced,Cultural hegemony often functions by making dominant ideologies seem like common sense.,மேலாதிக்க சித்தாந்தங்களை பொது அறிவு போலத் தோன்றச் செய்வதன் மூலம் கலாச்சார மேலாதிக்கம் செயல்படுகிறது. (Melaadhikka sitthaandhangalaia podhu arivu polath thondrach seivadhin moolam kalaachaara melaadhikkam seyalpadugiradhu.),सांस्कृतिक आधिपत्य (हेजेमनी) अक्सर प्रमुख विचारधाराओं को 'सामान्य ज्ञान' जैसा प्रतीत कराकर कार्य करता है। (Sanskritik adhipatya aksar pramukh vichardharaon ko 'samanya gyan' jaisa prateet karakar karya karta hai.)
Day 158,Advanced,The inherent fragility of global supply chains was exposed by the recent crisis.,உலகளாவிய விநியோகச் சங்கிலிகளின் இயல்பான பலவீனம் சமீபத்திய நெருக்கடியால் அம்பலமானது. (Ulagalaaviya viniyogach changiligalin iyalbaana palaveenam sameepatthiya nerukkadiyaal ambala-maanadhu.),वैश्विक आपूर्ति श्रृंखलाओं की अंतर्निहित कमजोरी हाल के संकट से उजागर हो गई थी। (Vaishvik aapoorti shrinkhlaon ki antarnihit kamzori haal ke sankat se ujagar ho gayi thi.)
Day 159,Advanced,We must mitigate the risks of unintended consequences in large-scale social engineering.,பெரிய அளவிலான சமூக மாற்றங்களில் எதிர்பாராத விளைவுகளின் அபாயங்களை நாம் குறைக்க வேண்டும். (Periya alavilaana samooga maattrangalil edhirpaaraadha vilaivugallin abaayangalaia naam kuraikka vendum.),हमें बड़े पैमाने पर सोशल इंजीनियरिंग में अनपेक्षित परिणामों के जोखिमों को कम करना चाहिए। (Humein bade paimane par social engineering mein anapekshita parinaamon ke jokhimon ko kam karna chahiye.)
Day 159,Advanced,Intersectional feminism acknowledges the compounding effects of multiple forms of discrimination.,பலதரப்பட்ட பாகுபாடுகளின் கூட்டு விளைவுகளை 'குறுக்குவெட்டு பெண்ணியம்' (intersectional feminism) அங்கீகரிக்கிறது. (Paladharappatta paagupaadugallin koottu vilaivugalaia intersectional feminism angeegarikkindradhu.),इंटरसेक्शनल फेमिनिज्म' भेदभाव के विभिन्न रूपों के मिश्रित प्रभावों को स्वीकार करता है। (Intersectional feminism bhedbhav ke vibhinn roopon ke mishrit prabhavon ko sweekar karta hai.)
Day 159,Advanced,The commodification of education risks devaluing the intrinsic worth of knowledge.,கல்வியைப் பண்டமாக்குவது அறிவின் இயல்பான மதிப்பை குறைக்கும் அபாயத்தைக் கொண்டுள்ளது. (Kalviyaip pandamaakkuvadhu arivin iyalbaana madhippaia kuraikkum abaayathaiia kondulladhu.),शिक्षा के वस्तुकरण (कमोडिफिकेशन) से ज्ञान के अंतर्निहित मूल्य के कम होने का खतरा है। (Shiksha ke vastukaran se gyan ke antarnihit mulya ke kam hone ka khatra hai.)
Day 159,Advanced,Establishing a global governance framework for AI is a daunting but necessary task.,செயற்கை நுண்ணறிவுக்கான உலகளாவிய நிர்வாகக் கட்டமைப்பை உருவாக்குவது கடினமான ஆனால் அவசியமான பணியாகும். (Seyarkai nunnarivukkaana ulagalaaviya nirvaha-k kattamaippaia uruvaakkuvadhu kadinaana aanaal avasiyamaana paniyaagum.),AI के लिए एक वैश्विक शासन ढांचा स्थापित करना एक कठिन लेकिन आवश्यक कार्य है। (AI ke liye ek vaishvik shasan dhaancha sthapit karna ek kathin lekin aavashyak karya hai.)
Day 159,Advanced,We must preserve the sanctity of the democratic process from foreign interference.,வெளிநாட்டுத் தலையீடுகளிலிருந்து ஜனநாயகச் செயல்பாட்டின் புனிதத்தைப் பாதுகாக்க வேண்டும். (Velinaattuth thalaiyeedu-galilirundhu jananaayagach seyalpaattin punidhathai paadhukaakka vendum.),हमें बाहरी हस्तक्षेप से लोकतांत्रिक प्रक्रिया की पवित्रता की रक्षा करनी चाहिए। (Humein bahri hastakshep se loktantrik prakriya ki pavitrata ki raksha karni chahiye.)
Day 160,Advanced,The erosion of civil discourse threatens the stability of multicultural societies.,நாகரிகமான உரையாடல்கள் குறைந்து வருவது பன்முக கலாச்சார சமூகங்களின் ஸ்திரத்தன்மைக்கு அச்சுறுத்தலாக உள்ளது. (Naagarigamaana uraiyadal-gal kuraindhu varuvadhu panmuga kalaachaara samoogangallin sthiratthannmaikku achurutthalaaga ulladhu.),सभ्य चर्चा (सिविल डिस्कोर्स) का क्षरण बहुसांस्कृतिक समाजों की स्थिरता को खतरे में डालता है। (Sabhya charcha ka ksharan bahu-sanskritik samajo ki sthirta ko khatre mein dalta hai.)
Day 160,Advanced,We must integrate indigenous ecological management practices into national policies.,பழங்குடியினரின் சுற்றுச்சூழல் மேலாண்மை முறைகளைத் தேசியக் கொள்கைகளில் நாம் ஒருங்கிணைக்க வேண்டும். (Pazhangudiyinarin sutruchchoozhal melaanmai muraigalait dhesiya-k kolgaigallil naam orunginaikka vendum.),हमें राष्ट्रीय नीतियों में स्वदेशी पारिस्थितिक प्रबंधन प्रथाओं को एकीकृत करना चाहिए। (Humein rashtriya neetiyon mein swadeshi paaristithik prabandhan prathaon ko ekikrit karna chahiye.)
Day 160,Advanced,The inherent tension between national sovereignty and globalism remains unresolved.,தேசிய இறையாண்மைக்கும் உலகமயமாக்கலுக்கும் இடையிலான இயல்பான பதற்றம் இன்னும் தீர்க்கப்படாமல் உள்ளது. (Dhesiya iraiyaannmaikkum ulagayamaakkalukkum idaiyeillaana iyalbaana padhattrum innum theerkkappadaamal ulladhu.),राष्ट्रीय संप्रभुता और वैश्वीकरण के बीच अंतर्निहित तनाव अनसुलझा बना हुआ है। (Rashtriya samprabhuta aur vaishvikaran ke beech antarnihit tanav anasuljha bana hua hai.)
Day 160,Advanced,We must scrutinize the overarching economic narrative for any structural inequities.,முறையான சமத்துவமின்மை ஏதேனும் உள்ளதா என்பதை அறிய ஒட்டுமொத்த பொருளாதாரக் கொள்கையை ஆராய வேண்டும். (Muraiyaana samatthuvaminmai edhenum ulladhaa enbadhaia ariya ottumottha poruladhara kolgaiyaia aaraaya vendum.),हमें किसी भी संरचनात्मक असमानताओं के लिए व्यापक आर्थिक नैरेटिव की जांच करनी चाहिए। (Humein kisi bhi sanrachnatmak asamanataon ke liye vyapak aarthik narrative ki jaanch karni chahiye.)
Day 160,Advanced,Achieving universal healthcare requires a profound restructuring of fiscal priorities.,உலகளாவிய சுகாதாரச் சேவையை அடைய நிதி முன்னுரிமைகளை முழுமையாக மறுசீரமைக்க வேண்டும். (Ulagalaaviya sugadhara seivaiyaia adaiya nidhi munnurimaigalaia muzhumaiyaaga maruseirammaikka vendum.),सार्वभौमिक स्वास्थ्य सेवा प्राप्त करने के लिए राजकोषीय प्राथमिकताओं के गहन पुनर्गठन की आवश्यकता है। (Sarvabhaumik swasthya seva praapt karne ke liye rajkoshiye prathmiktaon ke gahan punargathan ki avashyakta hai.)
Day 161,Advanced,The volatility of the global oil market has far-reaching geopolitical consequences.,உலகளாவிய எண்ணெய் சந்தையின் ஏற்ற இறக்கம் தொலைநோக்கு புவிசார் அரசியல் விளைவுகளைக் கொண்டுள்ளது. (Ulagalaaviya ennai sandhaiyin ettra irakkam tholaidhooru puvisaar arasiyal vilaivugalaia kondulladhu.),वैश्विक तेल बाजार की अस्थिरता के दूरगामी भू-राजनीतिक परिणाम होते हैं। (Vaishvik tel bazaar ki asthirta ke door-gami bhoo-rajneetik parinaam hote hain.)
Day 161,Advanced,We must foster a global consensus on the ethical use of biotechnologies.,உயிரி தொழில்நுட்பங்களின் நெறிமுறைப் பயன்பாடு குறித்த உலகளாவிய கருத்தொற்றுமையை நாம் வளர்க்க வேண்டும். (Uyiri thozhilnutpangalinn nerimurai payanpaadu kurittha ulagalaaviya karutthottrumaiyaia naam valarkka vendum.),हमें जैव-प्रौद्योगिकियों के नैतिक उपयोग पर वैश्विक आम सहमति बनानी चाहिए। (Humein jaiv-prodyogikiyon ke naitik upyog par vaishvik aam sahmati banani chahiye.)
Day 161,Advanced,Maintaining institutional integrity is paramount for a functioning democracy.,ஒரு செயல்படும் ஜனநாயகத்திற்கு நிறுவன ஒருமைப்பாட்டைப் பேணுவது மிக முக்கியமானது. (Oru seyalpadum jananaayagatthirkku niruvana orumaippaattaip penuvadhu miga mukkiyamaanadhu.),एक कार्यशील लोकतंत्र के लिए संस्थागत अखंडता बनाए रखना सर्वोपरि है। (Ek karyasheel loktantra ke liye sansthagat akhandta banaye rakhna sarvopari hai.)
Day 161,Advanced,The analysis provides a critical assessment of the failures of neoliberalism.,இந்த பகுப்பாய்வு நவதாராளவாதத்தின் தோல்விகள் குறித்த முக்கியமான மதிப்பீட்டை வழங்குகிறது. (Indha paguppaaivu navadhaaraala-vadhathinn tholvigall kurittha mukkiyamaana madhippittaia vazhangugiradhu.),विश्लेषण नवउदारवाद (नियोलिबरलिज्म) की विफलताओं का आलोचनात्मक मूल्यांकन प्रदान करता है। (Vishleshan neoliberalism ki vifaltaon ka alochnatmak mulyankan pradan karta hai.)
Day 161,Advanced,We must integrate ethical considerations into the governance of quantum computing.,குவாண்டம் கணினி நிர்வாகத்தில் நெறிமுறை சார்ந்த கருத்துக்களை நாம் ஒருங்கிணைக்க வேண்டும். (Quantum kanini nirvahathil nerimurai saarndha karutthukkalaia naam orunginaikka vendum.),हमें क्वांटम कंप्यूटिंग के शासन में नैतिक विचारों को एकीकृत करना चाहिए। (Humein quantum computing ke shasan mein naitik vicharon ko ekikrit karna chahiye.)
Day 162,Advanced,The concept of restorative justice offers an alternative to punitive legal systems.,நிவர்த்தி நீதி' (restorative justice) என்ற கருத்து தண்டனை வழங்கும் சட்ட முறைகளுக்கு ஒரு மாற்றாக உள்ளது. (Restorative justice endra karutthu dhandanai vazhangum satta muraigallukku oru maattraaga ulladhu.),पुनर्स्थापनात्मक न्याय (रिस्टोरेटिव जस्टिस) की अवधारणा दंडात्मक कानूनी प्रणालियों का एक विकल्प प्रदान करती है। (Restorative justice ki avdharnna dandatmak kanooni prannaliyon ka ek vikalp pradan karti hai.)
Day 162,Advanced,We must mitigate the risks of state-sponsored cyber warfare.,அரசாங்கத்தின் ஆதரவுடன் நடக்கும் இணையப் போர்களின் அபாயங்களை நாம் குறைக்க வேண்டும். (Arasaangatthinn aadharuvudan nadakkum inaiya porkallinn abaayangalaia naam kuraikka vendum.),हमें राज्य प्रायोजित साइबर युद्ध के जोखिमों को कम करना चाहिए। (Humein rajya prayojit cyber yuddh ke jokhimon ko kam karna chahiye.)
Day 162,Advanced,Maintaining an objective perspective is difficult in a highly polarized political environment.,மிகவும் துருவப்படுத்தப்பட்ட அரசியல் சூழலில் புறநிலை பார்வையைப் பேணுவது கடினம். (Miga thiruvappadutthappatta arasiyal choozhalil puranilai paarvaiyaia penuvadhu kadinam.),अत्यधिक ध्रुवीकृत राजनीतिक वातावरण में वस्तुनिष्ठ दृष्टिकोण बनाए रखना कठिन है। (Atyadhik dhruvikrit rajneetik vatavaran mein vastunishth drishtikon banaye rakhna kathin hai.)
Day 162,Advanced,The inherent contradictions of the modern era require new philosophical frameworks.,நவீன காலத்தின் இயல்பான முரண்பாடுகளுக்குப் புதிய தத்துவக் கட்டமைப்புகள் தேவைப்படுகின்றன. (Naveena kaalatthinn iyalbaana muranpaadugallukku pudhiya thatthuva-k kattamaippugal thevaippadugindrana.),आधुनिक युग के अंतर्निहित अंतर्विरोधों के लिए नए दार्शनिक ढांचे की आवश्यकता है। (Aadhunik yug ke antarnihit antarvirodho ke liye naye darshanik dhaanche ki avashyakta hai.)
Day 162,Advanced,We must advocate for the protection of environmental refugees globally.,உலகளவில் சுற்றுச்சூழல் அகதிகளைப் பாதுகாப்பதற்காக நாம் வாதிட வேண்டும். (Ulagalaaviya sutruchchoozhal agadhigalaip paadhukaappadharkkaaga naam vaadhida vendum.),हमें वैश्विक स्तर पर पर्यावरणीय शरणार्थियों के संरक्षण की वकालत करनी चाहिए। (Humein vaishvik star par paryavaraniya sharannarthiyon ke sanrakshan ki vakalat karni chahiye.)
Day 163,Advanced,Establishing a sustainable global financial system is an urgent priority.,ஒரு நிலையான உலகளாவிய நிதி அமைப்பை உருவாக்குவது ஒரு அவசர முன்னுரிமையாகும். (Oru nilaiyaana ulagalaaviya nidhi amaippaia uruvaakkuvadhu oru avasara munnurimaiyaagum.),एक स्थायी वैश्विक वित्तीय प्रणाली स्थापित करना एक तत्काल प्राथमिकता है। (Ek sthayi vaishvik vittiya prannali sthapit karna ek tatkal prathmikta hai.)
Day 163,Advanced,Maintaining institutional memory is essential for long-term consistency in governance.,நிர்வாகத்தில் நீண்ட கால நிலைத்தன்மைக்கு நிறுவன நினைவகத்தைப் பேணுவது அவசியம். (Nirvahatthil neenda kaala nilai-thannmaikku niruvana ninaivagatthai penuvadhu avasiyam.),शासन में दीर्घकालिक निरंतरता के लिए संस्थागत स्मृति (इंस्टीट्यूशनल मेमोरी) बनाए रखना आवश्यक है। (Shasan mein deerghkalik nirantarata ke liye sansthagat smriti banaye rakhna aavashyak hai.)
Day 163,Advanced,We must foster a spirit of international cooperation to address climate change.,காலநிலை மாற்றத்தை எதிர்கொள்ள சர்வதேச ஒத்துழைப்பு உணர்வை நாம் வளர்க்க வேண்டும். (Kaalanilai maattrathai edhirkolla sarvadhesa otthuzhaippu unarvai naam valarkka vendum.),जलवायु परिवर्तन से निपटने के लिए हमें अंतर्राष्ट्रीय सहयोग की भावना को बढ़ावा देना चाहिए। (Jalvayu parivartan se nipatne ke liye humein antarrashtriya sahyog ki bhavna ko badhava dena chahiye.)
Day 163,Advanced,The subtle nuances of cross-cultural communication are key to successful diplomacy.,குறுக்கு-கலாச்சாரத் தொடர்பின் நுணுக்கமான விஷயங்கள் வெற்றிகரமான இராஜதந்திரத்திற்கு முக்கியமாகும். (Kurukku-kalaachaara thodharbinn nunukkamaana vishayangal vettrigaramaana iraajathandhiratthirkku mukkiyamaagum.),सफल कूटनीति के लिए क्रॉस-सांस्कृतिक संचार की सूक्ष्म बारीकियां महत्वपूर्ण हैं। (Safal kootneeti ke liye cross-sanskriti sanchar ki sookshma baarikiyan mahatvapoorn hain.)
Day 163,Advanced,We must bridge the gap between theoretical research and practical application.,தத்துவார்த்த ஆராய்ச்சிக்கும் நடைமுறை பயன்பாட்டிற்கும் இடையிலான இடைவெளியை நாம் குறைக்க வேண்டும். (Thatthuvaarttha aaraichikkum nadaimurai payanpaattirkum idaiyeillaana idaivelliaia naam kuraikka vendum.),हमें सैद्धांतिक शोध और व्यावहारिक अनुप्रयोग के बीच की खाई को पाटना चाहिए। (Humein saiddhantik shodh aur vyavaharik anuprayog ke beech ki khayi ko patna chahiye.)
Day 164,Advanced,Maintaining an open dialogue is essential for resolving long-standing ethnic conflicts.,நீண்டகால இன மோதல்களைத் தீர்க்க வெளிப்படையான உரையாடலைப் பேணுவது அவசியம். (Neendakaala ina modhalgalait theerkka velippadaiyaana uraiyadalai penuvadhu avasiyam.),लंबे समय से चले आ रहे जातीय संघर्षों को सुलझाने के लिए खुला संवाद बनाए रखना आवश्यक है। (Lambe samay se chale aa rahe jatiye sangharsho ko suljhane ke liye khula samvad banaye rakhna aavashyak hai.)
Day 164,Advanced,The findings illuminate the challenges of achieving equitable healthcare in rural areas.,கிராமப்புறங்களில் சமமான சுகாதாரச் சேவையை அடைவதில் உள்ள சவால்களை இந்த கண்டுபிடிப்புகள் விளக்குகின்றன. (Graamappura-galil samamaana sugadhara seivaiyaia adaivadhil ulla savaalgalaia indha kandupidippugal vilakkugindrana.),निष्कर्ष ग्रामीण क्षेत्रों में समान स्वास्थ्य सेवा प्राप्त करने की चुनौतियों पर प्रकाश डालते हैं। (Nishkarsh gramin kshetron mein saman swasthya seva praapt karne ki chunautiyon par prakash daalte hain.)
Day 164,Advanced,We must mitigate the risks of algorithm-driven social polarization.,அல்காரிதம்களால் தூண்டப்படும் சமூகத் துருவப்படுத்தலின் அபாயங்களை நாம் குறைக்க வேண்டும். (Algorithm-galal thoonduppadum samooga thiruvappadutthallinn abaayangalaia naam kuraikka vendum.),हमें एल्गोरिदम-संचालित सामाजिक ध्रुवीकरण के जोखिमों को कम करना चाहिए। (Humein algorithm-sanchalit samajik dhruvikaran ke jokhimon ko kam karna chahiye.)
Day 164,Advanced,Maintaining operational transparency is crucial for public sector accountability.,பொதுத்துறை பொறுப்புக்கூறலுக்குச் செயல்பாட்டு வெளிப்படைத்தன்மையைப் பேணுவது முக்கியமானது. (Podhutthurai poruppukkoorallukkuch seyalpaattu velippadaitthanmaiyaia penuvadhu mukkiyamaanadhu.),सार्वजनिक क्षेत्र की जवाबदेही के लिए परिचालन पारदर्शिता बनाए रखना महत्वपूर्ण है। (Sarvajanik kshetra ki javabdehi ke liye parichalan pardarshita banaye rakhna mahatvapoorn hai.)
Day 164,Advanced,We must navigate the complexities of global trade with a robust legal strategy.,உலகளாவிய வர்த்தகத்தின் சிக்கல்களை ஒரு வலுவான சட்ட உத்தியுடன் நாம் கையாள வேண்டும். (Ulagalaaviya varthagatthin sikkalgalaia oru valuvaana satta utthiyudan naam kaiyaala vendum.),हमें एक मजबूत कानूनी रणनीति के साथ वैश्विक व्यापार की जटिलताओं का सामना करना चाहिए। (Humein ek mazboot kanooni rannaiti ke saath vaishvik vyapar ki jatiltayon ka saamna karna chahiye.)
Day 165,Advanced,The inherent fragility of the financial system was exposed by the recent market crash.,சமீபத்திய சந்தை வீழ்ச்சியால் நிதி அமைப்பின் இயல்பான பலவீனம் அம்பலமானது. (Sameepatthiya sandhai veizhcciyaal nidhi amaippin iyalbaana palaveenam ambala-maanadhu.),हालिया बाजार गिरावट से वित्तीय प्रणाली की अंतर्निहित कमजोरी उजागर हो गई थी। (Haaliya bazaar giravat se vittiya prannali ki antarnihit kamzori ujagar ho gayi thi.)
Day 165,Advanced,The analysis highlights the impact of interest rate fluctuations on emerging economies.,வளர்ந்து வரும் நாடுகளில் வட்டி விகித மாற்றங்களின் தாக்கத்தை இந்த பகுப்பாய்வு எடுத்துக்காட்டுகிறது. (Valarndhu varum naadugallil vatti vigidha maattrangalin thaakkathai indha paguppaaivu edutthukkaattugiradhu.),विश्लेषण उभरती अर्थव्यवस्थाओं पर ब्याज दर में उतार-चढ़ाव के प्रभाव पर प्रकाश डालता है। (Vishleshan ubharti arthavyavasthaon par byaj dar mein utar-chadav ke prabhav par prakash daalta hai.)
Day 165,Advanced,Maintaining institutional legitimacy is crucial for a stable political order.,நிலையான அரசியல் ஒழுங்கிற்கு நிறுவன ரீதியான சட்டபூர்வமான தன்மையைப் பேணுவது முக்கியமானது. (Nilaiyaana arasiyal ozhungirkku niruvana reedhiyaana sattappoorvamaana thanmaiyaip penuvadhu mukkiyamaanadhu.),एक स्थिर राजनीतिक व्यवस्था के लिए संस्थागत वैधता बनाए रखना महत्वपूर्ण है। (Ek sthir rajneetik vyavastha ke liye sansthagat vaidhta banaye rakhna mahatvapoorn hai.)
Day 165,Advanced,We must proactively address the ethical challenges of genetic engineering.,மரபணு பொறியியலின் நெறிமுறை சவால்களை நாம் முன்கூட்டியே எதிர்கொள்ள வேண்டும். (Marabanu poriyiyalin nerimurai savaalgalaia naam munkoottiye edhirkolla vendum.),हमें जेनेटिक इंजीनियरिंग की नैतिक चुनौतियों का सक्रिय रूप से समाधान करना चाहिए। (Humein genetic engineering ki naitik chunautiyon ka sakriya roop se samadhan karna chahiye.)
Day 165,Advanced,Establishing clear communication channels is vital for global research teams.,உலகளாவிய ஆராய்ச்சிக் குழுக்களுக்குத் தெளிவான தகவல் தொடர்பு சேனல்களை உருவாக்குவது இன்றியமையாதது. (Ulagalaaviya aaraichik kuzhukallukkuth thelivaana thagaval thodarbu channelgalaia uruvaakkuvadhu indriyamaiyaadhadhu.),वैश्विक शोध टीमों के लिए स्पष्ट संचार चैनल स्थापित करना महत्वपूर्ण है। (Vaishvik shodh teamon ke liye spasht sanchar channel sthapit karna mahatvapoorn hai.)
Day 166,Advanced,I am writing to propose a paradigm shift in our approach to environmental policy.,சுற்றுச்சூழல் கொள்கை குறித்த நமது அணுகுமுறையில் ஒரு அடிப்படை மாற்றத்தை முன்மொழிய நான் எழுதுகிறேன். (Sutruchchoozhal kolgai kurittha namadhu anugumuraiyil oru adippadai maattrathai munmozhiya naan ezhudhugiren.),मैं पर्यावरण नीति के प्रति हमारे दृष्टिकोण में एक बुनियादी बदलाव का प्रस्ताव करने के लिए लिख रहा हूँ। (Main paryavaran neeti ke prati hamare drishtikon mein ek buniyadi badlav ka prastav karne ke liye likh raha hoon.)
Day 166,Advanced,The implementation of structural reforms led to a more efficient public sector.,கட்டமைப்பு சீர்திருத்தங்களைச் செயல்படுத்தியது மிகவும் திறமையான பொதுத்துறைக்கு வழிவகுத்தது. (Kattamaippu seirthirutthangalaia seyalpadutthiyadhu migavum thiramaiyaana podhutthurai kku vazhivagutthadhu.),संरचनात्मक सुधारों के कार्यान्वयन से एक अधिक कुशल सार्वजनिक क्षेत्र बना। (Sanrachnatmak sudhaaron ke karyanvayan se ek adhik kushal sarvajanik kshetra bana.)
Day 166,Advanced,We must prioritize the mitigation of the impact of climate change on agriculture.,விவசாயத்தின் மீதான காலநிலை மாற்றத்தின் தாக்கத்தைக் குறைப்பதற்கு நாம் முன்னுரிமை அளிக்க வேண்டும். (Vivasaayatthin meedhaana kaalanilai maattratthin thaakkathaiia kuraippadharkku naam munnurimai alikka vendum.),हमें कृषि पर जलवायु परिवर्तन के प्रभाव को कम करने को प्राथमिकता देनी चाहिए। (Humein krishi par jalvayu parivartan ke prabhav ko kam karne ko prathmikta deni chahiye.)
Day 166,Advanced,Maintaining customer privacy is a non-negotiable ethical obligation.,வாடிக்கையாளர் தனியுரிமையைப் பேணுவது என்பது சமரசத்திற்கு அப்பாற்பட்ட நெறிமுறை கடமையாகும். (Vaadikkaiyalar thaniyurimaiyaia penuvadhu enbadhu samarasatthirkku appaarppatta nerimurai kadamaiyaagum.),ग्राहकों की गोपनीयता बनाए रखना एक गैर-परक्राम्य नैतिक दायित्व है। (Grahakon ki gopniyata banaye rakhna ek gair-parakramya naitik dayitva hai.)
Day 166,Advanced,We must foster a spirit of inclusivity within our corporate culture.,எங்களது கார்ப்பரேட் கலாச்சாரத்திற்குள் அனைவரையும் உள்ளடக்கும் உணர்வை நாம் வளர்க்க வேண்டும். (Engaladhu corporate kalaachaaratthirkkul anaivaraiyaum ulladakkum unarvai naam valarkka vendum.),हमें अपनी कॉर्पोरेट संस्कृति के भीतर समावेशिता की भावना को बढ़ावा देना चाहिए। (Humein apni corporate sanskriti ke bhetar samaveshita ki bhavna ko badhava dena chahiye.)
Day 167,Advanced,Maintaining professional objectivity is essential for balanced reporting.,சமநிலையான அறிக்கையிடலுக்குத் தொழில்முறை புறநிலைத்தன்மையைப் பேணுவது அவசியம். (Samamnilaiyaana arikkaiyidallukkut thozhilmurai puranilai-thannmaiyaia penuvadhu avasiyam.),संतुलित रिपोर्टिंग के लिए पेशेवर निष्पक्षता बनाए रखना आवश्यक है। (Santulit reporting ke liye peshevar nishpakshata banaye rakhna aavashyak hai.)
Day 167,Advanced,Establishing a sustainable urban environment requires comprehensive planning.,ஒரு நிலையான நகர்ப்புற சூழலை உருவாக்குவதற்கு விரிவான திட்டமிடல் தேவை. (Oru nilaiyaana nagarppura choozhalaia uruvaakkuvadharkku virivaana thittamidal thevai.),एक स्थायी शहरी वातावरण स्थापित करने के लिए व्यापक योजना की आवश्यकता होती है। (Ek sthayi shahri vatavaran sthapit karne ke liye vyapak yojana ki avashyakta hoti hai.)
Day 167,Advanced,We must navigate the legal complexities of cross-border trade carefully.,எல்லை தாண்டிய வர்த்தகத்தின் சட்டச் சிக்கல்களை நாம் கவனமாகக் கையாள வேண்டும். (Ellai thaandiya varthagatthin satta-ch chikkalgalaia naam kavanamaaga kaiyaala vendum.),हमें सीमा पार व्यापार की कानूनी जटिलताओं को सावधानीपूर्वक नेविगेट करना चाहिए। (Humein seema paar vyapar ki kanooni jatiltayon ko savdhanipoorvak navigate karna chahiye.)
Day 167,Advanced,The organizational values must be reflected in our daily professional conduct.,நிறுவனத்தின் மதிப்புகள் எங்களது அன்றாட தொழில்முறை நடத்தையில் பிரதிபலிக்க வேண்டும். (Niruvanatthin madhippugal engaladhu andraada thozhilmurai nadatthaiyil pradhipalikka vendum.),संगठनात्मक मूल्यों को हमारे दैनिक पेशेवर आचरण में प्रतिबिंबित होना चाहिए। (Sangathanatmak mulyon ko hamare dainik peshevar aacharan mein pratibimbit hona chahiye.)
Day 167,Advanced,We must adapt our operational strategies to the changing regulatory landscape.,மாறிவரும் ஒழுங்குமுறை சூழலுக்கு ஏற்ப நமது செயல்பாட்டு உத்திகளை நாம் மாற்றியமைக்க வேண்டும். (Maari-varum ozhungumurai choozhalukku erpa namadhu seyalpaattu utthigalaia naam maattriyamaikka vendum.),हमें बदलते नियामक परिदृश्य के अनुसार अपनी परिचालन रणनीतियों को अनुकूलित करना चाहिए। (Humein badalte niyamak paridrishya ke anusaar apni parichalan rannaitiyon ko anukoolit karna chahiye.)
Day 168,Advanced,Maintaining institutional transparency is key to building sustainable stakeholder trust.,நிலையான பங்குதாரர்களின் நம்பிக்கையை உருவாக்க நிறுவன வெளிப்படைத்தன்மையைப் பேணுவது முக்கியம். (Nilaiyaana pangudhaarar-gallinn nambikkaiyaia uruvaakka niruvana velippadaitthanmaiyaia penuvadhu mukkiyam.),स्थायी हितधारक विश्वास बनाने के लिए संस्थागत पारदर्शिता बनाए रखना महत्वपूर्ण है। (Sthayi hitdhark vishwas banane ke liye sansthagat pardarshita banaye rakhna mahatvapoorn hai.)
Day 168,Advanced,We must integrate ethical considerations into the governance of biotechnological research.,உயிரி தொழில்நுட்ப ஆராய்ச்சியின் நிர்வாகத்தில் நெறிமுறை சார்ந்த கருத்துக்களை நாம் ஒருங்கிணைக்க வேண்டும். (Uyiri thozhilnutpa aaraichiyinn nirvahatthil nerimurai saarndha karutthukkalaia naam orunginaikka vendum.),हमें जैव-प्रौद्योगिकी अनुसंधान के शासन में नैतिक विचारों को एकीकृत करना चाहिए। (Humein jaiv-prodyogiki anusandhan ke shasan mein naitik vicharon ko ekikrit karna chahiye.)
Day 168,Advanced,The implementation of fiscal measures helped stabilize the national economy.,நிதி நடவடிக்கைகளைச் செயல்படுத்தியது தேசியப் பொருளாதாரத்தை நிலைப்படுத்த உதவியது. (Nidhi nadavadikkaigalaia seyalpadutthiyadhu dhesiyap poruladhara-thaia nilaippaduttha udhaviyadhu.),राजकोषीय उपायों के कार्यान्वयन से राष्ट्रीय अर्थव्यवस्था को स्थिर करने में मदद मिली। (Rajkoshiye upayon ko lagu karne se rashtriya arthavyavastha ko sthir karne mein madad mili.)
Day 168,Advanced,We must prioritize the mitigation of the environmental impacts of urban expansion.,நகர்ப்புற விரிவாக்கத்தின் சுற்றுச்சூழல் பாதிப்புகளைக் குறைப்பதற்கு நாம் முன்னுரிமை அளிக்க வேண்டும். (Nagarppura virivaakkatthin sutruchchoozhal paadhippugallaia kuraippadharkku naam munnurimai alikka vendum.),हमें शहरी विस्तार के पर्यावरणीय प्रभावों को कम करने को प्राथमिकता देनी चाहिए। (Humein shahri vistar ke paryavaraniya prabhavon ko kam karne ko prathmikta deni chahiye.)
Day 168,Advanced,Maintaining professional objectivity is essential for effective inter-cultural communication.,பயனுள்ள கலாச்சாரங்களுக்கு இடையிலான தொடர்புக்குத் தொழில்முறை புறநிலைத்தன்மையைப் பேணுவது அவசியம். (Payanulla kalaachaarangallukku idaiyeillaana thodharbukku thozhilmurai puranilai-thannmaiyaia penuvadhu avasiyam.),प्रभावी अंतर-सांस्कृतिक संचार के लिए पेशेवर निष्पक्षता बनाए रखना आवश्यक है। (Prabhavi antar-sanskritik sanchar ke liye peshevar nishpakshata banaye rakhna aavashyak hai.)
Day 169,Advanced,We must integrate renewable energy solutions into the urban development plan.,நகர்ப்புற மேம்பாட்டுத் திட்டத்தில் புதுப்பிக்கத்தக்க எரிசக்தி தீர்வுகளை நாம் ஒருங்கிணைக்க வேண்டும். (Nagarppura mempadutthuth thittathil pudhuppikkathakka erisakthi theervugalaia naam orunginaikka vendum.),हमें शहरी विकास योजना में नवीकरणीय ऊर्जा समाधानों को एकीकृत करना चाहिए। (Humein shahri vikas yojana mein navikaraniya oorja samadhanon ko ekikrit karna chahiye.)
Day 169,Advanced,Maintaining customer confidence is essential during high-stakes organizational changes.,முக்கியமான நிறுவன மாற்றங்களின் போது வாடிக்கையாளர் நம்பிக்கையைப் பேணுவது அவசியம். (Mukkiyamaana niruvana maattrangalin podhu vaadikkaiyalar nambikkaiyaia penuvadhu avasiyam.),उच्च-दांव वाले संगठनात्मक परिवर्तनों के दौरान ग्राहकों का विश्वास बनाए रखना आवश्यक है। (Ucch-daanv wale sangathanatmak parivartanon ke dauran grahakon ka vishwas banaye rakhna aavashyak hai.)
Day 169,Advanced,The current market saturation necessitates a focus on innovation and differentiation.,தற்போதைய சந்தை தேக்கம் கண்டுபிடிப்பு மற்றும் தனித்துவத்தின் மீதான கவனத்தை அவசியமாக்குகிறது. (Tharpodhaiya sandhai thekkam kandupidippu mattrum thanitthuvatthin meedhaana kavanatthai avasiyamaakkugiradhu.),वर्तमान बाजार संतृप्ति नवाचार और विभेदीकरण पर ध्यान केंद्रित करना आवश्यक बनाती है। (Vartaman bazaar santripti navachar aur vibhedikaran par dhyan kendrit karna aavashyak banati hai.)
Day 169,Advanced,We must foster a culture of professional accountability within the public sector.,பொதுத்துறைக்குள் தொழில்முறை பொறுப்புக்கூறல் கலாச்சாரத்தை நாம் வளர்க்க வேண்டும். (Podhutthurai-kkul thozhilmurai poruppukkoorall kalaachaaratthai naam valarkka vendum.),हमें सार्वजनिक क्षेत्र के भीतर पेशेवर जवाबदेही की संस्कृति को बढ़ावा देना चाहिए। (Humein sarvajanik kshetra ke bhetar peshevar javabdehi ki sanskriti ko badhava dena chahiye.)
Day 169,Advanced,The report offers insights into the potential impacts of AI on human interaction.,மனித தொடர்புகள் மீதான செயற்கை நுண்ணறிவின் சாத்தியமான தாக்கங்கள் குறித்த நுண்ணறிவுகளை அறிக்கை வழங்குகிறது. (Manidha thodharbugall meedhaana seyarkai nunnarivinn saathiyamaana thaakkangal kurittha nunnarivugalaia arikkai vazhangugiradhu.),रिपोर्ट मानवीय बातचीत पर एआई के संभावित प्रभावों के बारे में जानकारी देती है। (Report manaviye baat-cheet par AI ke sambhavit prabhavon ke baare mein jankari deti hai.)
Day 170,Advanced,Maintaining professional integrity ensures the long-term credibility of our institution.,தொழில்முறை நேர்மையைப் பேணுவது எங்களது நிறுவனத்தின் நீண்டகால நம்பகத்தன்மையை உறுதி செய்கிறது. (Thozhilmurai nerminai penuvadhu engaladhu niruvanatthinn neenda-kaala nambagatthannmaiyaia urudhi seigiradhu.),पेशेवर ईमानदारी बनाए रखना हमारे संस्थान की दीर्घकालिक विश्वसनीयता सुनिश्चित करता है। (Peshevar imandari banaye rakhna hamare sansthan ki deerghkalik vishwasniyata sunishchit karta hai.)
Day 170,Advanced,We must bridge the digital divide to promote equitable education opportunities.,சமமான கல்வி வாய்ப்புகளை ஊக்குவிக்க டிஜிட்டல் இடைவெளியை நாம் குறைக்க வேண்டும். (Samamaana kalvi vaippugallaia ookkuvikka digital idaivelliaia naam kuraikka vendum.),समान शिक्षा के अवसरों को बढ़ावा देने के लिए हमें डिजिटल विभाजन को कम करना चाहिए। (Saman shiksha ke avsaron ko badhava dene ke liye humein digital vibhajan ko kam karna chahiye.)
Day 170,Advanced,The organization is committed to upholding the values of corporate responsibility.,நிறுவனத்தின் பொறுப்புணர்வு மதிப்புகளை நிலைநிறுத்துவதில் நிறுவனம் உறுதியாக உள்ளது. (Niruvanatthin poruppunarvu madhippugallait nilainirutthuvadhil niruvanam urudhiyaaga ulladhu.),संगठन कॉर्पोरेट जिम्मेदारी के मूल्यों को बनाए रखने के लिए प्रतिबद्ध है। (Sangathan corporate zimmedari ke mulyon ko banaye rakhne ke liye pratibaddh hai.)
Day 170,Advanced,Maintaining institutional transparency is key to building lasting public trust.,நீடித்த பொது நம்பிக்கையை உருவாக்குவதற்கு நிறுவன வெளிப்படைத்தன்மையைப் பேணுவது முக்கியம். (Needitta podhu nambikkaiyaia uruvaakkuvadharkku niruvana velippadaitthanmaiyaia penuvadhu mukkiyam.),स्थायी सार्वजनिक विश्वास बनाने के लिए संस्थागत पारदर्शिता बनाए रखना महत्वपूर्ण है। (Sthayi sarvajanik vishwas banane ke liye sansthagat pardarshita banaye rakhna mahatvapoorn hai.)
Day 170,Advanced,We must navigate the market fluctuations with a robust financial strategy.,சந்தை ஏற்ற இறக்கங்களை ஒரு வலுவான நிதி உத்தியுடன் நாம் கையாள வேண்டும். (Sandhai ettra irakkangallaia oru valuvaana nidhi utthiyudan naam kaiyaala vendum.),हमें एक मजबूत वित्तीय रणनीति के साथ बाजार के उतार-चढ़ाव का सामना करना चाहिए। (Humein ek mazboot vittiya rannaiti ke saath bazaar ke utar-chadav ka saamna karna chahiye.)
Day 171,Advanced,I am seeking a strategic partnership to enhance our research and development.,எங்களது ஆராய்ச்சி மற்றும் மேம்பாட்டை மேம்படுத்த ஒரு மூலோபாயக் கூட்டணியை நான் நாடுகிறேன். (Engaladhu aaraichi mattrum mempaduttaia mempaduttha oru moolobayak koottaniyaia naan naadugirom.),मैं हमारे अनुसंधान और विकास को बढ़ाने के लिए एक रणनीतिक साझेदारी की तलाश कर रहा हूँ। (Main hamare anusandhan aur vikas ko badhane ke liye ek rannaitik sajhedari ki talash mein hoon.)
Day 171,Advanced,Maintaining operational efficiency is paramount for staying competitive globally.,உலகளவில் போட்டியாக இருக்க செயல்பாட்டுத் திறனைப் பேணுவது மிக முக்கியமானது. (Ulagalaaviya reedhiyil pottiyaaga irukka seyalpaattu thiranaia penuvadhu miga mukkiyamaanadhu.),वैश्विक स्तर पर प्रतिस्पर्धी बने रहने के लिए परिचालन दक्षता बनाए रखना सर्वोपरि है। (Vaishvik star par pratispardhi bane rehne ke liye parichalan dakshata banaye rakhna sarvopari hai.)
Day 171,Advanced,We must integrate diversity and inclusion in our corporate decision-making.,எங்களது கார்ப்பரேட் முடிவெடுப்பதில் பன்முகத்தன்மை மற்றும் உள்ளடக்கத்தை நாம் ஒருங்கிணைக்க வேண்டும். (Engaladhu corporate mudiveduppadhil panmugatthannmai mattrum ulladakkathai naam orunginaikka vendum.),हमें अपने कॉर्पोरेट निर्णयों में विविधता और समावेशन को एकीकृत करना चाहिए। (Humein apne corporate nirnayon mein vividhta aur samaveshan ko ekikrit karna chahiye.)
Day 171,Advanced,Maintaining professional objectivity is essential for effective mediation.,பயனுள்ள சமரசத்திற்குத் தொழில்முறை புறநிலைத்தன்மையைப் பேணுவது அவசியம். (Payanulla samarasatthirkku thozhilmurai puranilai-thannmaiyaia penuvadhu avasiyam.),प्रभावी मध्यस्थता (मिडिएशन) के लिए पेशेवर निष्पक्षता बनाए रखना आवश्यक है। (Prabhavi madhyastha ke liye peshevar nishpakshata banaye rakhna aavashyak hai.)
Day 171,Advanced,We must advocate for the universal recognition of human rights in all countries.,அனைத்து நாடுகளிலும் மனித உரிமைகளுக்கான உலகளாவிய அங்கீகாரத்திற்காக நாம் வாதிட வேண்டும். (Anaittu naadugallillum manidha urimaigalukkana ulagalaaviya angeegaarat-thirkkaaga naam vaadhida vendum.),हमें सभी देशों में मानवाधिकारों की सार्वभौमिक मान्यता की वकालत करनी चाहिए। (Humein sabhi deshon mein manavadhikaron ki sarvabhaumik manyata ki vakalat karni chahiye.)
Day 172,Advanced,Maintaining customer loyalty requires a commitment to quality and transparency.,வாடிக்கையாளர் விசுவாசத்தைத் தக்கவைக்க தரம் மற்றும் வெளிப்படைத்தன்மைக்கான அர்ப்பணிப்பு தேவை. (Vaadikkaiyalar visuvaasatthaith thakkavaikka tharam mattrum velippadaitthanmaikkaana arppanippu thevai.),ग्राहकों की वफादारी बनाए रखने के लिए गुणवत्ता और पारदर्शिता के प्रति प्रतिबद्धता की आवश्यकता होती है। (Grahakon ki vafadari banaye rakhne ke liye gunvatta aur pardarshita ke prati pratibaddhta ki aavashyakta hoti hai.)
Day 172,Advanced,Establishing a global governance framework for energy is an urgent priority.,எரிசக்திக்கான உலகளாவிய நிர்வாகக் கட்டமைப்பை உருவாக்குவது ஒரு அவசர முன்னுரிமையாகும். (Erisakthikkaana ulagalaaviya nirvaha-k kattamaippaia uruvaakkuvadhu oru avasara munnurimaiyaagum.),ऊर्जा के लिए एक वैश्विक शासन ढांचा स्थापित करना एक तत्काल प्राथमिकता है। (Oorja ke liye ek vaishvik shasan dhaancha sthapit karna ek tatkal prathmikta hai.)
Day 172,Advanced,Maintaining an open mind is essential during complex inter-cultural dialogues.,சிக்கலான கலாச்சாரங்களுக்கு இடையிலான உரையாடல்களின் போது ஒரு திறந்த மனதுடன் இருப்பது அவசியம். (Sikkalaana kalaachaarangallukkul idaiyeillaana uraiyadal-galin podhu oru thirandha manadhudan iruppadhu avasiyam.),जटिल अंतर-सांस्कृतिक संवादों के दौरान खुला दिमाग रखना आवश्यक है। (Jatil antar-sanskriti samvado ke dauran khula dimag rakhna aavashyak hai.)
Day 172,Advanced,We must prioritize the protection of biodiversity in our urban planning projects.,எங்களது நகர்ப்புறத் திட்டமிடல் திட்டங்களில் பல்லுயிர் பாதுகாப்பிற்கு முன்னுரிமை அளிக்க வேண்டும். (Engaladhu nagarppurath thittamidal thittangalil palluyir paadhukaappirkku munnurimai alikka vendum.),हमें अपनी शहरी नियोजन परियोजनाओं में जैव विविधता के संरक्षण को प्राथमिकता देनी चाहिए। (Humein apni shahri niyojan pariyojnaon mein jaiv vividhta ke sanrakshan ko prathmikta deni chahiye.)
Day 172,Advanced,Maintaining professional integrity is non-negotiable for leadership roles.,தலைமைத்துவப் பொறுப்புகளுக்குத் தொழில்முறை நேர்மையைப் பேணுவது என்பது சமரசத்திற்கு அப்பாற்பட்டது. (Thalaimaitthuvap poruppugallukkut thozhilmurai nerminai penuvadhu enbadhu samarasatthirkku appaarppattadhu.),नेतृत्व भूमिकाओं के लिए पेशेवर ईमानदारी बनाए रखना गैर-परक्राम्य है। (Netritva bhoomikaon ke liye peshevar imandari banaye rakhna gair-parakramya hai.)
Day 173,Advanced,The strategic alignment will enhance our collective organizational efficiency.,மூலோபாய சீரமைப்பு எங்களது கூட்டு நிறுவனத் திறனை மேம்படுத்தும். (Moolobaya seirammaippu engaladhu koottu niruvana thiranaia mempadutthum.),रणनीतिक तालमेल हमारी सामूहिक संगठनात्मक दक्षता को बढ़ाएगा। (Rannaitik taalmel hamari samoohik sangathanatmak dakshata ko badhayega.)
Day 173,Advanced,We must integrate ethical considerations into our corporate social responsibility.,எங்களது கார்ப்பரேட் சமூகப் பொறுப்பில் நெறிமுறை சார்ந்த கருத்துக்களை நாம் ஒருங்கிணைக்க வேண்டும். (Engaladhu corporate samoogap poruppil nerimurai saarndha karutthukkalaia naam orunginaikka vendum.),हमें अपनी कॉर्पोरेट सामाजिक जिम्मेदारी में नैतिक विचारों को एकीकृत करना चाहिए। (Humein apni corporate samajik zimmedari mein naitik vicharon ko ekikrit karna chahiye.)
Day 173,Advanced,Maintaining operational continuity is paramount for successful mergers.,வெற்றிகரமான இணைப்புகளுக்குச் செயல்பாட்டுத் தொடர்ச்சியைப் பேணுவது மிக முக்கியமானது. (Vettrigaramaana inaippugallukkuch seyalpaattu thodarchiyaia penuvadhu miga mukkiyamaanadhu.),सफल विलय (मर्जर) के लिए परिचालन निरंतरता बनाए रखना सर्वोपरि है। (Safal vilay ke liye parichalan nirantarata banaye rakhna sarvopari hai.)
Day 173,Advanced,We must navigate the legal complexities of global trade with expert guidance.,உலகளாவிய வர்த்தகத்தின் சட்டச் சிக்கல்களை நிபுணர்களின் வழிகாட்டுதலுடன் நாம் கையாள வேண்டும். (Ulagalaaviya varthagatthin satta-ch chikkalgalaia nipunar-gallin vazhikaattudhuludan naam kaiyaala vendum.),हमें विशेषज्ञ मार्गदर्शन के साथ वैश्विक व्यापार की कानूनी जटिलताओं को नेविगेट करना चाहिए। (Humein visheshagya maargdarshan ke saath vaishvik vyapar ki kanooni jatiltayon ko navigate karna chahiye.)
Day 173,Advanced,Establishing a sustainable business model requires a focus on long-term goals.,ஒரு நிலையான வணிக மாதிரியை உருவாக்குவதற்கு நீண்ட கால இலக்குகளில் கவனம் தேவை. (Oru nilaiyaana vaniga maadhiriyaia uruvaakkuvadharkku neenda kaala ilakkugallil kavanam thevai.),एक स्थायी व्यवसाय मॉडल स्थापित करने के लिए दीर्घकालिक लक्ष्यों पर ध्यान केंद्रित करने की आवश्यकता होती है। (Ek sthayi vyavasay model sthapit karne ke liye deerghkalik lakshyon par dhyan kendrit karne ki avashyakta hoti hai.)