Day,Level,English,Tamil,Hindi
Day 1,Intermediate,I will call you as soon as I reach the office.,நான் அலுவலகம் சென்றடைந்தவுடன் உங்களை அழைக்கிறேன். (Naan aluvalagam sendradaindhavudan ungalai azhaikkiren.),मैं ऑफिस पहुँचते ही आपको कॉल करूँगा। (Main office pahunchte hi aapko call karunga.)
Day 1,Intermediate,Do you know how to solve this problem?,இந்தச் சிக்கலை எப்படித் தீர்ப்பது என்று உங்களுக்குத் தெரியுமா? (Indhach chikkalai eppadi theerppadhu endru ungalukku theriyauma?),क्या आप जानते हैं कि इस समस्या को कैसे हल किया जाए? (Kya aap jaante hain ki is samasya ko kaise hal kiya jaye?)
Day 1,Intermediate,I have been waiting for the bus for twenty minutes.,நான் இருபது நிமிடங்களாகப் பேருந்துக்காகக் காத்திருக்கிறேன். (Naan irubadhu nimidangalaagap perundhukkaagak kaathirukkiren.),मैं बीस मिनट से बस का इंतज़ार कर रहा हूँ। (Main bees minute se bus ka intezaar kar raha hoon.)
Day 1,Intermediate,She told me that she would come tomorrow.,அவள் நாளை வருவதாக என்னிடம் சொன்னாள். (Aval naalai varuvadhaga ennidam sonnaal.),उसने मुझसे कहा था कि वह कल आएगी। (Usne mujhse kaha tha ki wah kal aayegi.)
Day 1,Intermediate,It is better to start early to avoid traffic.,போக்குவரத்தைத் தவிர்க்க சீக்கிரமாகத் தொடங்குவது நல்லது. (Pokkuvaraththaith thavirkka seekkiramaagath thodanguvadhu nalladhu.),ट्रैफिक से बचने के लिए जल्दी निकलना बेहतर है। (Traffic se bachne ke liye jaldi nikalna behtar hai.)
Day 2,Intermediate,I am looking for a job in the marketing sector.,நான் சந்தைப்படுத்தல் துறையில் வேலை தேடிக்கொண்டிருக்கிறேன். (Naan sandhaipaduthal thuraiyil velai thedikkondirukkiren.),मैं मार्केटिंग क्षेत्र में नौकरी की तलाश कर रहा हूँ। (Main marketing kshetra mein naukri ki talaash kar raha hoon.)
Day 2,Intermediate,Could you please repeat what you just said?,நீங்கள் இப்போது சொன்னதை மீண்டும் சொல்ல முடியுமா? (Neengal ippodhu sonnadha meendum solla mudiyuma?),क्या आप कृपया दोहरा सकते हैं जो आपने अभी कहा? (Kya aap kripya dohra sakte hain jo aapne abhi kaha?)
Day 2,Intermediate,I prefer tea over coffee in the mornings.,காலை நேரங்களில் நான் காபியை விட தேநீரையே விரும்புகிறேன். (Kaalai nerangalil naan cafiyai vida theneerayai virumbugiren.),मैं सुबह कॉफी के बजाय चाय पसंद करता हूँ। (Main subah coffee ke bajaye chai pasand karta hoon.)
Day 2,Intermediate,We should plan a trip during the summer holidays.,கோடை விடுமுறையில் நாம் ஒரு பயணத்தைத் திட்டமிட வேண்டும். (Kodai vidumuraiyil naam oru payanaththaith thittamida vendum.),हमें गर्मियों की छुट्टियों में एक यात्रा की योजना बनानी चाहिए। (Humein garmiyon ki chhuttiyon mein ek yaatra ki yojna banani chahiye.)
Day 2,Intermediate,He is very good at playing the guitar.,அவர் கிட்டார் வாசிப்பதில் மிகவும் திறமையானவர். (Avar guitar vaasippadhil migavum thiramaiyaanavar.),वह गिटार बजाने में बहुत अच्छा है। (Wah guitar bajane mein bahut accha hai.)
Day 3,Intermediate,I have already completed my homework for today.,இன்றைய வீட்டுப்பாடத்தை நான் ஏற்கனவே முடித்துவிட்டேன். (Indraya veettuppaadathai naan erkanavay mudithuvitten.),मैंने आज का होमवर्क पहले ही पूरा कर लिया है। (Maine aaj ka homework pehle hi poora kar liya hai.)
Day 3,Intermediate,It was raining so heavily that we stayed indoors.,மழை மிக பலமாகப் பெய்ததால் நாங்கள் வீட்டிற்குள்ளேயே இருந்தோம். (Mazhai miga balamaagap peidhadhaal naangal veettukkullayay irundhoam.),इतनी तेज़ बारिश हो रही थी कि हम घर के अंदर ही रहे। (Itni tez baarish ho rahi thi ki hum ghar ke andar hi rahe.)
Day 3,Intermediate,Can you tell me the way to the nearest hospital?,அருகிலுள்ள மருத்துவமனைக்குச் செல்லும் வழியைச் சொல்ல முடியுமா? (Arugilulla maruthuvamanaikkuch sellum vazhiyaich solla mudiyuma?),क्या आप मुझे पास के अस्पताल का रास्ता बता सकते हैं? (Kya aap mujhe paas ke aspataal ka raasta bata sakte hain?)
Day 3,Intermediate,I haven't seen my cousins for a long time.,நான் நீண்ட நாட்களாக என் உறவினர்களைப் பார்க்கவில்லை. (Naan neenda naatkalaaga en uravinargalaip paarkkavillai.),मैंने लंबे समय से अपने चचेरे भाइयों को नहीं देखा है। (Maine lambe samay se apne chachere bhaiyon ko nahi dekha hai.)
Day 3,Intermediate,Please make sure to turn off the lights before leaving.,கிளம்பும் முன் விளக்குகளை அணைப்பதை உறுதி செய்யவும். (Kilambum mun vilakkugalai anaippadhai urudhi seiyavum.),कृपया जाने से पहले लाइट बंद करना सुनिश्चित करें। (Kripya jaane se pehle light band karna sunishchit karen.)
Day 4,Intermediate,I am not sure if I can attend the meeting.,என்னால் கூட்டத்தில் கலந்து கொள்ள முடியுமா என்று தெரியவில்லை. (Ennaal koottathil kalandhu kolla mudiyuma endru theriya villai.),मुझे यकीन नहीं है कि मैं मीटिंग में शामिल हो पाऊंगा या नहीं। (Mujhe yakeen nahi hai ki main meeting mein shaamil ho paunga ya nahi.)
Day 4,Intermediate,The movie was much better than I expected.,படம் நான் எதிர்பார்த்ததை விட மிகவும் சிறப்பாக இருந்தது. (Padam naan edhirpaarthadhai vida migavum sirappaaga irundhadhu.),फिल्म मेरी उम्मीद से कहीं बेहतर थी। (Film meri ummeed se kahin behtar thi.)
Day 4,Intermediate,You need to practice regularly to improve your English.,உங்கள் ஆங்கிலத்தை மேம்படுத்த நீங்கள் வழக்கமாகப் பயிற்சி செய்ய வேண்டும். (Ungal aangilathai mempadutha neengal vazhakkamaagap payirchi seiya vendum.),अपनी अंग्रेजी सुधारने के लिए आपको नियमित रूप से अभ्यास करने की आवश्यकता है। (Apni angrezi sudhaarne ke liye aapko niyamit roop se abhyas karne ki aavashyakta hai.)
Day 4,Intermediate,I forgot to bring my wallet today.,நான் இன்று என் பணப்பையை எடுத்து வர மறந்துவிட்டேன். (Naan indru en panappaiyai eduthu vara marandhuvitten.),मैं आज अपना बटुआ लाना भूल गया। (Main aaj apna batua laana bhool gaya.)
Day 4,Intermediate,Does this bus go to the city center?,இந்தப் பேருந்து நகரின் மையப்பகுதிக்குச் செல்லுமா? (Indhap perundhu nagarin maiyap-pagudhikkuch selluma?),क्या यह बस शहर के बीचों-बीच जाती है? (Kya yeh bus shehar ke beechon-beech jaati hai?)
Day 5,Intermediate,I am going to buy some groceries this evening.,நான் இன்று மாலை சில மளிகைப் பொருட்களை வாங்கப் போகிறேன். (Naan indru maalai sila maligaip porutkalaivaanga pogiren.),मैं आज शाम कुछ किराने का सामान खरीदने जा रहा हूँ। (Main aaj shaam kuch kirane ka saamaan khareedne ja raha hoon.)
Day 5,Intermediate,He has lived in this city for more than ten years.,அவர் பத்து ஆண்டுகளுக்கும் மேலாக இந்த நகரத்தில் வசிக்கிறார். (Avar pathu aandugalukkum melaaga indha nagarathil vasikkiraar.),वह दस साल से ज्यादा समय से इस शहर में रह रहे हैं। (Wah das saal se zyada samay se is shehar mein reh rahe hain.)
Day 5,Intermediate,Can you lend me your umbrella for a while?,உங்கள் குடையைச் சிறிது நேரம் எனக்குக் கடன் கொடுக்க முடியுமா? (Ungal kudaiyaich siridhu neram enakku kadan kodukka mudiyuma?),क्या आप मुझे थोड़ी देर के लिए अपना छाता उधार दे सकते हैं? (Kya aap mujhe thodi der ke liye apna chhaata udhaar de sakte hain?)
Day 5,Intermediate,My sister is preparing for her final examinations.,என் சகோதரி தனது இறுதித் தேர்வுகளுக்குத் தயாராகிக் கொண்டிருக்கிறாள். (En sagodhari thanadhu irudhi thervugalukkuth thayaaraagik kondirukkiraal.),मेरी बहन अपनी अंतिम परीक्षाओं की तैयारी कर रही है। (Meri behen apni antim parikshayon ki taiyari kar rahi hai.)
Day 5,Intermediate,I will let you know once I receive the documents.,ஆவணங்கள் கிடைத்தவுடன் உங்களுக்குத் தெரிவிக்கிறேன். (Aavannangal kidaithavudan ungalukkuth thervikkiren.),दस्तावेज़ मिलने पर मैं आपको सूचित करूँगा। (Dastawez milne par main aapko soochit karunga.)
Day 6,Intermediate,It takes about forty minutes to get there by train.,ரயிலில் அங்கு செல்ல சுமார் நாற்பது நிமிடங்கள் ஆகும். (Rail-il angu sella sumaar naarpadhu nimidangal aagum.),ट्रेन से वहां पहुंचने में लगभग चालीस मिनट लगते हैं। (Train se wahan pahunchne mein lagbhag chalis minute lagte hain.)
Day 6,Intermediate,I would like to book a table for four people.,நான் நான்கு பேருக்கு ஒரு மேஜையை முன்பதிவு செய்ய விரும்புகிறேன். (Naan naangu perukku oru mejaiyai munpadhivu seiya virumbugiren.),मैं चार लोगों के लिए एक टेबल बुक करना चाहता हूँ। (Main chaar logon ke liye ek table book karna chahta hoon.)
Day 6,Intermediate,Have you ever visited the Taj Mahal?,நீங்கள் எப்போதாவது தாஜ்மஹாலைப் பார்த்திருக்கிறீர்களா? (Neengal eppozhudhavadhu Taj Mahal-ai paarththirukkireergala?),क्या आपने कभी ताजमहल देखा है? (Kya aapne kabhi Taj Mahal dekha hai?)
Day 6,Intermediate,"I am not feeling very well today, so I might stay home.","இன்று எனக்கு உடல்நிலை சரியில்லை, அதனால் நான் வீட்டிலேயே இருக்கலாம். (Indru enakku udalnilai sariyillai, adhalaal naan veettilayay irukkalaam.)","मेरी आज तबीयत ठीक नहीं है, इसलिए शायद मैं घर पर ही रहूँ। (Meri aaj tabiyat theek nahi hai, isliye shayad main ghar par hi rahoon.)"
Day 6,Intermediate,We should try that new Italian restaurant soon.,நாம் விரைவில் அந்தப் புதிய இத்தாலிய உணவகத்தைச் சென்று பார்க்க வேண்டும். (Naam viraivil andhap pudhiya Italian unavagathaich sendru paarkka vendum.),हमें जल्द ही उस नए इतालवी रेस्तरां को आज़माना चाहिए। (Humein jald hi us naye itaalvi restaran ko aazmaana chahiye.)
Day 7,Intermediate,I was surprised to see him at the party last night.,நேற்றிரவு விருந்தில் அவரைப் பார்த்தபோது நான் ஆச்சரியப்பட்டேன். (Netriravu virundhil avaraip paarthapoadhu naan aachariyappatten.),कल रात पार्टी में उन्हें देखकर मैं हैरान रह गया। (Kal raat party mein unhein dekhkar main hairan reh gaya.)
Day 7,Intermediate,She is more interested in science than in arts.,அவளுக்குக் கலைகளை விட அறிவியலில் அதிக ஆர்வம் உள்ளது. (Avalukkuk kalaigalai vida ariviyali adhigam aarvam ulladhu.),उसे कला के बजाय विज्ञान में अधिक रुचि है। (Use kala ke bajaye vigyan mein adhik ruchi hai.)
Day 7,Intermediate,I'll be waiting for you at the entrance of the mall.,மாலின் நுழைவாயிலில் நான் உங்களுக்காகக் காத்திருப்பேன். (Mall-in nuzhaivaayilil naan ungalukkaagak kaathiruppen.),मैं मॉल के प्रवेश द्वार पर आपका इंतज़ार करूँगा। (Main mall ke pravesh dwar par aapka intezaar karunga.)
Day 7,Intermediate,Could you help me carry these heavy bags?,இந்த கனமான பைகளைத் தூக்க எனக்கு உதவ முடியுமா? (Indha kanamaana paigalaith thookka enakku udhava mudiyuma?),क्या आप इन भारी बैगों को उठाने में मेरी मदद कर सकते हैं? (Kya aap in bhaari bagon ko uthane mein meri madad kar sakte hain?)
Day 7,Intermediate,I think it's going to clear up later this afternoon.,இன்று மதியம் வானம் தெளிவாகும் என்று நினைக்கிறேன். (Indru madhiyam vaanam thelivaagum endru ninaikkiren.),मुझे लगता है कि आज दोपहर बाद मौसम साफ हो जाएगा। (Mujhe lagta hai ki aaj dopahar baad mausam saaf ho jayega.)
Day 8,Intermediate,I didn't mean to hurt your feelings.,உங்கள் உணர்வுகளைப் புண்படுத்த வேண்டும் என்பது என் எண்ணமல்ல. (Ungal unarvugalaip punpaduththa vendum enbadhu en ennamalla.),मेरा इरादा आपकी भावनाओं को ठेस पहुँचाने का नहीं था। (Mera irada aapki bhaavnaon ko thes pahunchane ka nahi tha.)
Day 8,Intermediate,We need to discuss the details of the project.,நாம் திட்டத்தின் விவரங்களைப் பற்றி விவாதிக்க வேண்டும். (Naam thittathin vivarangalaip pattri vivaadhikka vendum.),हमें प्रोजेक्ट के विवरण पर चर्चा करने की आवश्यकता है। (Humein project ke vivran par charcha karne ki aavashyakta hai.)
Day 8,Intermediate,It has been a pleasure meeting you today.,இன்று உங்களைச் சந்தித்தது மகிழ்ச்சி அளிக்கிறது. (Indru ungalai sandhithadhu magizhchi alikkiradhu.),आज आपसे मिलकर खुशी हुई। (Aaj aapse milkar khushi hui.)
Day 8,Intermediate,I am planning to learn a new language this year.,நான் இந்த ஆண்டு ஒரு புதிய மொழியைக் கற்கத் திட்டமிட்டுள்ளேன். (Naan indha aandhu oru pudhiya mozhiyaik karkkath thittamittullen.),मैं इस साल एक नई भाषा सीखने की योजना बना रहा हूँ। (Main is saal ek nayi bhasha seekhne ki yojna bana raha hoon.)
Day 8,Intermediate,What time do you usually go to sleep?,நீங்கள் வழக்கமாக எத்தனை மணிக்குத் தூங்கச் செல்வீர்கள்? (Neengal vazhakkamaaga eththanai manikkuth thoongach selveergal?),आप आमतौर पर कितने बजे सोने जाते हैं? (Aap aamtor par kitne baje sone jaate hain?)
Day 9,Intermediate,I'll give you a discount if you buy two of these.,நீங்கள் இதில் இரண்டை வாங்கினால் நான் உங்களுக்குத் தள்ளுபடி தருவேன். (Neengal idhil irandai vaanginaal naan ungalukkuth thallubadi tharuven.),अगर आप इनमें से दो खरीदते हैं तो मैं आपको छूट दूँगा। (Agar aap inmein se do khareedte hain toh main aapko chhoot doonga.)
Day 9,Intermediate,He asked me if I knew where the post office was.,தபால் நிலையம் எங்கே இருக்கிறது என்று எனக்குத் தெரியுமா என்று அவர் கேட்டார். (Thabaal nilaiyam engay irukkiradhu endru enakkuth theriyauma endru avar kettar.),उन्होंने मुझसे पूछा कि क्या मुझे पता है कि डाकघर कहाँ है। (Unhone mujhse poocha ki kya mujhe pata hai ki dakghar kahan hai.)
Day 9,Intermediate,I am really looking forward to the weekend.,நான் வார இறுதியை மிகவும் ஆவலுடன் எதிர்பார்க்கிறேன். (Naan vaara irudhiyai migavum aavaludan edhirpaarkkiren.),मैं वास्तव में वीकेंड का इंतज़ार कर रहा हूँ। (Main vaastav mein weekend ka intezaar kar raha hoon.)
Day 9,Intermediate,It's important to keep your password secret.,உங்கள் கடவுச்சொல்லை ரகசியமாக வைத்திருப்பது முக்கியம். (Ungal kadavuchollai ragasiyamaaga vaithiruppadhu mukkiyam.),अपना पासवर्ड गुप्त रखना महत्वपूर्ण है। (Apna password gupt rakhna mahatvapoorn hai.)
Day 9,Intermediate,I haven't decided which car to buy yet.,எந்த காரை வாங்குவது என்று நான் இன்னும் முடிவு செய்யவில்லை. (Endha car-ai vaanguvadhu endru naan innum mudivu seiyavillai.),मैंने अभी तक तय नहीं किया है कि कौन सी कार खरीदनी है। (Maine abhi tak tay nahi kiya hai ki kaun si car khareedni hai.)
Day 10,Intermediate,Could you please show me how to use this machine?,இந்த இயந்திரத்தை எப்படிப் பயன்படுத்துவது என்று எனக்குக் காட்ட முடியுமா? (Indha iyandhirathai eppadip payanpaduthuvadhul endru enakkuk kaatta mudiyuma?),क्या आप कृपया मुझे दिखा सकते हैं कि इस मशीन का उपयोग कैसे करें? (Kya aap kripya mujhe dikha sakte hain ki is machine ka upyog kaise karen?)
Day 10,Intermediate,I am going to have my hair cut tomorrow.,நான் நாளை எனது தலைமுடியை வெட்டப் போகிறேன். (Naan naalai enadhu thalamudiyai vetta pogiren.),मैं कल अपने बाल कटवाने जा रहा हूँ। (Main kal apne baal katwane ja raha hoon.)
Day 10,Intermediate,"We have run out of milk, so I need to go to the store.","பால் தீர்ந்துவிட்டது, அதனால் நான் கடைக்குச் செல்ல வேண்டும். (Paal theerndhuvittadhu, adhalaal naan kadaikkuch sella vendum.)","दूध खत्म हो गया है, इसलिए मुझे दुकान पर जाना होगा। (Doodh khatam ho gaya hai, isliye mujhe dukaan par jaana hoga.)"
Day 10,Intermediate,I don't think I have met your brother before.,இதற்கு முன்பு நான் உங்கள் சகோதரரைச் சந்தித்ததாகத் தெரியவில்லை. (Idharku munbu naan ungal sagodhararaich sandhithadhaagath theriya villai.),मुझे नहीं लगता कि मैं आपके भाई से पहले मिला हूँ। (Mujhe nahi lagta ki main aapke bhai se pehle mila hoon.)
Day 10,Intermediate,She has been working as a teacher for five years.,அவர் ஐந்து ஆண்டுகளாக ஆசிரியராகப் பணியாற்றி வருகிறார். (Avar aindhu aandugalaaga aasiriyaraagap paniyaatri varugiraar.),वह पांच साल से शिक्षिका के रूप में काम कर रही हैं। (Wah paanch saal se shikshika ke roop mein kaam kar rahi hain.)
Day 11,Intermediate,"I'll be back in a few minutes, so please wait here.","நான் சில நிமிடங்களில் திரும்பி விடுவேன், அதனால் தயவுசெய்து இங்கே காத்திருங்கள். (Naan sila nimidangalil thirumbi viduven, adhalal thayavuseidhu ingay kaathirungal.)","मैं कुछ ही मिनटों में वापस आऊंगा, इसलिए कृपया यहीं रुकें। (Main kuch hi minto mein waapas aaunga, isliye kripya yahin rukein.)"
Day 11,Intermediate,Do you have any plans for the upcoming weekend?,வரும் வார இறுதிக்கு உங்களிடம் ஏதேனும் திட்டங்கள் உள்ளதா? (Varum vaara irudhikkku ungalidam edhenum thittangal ulladha?),क्या आने वाले वीकेंड के लिए आपकी कोई योजना है? (Kya aane waale weekend ke liye aapki koi yojna hai?)
Day 11,Intermediate,I am not sure if this is the right way to the mall.,மாலுக்குச் செல்ல இதுதான் சரியான வழி என்று எனக்குத் தெரியவில்லை. (Mall-ukkuch sella idhudhaan sariyaana vazhi endru enakku theriyavillai.),मुझे यकीन नहीं है कि मॉल जाने का यह सही रास्ता है। (Mujhe yakeen nahi hai ki mall jaane ka yeh sahi raasta hai.)
Day 11,Intermediate,He told me that he had already finished the report.,அவர் ஏற்கனவே அறிக்கையை முடித்துவிட்டதாக என்னிடம் சொன்னார். (Avar erkanave arikkaiyai mudithuvittadhaga ennidam sonnar.),उन्होंने मुझसे कहा कि उन्होंने रिपोर्ट पहले ही पूरी कर ली है। (Unhone mujhse kaha ki unhone report pehle hi poori kar li hai.)
Day 11,Intermediate,We should take a umbrella in case it rains later.,பிறகு மழை பெய்தால் பயன்படுத்த நாம் ஒரு குடையை எடுத்துச் செல்ல வேண்டும். (Piragu mazhai peidhal payanpaduththa naam oru kudaiyai eduthuch sella vendum.),"हमें छाता साथ रखना चाहिए, कहीं बाद में बारिश न हो जाए। (Humein chhaata saath rakhna chahiye, kahin baad mein baarish na ho jaye.)"
Day 12,Intermediate,I am looking forward to meeting your family.,உங்கள் குடும்பத்தினரைச் சந்திக்க நான் ஆவலுடன் காத்திருக்கிறேன். (Ungal kudumbathinarai sandhikka naan aavaludan kaathirukkiren.),मैं आपके परिवार से मिलने के लिए उत्सुक हूँ। (Main aapke parivaar se milne ke liye utsuk hoon.)
Day 12,Intermediate,Could you please explain how this app works?,இந்தச் செயலி எப்படி வேலை செய்கிறது என்று விளக்க முடியுமா? (Indha seiyali eppadi velai seigiradhu endru vilakka mudiyuma?),क्या आप कृपया समझा सकते हैं कि यह ऐप कैसे काम करता है? (Kya aap kripya samjha sakte hain ki yeh app kaise kaam karta hai?)
Day 12,Intermediate,It is much colder today than it was yesterday.,நேற்று இருந்ததை விட இன்று குளிர் அதிகமாக உள்ளது. (Netru irundhadhai vida indru kulir adhigamaaga ulladhu.),कल की तुलना में आज बहुत ज्यादा ठंड है। (Kal ki tulna mein aaj bahut zyada thand hai.)
Day 12,Intermediate,I have been trying to call you since this morning.,நான் இன்று காலையிலிருந்து உங்களை அழைக்க முயற்சி செய்கிறேன். (Naan indru kaalaiyil-irundhu ungalai azhaikka muyarchi seigiren.),मैं आज सुबह से आपको कॉल करने की कोशिश कर रहा हूँ। (Main aaj subah se aapko call karne ki koshish kar raha hoon.)
Day 12,Intermediate,Please remind me to buy milk on our way home.,வீட்டிற்குச் செல்லும் வழியில் பால் வாங்க எனக்கு நினைவுபடுத்துங்கள். (Veettukkuch sellum vazhiyil paal vaanga enakku ninaivupaduthungal.),कृपया घर जाते समय मुझे दूध खरीदने की याद दिलाना। (Kripya ghar jaate samay mujhe doodh khareedne ki yaad dilana.)
Day 13,Intermediate,I don't think I can make it to the party tonight.,இன்று இரவு என்னால் விருந்துக்கு வர முடியும் என்று தோன்றவில்லை. (Indru iravu ennal virundhukku vara mudiyum endru thondravillai.),मुझे नहीं लगता कि मैं आज रात पार्टी में आ पाऊंगा। (Mujhe nahi lagta ki main aaj raat party mein aa paunga.)
Day 13,Intermediate,She speaks English fluently because she lived in London.,அவர் லண்டனில் வசித்ததால் ஆங்கிலம் சரளமாகப் பேசுகிறார். (Avar London-il vasithadhal aangilam saralamaaga pesugirar.),वह धाराप्रवाह अंग्रेजी बोलती है क्योंकि वह लंदन में रहती थी। (Wah dhaarapravaah angrezi bolti hai kyunki wah London mein rehti thi.)
Day 13,Intermediate,We need to find a way to reduce our monthly expenses.,நமது மாதச் செலவுகளைக் குறைக்க ஒரு வழியைக் கண்டறிய வேண்டும். (Namadhu maadha selavugalaik kuraikka oru vazhiyaik kandariya vendum.),हमें अपने मासिक खर्चों को कम करने का तरीका खोजना होगा। (Humein apne maasik kharchon ko kam karne ka tareeka khojna hoga.)
Day 13,Intermediate,I'll let you know as soon as I get the results.,முடிவுகள் கிடைத்தவுடன் உங்களுக்குத் தெரிவிக்கிறேன். (Mudivugal kidaithavudan ungalukkuth therivikkiren.),"जैसे ही मुझे परिणाम मिलेंगे, मैं आपको बताऊंगा। (Jaise hi mujhe parinaam milenge, main aapko bataunga.)"
Day 13,Intermediate,You should try to get at least eight hours of sleep.,நீங்கள் குறைந்தபட்சம் எட்டு மணிநேரம் தூங்க முயற்சிக்க வேண்டும். (Neengal kurindhapatcham ettu manineram thoonga muyarchikka vendum.),आपको कम से कम आठ घंटे की नींद लेने की कोशिश करनी चाहिए। (Aapko kam se कम aath ghante ki neend lene ki koshish karni chahiye.)
Day 14,Intermediate,I'm thinking of starting a small business online.,நான் ஆன்லைனில் ஒரு சிறிய தொழிலைத் தொடங்க நினைக்கிறேன். (Naan online-il oru siriya thozhilai thodanga ninaikkiren.),मैं ऑनलाइन एक छोटा व्यवसाय शुरू करने की सोच रहा हूँ। (Main online ek chhota vyavsay shuru karne ki soch raha hoon.)
Day 14,Intermediate,Do you have any recommendations for a good book?,நல்ல புத்தகத்தைப் படிக்க ஏதேனும் பரிந்துரை உங்களிடம் உள்ளதா? (Nalla puthagaththaip padikka edhenum parindhurai ungalidam ulladha?),क्या आपके पास किसी अच्छी किताब के लिए कोई सुझाव है? (Kya aapke paas kisi acchi kitaab ke liye koi sujhaav hai?)
Day 14,Intermediate,I am sorry for being late; there was a lot of traffic.,தாமதத்திற்கு மன்னிக்கவும்; போக்குவரத்து அதிகமாக இருந்தது. (Thaamadhathirku mannikkavum; pokkuvarathu adhigamaaga irundhadhu.),देर से आने के लिए क्षमा करें; ट्रैफिक बहुत ज्यादा था। (Der se aane ke liye kshama karen; traffic bahut zyada tha.)
Day 14,Intermediate,"My phone is almost out of battery, so I'll be quick.","என் போனில் சார்ஜ் முடியப்போகிறது, அதனால் நான் சீக்கிரம் பேசி முடிக்கிறேன். (En phone-il charge mudiyappogiradhu, adhalal naan seekkiram pesi mudikkiren.)","मेरे फोन की बैटरी लगभग खत्म हो गई है, इसलिए मैं जल्दी बात करूँगा। (Mere phone ki battery lagbhag khatam ho gayi hai, isliye main jaldi baat karunga.)"
Day 14,Intermediate,It takes about an hour to drive to the airport.,விமான நிலையத்திற்கு வாகனத்தில் செல்ல சுமார் ஒரு மணி நேரம் ஆகும். (Vimaana nilaiyathirku vaahanathil sella sumaar oru mani neram aagum.),हवाई अड्डे तक गाड़ी से जाने में लगभग एक घंटा लगता है। (Hawai adde tak gaadi se jaane mein lagbhag ek ghanta lagta hai.)
Day 15,Intermediate,I have decided to take a short break from social media.,சமூக ஊடகங்களில் இருந்து ஒரு சிறிய இடைவெளி எடுக்க முடிவு செய்துள்ளேன். (Samuga oodagangalil irundhu oru siriya idaiveli edukka mudivu seithullen.),मैंने सोशल मीडिया से एक छोटा ब्रेक लेने का फैसला किया है। (Maine social media se ek chhota break lene ka faisla kiya hai.)
Day 15,Intermediate,Could you tell me where the nearest pharmacy is?,அருகிலுள்ள மருந்தகம் எங்கே இருக்கிறது என்று சொல்ல முடியுமா? (Arugilulla marundhagam engay irukkiradhu endru solla mudiyuma?),क्या आप मुझे बता सकते हैं कि पास की फार्मेसी कहाँ है? (Kya aap mujhe bata sakte hain ki paas ki pharmacy kahan hai?)
Day 15,Intermediate,I'm not used to waking up so early in the morning.,எனக்கு அதிகாலையில் இவ்வளவு சீக்கிரம் எழுந்து பழக்கமில்லை. (Enakku adhikaalaiyil ivvalavu seekkiram ezhundhu palakkamillai.),मुझे सुबह इतनी जल्दी उठने की आदत नहीं है। (Mujhe subah itni jaldi uthne ki aadat nahi hai.)
Day 15,Intermediate,She has been studying very hard for her entrance exams.,அவர் தனது நுழைவுத் தேர்வுகளுக்காக மிகவும் கடினமாகப் படித்து வருகிறார். (Avar thanadhu nuzhaivu thervugalkkaaga migavum kadinamaagap padithu varugirar.),वह अपनी प्रवेश परीक्षा के लिए बहुत मेहनत से पढ़ाई कर रही है। (Wah apni pravesh pariksha ke liye bahut mehnat se padhai kar रही hai.)
Day 15,Intermediate,I'll be waiting for you in front of the cinema hall.,நான் சினிமா திரையரங்கின் முன்னால் உங்களுக்காகக் காத்திருப்பேன். (Naan cinema thiraiyarangin munnal ungalukkaagak kaathiruppen.),मैं सिनेमा हॉल के सामने आपका इंतज़ार करूँगा। (Main cinema hall ke saamne aapka intezaar karunga.)
Day 16,Intermediate,I don't really like eating out every day.,எனக்கு தினமும் வெளியே சாப்பிடுவது அவ்வளவாகப் பிடிக்காது. (Enakku dhinamum veliyay saappiduvadhu avvalavaagap pidikkaadhu.),मुझे रोज बाहर खाना खाना ज्यादा पसंद नहीं है। (Mujhe roz baahar khaana khaana zyada pasand nahi hai.)
Day 16,Intermediate,How long does it take to learn how to drive a car?,கார் ஓட்டக் கற்றுக்கொள்ள எவ்வளவு காலம் ஆகும்? (Car ottak kattrukkolla evvalavu kaalam aagum?),कार चलाना सीखने में कितना समय लगता है? (Car chalana seekhne mein kitna samay lagta hai?)
Day 16,Intermediate,I forgot to bring my laptop charger to the office today.,நான் இன்று அலுவலகத்திற்கு லேப்டாப் சார்ஜரை எடுத்து வர மறந்துவிட்டேன். (Naan indru aluvalagathirku laptop charger-ai eduthu vara marandhuvitten.),मैं आज ऑफिस में अपना लैपटॉप चार्जर लाना भूल गया। (Main aaj office mein apna laptop charger laana bhool gaya.)
Day 16,Intermediate,We should definitely visit that place during our vacation.,விடுமுறையின் போது நாம் கண்டிப்பாக அந்த இடத்தைப் பார்க்க வேண்டும். (Vidumuraiyin podhu naam kandippaaga andha idaththaip paarkka vendum.),हमें अपनी छुट्टियों के दौरान उस जगह पर जरूर जाना चाहिए। (Humein apni chhuttiyon ke dauran us jagah par zaroor jaana chahiye.)
Day 16,Intermediate,He is very interested in learning about ancient history.,பண்டைய வரலாற்றைப் பற்றி அறிந்துகொள்வதில் அவர் மிகுந்த ஆர்வம் கொண்டுள்ளார். (Pandaiya varalaattraip pattri arindhukolvadhil avar migundha aarvam kondullar.),प्राचीन इतिहास के बारे में जानने में उनकी बहुत रुचि है। (Praacheen itihaas ke baare mein jaane mein unki bahut ruchi hai.)
Day 17,Intermediate,I'm not sure if I have enough time to finish this today.,இதை இன்று முடிப்பதற்கு எனக்குப் போதுமான நேரம் இருக்குமா என்று தெரியவில்லை. (Idhai indru mudippadharku enakkup podhumaana neram irukkuma endru theriyavillai.),मुझे यकीन नहीं है कि मेरे पास इसे आज पूरा करने के लिए पर्याप्त समय है या नहीं। (Mujhe yakeen nahi hai ki mere paas ise aaj poora karne ke liye paryaapt samay hai ya nahi.)
Day 17,Intermediate,Could you please send me the location on WhatsApp?,தயவுசெய்து லொகேஷனை எனக்கு வாட்ஸ்அப்பில் அனுப்ப முடியுமா? (Thayavuseidhu location-ai enakku WhatsApp-il anuppa mudiyuma?),क्या आप कृपया मुझे व्हाट्सएप पर लोकेशन भेज सकते हैं? (Kya aap kripya mujhe WhatsApp par location bhej sakte hain?)
Day 17,Intermediate,I've been meaning to call you for the past few days.,கடந்த சில நாட்களாக நான் உங்களை அழைக்க வேண்டும் என்று நினைத்துக் கொண்டிருந்தேன். (Kadhandha sila naatkalaaga naan ungalai azhaikka vendum endru ninaithuk kondirundhen.),मैं पिछले कुछ दिनों से आपको कॉल करने की सोच रहा था। (Main pichle kuch dino se aapko call karne ki soch raha tha.)
Day 17,Intermediate,Please make sure that all the windows are closed properly.,எல்லா ஜன்னல்களும் சரியாக மூடப்பட்டிருப்பதை உறுதி செய்யவும். (Ella jannalgalum sariyaaga moodappattiruppadhai urudhi seiyavum.),कृपया सुनिश्चित करें कि सभी खिड़कियां ठीक से बंद हैं। (Kripya sunishchit karen ki sabhi khidkiyaan theek se band hain.)
Day 17,Intermediate,I think it's better to postpone the meeting to next week.,கூட்டத்தை அடுத்த வாரத்திற்கு ஒத்திவைப்பது நல்லது என்று நினைக்கிறேன். (Koottathai adhutha vaarathirku oththivaippadhu nalladhu endru ninaikkiren.),मुझे लगता है कि मीटिंग को अगले हफ्ते के लिए टालना बेहतर है। (Mujhe lagta hai ki meeting ko agle hafte ke liye taalna behtar hai.)
Day 18,Intermediate,I really appreciate all the help you have given me.,நீங்கள் எனக்குச் செய்த அனைத்து உதவிகளுக்கும் நான் மிகவும் நன்றி கூறுகிறேன். (Neengal enakkuch seitha anaithu udhavigalukkum naan migavum nandri koorigiren.),"आपने मेरी जो भी मदद की है, मैं उसकी वास्तव में सराहना करता हूँ। (Aapne meri jo bhi madad ki hai, main uski vaastav mein saraahna karta hoon.)"
Day 18,Intermediate,What do you think is the best way to save money?,பணத்தைச் சேமிக்க சிறந்த வழி எது என்று நீங்கள் நினைக்கிறீர்கள்? (Panaththaich semikka sirandha vazhi edhu endru neengal ninaikkireergal?),आपके अनुसार पैसे बचाने का सबसे अच्छा तरीका क्या है? (Aapke anusar paise bachane ka sabse accha tareeka kya hai?)
Day 18,Intermediate,I prefer to watch movies with subtitles in English.,நான் ஆங்கில வசனங்களுடன் (subtitles) படங்களைப் பார்க்க விரும்புகிறேன். (Naan aangila vasanangaludan padangalaip paarkka virumbugiren.),मैं अंग्रेजी सबटाइटल्स के साथ फिल्में देखना पसंद करता हूँ। (Main angrezi subtitles ke saath filmein dekhna pasand karta hoon.)
Day 18,Intermediate,She's been feeling a bit stressed lately due to work.,வேலையினால் அவர் கடந்த சில நாட்களாகச் சோர்வாக உணர்கிறார். (Velaiyinal avar kadhandha sila naatkalaagach sorvaaga unargirar.),काम की वजह से वह पिछले कुछ समय से थोड़ा तनाव महसूस कर रही हैं। (Kaam ki wajah se wah pichle kuch samay se thoda tanaav mehsoos kar rahi hain.)
Day 18,Intermediate,I'll be there as soon as I finish my dinner.,நான் இரவு உணவை முடித்தவுடன் அங்கு வந்துவிடுவேன். (Naan iravu unavai mudithavudan angu vandhuviduven.),मैं अपना रात का खाना खत्म करते ही वहाँ पहुँच जाऊँगा। (Main apna raat ka khana khatam karte hi wahan pahunch jaunga.)
Day 19,Intermediate,I'm planning to go for a run every morning from now on.,நான் இனிமேல் தினமும் காலையில் ஓட்டப் பயிற்சி செய்யத் திட்டமிட்டுள்ளேன். (Naan inimel dhinamum kaalaiyil ottappayirchi seiya thittamittullen.),मैं अब से हर सुबह दौड़ने जाने की योजना बना रहा हूँ। (Main ab se har subah daudne jaane ki yojna bana raha hoon.)
Day 19,Intermediate,Have you ever tried any traditional South Indian dishes?,நீங்கள் எப்போதாவது பாரம்பரிய தென்னிந்திய உணவுகளைச் சாப்பிட்டுள்ளீர்களா? (Neengal eppozhudhavadhu paarambariya then-indhiya unavugalaich saappittulleergala?),क्या आपने कभी कोई पारंपरिक दक्षिण भारतीय व्यंजन आज़माया है? (Kya aapne kabhi koi paaramparik dakshin bharatiya vyanjan aazmaaya hai?)
Day 19,Intermediate,I was just about to call you when you messaged me.,நீங்கள் எனக்குச் செய்தி அனுப்பியபோது நான் உங்களை அழைக்கவிருந்தேன். (Neengal enakkuch seidhi anuppiyapodhu naan ungalai azhaikkavirundhen.),"जब आपने मुझे मैसेज किया, मैं आपको कॉल करने ही वाला था। (Jab aapne mujhe message kiya, main aapko call karne hi wala tha.)"
Day 19,Intermediate,It's not always easy to find a parking spot in this area.,இந்தப் பகுதியில் பார்க்கிங் வசதியைக் கண்டறிவது எப்போதும் எளிதல்ல. (Indhap pagudhiyil parking vasadhiyaik kandarivadhu eppodhum elidhalla.),इस इलाके में पार्किंग की जगह मिलना हमेशा आसान नहीं होता। (Is ilaake mein parking ki jagah milna hamesha aasaan nahi hota.)
Day 19,Intermediate,I don't really have a preference for any particular color.,எனக்குக் குறிப்பிட்ட நிறம் என்று எதுவும் விருப்பமில்லை. (Enakkuk kurippitta niram endru edhuvum viruppamillai.),मुझे वास्तव में किसी विशेष रंग के लिए कोई पसंद नहीं है। (Mujhe vaastav mein kisi vishesh rang ke liye koi pasand nahi hai.)
Day 20,Intermediate,I'll give you a call once I've had a chance to look at it.,அதைப் பார்க்க எனக்கு வாய்ப்பு கிடைத்தவுடன் நான் உங்களுக்கு அழைக்கிறேன். (Adhaip paarkka enakku vaaippu kidaithavudan naan ungalukku azhaikkiren.),"एक बार जब मुझे इसे देखने का मौका मिल जाएगा, तो मैं आपको कॉल करूँगा। (Ek baar jab mujhe ise dekhne ka mauka mil jayega, toh main aapko call karunga.)"
Day 20,Intermediate,What kind of music do you usually listen to when you study?,நீங்கள் படிக்கும்போது வழக்கமாக எந்த வகையான இசையைக் கேட்பீர்கள்? (Neengal padikkumpodhu vazhakkamaaga endha vagaiyaana isaiyaik ketpeergal?),पढ़ाई करते समय आप आमतौर पर किस तरह का संगीत सुनते हैं? (Padhai karte samay aap aamtor par kis tarah ka sangeet sunte hain?)
Day 20,Intermediate,I'm looking for a gift for my friend's housewarming party.,என் நண்பரின் புதுமனை புகுவிழாவிற்காக நான் ஒரு பரிசைத் தேடுகிறேன். (En nanbarin pudhumanai puguvizhaavirkkaaga naan oru parisaith thedugiren.),मैं अपने दोस्त के गृह प्रवेश की पार्टी के लिए एक उपहार ढूंढ रहा हूँ। (Main apne dost ke grih pravesh ki party ke liye ek uphaar dhoond raha hoon.)
Day 20,Intermediate,It's important to drink plenty of water throughout the day.,நாள் முழுவதும் அதிக அளவு தண்ணீர் குடிப்பது முக்கியம். (Naal muzhuvadhum adhiga alavu thanneer kudippadhu mukkiyam.),दिन भर खूब पानी पीना महत्वपूर्ण है। (Din bhar khoob paani peena mahatvapoorn hai.)
Day 20,Intermediate,I haven't had the time to go to the gym lately.,கடந்த சில நாட்களாக ஜிம்மிற்குச் செல்ல எனக்கு நேரம் கிடைக்கவில்லை. (Kadhandha sila naatkalaaga gym-irkuch sella enakku neram kidaikkavillai.),मुझे पिछले कुछ समय से जिम जाने का समय नहीं मिला है। (Mujhe pichle kuch samay se gym jaane ka samay nahi mila hai.)
Day 21,Intermediate,I am not sure if I can complete the project by the deadline.,என்னால் காலக்கெடுவுக்குள் திட்டத்தை முடிக்க முடியுமா என்று தெரியவில்லை. (Ennaal kaalakkeduvukkul thittathai mudikka mudiyuma endru theriyavillai.),मुझे यकीन नहीं है कि मैं समय सीमा तक प्रोजेक्ट पूरा कर पाऊंगा। (Mujhe yakeen nahi hai ki main samay seema tak project poora kar paunga.)
Day 21,Intermediate,Could you please let me know if there are any changes?,ஏதேனும் மாற்றங்கள் இருந்தால் தயவுசெய்து எனக்குத் தெரிவிக்க முடியுமா? (Edhenum maatrangal irundhaal thayavuseidhu enakkuth therivikka mudiyuma?),अगर कोई बदलाव हो तो क्या आप कृपया मुझे बता सकते हैं? (Agar koi badlav ho toh kya aap kripya mujhe bata sakte hain?)
Day 21,Intermediate,I have been thinking about changing my career path recently.,நான் சமீபத்தில் எனது தொழில் பாதையை மாற்றுவது பற்றி சிந்தித்து வருகிறேன். (Naan sameebathil enadhu thozhil paadhaiyai maatruvadhu pattri sindhithu varugiren.),मैं हाल ही में अपना करियर पथ बदलने के बारे में सोच रहा हूँ। (Main haal hi mein apna career path badalne ke baare mein soch raha hoon.)
Day 21,Intermediate,It is better to double-check the address before you leave.,நீங்கள் கிளம்புவதற்கு முன் முகவரியை மீண்டும் ஒருமுறை சரிபார்ப்பது நல்லது. (Neengal kilambuvadharku mun mugavariyai meendum orumurai saripaarppadhu nalladhu.),निकलने से पहले पते की दोबारा जांच कर लेना बेहतर है। (Nikalne se pehle pate ki dobara jaanch kar lena behtar hai.)
Day 21,Intermediate,She was so tired that she fell asleep during the movie.,அவள் மிகவும் சோர்வாக இருந்ததால் படத்தின் போதே தூங்கிவிட்டாள். (Aval migavum sorvaaga irundhadhaal padathin podhay thoongivittaal.),वह इतनी थकी हुई थी कि फिल्म के दौरान ही सो गई। (Wah itni thaki hui thi ki film ke dauran hi so gayi.)
Day 22,Intermediate,I would appreciate it if you could give me some feedback.,நீங்கள் எனக்கு சில கருத்துக்களை வழங்கினால் நான் அதைப் பாராட்டுவேன். (Neengal enakku sila karuthukkalaivalanginaal naan adhaip paarattuven.),अगर आप मुझे कुछ फीडबैक दे सकें तो मैं इसकी सराहना करूँगा। (Agar aap mujhe kuch feedback de sakein toh main iski saraahna karunga.)
Day 22,Intermediate,Do you have any idea how much this will cost?,இதற்காக எவ்வளவு செலவாகும் என்று உங்களுக்கு ஏதேனும் தெரியுமா? (Idharkaaga evvalavu selavaagum endru ungalukku edhenum theriyuma?),क्या आपको अंदाजा है कि इसमें कितना खर्च आएगा? (Kya aapko andaza hai ki ismein kitna kharch aayega?)
Day 22,Intermediate,I am not used to driving in such heavy rain.,இவ்வளவு பலமான மழையில் வாகனம் ஓட்டி எனக்குப் பழக்கமில்லை. (Ivvalavu balamaana mazhaiyil vaaganam otti enakkup palakkamillai.),मुझे इतनी तेज़ बारिश में गाड़ी चलाने की आदत नहीं है। (Mujhe itni tez baarish mein gaadi chalane ki aadat nahi hai.)
Day 22,Intermediate,We should definitely try to catch up sometime next week.,நாம் அடுத்த வாரம் எப்போதாவது கண்டிப்பாகச் சந்திக்க வேண்டும். (Naam adhutha vaaram eppozhudhavadhu kandippaagas sandhikka vendum.),हमें अगले हफ्ते किसी समय निश्चित रूप से मिलना चाहिए। (Humein agle hafte kisi samay nishchit roop se milna chahiye.)
Day 22,Intermediate,He seems to be very busy with his work these days.,அவர் இந்த நாட்களில் தனது வேலையில் மிகவும் பிஸியாக இருப்பதாகத் தெரிகிறது. (Avar indha naatkalil thanadhu velaiyil migavum busy-aaga iruppadhaagath therigiradhu.),ऐसा लगता है कि वह इन दिनों अपने काम में बहुत व्यस्त हैं। (Aisa lagta hai ki wah in dino apne kaam mein bahut vyast hain.)
Day 23,Intermediate,I'm looking for a place where I can learn yoga.,நான் யோகா கற்கக்கூடிய ஒரு இடத்தைத் தேடுகிறேன். (Naan yoga karkakkoodiya oru idaththaith thedugiren.),मैं ऐसी जगह ढूंढ रहा हूँ जहाँ मैं योग सीख सकूँ। (Main aisi jagah dhoond raha hoon jahan main yoga seekh sakoon.)
Day 23,Intermediate,Is there anything I can do to help you with the dinner?,இரவு உணவிற்கு உங்களுக்கு உதவ நான் ஏதேனும் செய்ய முடியுமா? (Iravu unavirku ungalukku udhava naan edhenum seiya mudiyuma?),क्या रात के खाने में आपकी मदद करने के लिए मैं कुछ कर सकता हूँ? (Kya raat ke khane mein aapki madad karne ke liye main kuch kar sakta hoon?)
Day 23,Intermediate,I haven't had a chance to read the newspaper today.,இன்று செய்தித்தாள் படிக்க எனக்கு வாய்ப்பு கிடைக்கவில்லை. (Indru seidhithaal padikka enakku vaaippu kidaikkavillai.),मुझे आज अखबार पढ़ने का मौका नहीं मिला। (Mujhe aaj akhbar padhne ka mauka nahi mila.)
Day 23,Intermediate,It takes a lot of patience to learn a musical instrument.,ஒரு இசைக் கருவியைக் கற்க மிகுந்த பொறுமை தேவை. (Oru isaik karuviyaik karkka migundha porumai thevai.),वाद्य यंत्र सीखने के लिए बहुत धैर्य की आवश्यकता होती है। (Vadya yantra seekhne ke liye bahut dhairya ki aavashyakta hoti hai.)
Day 23,Intermediate,Please make sure to lock all the doors before going to bed.,தூங்கச் செல்வதற்கு முன் அனைத்துக் கதவுகளையும் பூட்டுவதை உறுதி செய்யவும். (Thoongach selvadharku mun anaithuk kadhavugalaiyum poottuvadhai urudhi seiyavum.),कृपया सोने से पहले सभी दरवाजे बंद करना सुनिश्चित करें। (Kripya sone se pehle sabhi darwaze band karna sunishchit karen.)
Day 24,Intermediate,I was wondering if you would like to join us for lunch.,நீங்கள் எங்களுடன் மதிய உணவிற்கு வர விரும்புகிறீர்களா என்று அறிய விரும்பினேன். (Neengal engaludan madhiya unavirku vara virumbugireergala endru ariya virumbinen.),मैं सोच रहा था कि क्या आप दोपहर के भोजन के लिए हमारे साथ आना चाहेंगे। (Main soch raha tha ki kya aap dopahar ke bhojan ke liye humare saath aana chahenge.)
Day 24,Intermediate,How long have you been living in this neighborhood?,நீங்கள் இந்த சுற்றுப்புறத்தில் எவ்வளவு காலமாக வசிக்கிறீர்கள்? (Neengal indha sutruppurathil evvalavu kaalamaaga vasikkireergal?),आप इस पड़ोस में कितने समय से रह रहे हैं? (Aap is pados mein kitne samay se reh rahe hain?)
Day 24,Intermediate,I forgot to inform you about the change in plans.,திட்டங்களில் ஏற்பட்ட மாற்றத்தைப் பற்றி உங்களுக்குத் தெரிவிக்க மறந்துவிட்டேன். (Thittangalil erpatta maatratthaip pattri ungalukkuth therivikka marandhuvitten.),मैं आपको योजनाओं में बदलाव के बारे में सूचित करना भूल गया। (Main aapko yojnaon mein badlav ke baare mein soochit karna bhool gaya.)
Day 24,Intermediate,It is important to warm up before you start exercising.,உடற்பயிற்சியைத் தொடங்குவதற்கு முன் உடலைத் தயார் செய்வது (warm up) முக்கியம். (Udarpayirchiyaith thodanguvadharku mun udalhai thayaar seivadhu mukkiyam.),व्यायाम शुरू करने से पहले वार्म-अप करना महत्वपूर्ण है। (Vyayam shuru karne se pehle warm-up karna mahatvapoorn hai.)
Day 24,Intermediate,I am not really in the mood for a movie tonight.,இன்று இரவு எனக்குப் படம் பார்க்கும் மனநிலை இல்லை. (Indru iravu enakkup padam paarkkum mananilai illai.),आज रात मेरा फिल्म देखने का मूड नहीं है। (Aaj raat mera film dekhne ka mood nahi hai.)
Day 25,Intermediate,Could you please show me how to fill out this form?,இந்தப் படிவத்தை எப்படி நிரப்புவது என்று எனக்குக் காட்ட முடியுமா? (Indhap padivathai eppadi nirappuvadhu endru enakkuk kaatta mudiyuma?),क्या आप कृपया मुझे दिखा सकते हैं कि इस फॉर्म को कैसे भरें? (Kya aap kripya mujhe dikha sakte hain ki is form ko kaise bharein?)
Day 25,Intermediate,"I have already seen that movie twice, but I don't mind watching it again.","நான் ஏற்கனவே அந்தப் படத்தை இரண்டு முறை பார்த்துவிட்டேன், ஆனால் மீண்டும் பார்க்கத் தயார். (Naan erkanave andhap padathai irandu murai paarthuvitten, aanaal meendum paarkkath thayaar.)","मैंने वह फिल्म पहले ही दो बार देखी है, लेकिन मुझे इसे फिर से देखने में कोई आपत्ति नहीं है। (Maine wah film pehle hi do baar dekhi hai, lekin mujhe ise phir se dekhne mein koi aapatti nahi hai.)"
Day 25,Intermediate,My car is making a strange noise; I should take it to the mechanic.,என் காரில் ஒரு விசித்திரமான சத்தம் வருகிறது; நான் அதை மெக்கானிக்கிடம் கொண்டு செல்ல வேண்டும். (En kaaril oru visithiramaana saththam varugiradhu; naan adhai mechanic-idam kondu sella vendum.),मेरी कार से अजीब आवाज आ रही है; मुझे इसे मैकेनिक के पास ले जाना चाहिए। (Meri car se ajeeb awaaz aa rahi hai; mujhe ise mechanic ke paas le jaana chahiye.)
Day 25,Intermediate,It's much cheaper to buy vegetables at the local market.,உள்ளூர் சந்தையில் காய்கறிகளை வாங்குவது மிகவும் மலிவானது. (Ullur sandhaiyil kaaigarigalai vaanguvadhu migavum malivaanadhu.),स्थानीय बाजार में सब्जियां खरीदना बहुत सस्ता है। (Sthaaniya bazaar mein sabziyan khareedna bahut sasta hai.)
Day 25,Intermediate,I'll be waiting for your call so we can discuss further.,நாம் மேலும் விவாதிக்க உங்கள் அழைப்பிற்காக நான் காத்திருப்பேன். (Naam melum vivaadhikka ungal azhaippirkaaga naan kaathiruppen.),मैं आपके कॉल का इंतज़ार करूँगा ताकि हम आगे चर्चा कर सकें। (Main aapke call ka intezaar karunga taaki hum aage charcha kar sakein.)
Day 26,Intermediate,I am thinking of taking a few days off next month.,அடுத்த மாதம் சில நாட்கள் விடுமுறை எடுக்கலாம் என்று நினைக்கிறேன். (Adhutha maadham sila naatkal vidumurai edukkalaam endru ninaikkiren.),मैं अगले महीने कुछ दिनों की छुट्टी लेने की सोच रहा हूँ। (Main agle mahine kuch dino ki chutti lene ki soch raha hoon.)
Day 26,Intermediate,Do you know if there is a bank anywhere near here?,இந்தப் பகுதிக்கு அருகில் எங்கேனும் வங்கி இருக்கிறதா என்று உங்களுக்குத் தெரியுமா? (Indhap pagudhikkku arugil engaynum bank irukkiradha endru ungalukku theriyuma?),क्या आप जानते हैं कि यहाँ पास में कहीं कोई बैंक है? (Kya aap jaante hain ki yahan paas mein kahin koi bank hai?)
Day 26,Intermediate,"I am sorry, I didn't catch what you said.","மன்னிக்கவும், நீங்கள் சொன்னது எனக்குப் புரியவில்லை. (Mannikkavum, neengal sonnadhu enakkup puriyavillai.)","क्षमा करें, मैंने नहीं सुना कि आपने क्या कहा। (Kshama karen, maine nahi suna ki aapne kya kaha.)"
Day 26,Intermediate,"It's going to be a long day, so make sure you eat a good breakfast.","இது ஒரு நீண்ட நாளாக இருக்கப் போகிறது, அதனால் காலை உணவை நன்றாகச் சாப்பிடுங்கள். (Idhu oru neenda naalaaga irukkappogiradhu, adhalal kaalai unavai nandraga saappidungal.)","आज का दिन लंबा होने वाला है, इसलिए सुनिश्चित करें कि आप अच्छा नाश्ता करें। (Aaj ka din lamba hone wala hai, isliye sunishchit karen ki aap accha naashta karen.)"
Day 26,Intermediate,We should try to reduce the amount of plastic we use.,நாம் பயன்படுத்தும் பிளாஸ்டிக் அளவைக் குறைக்க முயற்சிக்க வேண்டும். (Naam payanpaduthum plastic alavaik kuraikka muyarchikka vendum.),हमें इस्तेमाल होने वाले प्लास्टिक की मात्रा कम करने की कोशिश करनी चाहिए। (Humein istemaal hone waale plastic ki maatra kam karne ki koshish karni chahiye.)
Day 27,Intermediate,"I have been looking for my keys everywhere, but I can't find them.","நான் என் சாவிகளை எல்லா இடங்களிலும் தேடினேன், ஆனால் கிடைக்கவில்லை. (Naan en saavigalai ella idangalilum thedinen, aanaal kidaikkavillai.)","मैं अपनी चाबियाँ हर जगह ढूंढ रहा हूँ, लेकिन मुझे वे नहीं मिल रही हैं। (Main apni chabiyaan har jagah dhoond raha hoon, lekin mujhe ve nahi mil rahi hain.)"
Day 27,Intermediate,Could you please tell me how to get to the railway station?,ரயில் நிலையத்திற்கு எப்படிச் செல்வது என்று தயவுசெய்து சொல்ல முடியுமா? (Rail nilaiyathirku eppadi selvadhu endru thayavuseidhu solla mudiyuma?),क्या आप कृपया मुझे बता सकते हैं कि रेलवे स्टेशन कैसे जाना है? (Kya aap kripya mujhe bata sakte hain ki railway station kaise jaana hai?)
Day 27,Intermediate,"I don't really have a preference, so you can choose.","எனக்குக் குறிப்பிட்ட விருப்பம் ஏதுமில்லை, அதனால் நீங்களே தேர்ந்தெடுக்கலாம். (Enakkuk kurippitta viruppam edhumillai, adhalal neengalay therdhendukkalaam.)","मेरी वास्तव में कोई पसंद नहीं है, इसलिए आप चुन सकते हैं। (Meri vaastav mein koi pasand nahi hai, isliye aap chun sakte hain.)"
Day 27,Intermediate,It's not as easy as it looks to cook this dish.,இந்தப் பதார்த்தத்தைச் சமைப்பது பார்ப்பது போல அவ்வளவு எளிதல்ல. (Indhap padhaarthathaich samaippadhu paarppadhu pola avvalavu elidhalla.),इस डिश को बनाना उतना आसान नहीं है जितना दिखता है। (Is dish ko banana utna aasaan nahi hai jitna dikhta hai.)
Day 27,Intermediate,I'll let you know once I have made a decision.,நான் ஒரு முடிவை எடுத்தவுடன் உங்களுக்குத் தெரிவிக்கிறேன். (Naan oru mudivai eduththavudan ungalukkuth therivikkiren.),एक बार फैसला लेने के बाद मैं आपको बता दूँगा। (Ek baar faisla lene ke baad main aapko bata doonga.)
Day 28,Intermediate,I am not sure if I can afford to buy a new car right now.,என்னால் இப்போது ஒரு புதிய கார் வாங்க முடியுமா என்று தெரியவில்லை. (Ennaal ippoadhu oru pudhiya car vaangu mudiyuma endru theriyavillai.),मुझे यकीन नहीं है कि मैं अभी नई कार खरीदने का खर्च उठा सकता हूँ या नहीं। (Mujhe yakeen nahi hai ki main abhi nayi car khareedne ka kharch utha sakta hoon ya nahi.)
Day 28,Intermediate,Have you ever thought about starting your own blog?,நீங்கள் எப்போதாவது சொந்தமாக பிளாக் (blog) தொடங்குவது பற்றி யோசித்திருக்கிறீர்களா? (Neengal eppozhudhavadhu sondhamaaga blog thodanguvadhu pattri yoasiththirukkireergala?),क्या आपने कभी अपना खुद का ब्लॉग शुरू करने के बारे में सोचा है? (Kya aapne kabhi apna khud ka blog shuru karne ke baare mein socha hai?)
Day 28,Intermediate,I am looking forward to our vacation next month.,அடுத்த மாதம் வரப்போகும் நமது விடுமுறையை நான் ஆவலுடன் எதிர்பார்க்கிறேன். (Adhutha maadham varappogum namadhu vidumuraiyai naan aavaludan edhirpaarkkiren.),मैं अगले महीने हमारी छुट्टियों का बेसब्री से इंतज़ार कर रहा हूँ। (Main agle mahine humari chhuttiyon ka besabri se intezaar kar raha hoon.)
Day 28,Intermediate,It's important to keep in touch with your old friends.,உங்கள் பழைய நண்பர்களுடன் தொடர்பில் இருப்பது முக்கியம். (Ungal pazhaiya nanbargaludan thodarpil iruppadhu mukkiyam.),अपने पुराने दोस्तों के संपर्क में रहना महत्वपूर्ण है। (Apne purane doston ke sampark mein rehna mahatvapoorn hai.)
Day 28,Intermediate,Please remind me to call the doctor tomorrow morning.,நாளை காலை டாக்டரை அழைக்க எனக்கு நினைவுபடுத்துங்கள். (Naalai kaalai doctor-ai azhaikka enakku ninaivupaduthungal.),कृपया मुझे कल सुबह डॉक्टर को फोन करने की याद दिलाना। (Kripya mujhe kal subah doctor ko phone karne ki yaad dilana.)
Day 29,Intermediate,I was just about to leave when the phone rang.,போன் அடித்தபோது நான் கிளம்பத் தயாராக இருந்தேன். (Phone adithapodhu naan kilambath thayaaraaga irundhen.),"जब फोन बजा, मैं बस निकलने ही वाला था। (Jab phone baja, main bas nikalne hi wala tha.)"
Day 29,Intermediate,Do you think it's going to rain later this afternoon?,இன்று மதியம் மழை பெய்யும் என்று நீங்கள் நினைக்கிறீர்களா? (Indru madhiyam mazhai peiyum endru neengal ninaikkireergala?),क्या आपको लगता है कि आज दोपहर बाद बारिश होगी? (Kya aapko lagta hai ki aaj dopahar baad baarish hogi?)
Day 29,Intermediate,I'm not really good at remembering people's names.,எனக்கு மக்களின் பெயர்களை நினைவில் வைத்திருப்பதில் அவ்வளவு திறமை இல்லை. (Enakku makkalin peyargalai ninaivil vaithiruppadhil avvalavu thiramai illai.),मुझे लोगों के नाम याद रखने में बहुत महारत नहीं है। (Mujhe logon ke naam yaad rakhne mein bahut maharat nahi hai.)
Day 29,Intermediate,"It's better to tell the truth, even if it's difficult.",கடினமாக இருந்தாலும் உண்மையைச் சொல்வது நல்லது. (Kadinamaaga irundhaalum unmaiyais solvadhu nalladhu.),"सच बोलना बेहतर है, भले ही वह कठिन हो। (Sach bolna behtar hai, bhale hi wah kathin ho.)"
Day 29,Intermediate,"I'll be there in about fifteen minutes, so please wait for me.","நான் சுமார் பதினைந்து நிமிடங்களில் அங்கு வந்துவிடுவேன், அதனால் எனக்காகக் காத்திருங்கள். (Naan sumaar padhinaindhu nimidangalil angu vandhuviduven, adhalal enakkaagak kaathirungal.)","मैं लगभग पंद्रह मिनट में वहाँ पहुँच जाऊँगा, इसलिए कृपया मेरा इंतज़ार करें। (Main lagbhag pandrah minute mein wahan pahunch jaunga, isliye kripya mera intezaar karen.)"
Day 30,Intermediate,I'm thinking of learning how to cook Italian food.,நான் இத்தாலிய உணவுகளைச் சமைக்கக் கற்றுக்கொள்ளலாம் என்று நினைக்கிறேன். (Naan Italian unavugalaich samaikkak kattrukkollalaam endru ninaikkiren.),मैं इतालवी खाना बनाना सीखने की सोच रहा हूँ। (Main itaalvi khana banana seekhne ki soch raha hoon.)
Day 30,Intermediate,What do you usually do to relax after a long day?,ஒரு நீண்ட நாளுக்குப் பிறகு ஓய்வெடுக்க நீங்கள் வழக்கமாக என்ன செய்வீர்கள்? (Oru neenda naalukkup piragu oivedukka neengal vazhakkamaaga enna seiveergal?),लंबे दिन के बाद आराम करने के लिए आप आमतौर पर क्या करते हैं? (Lambe din ke baad aaraam karne ke liye aap aamtor par kya karte hain?)
Day 30,Intermediate,I haven't had the time to check my emails yet.,எனக்கு இன்னும் எனது மின்னஞ்சல்களைச் சரிபார்க்க நேரம் கிடைக்கவில்லை. (Enakku innum enadhu minnanjalgalai saripaarkka neram kidaikkavillai.),मुझे अभी तक अपने ईमेल चेक करने का समय नहीं मिला है। (Mujhe abhi tak apne email check karne ka samay nahi mila hai.)
Day 30,Intermediate,It's a good idea to save some money for emergencies.,அவசரத் தேவைகளுக்காகச் சிறிது பணத்தைச் சேமித்து வைப்பது நல்லது. (Avasarath thevaigalukkaagach siridhu panaththaich semithu vaippadhu nalladhu.),आपात स्थिति के लिए कुछ पैसे बचाना एक अच्छा विचार है। (Aapat sthiti ke liye kuch paise bachana ek accha vichaar hai.)
Day 30,Intermediate,I'll give you a call once I've had a chance to think about it.,அதைப் பற்றி யோசிக்க எனக்கு வாய்ப்பு கிடைத்தவுடன் நான் உங்களுக்கு அழைக்கிறேன். (Adhaip pattri yoasikka enakku vaaippu kidaithavudan naan ungalukku azhaikkiren.),"एक बार जब मुझे इस बारे में सोचने का मौका मिल जाएगा, तो मैं आपको कॉल करूँगा। (Ek baar jab mujhe is baare mein sochne ka mauka mil jayega, toh main aapko call karunga.)"
Day 31,Intermediate,I was so busy today that I didn't even have time for lunch.,இன்று நான் மிகவும் பிஸியாக இருந்ததால் மதிய உணவு சாப்பிடக்கூட நேரமில்லை. (Indru naan migavum busy-aaga irundhadhaal madhiya unavu saappidak-kooda neramillai.),आज मैं इतना व्यस्त था कि मुझे दोपहर के भोजन का भी समय नहीं मिला। (Aaj main itna vyast tha ki mujhe dopahar ke bhojan ka bhi samay nahi mila.)
Day 31,Intermediate,Could you please send me the details via email?,விவரங்களை மின்னஞ்சல் மூலம் எனக்கு அனுப்ப முடியுமா? (Vivarangalai minnanjal moolam enakku anuppa mudiyuma?),क्या आप कृपया मुझे ईमेल के माध्यम से विवरण भेज सकते हैं? (Kya aap kripya mujhe email ke maadhyam se vivran bhej sakte hain?)
Day 31,Intermediate,I have been working on this project for three months now.,நான் மூன்று மாதங்களாக இந்தத் திட்டத்தில் பணியாற்றி வருகிறேன். (Naan moondru maadhangalaaga indha thittathil paniyaattri varugiren.),मैं पिछले तीन महीनों से इस प्रोजेक्ट पर काम कर रहा हूँ। (Main pichle teen mahino se is project par kaam kar raha hoon.)
Day 31,Intermediate,It is not as difficult as I thought it would be.,நான் நினைத்தது போல இது அவ்வளவு கடினமாக இல்லை. (Naan ninaithadhu pola idhu avvalavu kadinamaaga illai.),यह उतना कठिन नहीं है जितना मैंने सोचा था। (Yeh utna kathin nahi hai jitna maine socha tha.)
Day 31,Intermediate,We should leave early to find a good parking spot.,நல்ல பார்க்கிங் இடத்தைக் கண்டுபிடிக்க நாம் சீக்கிரம் கிளம்ப வேண்டும். (Nalla parking idaththaik kandupidikka naam seekkiram kilamba vendum.),अच्छी पार्किंग जगह खोजने के लिए हमें जल्दी निकलना चाहिए। (Acchi parking jagah khojne ke liye humein jaldi nikalna chahiye.)
Day 32,Intermediate,I am not sure if this color suits me.,இந்த நிறம் எனக்குப் பொருந்துமா என்று எனக்குத் தெரியவில்லை. (Indha niram enakkup porundhuma endru enakku theriyavillai.),मुझे यकीन नहीं है कि यह रंग मुझ पर फबता है या नहीं। (Mujhe yakeen nahi hai ki yeh rang mujh par fabta hai ya nahi.)
Day 32,Intermediate,Do you happen to know when the next train arrives?,அடுத்த ரயில் எப்போது வரும் என்று உங்களுக்குத் தெரியுமா? (Adhutha rail eppodhu varum endru ungalukku theriyuma?),क्या आपको पता है कि अगली ट्रेन कब आती है? (Kya aapko pata hai ki agli train kab aati hai?)
Day 32,Intermediate,I prefer working from home rather than going to the office.,நான் அலுவலகம் செல்வதை விட வீட்டிலிருந்து வேலை செய்வதையே விரும்புகிறேன். (Naan aluvalagam selvadhai vida veettilirundhu velai seivadhaiye virumbugiren.),मैं ऑफिस जाने के बजाय घर से काम करना पसंद करता हूँ। (Main office jaane ke bajaye ghar se kaam karna pasand karta hoon.)
Day 32,Intermediate,We need to make a reservation at the restaurant in advance.,நாம் உணவகத்தில் முன் கூட்டியே முன்பதிவு செய்ய வேண்டும். (Naam unavagathil mun kootiye mun-padhivu seiya vendum.),हमें रेस्तरां में पहले से आरक्षण (बुकिंग) कराना होगा। (Humein restaran mein pehle se arakshan karana hoga.)
Day 32,Intermediate,He has been living abroad since he graduated from college.,அவர் கல்லூரி படிப்பை முடித்ததிலிருந்து வெளிநாட்டில் வசித்து வருகிறார். (Avar kalloori padippai mudithadhilirundhu velinaattil vasithu varugirar.),कॉलेज से ग्रेजुएशन करने के बाद से वह विदेश में रह रहे हैं। (College se graduation karne ke baad se wah videsh mein reh rahe hain.)
Day 33,Intermediate,I am thinking of upgrading my phone next month.,அடுத்த மாதம் எனது போனை மாற்றலாம் (upgrade) என்று நினைக்கிறேன். (Adhutha maadham enadhu phone-ai maatralaam endru ninaikkiren.),मैं अगले महीने अपना फोन अपग्रेड करने की सोच रहा हूँ। (Main agle mahine apna phone upgrade karne ki soch raha hoon.)
Day 33,Intermediate,Could you recommend a good place for a weekend trip?,வார இறுதிப் பயணத்திற்கு ஒரு நல்ல இடத்தை உங்களால் பரிந்துரைக்க முடியுமா? (Vaara irudhi payanathirku oru nalla idathai ungalaal parindhuraikka mudiyuma?),क्या आप वीकेंड ट्रिप के लिए किसी अच्छी जगह का सुझाव दे सकते हैं? (Kya aap weekend trip ke liye kisi acchi jagah ka sujhaav de sakte hain?)
Day 33,Intermediate,It’s been a long time since we last met.,நாம் கடைசியாகச் சந்தித்து நீண்ட காலமாகிவிட்டது. (Naam kadaisiyaagas sandhithu neenda kaalamaagivittadhu.),हमसे मिले हुए काफी समय हो गया है। (Humse mile hue kaafi samay ho gaya hai.)
Day 33,Intermediate,Please let me know if you need any further assistance.,உங்களுக்கு மேலும் ஏதேனும் உதவி தேவைப்பட்டால் எனக்குத் தெரியப்படுத்துங்கள். (Ungalukku melum edhenum udhavi thevaippattaal enakkuth theriyappaduthungal.),यदि आपको और सहायता की आवश्यकता हो तो कृपया मुझे बताएं। (Yadi aapko aur sahaayata ki aavashyakta ho toh kripya mujhe batayein.)
Day 33,Intermediate,I think it's better to avoid traveling during the rush hour.,பரபரப்பான நேரத்தில் பயணம் செய்வதைத் தவிர்ப்பது நல்லது என்று நினைக்கிறேன். (Paraparappaana nerathil payanam seivadhai thavirppadhu nalladhu endru ninaikkiren.),मुझे लगता है कि रश ऑवर (भीड़ के समय) के दौरान यात्रा करने से बचना बेहतर है। (Mujhe lagta hai ki rush hour ke dauran yaatra karne se bachna behtar hai.)
Day 34,Intermediate,I didn't realize that it was already so late.,ஏற்கனவே இவ்வளவு நேரமாகிவிட்டது என்று நான் கவனிக்கவில்லை. (Erkanave ivvalavu neramaagivittadhu endru naan gavanikkavillai.),मुझे एहसास ही नहीं हुआ कि पहले ही इतनी देर हो चुकी है। (Mujhe ehsaas hi nahi hua ki pehle hi itni der ho chuki hai.)
Day 34,Intermediate,She is planning to move to a bigger house next year.,அவர் அடுத்த ஆண்டு ஒரு பெரிய வீட்டிற்கு மாறத் திட்டமிட்டுள்ளார். (Avar adhutha aandhu oru periya veettirku maara thittamittullaar.),वह अगले साल एक बड़े घर में जाने की योजना बना रही है। (Wah agle saal ek bade ghar mein jaane ki yojna bana rahi hai.)
Day 34,Intermediate,I’ll be waiting for you at the main entrance of the park.,பூங்காவின் பிரதான நுழைவாயிலில் நான் உங்களுக்காகக் காத்திருப்பேன். (Poongaavin pradhaana nuzhaivaayilil naan ungalukkaagak kaathiruppen.),मैं पार्क के मुख्य प्रवेश द्वार पर आपका इंतज़ार करूँगा। (Main park ke mukhya pravesh dwar par aapka intezaar karunga.)
Day 34,Intermediate,Could you help me translate this document into Tamil?,இந்த ஆவணத்தைத் தமிழில் மொழிபெயர்க்க எனக்கு உதவ முடியுமா? (Indha aavanathai thamizhil mozhipeiyarkka enakku udhava mudiyuma?),क्या आप इस दस्तावेज़ का तमिल में अनुवाद करने में मेरी मदद कर सकते हैं? (Kya aap is dastawez ka Tamil mein anuvaad karne mein meri madad kar sakte hain?)
Day 34,Intermediate,I think we should check the weather forecast before we go out.,நாம் வெளியே செல்வதற்கு முன் வானிலை அறிக்கையைச் சரிபார்க்க வேண்டும் என்று நினைக்கிறேன். (Naam veliyay selvadharku mun vaanilai arikkaiyais saripaarkka vendum endru ninaikkiren.),मुझे लगता है कि बाहर जाने से पहले हमें मौसम का पूर्वानुमान देख लेना चाहिए। (Mujhe lagta hai ki baahar jaane se pehle humein mausam ka poorvanumaan dekh lena chahiye.)
Day 35,Intermediate,I was just wondering if you are free this evening.,இன்று மாலை நீங்கள் ஓய்வாக இருக்கிறீர்களா என்று அறிய விரும்பினேன். (Indru maalai neengal oivaaga irukkireergala endru ariya virumbinen.),मैं बस यह सोच रहा था कि क्या आप आज शाम खाली हैं। (Main bas yeh soch raha tha ki kya aap aaj shaam khaali hain.)
Day 35,Intermediate,It takes about half an hour to reach the airport from here.,இங்கிருந்து விமான நிலையத்தை அடைய சுமார் அரை மணி நேரம் ஆகும். (Ingirundhu vimaana nilaiyathai adaiya sumaar arai mani neram aagum.),यहाँ से हवाई अड्डे पहुँचने में लगभग आधा घंटा लगता है। (Yahan se hawai adde pahunchne mein lagbhag aadha ghanta lagta hai.)
Day 35,Intermediate,"I have already seen this movie, so let’s watch something else.","நான் ஏற்கனவே இந்தப் படத்தைப் பார்த்துவிட்டேன், அதனால் வேறு எதாவது பார்ப்போம். (Naan erkanave indha padaththaip paarthuvitten, adhalal veru edhavadhu paarppoam.)","मैंने यह फिल्म पहले ही देख ली है, इसलिए चलो कुछ और देखते हैं। (Maine yeh film pehle hi dekh li hai, isliye chalo kuch aur dekhte hain.)"
Day 35,Intermediate,She is very good at managing her time effectively.,அவர் தனது நேரத்தைச் சிறப்பாக நிர்வகிப்பதில் மிகவும் திறமையானவர். (Avar thanadhu nerathai sirappaaga nirvagi-ppadhil migavum thiramaiyaanavar.),वह अपने समय का प्रभावी ढंग से प्रबंधन करने में बहुत अच्छी है। (Wah apne samay ka prabhaavi dhang se prabandhan karne mein bahut acchi hai.)
Day 35,Intermediate,I’ll let you know once the package arrives at my house.,பார்சல் என் வீட்டிற்கு வந்தவுடன் உங்களுக்குத் தெரிவிக்கிறேன். (Parcel en veettirku vandhavudan ungalukkuth therivikkiren.),पार्सल मेरे घर पहुँचते ही मैं आपको बता दूँगा। (Parcel mere ghar pahunchte hi main aapko bata doonga.)
Day 36,Intermediate,I don't think it's a good idea to skip breakfast.,காலை உணவைத் தவிர்ப்பது நல்லது என்று நான் நினைக்கவில்லை. (Kaalai unavaith thavirppadhu nalladhu endru naan ninaikkavillai.),मुझे नहीं लगता कि नाश्ता छोड़ना एक अच्छा विचार है। (Mujhe nahi lagta ki naashta chhodna ek accha vichaar hai.)
Day 36,Intermediate,How much does it cost to rent a car for a day?,ஒரு நாளைக்கு கார் வாடகைக்கு எடுக்க எவ்வளவு செலவாகும்? (Oru naalaikku car vaadaigaikku edukka evvalavu selavaagum?),एक दिन के लिए कार किराए पर लेने में कितना खर्च आता है? (Ek din ke liye car kiraye par lene mein kitna kharch aata hai?)
Day 36,Intermediate,"I forgot to bring my umbrella, and now it’s starting to rain.","நான் குடையை எடுத்து வர மறந்துவிட்டேன், இப்போது மழை பெய்யத் தொடங்குகிறது. (Naan kudaiyai eduthu vara marandhuvitten, ippodhu mazhai peiyath thodangugiradhu.)","मैं अपना छाता लाना भूल गया, और अब बारिश होने लगी है। (Main apna chhaata laana bhool gaya, aur ab baarish hone lagi hai.)"
Day 36,Intermediate,We should definitely try that new coffee shop in town.,நகரத்திலுள்ள அந்தப் புதிய காபி ஷாப்பை நாம் கண்டிப்பாக முயற்சி செய்ய வேண்டும். (Nagarathil-ulla andhap pudhiya coffee shop-ai naam kandippaaga muyarchi seiya vendum.),हमें शहर की उस नई कॉफी शॉप को जरूर आज़माना चाहिए। (Humein shehar ki us nayi coffee shop ko zaroor aazmaana chahiye.)
Day 36,Intermediate,He is very interested in learning about different cultures.,பல்வேறு கலாச்சாரங்களைப் பற்றி அறிந்துகொள்வதில் அவர் மிகுந்த ஆர்வம் கொண்டுள்ளார். (Palaveru kalaachaarangalaip pattri arindhukolvadhil avar migundha aarvam kondullaar.),विभिन्न संस्कृतियों के बारे में जानने में उनकी बहुत रुचि है। (Vibhinn sanskritiyon ke baare mein jaane mein unki bahut ruchi hai.)
Day 37,Intermediate,I'm not sure if I'll be able to attend the meeting tomorrow.,நாளை கூட்டத்தில் என்னால் கலந்து கொள்ள முடியுமா என்று தெரியவில்லை. (Naalai koottathil ennal kalandhu kolla mudiyuma endru theriyavillai.),मुझे यकीन नहीं है कि मैं कल मीटिंग में शामिल हो पाऊंगा या नहीं। (Mujhe yakeen nahi hai ki main kal meeting mein shaamil ho paunga ya nahi.)
Day 37,Intermediate,Could you please tell me how to get to the nearest metro station?,அருகிலுள்ள மெட்ரோ நிலையத்திற்கு எப்படிச் செல்வது என்று தயவுசெய்து சொல்ல முடியுமா? (Arugilulla metro nilaiyathirku eppadi selvadhu endru thayavuseidhu solla mudiyuma?),क्या आप कृपया मुझे बता सकते हैं कि निकटतम मेट्रो स्टेशन तक कैसे पहुँचा जाए? (Kya aap kripya mujhe bata sakte hain ki nikatam metro station tak kaise pahuncha jaye?)
Day 37,Intermediate,I’ve been meaning to call you for the past few days.,கடந்த சில நாட்களாக நான் உங்களை அழைக்க வேண்டும் என்று நினைத்துக் கொண்டிருந்தேன். (Kadhandha sila naatkalaaga naan ungalai azhaikka vendum endru ninaithuk kondirundhen.),मैं पिछले कुछ दिनों से आपको कॉल करने की सोच रहा था। (Main pichle kuch dino se aapko call karne ki soch raha tha.)
Day 37,Intermediate,Please make sure that all the doors are locked before you sleep.,நீங்கள் தூங்குவதற்கு முன் அனைத்துக் கதவுகளும் பூட்டப்பட்டிருப்பதை உறுதி செய்யவும். (Neengal thoonguvadharku mun anaithuk kadhavugalum poottappattiruppadhai urudhi seiyavum.),कृपया सोने से पहले सुनिश्चित करें कि सभी दरवाजे बंद हैं। (Kripya sone se pehle sunishchit karen ki sabhi darwaze band hain.)
Day 37,Intermediate,I think it's better to postpone our trip to next month.,நமது பயணத்தை அடுத்த மாதத்திற்கு ஒத்திவைப்பது நல்லது என்று நினைக்கிறேன். (Namadhu payanathai adhutha maadhathirku oththivaippadhu nalladhu endru ninaikkiren.),मुझे लगता है कि हमारी यात्रा अगले महीने के लिए टालना बेहतर है। (Mujhe lagta hai ki humari yaatra agle mahine ke liye taalna behtar hai.)
Day 38,Intermediate,I really appreciate all the support you have given me.,நீங்கள் எனக்கு அளித்த அனைத்து ஆதரவிற்கும் நான் மிகவும் நன்றி கூறுகிறேன். (Neengal enakku aliththa anaithu aadhaarathirkum naan migavum nandri koorigiren.),"आपने मुझे जो भी समर्थन दिया है, मैं उसकी वास्तव में सराहना करता हूँ। (Aapne mujhe jo bhi samarthan diya hai, main uski vaastav mein saraahna karta hoon.)"
Day 38,Intermediate,What do you think is the best way to improve vocabulary?,சொல்லகராதியை (vocabulary) மேம்படுத்த சிறந்த வழி எது என்று நீங்கள் நினைக்கிறீர்கள்? (Sollagaraadhiyai mempaduththa sirandha vazhi edhu endru neengal ninaikkireergal?),आपके अनुसार शब्दावली सुधारने का सबसे अच्छा तरीका क्या है? (Aapke anusar shabdawali sudhaarne ka sabse accha tareeka kya hai?)
Day 38,Intermediate,I prefer to watch news in my local language.,நான் எனது தாய்மொழியில் செய்திகளைப் பார்க்க விரும்புகிறேன். (Naan enadhu thaaimozhiyil seidhigalaip paarkka virumbugiren.),मैं अपनी स्थानीय भाषा में समाचार देखना पसंद करता हूँ। (Main apni sthaaniya bhasha mein samachar dekhna pasand karta hoon.)
Day 38,Intermediate,She’s been feeling a bit overwhelmed with work lately.,வேலையினால் அவர் கடந்த சில நாட்களாக மிகுந்த மன அழுத்தத்தில் இருக்கிறார். (Velaiyinal avar kadhandha sila naatkalaaga migundha mana azhuththathil irukkiraar.),काम की वजह से वह पिछले कुछ समय से थोड़ा परेशान (overwhelmed) महसूस कर रही हैं। (Kaam ki wajah se wah pichle kuch samay se thoda pareshan mehsoos kar rahi hain.)
Day 38,Intermediate,I’ll be there as soon as I finish my work.,நான் என் வேலையை முடித்தவுடன் அங்கு வந்துவிடுவேன். (Naan en velaiyai mudiththavudan angu vandhuviduven.),मैं अपना काम खत्म करते ही वहाँ पहुँच जाऊँगा। (Main apna kaam khatam karte hi wahan pahunch jaunga.)
Day 39,Intermediate,I'm planning to go to the gym every evening from now on.,நான் இனிமேல் தினமும் மாலையில் ஜிம்மிற்குச் செல்லத் திட்டமிட்டுள்ளேன். (Naan inimel dhinamum maalaiyil gym-irkku sella thittamittullen.),मैं अब से हर शाम जिम जाने की योजना बना रहा हूँ। (Main ab se har shaam gym jaane ki yojna bana raha hoon.)
Day 39,Intermediate,Have you ever traveled by air before?,நீங்கள் இதற்கு முன்பு எப்போதாவது விமானத்தில் பயணம் செய்துள்ளீர்களா? (Neengal idharku munbu eppozhudhavadhu vimaanathil payanam seidhulleergala?),क्या आपने पहले कभी हवाई यात्रा की है? (Kya aapne pehle kabhi hawai yaatra ki hai?)
Day 39,Intermediate,I was just about to message you when I received your call.,உங்கள் அழைப்பு வந்தபோது நான் உங்களுக்குச் செய்தி அனுப்பவிருந்தேன். (Ungal azhaippu vandhapodhu naan ungalukkuch seidhi anuppavirundhen.),"जब आपका कॉल आया, मैं बस आपको मैसेज करने ही वाला था। (Jab aapka call aaya, main bas aapko message karne hi wala tha.)"
Day 39,Intermediate,It's not always easy to find a taxi in this neighborhood.,இந்தப் பகுதியில் டாக்ஸி கிடைப்பது எப்போதும் எளிதல்ல. (Indhap pagudhiyil taxi kidaippadhu eppodhum elidhalla.),इस पड़ोस में टैक्सी मिलना हमेशा आसान नहीं होता। (Is pados mein taxi milna hamesha aasaan nahi hota.)
Day 39,Intermediate,I don't really have any specific plans for tonight.,இன்று இரவு எனக்குக் குறிப்பிட்ட திட்டங்கள் எதுவும் இல்லை. (Indru iravu enakkuk kurippitta thittangal edhuvum illai.),आज रात के लिए मेरी वास्तव में कोई विशेष योजना नहीं है। (Aaj raat ke liye meri vaastav mein koi vishesh yojna nahi hai.)
Day 40,Intermediate,I’ll give you a call once I've had a chance to check the schedule.,கால அட்டவணையைச் சரிபார்க்க எனக்கு வாய்ப்பு கிடைத்தவுடன் நான் உங்களுக்கு அழைக்கிறேன். (Kaala attavanaiyais saripaarkka enakku vaaippu kidaithavudan naan ungalukku azhaikkiren.),"एक बार जब मुझे शेड्यूल चेक करने का मौका मिल जाएगा, तो मैं आपको कॉल करूँगा। (Ek baar jab mujhe schedule check karne ka mauka mil jayega, toh main aapko call karunga.)"
Day 40,Intermediate,What kind of movies do you usually watch to relax?,ஓய்வெடுக்க நீங்கள் வழக்கமாக எந்த வகையான படங்களைப் பார்ப்பீர்கள்? (Oivedukka neengal vazhakkamaaga endha vagaiyaana padangalaip paarppeergal?),आराम करने के लिए आप आमतौर पर किस तरह की फिल्में देखते हैं? (Aaraam karne ke liye aap aamtor par kis tarah ki filmein dekhte hain?)
Day 40,Intermediate,I'm looking for a birthday present for my younger sister.,என் தங்கைக்காக நான் ஒரு பிறந்தநாள் பரிசைத் தேடுகிறேன். (En thangaikkaaga naan oru pirandhanaal parisaith thedugiren.),मैं अपनी छोटी बहन के लिए जन्मदिन का उपहार ढूंढ रहा हूँ। (Main apni chhoti behen ke liye janmadin ka uphaar dhoond raha hoon.)
Day 40,Intermediate,It's important to have a balanced diet for good health.,நல்ல ஆரோக்கியத்திற்குச் சமச்சீர் உணவு உண்பது முக்கியம். (Nalla aarokkiyathirku samachir unavu unbadhu mukkiyam.),अच्छे स्वास्थ्य के लिए संतुलित आहार लेना महत्वपूर्ण है। (Acche swasthya ke liye santulit aahaar lena mahatvapoorn hai.)
Day 40,Intermediate,I haven't had the chance to visit the new library yet.,புதிய நூலகத்திற்குச் செல்ல எனக்கு இன்னும் வாய்ப்பு கிடைக்கவில்லை. (Pudhiya noolagathirku sella enakku innum vaaippu kidaikkavillai.),मुझे अभी तक नई लाइब्रेरी जाने का मौका नहीं मिला है। (Mujhe abhi tak nayi library jaane ka mauka nahi mila hai.)
Day 41,Intermediate,I was wondering if you could give me some advice on this.,இது குறித்து நீங்கள் எனக்குச் சில ஆலோசனைகளை வழங்க முடியுமா என்று அறிய விரும்பினேன். (Idhu kurithu neengal enakku sila aaloasanaigalai valanga mudiyuma endru ariya virumbinen.),मैं सोच रहा था कि क्या आप मुझे इस बारे में कुछ सलाह दे सकते हैं। (Main soch raha tha ki kya aap mujhe is baare mein kuch salah de sakte hain.)
Day 41,Intermediate,Could you please let me know when you are available for a meeting?,கூட்டத்திற்கு நீங்கள் எப்போது வருவீர்கள் என்று எனக்குத் தெரிவிக்க முடியுமா? (Koottathirku neengal eppodhu varuveergal endru enakkuth therivikka mudiyuma?),क्या आप कृपया मुझे बता सकते हैं कि आप मीटिंग के लिए कब उपलब्ध हैं? (Kya aap kripya mujhe bata sakte hain ki aap meeting ke liye kab upalabdh hain?)
Day 41,Intermediate,"I have been trying to reach you all day, but your phone was busy.","நான் நாள் முழுவதும் உங்களை அழைக்க முயற்சி செய்தேன், ஆனால் உங்கள் போன் பிஸியாக இருந்தது. (Naan naal muzhuvadhum ungalai azhaikka muyarchi seidhen, aanaal ungal phone busy-aaga irundhadhu.)","मैं पूरे दिन आपसे संपर्क करने की कोशिश कर रहा था, लेकिन आपका फोन व्यस्त था। (Main poore din aapse sampark karne ki koshish kar raha tha, lekin aapka phone vyast tha.)"
Day 41,Intermediate,It is essential to double-check the figures before submitting the report.,அறிக்கையைச் சமர்ப்பிக்கும் முன் புள்ளிவிவரங்களை மீண்டும் ஒருமுறை சரிபார்ப்பது அவசியம். (Arikkaiyais samarppikkum mun pullivivarangalai meendum orumurai saripaarppadhu avasiyam.),रिपोर्ट जमा करने से पहले आंकड़ों की दोबारा जांच करना आवश्यक है। (Report jama karne se pehle aankdon ki dobara jaanch karna aavashyak hai.)
Day 41,Intermediate,We should take advantage of this opportunity while it lasts.,இந்த வாய்ப்பு இருக்கும்போதே நாம் அதைப் பயன்படுத்திக் கொள்ள வேண்டும். (Indha vaaippu irukkumpodhay naam adhaip payanpaduthik kolla vendum.),हमें इस अवसर का लाभ उठाना चाहिए जब तक यह है। (Humein is avsar ka laabh uthana chahiye jab tak yeh hai.)
Day 42,Intermediate,I am not sure if I can make it to your wedding.,உங்கள் திருமணத்திற்கு என்னால் வர முடியுமா என்று தெரியவில்லை. (Ungal thirumanathirku ennal vara mudiyuma endru theriyavillai.),मुझे यकीन नहीं है कि मैं आपकी शादी में आ पाऊंगा या नहीं। (Mujhe yakeen nahi hai ki main aapki shaadi mein aa paunga ya nahi.)
Day 42,Intermediate,Do you have any idea how much it would cost to fix this?,இதைச் சரிசெய்ய எவ்வளவு செலவாகும் என்று உங்களுக்குத் தெரியுமா? (Idhais sariseiya evvalavu selavaagum endru ungalukku theriyuma?),क्या आपको अंदाजा है कि इसे ठीक करने में कितना खर्च आएगा? (Kya aapko andaza hai ki ise theek karne mein kitna kharch aayega?)
Day 42,Intermediate,I prefer working in a team rather than working alone.,நான் தனியாக வேலை செய்வதை விட ஒரு குழுவாக வேலை செய்வதையே விரும்புகிறேன். (Naan thaniyaaga velai seivadhai vida oru kuzhuvaaga velai seivadhaiyae virumbugiren.),मैं अकेले काम करने के बजाय टीम में काम करना पसंद करता हूँ। (Main akele kaam karne ke bajaye team mein kaam karna pasand karta hoon.)
Day 42,Intermediate,We need to discuss this matter in detail before making a decision.,ஒரு முடிவை எடுப்பதற்கு முன் இந்த விஷயத்தைப் பற்றி விரிவாக விவாதிக்க வேண்டும். (Oru mudivai eduppadharku mun indha vishayaththaip pattri virivaaga vivaadhikka vendum.),फैसला लेने से पहले हमें इस मामले पर विस्तार से चर्चा करने की जरूरत है। (Faisla lene se pehle humein is maamle par vistaar se charcha karne ki zaroorat hai.)
Day 42,Intermediate,He has been working for this company for nearly twenty years.,அவர் கிட்டத்தட்ட இருபது ஆண்டுகளாக இந்த நிறுவனத்தில் பணியாற்றி வருகிறார். (Avar kittathatta irubadhu aandugalaaga indha niruvanathil paniyaattri varugirar.),वह लगभग बीस वर्षों से इस कंपनी के लिए काम कर रहे हैं। (Wah lagbhag bees varshon se is company ke liye kaam kar rahe hain.)
Day 43,Intermediate,I am thinking of taking up a new hobby like photography.,புகைப்படம் எடுத்தல் போன்ற ஒரு புதிய பொழுதுபோக்கைத் தொடங்க நினைக்கிறேன். (Pugaippadam eduththal poandru oru pudhiya pozhudhupoakkaith thodanga ninaikkiren.),मैं फोटोग्राफी जैसा कोई नया शौक शुरू करने की सोच रहा हूँ। (Main photography jaisa koi naya shauk shuru karne ki soch raha hoon.)
Day 43,Intermediate,Could you please show me where the nearest post office is?,அருகிலுள்ள தபால் நிலையம் எங்கே இருக்கிறது என்று எனக்குக் காட்ட முடியுமா? (Arugilulla thabaal nilaiyam engay irukkiradhu endru enakkuk kaatta mudiyuma?),क्या आप कृपया मुझे दिखा सकते हैं कि निकटतम डाकघर कहाँ है? (Kya aap kripya mujhe dikha sakte hain ki nikatam dakghar kahan hai?)
Day 43,Intermediate,I’ve been feeling a bit under the weather lately.,கடந்த சில நாட்களாக நான் உடல்நிலை சற்று சரியில்லாமல் உணர்கிறேன். (Kadhandha sila naatkalaaga naan udalnilai satru sariyillaamal unargiren.),मैं पिछले कुछ समय से थोड़ा अस्वस्थ महसूस कर रहा हूँ। (Main pichle kuch samay se thoda aswasth mehsoos kar raha hoon.)
Day 43,Intermediate,Please remind me to send the email before the end of the day.,இன்றைய நாள் முடிவதற்குள் மின்னஞ்சலை அனுப்ப எனக்கு நினைவுபடுத்துங்கள். (Indraya naal mudivadharkul minnanjalai anuppa enakku ninaivupaduthungal.),कृपया मुझे दिन के अंत से पहले ईमेल भेजने की याद दिलाना। (Kripya mujhe din ke ant se pehle email bhejne ki yaad dilana.)
Day 43,Intermediate,I think it's better to postpone the meeting until next Monday.,அடுத்த திங்கட்கிழமை வரை கூட்டத்தை ஒத்திவைப்பது நல்லது என்று நினைக்கிறேன். (Adhutha thingatkilamai varai koottathai oththivaippadhu nalladhu endru ninaikkiren.),मुझे लगता है कि मीटिंग को अगले सोमवार तक के लिए टालना बेहतर है। (Mujhe lanta hai ki meeting ko agle somvaar tak ke liye taalna behtar hai.)
Day 44,Intermediate,I didn't mean to offend you; it was just a joke.,நான் உங்களைப் புண்படுத்த விரும்பவில்லை; அது ஒரு நகைச்சுவை மட்டுமே. (Naan ungalai punpaduththa virumbavillai; adhu oru nagaichuvai mattumae.),मेरा इरादा आपको ठेस पहुँचाने का नहीं था; यह सिर्फ एक मजाक था। (Mera irada aapko thes pahunchane ka nahi tha; yeh sirf ek mazak tha.)
Day 44,Intermediate,She is very good at solving difficult math problems.,அவர் கடினமான கணிதச் சிக்கல்களைத் தீர்ப்பதில் மிகவும் திறமையானவர். (Avar kadinamaana kanidhach chikkalaith theerppadhil migavum thiramaiyaanavar.),वह गणित की कठिन समस्याओं को हल करने में बहुत अच्छी है। (Wah ganit ki kathin samasyaon ko hal karne mein bahut acchi hai.)
Day 44,Intermediate,I’ll be waiting for you at the entrance of the theater.,திரையரங்கின் நுழைவாயிலில் நான் உங்களுக்காகக் காத்திருப்பேன். (Thiraiyarangin nuzhaivaayilil naan ungalukkaagak kaathiruppen.),मैं थिएटर के प्रवेश द्वार पर आपका इंतज़ार करूँगा। (Main theater ke pravesh dwar par aapka intezaar karunga.)
Day 44,Intermediate,Could you please speak a little more slowly?,தயவுசெய்து இன்னும் கொஞ்சம் மெதுவாகப் பேச முடியுமா? (Thayavuseidhu innum konjam medhuvaagap paesa mudiyuma?),क्या आप कृपया थोड़ा और धीरे बोल सकते हैं? (Kya aap kripya thoda aur dheere bol sakte hain?)
Day 44,Intermediate,I think we should check the train schedule before we leave.,நாம் கிளம்புவதற்கு முன் ரயில் கால அட்டவணையைச் சரிபார்க்க வேண்டும் என்று நினைக்கிறேன். (Naan kilambuvadharku mun rail kaala attavanaiyais saripaarkka vendum endru ninaikkiren.),मुझे लगता है कि निकलने से पहले हमें ट्रेन का शेड्यूल देख लेना चाहिए। (Mujhe lagta hai ki nikalne se pehle humein train ka schedule dekh lena chahiye.)
Day 45,Intermediate,I was just about to go to bed when you called.,நீங்கள் அழைத்தபோது நான் தூங்கச் செல்லவிருந்தேன். (Neengal azhaiththapodhu naan thoongach selvairundhen.),"जब आपने फोन किया, मैं बस सोने ही वाला था। (Jab aapne phone kiya, main bas sone hi wala tha.)"
Day 45,Intermediate,It takes about forty-five minutes to drive to the beach.,கடற்கரைக்கு வாகனத்தில் செல்ல சுமார் நாற்பத்தைந்து நிமிடங்கள் ஆகும். (Kadarkarai-kku vaahanathil sella sumaar naarpadhaindhu nimidangal aagum.),समुद्र तट तक गाड़ी से जाने में लगभग पैंतालीस मिनट लगते हैं। (Samudra tat tak gaadi se jaane mein lagbhag paintalis minute lagte hain.)
Day 45,Intermediate,"I have already finished my dinner, but I can join you for tea.","நான் ஏற்கனவே இரவு உணவை முடித்துவிட்டேன், ஆனால் உங்களுடன் தேநீர் அருந்த வரலாம். (Naan erkanavae iravu unavai mudiththuvittaen, aanaal ungaludan theneer arundha varalaam.)","मैंने अपना रात का खाना पहले ही खा लिया है, लेकिन मैं चाय के लिए आपके साथ शामिल हो सकता हूँ। (Maine apna raat ka khana pehle hi kha liya hai, lekin main chai ke liye aapke saath shaamil ho sakta hoon.)"
Day 45,Intermediate,She has been studying English for three years now.,அவர் மூன்று ஆண்டுகளாக ஆங்கிலம் படித்து வருகிறார். (Avar moondru aandugalaaga aangilam padiththu varugiraar.),वह अब तीन साल से अंग्रेजी पढ़ रही हैं। (Wah ab teen saal se angrezi padh rahi hain.)
Day 45,Intermediate,I’ll let you know as soon as I hear any news.,எனக்கு ஏதேனும் செய்தி கிடைத்தவுடன் உங்களுக்குத் தெரிவிக்கிறேன். (Enakku edhenum seidhi kidaithavudan ungalukkuth therivikkiren.),"जैसे ही मुझे कोई खबर मिलेगी, मैं आपको बताऊंगा। (Jaise hi mujhe koi khabar milegi, main aapko bataunga.)"
Day 46,Intermediate,I don't think it's necessary to buy such an expensive gift.,இவ்வளவு விலையுயர்ந்த பரிசை வாங்க வேண்டிய அவசியமில்லை என்று நினைக்கிறேன். (Ivvalavu vilaiyuyarndha parisaivaanga vendiya avasiyamillai endru ninaikkiren.),मुझे नहीं लगता कि इतना महंगा उपहार खरीदना जरूरी है। (Mujhe nahi lagta ki itna mehnga uphaar khareedna zaroori hai.)
Day 46,Intermediate,How much does it cost to send a package to the USA?,அமெரிக்காவிற்கு ஒரு பார்சல் அனுப்ப எவ்வளவு செலவாகும்? (America-virku oru parcel anuppa evvalavu selavaagum?),अमेरिका में पार्सल भेजने में कितना खर्च आता है? (America mein parcel bhejne mein kitna kharch aata hai?)
Day 46,Intermediate,"I forgot to bring my notes, so I might need to borrow yours.","நான் என் குறிப்புகளை எடுத்து வர மறந்துவிட்டேன், அதனால் உங்களுடையதை வாங்க வேண்டியிருக்கும். (Naan en kurippugalaieduthu vara marandhuvittaen, adhaalaal ungaludaiyadhai vaanga vendiyirukkum.)","मैं अपने नोट्स लाना भूल गया, इसलिए मुझे आपके उधार लेने पड़ सकते हैं। (Main apne notes laana bhool gaya, isliye mujhe aapke udhaar lene pad sakte hain.)"
Day 46,Intermediate,We should definitely try that new bakery in the mall.,மாலில் உள்ள அந்தப் புதிய பேக்கரியை நாம் கண்டிப்பாக முயற்சி செய்ய வேண்டும். (Mall-il ulla andhap pudhiya bakery-ai naam kandippaaga muyarchi seiya vendum.),हमें मॉल की उस नई बेकरी को जरूर आज़माना चाहिए। (Humein mall ki us nayi bakery ko zaroor aazmaana chahiye.)
Day 46,Intermediate,He is very interested in learning about artificial intelligence.,செயற்கை நுண்ணறிவு (AI) பற்றி அறிந்துகொள்வதில் அவர் மிகுந்த ஆர்வம் கொண்டுள்ளார். (Seiyarkai nunnarivu pattri arindhukolvadhil avar migundha aarvam kondullaar.),उनकी आर्टिफिशियल इंटेलिजेंस (AI) के बारे में जानने में बहुत रुचि है। (Unki artificial intelligence ke baare mein jaane mein bahut ruchi hai.)
Day 47,Intermediate,I'm not sure if I'll be able to attend the workshop.,என்னால் அந்தப் பயிற்சிப் பட்டறையில் கலந்து கொள்ள முடியுமா என்று தெரியவில்லை. (Ennaal andhap payirchip pattaraiyil kalandhu kolla mudiyuma endru theriyavillai.),मुझे यकीन नहीं है कि मैं वर्कशॉप में शामिल हो पाऊंगा या नहीं। (Mujhe yakeen nahi hai ki main workshop mein shaamil ho paunga ya nahi.)
Day 47,Intermediate,Could you please tell me the way to the city center?,நகரின் மையப்பகுதிக்குச் செல்லும் வழியைத் தயவுசெய்து சொல்ல முடியுமா? (Nagarin maiyap-pagudhikkuch sellum vazhiyaith thayavuseidhu solla mudiyuma?),क्या आप कृपया मुझे शहर के केंद्र तक जाने का रास्ता बता सकते हैं? (Kya aap kripya mujhe shehar ke kendra tak jaane ka raasta bata sakte hain?)
Day 47,Intermediate,I've been meaning to visit that art gallery for ages.,நான் நீண்ட காலமாக அந்த ஓவியக் கூடத்திற்குச் செல்ல வேண்டும் என்று நினைத்துக் கொண்டிருந்தேன். (Naan neenda kaalamaaga andha oviyak koodaththirku sella vaendum endru ninaiththuk kondirundhaen.),मैं युगों से उस आर्ट गैलरी में जाने की सोच रहा था। (Main yugon se us art gallery mein jaane ki soch raha tha.)
Day 47,Intermediate,Please make sure that you have turned off the gas.,நீங்கள் கேஸை (gas) அணைத்துவிட்டதை உறுதி செய்யவும். (Neengal gas-ai anaiththuvittadhai urudhi seiyavum.),कृपया सुनिश्चित करें कि आपने गैस बंद कर दी है। (Kripya sunishchit karen ki aapne gas band kar di hai.)
Day 47,Intermediate,I think it's better to stay home tonight as I'm very tired.,நான் மிகவும் சோர்வாக இருப்பதால் இன்று இரவு வீட்டிலேயே இருப்பது நல்லது என்று நினைக்கிறேன். (Naan migavum soaraavaaga iruppadhaalaal indru iravu veettilaeyae iruppadhu nalladhu endru ninaikkiren.),मुझे लगता है कि आज रात घर पर रहना बेहतर है क्योंकि मैं बहुत थक गया हूँ। (Mujhe lagta hai ki aaj raat ghar par rehna behtar hai kyunki main bahut thak gaya hoon.)
Day 48,Intermediate,I really appreciate you taking the time to meet with me.,என்னைச் சந்திக்க நேரம் ஒதுக்கியதற்கு நான் உங்களுக்கு மிகவும் நன்றி கூறுகிறேன். (Ennais sandhikka neram odhikkiyadharku naan ungalukku migavum nandri koorigiren.),मेरे साथ मिलने के लिए समय निकालने के लिए मैं वास्तव में आपकी सराहना करता हूँ। (Mere saath milne ke liye samay nikalne ke liye main vaastav mein aapki saraahna karta hoon.)
Day 48,Intermediate,What do you think is the best way to save energy?,ஆற்றலைச் (energy) சேமிக்கச் சிறந்த வழி எது என்று நீங்கள் நினைக்கிறீர்கள்? (Aatralai saemikkach sirandha vazhi edhu endru neengal ninaikkireergal?),आपके अनुसार ऊर्जा बचाने का सबसे अच्छा तरीका क्या है? (Aapke anusar oorja bachane ka sabse accha tareeka kya hai?)
Day 48,Intermediate,I prefer to work in an office with natural light.,இயற்கை வெளிச்சம் உள்ள அலுவலகத்தில் வேலை செய்வதையே நான் விரும்புகிறேன். (Iyarkai velichcham ulla aluvalagathil velai seivadhaiyae naan virumbugiren.),मैं प्राकृतिक रोशनी वाले ऑफिस में काम करना पसंद करता हूँ। (Main prakrutik roshni waale office mein kaam karna pasand karta hoon.)
Day 48,Intermediate,She’s been feeling a bit nervous about her job interview.,அவர் தனது வேலை நேர்காணலைப் பற்றிச் சற்று பதற்றமாக உணர்கிறார். (Avar thanadhu velai naerkaanalaippattrich satru padhatramaaga unargiraar.),वह अपने जॉब इंटरव्यू को लेकर थोड़ा नर्वस महसूस कर रही हैं। (Wah apne job interview ko lekar thoda nervous mehsoos kar rahi hain.)
Day 48,Intermediate,"I’ll be there in about twenty minutes, traffic permitting.",போக்குவரத்து அனுமதித்தால் நான் சுமார் இருபது நிமிடங்களில் அங்கு வந்துவிடுவேன். (Pokkuvaraththu anumadhiththaal naan sumaar irubadhu nimidangalil angu vandhuviduven.),"यदि ट्रैफिक ने अनुमति दी, तो मैं लगभग बीस मिनट में वहां पहुंच जाऊंगा। (Yadi traffic ne anumati di, toh main lagbhag bees minute mein wahan pahunch jaunga.)"
Day 49,Intermediate,I'm planning to go for a hike this weekend.,இந்த வார இறுதியில் நான் மலை ஏற்றம் (hike) செல்லத் திட்டமிட்டுள்ளேன். (Indha vaara irudhiyil naan malai aetram sella thittamittullaen.),मैं इस वीकेंड लंबी पैदल यात्रा (hike) पर जाने की योजना बना रहा हूँ। (Main is weekend lambi paidal yaatra par jaane ki yojna bana raha hoon.)
Day 49,Intermediate,Have you ever tried any meditation techniques?,நீங்கள் எப்போதாவது ஏதேனும் தியான நுட்பங்களை முயற்சி செய்துள்ளீர்களா? (Neengal eppozhudhavadhu edhaenum dhiyaana nutpangalhai muyarchi seidhulleergala?),क्या आपने कभी कोई ध्यान (meditation) तकनीक आजमाई है? (Kya aapne kabhi koi dhyan takneek aajmayi hai?)
Day 49,Intermediate,I was just about to leave when it started to rain.,மழை பெய்யத் தொடங்கியபோது நான் கிளம்பத் தயாராக இருந்தேன். (Mazhai peiyath thodangiyapoandhu naan kilambath thayaaraaga irundhaen.),"जब बारिश शुरू हुई, मैं बस निकलने ही वाला था। (Jab baarish shuru hui, main bas nikalne hi wala tha.)"
Day 49,Intermediate,It's not always easy to find healthy food at the airport.,விமான நிலையத்தில் ஆரோக்கியமான உணவைக் கண்டறிவது எப்போதும் எளிதல்ல. (Vimaana nilaiyaththil aarokkiyamaana unavaik kandarivadhu eppodhum elidhalla.),हवाई अड्डे पर स्वस्थ भोजन मिलना हमेशा आसान नहीं होता। (Hawai adde par swasth bhojan milna hamesha aasaan nahi hota.)
Day 49,Intermediate,I don't really have any specific preference for the movie.,படத்தைப் பொறுத்தவரை எனக்குக் குறிப்பிட்ட விருப்பம் ஏதுமில்லை. (Padaththaip poruththavarai enakkuk kurippitta viruppam edhumillai.),फिल्म के लिए मेरी वास्तव में कोई विशेष पसंद नहीं है। (Film ke liye meri vaastav mein koi vishesh pasand nahi hai.)
Day 50,Intermediate,I’ll give you a call once I've had a chance to speak with him.,அவரிடம் பேச எனக்கு வாய்ப்பு கிடைத்தவுடன் நான் உங்களுக்கு அழைக்கிறேன். (Avaridam paesa enakku vaaippu kidaiththavudan naan ungalukku azhaikkiraen.),"एक बार जब मुझे उनसे बात करने का मौका मिल जाएगा, तो मैं आपको कॉल करूँगा। (Ek baar jab mujhe unse baat karne ka mauka mil jayega, toh main aapko call karunga.)"
Day 50,Intermediate,What kind of podcasts do you usually listen to?,நீங்கள் வழக்கமாக எந்த வகையான பாட்காஸ்ட்களை (podcasts) கேட்பீர்கள்? (Neengal vazhakkamaaga endha vagaiyaana podcasts-galhai kaetpeergal?),आप आमतौर पर किस तरह के पॉडकास्ट सुनते हैं? (Aap aamtor par kis tarah ke podcast sunte hain?)
Day 50,Intermediate,I'm looking for a special gift for my parents' anniversary.,என் பெற்றோரின் திருமண நாளுக்காக ஒரு சிறப்புப் பரிசைத் தேடுகிறேன். (En petroarin thirumana naalukkaaga oru sirappup parisaith thaedugiraen.),मैं अपने माता-पिता की सालगिरह के लिए एक विशेष उपहार ढूंढ रहा हूँ। (Main apne mata-pita ki saalgirah ke liye ek vishesh uphaar dhoond raha hoon.)
Day 50,Intermediate,It's important to set realistic goals for yourself.,உங்களை நீங்களே யதார்த்தமான இலக்குகளை நிர்ணயிப்பது முக்கியம். (Ungalhai neengalae yadhaarththamaana ilakkugalhai nirnaiyippadhu mukkiyam.),अपने लिए यथार्थवादी लक्ष्य निर्धारित करना महत्वपूर्ण है। (Apne liye yatharthwadi lakshya nirdharit karna mahatvapoorn hai.)
Day 50,Intermediate,I haven't had the chance to visit the new museum yet.,புதிய அருங்காட்சியகத்திற்குச் செல்ல எனக்கு இன்னும் வாய்ப்பு கிடைக்கவில்லை. (Pudhiya arungaatchiyagaththirku sella enakku innum vaaippu kidaikkavillai.),मुझे अभी तक नए संग्रहालय जाने का मौका नहीं मिला है। (Mujhe abhi tak naye sangrahalaya jaane ka mauka nahi mila hai.)
Day 51,Intermediate,I'm trying to figure out how to solve this puzzle.,இந்த புதிரை எப்படித் தீர்ப்பது என்று நான் கண்டுபிடிக்க முயற்சி செய்கிறேன். (Indha pudhirai eppadi theerppadhu endru naan kandupidikka muyarchi seigiren.),मैं यह पता लगाने की कोशिश कर रहा हूँ कि इस पहेली को कैसे हल किया जाए। (Main yeh pata lagane ki koshish kar raha hoon ki is paheli ko kaise hal kiya jaye.)
Day 51,Intermediate,Could you please let me know if the meeting is still on?,கூட்டம் இன்னும் நடக்கிறதா என்று தயவுசெய்து எனக்குத் தெரிவிக்க முடியுமா? (Koottam innum nadakkiradha endru thayavuseidhu enakkuth therivikka mudiyuma?),क्या आप कृपया मुझे बता सकते हैं कि क्या मीटिंग अभी भी होने वाली है? (Kya aap kripya mujhe bata sakte hain ki kya meeting abhi bhi hone wali hai?)
Day 51,Intermediate,I have been thinking about learning how to play the piano.,நான் பியானோ வாசிக்கக் கற்றுக்கொள்வது பற்றி சிந்தித்து வருகிறேன். (Naan piano vaasikkak kattrukkolvadhu pattri sindhithu varugiren.),मैं पियानो बजाना सीखने के बारे में सोच रहा हूँ। (Main piano bajana seekhne ke baare mein soch raha hoon.)
Day 51,Intermediate,It is much easier to travel now than it was ten years ago.,பத்து ஆண்டுகளுக்கு முன்பு இருந்ததை விட இப்போது பயணம் செய்வது மிகவும் எளிதானது. (Pathu aandugalukku munbu irundhadhai vida ippodhu payanam seivadhu migavum elidhaanadhu.),दस साल पहले की तुलना में अब यात्रा करना बहुत आसान है। (Das saal pehle ki tulna mein ab yaatra karna bahut aasaan hai.)
Day 51,Intermediate,We should make a list of everything we need for the trip.,பயணத்திற்குத் தேவையான அனைத்தையும் நாம் பட்டியலிட வேண்டும். (Payanathirku thevaiyaana anaithaiyum naam pattiyilida vendum.),हमें यात्रा के लिए आवश्यक हर चीज़ की एक सूची बनानी चाहिए। (Humein yaatra ke liye aavashyak har cheez ki ek soochi banani chahiye.)
Day 52,Intermediate,I am not sure if I can complete this task by myself.,என்னால் இந்த வேலையைத் தனியாக முடிக்க முடியுமா என்று தெரியவில்லை. (Ennaal indha velaiyaith thaniyaaga mudikka mudiyuma endru theriyavillai.),मुझे यकीन नहीं है कि मैं यह काम अकेले पूरा कर पाऊंगा। (Mujhe yakeen nahi hai ki main yeh kaam akele poora kar paunga.)
Day 52,Intermediate,Do you have any suggestions for a good weekend getaway?,வார இறுதிப் பயணத்திற்கு ஏதேனும் நல்ல இடத்தைப் பரிந்துரைக்க முடியுமா? (Vaara irudhi payanathirku edhenum nalla idathai parindhuraikka mudiyuma?),क्या आपके पास वीकेंड पर जाने के लिए किसी अच्छी जगह का सुझाव है? (Kya aapke paas weekend par jaane ke liye kisi acchi jagah ka sujhaav hai?)
Day 52,Intermediate,I prefer to work in a quiet environment without any distractions.,நான் கவனச்சிதறல்கள் இல்லாத அமைதியான சூழலில் வேலை செய்ய விரும்புகிறேன். (Naan gavanachidharalgal illaadha amaidhiyaana suzhalil velai seiya virumbugiren.),मैं बिना किसी ध्यान भटकाव के शांत वातावरण में काम करना पसंद करता हूँ। (Main bina kisi dhayan bhatkao ke shaant vaatavaran mein kaam karna pasand karta hoon.)
Day 52,Intermediate,We need to confirm the reservation before we go there.,நாம் அங்கு செல்வதற்கு முன் முன்பதிவை உறுதி செய்ய வேண்டும். (Naam angu selvadharku mun mun-padhivai urudhi seiya vendum.),हमें वहां जाने से पहले रिजर्वेशन (बुकिंग) की पुष्टि करनी होगी। (Humein wahan jaane se pehle reservation ki pushti karni hogi.)
Day 52,Intermediate,He has been feeling much better since he started exercising.,அவர் உடற்பயிற்சி செய்யத் தொடங்கியதிலிருந்து மிகவும் நலமாக உணர்கிறார். (Avar udarpayirchi seiya thodangiyadhilirundhu migavum nalamaaga unargirar.),"जब से उन्होंने व्यायाम करना शुरू किया है, वह काफी बेहतर महसूस कर रहे हैं। (Jab se unhone vyayam karna shuru kiya hai, wah kaafi behtar mehsoos kar rahe hain.)"
Day 53,Intermediate,I am thinking of taking a photography course this summer.,இந்த கோடையில் நான் ஒரு புகைப்படக் கலையில் பயிற்சி எடுக்க நினைக்கிறேன். (Indha kodaiyil naan oru pugaippadak kalaiyil payirchi edukka ninaikkiren.),मैं इस गर्मी में फोटोग्राफी कोर्स करने की सोच रहा हूँ। (Main is garmi mein photography course karne ki soch raha hoon.)
Day 53,Intermediate,Could you please show me how to operate this machine?,இந்த இயந்திரத்தை எப்படி இயக்குவது என்று எனக்குக் காட்ட முடியுமா? (Indha iyandhirathai eppadi iyakkuvadhu endru enakkuk kaatta mudiyuma?),क्या आप कृपया मुझे दिखा सकते हैं कि इस मशीन को कैसे चलाया जाता है? (Kya aap kripya mujhe dikha sakte hain ki is machine ko kaise chalaya jaata hai?)
Day 53,Intermediate,It has been raining continuously for the past three days.,கடந்த மூன்று நாட்களாகத் தொடர்ந்து மழை பெய்து வருகிறது. (Kadhandha moondru naatkalaaga thodarndhu mazhai peidhu varugiradhu.),पिछले तीन दिनों से लगातार बारिश हो रही है। (Pichle teen dino se lagataar baarish ho rahi hai.)
Day 53,Intermediate,Please remind me to charge my laptop tonight.,இன்று இரவு என் லேப்டாப்பை சார்ஜ் செய்ய எனக்கு நினைவுபடுத்துங்கள். (Indru iravu en laptop-ai charge seiya enakku ninaivupaduthungal.),कृपया मुझे आज रात अपना लैपटॉप चार्ज करने की याद दिलाना। (Kripya mujhe aaj raat apna laptop charge karne ki yaad dilana.)
Day 53,Intermediate,I think it's better to consult a doctor before taking this medicine.,இந்த மருந்தை உட்கொள்வதற்கு முன் மருத்துவரை அணுகுவது நல்லது என்று நினைக்கிறேன். (Indha marundhai utkolluvadharku mun maruthuvarai anuguvadhu nalladhu endru ninaikkiren.),मुझे लगता है कि यह दवा लेने से पहले डॉक्टर से सलाह लेना बेहतर है। (Mujhe lagta hai ki yeh dawa lene se pehle doctor se salah lena behtar hai.)
Day 54,Intermediate,I didn't mean to keep you waiting for so long.,உங்களை இவ்வளவு நேரம் காத்திருக்க வைக்க வேண்டும் என்பது என் எண்ணமல்ல. (Ungalai ivvalavu neram kaathirukka vaikka vendum enbadhu en ennamalla.),मेरा इरादा आपको इतनी देर इंतज़ार करवाने का नहीं था। (Mera irada aapko itni der intezaar karwane ka nahi tha.)
Day 54,Intermediate,She is very good at managing large groups of people.,பெரிய குழுக்களை நிர்வகிப்பதில் அவர் மிகவும் திறமையானவர். (Periya kuzhukkalai nirvagippadhil avar miguvum thiramaiyaanavar.),वह लोगों के बड़े समूहों को संभालने में बहुत अच्छी है। (Wah logon ke bade samuhon ko sambhalne mein bahut acchi hai.)
Day 54,Intermediate,I'll be waiting for you at the ticket counter of the museum.,அருங்காட்சியகத்தின் டிக்கெட் கவுண்டரில் நான் உங்களுக்காகக் காத்திருப்பேன். (Arungaatchiyagathin ticket counter-il naan ungalukkaagak kaathiruppen.),मैं संग्रहालय के टिकट काउंटर पर आपका इंतज़ार करूँगा। (Main sangrahalaya ke ticket counter par aapka intezaar karunga.)
Day 54,Intermediate,Could you please lower the volume of the television?,தயவுசெய்து தொலைக்காட்சியின் சத்தத்தைக் குறைக்க முடியுமா? (Thayavuseidhu tholaikkaatchiyin saththathaik kuraikka mudiyuma?),क्या आप कृपया टेलीविजन की आवाज़ कम कर सकते हैं? (Kya aap kripya television ki awaaz kam kar sakte hain?)
Day 54,Intermediate,I think we should start heading back before it gets dark.,இருட்டாவதற்கு முன்பே நாம் திரும்பிச் செல்லத் தொடங்க வேண்டும் என்று நினைக்கிறேன். (Iruttaavadharku munbe naam thirumbich sella thodanga vendum endru ninaikkiren.),मुझे लगता है कि अंधेरा होने से पहले हमें वापस चलना शुरू कर देना चाहिए। (Mujhe lagta hai ki andhera hone se pehle humein waapas chalna shuru kar dena chahiye.)
Day 55,Intermediate,I was just about to start cooking when the guests arrived.,விருந்தினர்கள் வந்தபோது நான் சமைக்கத் தொடங்கவிருந்தேன். (Virundhinargal vandhapodhu naan samaikkath thodangavirundhen.),"जब मेहमान आए, मैं बस खाना बनाना शुरू करने ही वाला था। (Jab mehmaan aaye, main bas khana banana shuru karne hi wala tha.)"
Day 55,Intermediate,It takes about twenty minutes to reach the station on foot.,நடந்தே சென்றால் நிலையத்தை அடைய சுமார் இருபது நிமிடங்கள் ஆகும். (Nadandhe sendraal nilaiyathai adaiya sumaar irubadhu nimidangal aagum.),पैदल स्टेशन पहुँचने में लगभग बीस मिनट लगते हैं। (Paidal station pahunchne mein lagbhag bees minute lagte hain.)
Day 55,Intermediate,"I have already seen that exhibition, so I'll wait for you outside.","நான் ஏற்கனவே அந்த கண்காட்சியைப் பார்த்துவிட்டேன், அதனால் வெளியே காத்திருக்கிறேன். (Naan erkanave andha kangaatchiyaip paarthuvitten, adhaal veliye kaathirukkiren.)","मैंने वह प्रदर्शनी पहले ही देख ली है, इसलिए मैं बाहर आपका इंतज़ार करूँगा। (Maine wah pradarshani pehle hi dekh li hai, isliye main baahar aapka intezaar karunga.)"
Day 55,Intermediate,She has been working as a freelance writer for several years.,அவர் பல ஆண்டுகளாக ஒரு ஃப்ரீலான்ஸ் எழுத்தாளராகப் பணியாற்றி வருகிறார். (Avar pala aandugalaaga oru freelance ezhuthaalaragap paniyaatri varugirar.),वह कई सालों से फ्रीलांस राइटर के रूप में काम कर रही हैं। (Wah kai saalon se freelance writer ke roop mein kaam kar rahi hain.)
Day 55,Intermediate,I'll let you know as soon as I finish reading the report.,அறிக்கையைப் படித்து முடித்தவுடன் உங்களுக்குத் தெரிவிக்கிறேன். (Arikkaiyaip padithu mudithavudan ungalukkuth therivikkiren.),"जैसे ही मैं रिपोर्ट पढ़ना खत्म करूँगा, मैं आपको बताऊंगा। (Jaise hi main report padhna khatam karunga, main aapko bataunga.)"
Day 56,Intermediate,I don't think it's fair to blame him for what happened.,நடந்ததற்கு அவரைப்責ப்படுத்துவது (pazhi sumappuvadhu) சரியானது என்று நான் நினைக்கவில்லை. (Nadandhadharku avaraip pazhi sumappuvadhu sariyaandhu endru naan ninaikkavillai.),मुझे नहीं लगता कि जो हुआ उसके लिए उन्हें दोष देना उचित है। (Mujhe nahi lagta ki jo hua uske liye unhein dosh dena uchit hai.)
Day 56,Intermediate,How much does it cost to ship a bicycle to another city?,மற்றொரு நகரத்திற்கு சைக்கிளை அனுப்ப எவ்வளவு செலவாகும்? (Matroru nagarathirku bicycle-ai anuppa evvalavu selavaagum?),दूसरे शहर में साइकिल भेजने में कितना खर्च आता है? (Doosre shehar mein cycle bhejne mein kitna kharch aata hai?)
Day 56,Intermediate,"I forgot to bring my key, so I had to call my roommate.","நான் சாவியை எடுத்து வர மறந்துவிட்டேன், அதனால் என் அறைத்தோழரை அழைக்க வேண்டியிருந்தது. (Naan saaviyai eduthu vara marandhuvitten, adhaal en araithozharai azhaikka vendiyirundhadhu.)","मैं अपनी चाबी लाना भूल गया, इसलिए मुझे अपने रूममेट को फोन करना पड़ा। (Main apni chabi laana bhool gaya, isliye mujhe apne roommate ko phone karna pada.)"
Day 56,Intermediate,We should definitely check out that new cafe down the street.,தெருவின் கடைசியில் உள்ள அந்தப் புதிய கபேயை நாம் கண்டிப்பாகப் பார்க்க வேண்டும். (Theruvin kadaisiyil ulla andhap pudhiya cafe-ai naam kandippaagap paarkka vendum.),हमें सड़क के उस पार वाले नए कैफे को जरूर देखना चाहिए। (Humein sadak ke us paar waale naye cafe ko zaroor dekhna chahiye.)
Day 56,Intermediate,He is very interested in learning about sustainable living.,நிலையான வாழ்க்கை முறை (sustainable living) பற்றி அறிந்துகொள்வதில் அவர் மிகுந்த ஆர்வம் கொண்டுள்ளார். (Nilaiyaana vaazhkkai murai pattri arindhukolvadhil avar migundha aarvam kondullar.),उनकी टिकाऊ जीवन शैली (sustainable living) के बारे में जानने में बहुत रुचि है। (Unki sustainable living ke baare mein jaane mein bahut ruchi hai.)
Day 57,Intermediate,I'm not sure if I'll be able to make it to the concert.,என்னால் இசை நிகழ்ச்சியில் கலந்து கொள்ள முடியுமா என்று தெரியவில்லை. (Ennaal isai nigazhchiyil kalandhu kolla mudiyuma endru theriyavillai.),मुझे यकीन नहीं है कि मैं संगीत कार्यक्रम (concert) में आ पाऊंगा या नहीं। (Mujhe yakeen nahi hai ki main concert mein aa paunga ya nahi.)
Day 57,Intermediate,Could you please tell me where the nearest ATM is?,அருகிலுள்ள ஏடிஎம் எங்கே இருக்கிறது என்று தயவுசெய்து சொல்ல முடியுமா? (Arugilulla ATM engay irukkiradhu endru thayavuseidhu solla mudiyuma?),क्या आप कृपया मुझे बता सकते हैं कि पास का एटीएम कहाँ है? (Kya aap kripya mujhe bata sakte hain ki paas ka ATM kahan hai?)
Day 57,Intermediate,I've been meaning to start a vegetable garden in my backyard.,என் வீட்டுப் புழக்கடையில் ஒரு காய்கறித் தோட்டம் அமைக்க வேண்டும் என்று நினைத்துக் கொண்டிருந்தேன். (En veettup puzhakkadaiyil oru kaaigarith thottam amaikka vendum endru ninaithuk kondirundhen.),मैं अपने पिछवाड़े में सब्जियों का बगीचा शुरू करने की सोच रहा था। (Main apne pichwade mein sabziyon ka bageecha shuru karne ki soch raha tha.)
Day 57,Intermediate,Please make sure that all the lights are switched off.,அனைத்து விளக்குகளும் அணைக்கப்பட்டுள்ளதா என்பதை உறுதிப்படுத்திக் கொள்ளுங்கள். (Anaithu vilakkugalum anaikkappattulladha enbadhai urudhippaduthik kollungal.),कृपया सुनिश्चित करें कि सभी लाइटें बंद हैं। (Kripya sunishchit karen ki sabhi lightein band hain.)
Day 57,Intermediate,I think it's better to wait until the rain stops before we leave.,மழை நின்ற பிறகு நாம் கிளம்புவது நல்லது என்று நினைக்கிறேன். (Mazhai nindra piragu naam kilambuvadhu nalladhu endru ninaikkiren.),मुझे लगता है कि निकलने से पहले बारिश रुकने का इंतज़ार करना बेहतर है। (Mujhe lagta hai ki nikalne se pehle baarish rukne ka intezaar karna behtar hai.)
Day 58,Intermediate,I really appreciate your patience during this difficult time.,இந்த இக்கட்டான நேரத்தில் உங்கள் பொறுமைக்கு நான் மிகவும் நன்றி கூறுகிறேன். (Indha ikkattana nerathil ungal porumaikku naan migavum nandri koorigiren.),इस कठिन समय के दौरान आपके धैर्य के लिए मैं वास्तव में आपकी सराहना करता हूँ। (Is kathin samay ke dauran aapke dhairya ke liye main vaastav mein aapki saraahna karta hoon.)
Day 58,Intermediate,What do you think is the best way to deal with stress?,மன அழுத்தத்தைக் கையாள சிறந்த வழி எது என்று நீங்கள் நினைக்கிறீர்கள்? (Mana azhuthathai kaiyaala sirandha vazhi edhu endru neengal ninaikkireergal?),आपके अनुसार तनाव से निपटने का सबसे अच्छा तरीका क्या है? (Aapke anusar tanaav se nipatne ka sabse accha tareeka kya hai?)
Day 58,Intermediate,I prefer to buy organic produce whenever it is available.,இயற்கை முறையில் விளைந்த பொருட்கள் (organic) கிடைக்கும்போது அவற்றையே வாங்க விரும்புகிறேன். (Iyarkai muraiyil vilaindha porutkal kidaikkumpodhu avatraiye vaanga virumbugiren.),"जब भी उपलब्ध हो, मैं जैविक उत्पाद (organic produce) खरीदना पसंद करता हूँ। (Jab bhi upalabdh ho, main organic produce khareedna pasand karta hoon.)"
Day 58,Intermediate,She’s been feeling a bit homesick since she moved to the city.,அவர் நகரத்திற்கு மாறியதிலிருந்து சிறிது வீட்டு ஞாபகமாக (homesick) உணர்கிறார். (Avar nagarathirku maariyadhilirundhu siridhu veettu gnyaabakamaaga unargirar.),"जब से वह शहर में आई है, वह थोड़ा घर की याद (homesick) महसूस कर रही है। (Jab se wah shehar mein aayi hai, wah thoda homesick mehsoos kar rahi hai.)"
Day 58,Intermediate,"I’ll be there in about half an hour, depending on the traffic.",போக்குவரத்தைப் பொறுத்து நான் சுமார் அரை மணி நேரத்தில் அங்கு வந்துவிடுவேன். (Pokkuvarathaip poruthu naan sumaar arai mani nerathil angu vandhuviduven.),"ट्रैफिक के आधार पर, मैं लगभग आधे घंटे में वहां पहुंच जाऊंगा। (Traffic ke aadhar par, main lagbhag aadhe ghante mein wahan pahunch jaunga.)"
Day 59,Intermediate,I'm planning to go for a bike ride this Sunday morning.,இந்த ஞாயிற்றுக்கிழமை காலையில் நான் ஒரு பைக் பயணம் செல்லத் திட்டமிட்டுள்ளேன். (Indha gnyaayittrukkilamai kaalaiyil naan oru bike payanam sella thittamittullen.),मैं इस रविवार की सुबह बाइक की सवारी पर जाने की योजना बना रहा हूँ। (Main is ravivar ki subah bike ki sawari par jaane ki yojna bana raha hoon.)
Day 59,Intermediate,Have you ever participated in a marathon or a fun run?,நீங்கள் எப்போதாவது மாரத்தான் அல்லது வேடிக்கையான ஓட்டப் பந்தயத்தில் பங்கேற்றுள்ளீர்களா? (Neengal eppozhudhavadhu marathon alladhu vedikkaiyaana ottap pandhayathil pangettrulleergala?),क्या आपने कभी मैराथन या फन रन में भाग लिया है? (Kya aapne kabhi marathon ya fun run mein bhaag liya hai?)
Day 59,Intermediate,I was just about to close the shop when a customer walked in.,நான் கடையை மூடவிருந்தபோது ஒரு வாடிக்கையாளர் உள்ளே வந்தார். (Naan kadaiyai moodavirundhapodhu oru vaadikkaiyaalar ullay vandhaar.),"जब एक ग्राहक अंदर आया, मैं बस दुकान बंद करने ही वाला था। (Jab ek grahak andar aaya, main bas dukaan band karne hi wala tha.)"
Day 59,Intermediate,It's not always easy to keep up with the latest technology.,சமீபத்திய தொழில்நுட்பத்திற்கு ஏற்ப நம்மை மாற்றிக்கொள்வது எப்போதும் எளிதல்ல. (Sameebathiya thozhilnutpathirku erpa nammai maatrikkolvadhu eppodhum elidhalla.),नवीनतम तकनीक के साथ तालमेल बिठाना हमेशा आसान नहीं होता। (Naveentam takneek ke saath taalmel bithana hamesha aasaan nahi hota.)
Day 59,Intermediate,I don't really have a preference for any particular cuisine.,எனக்குக் குறிப்பிட்ட வகை உணவுகள் என்று எந்த விருப்பமும் இல்லை. (Enakkuk kurippitta vagai unavugal endru endha viruppamum illai.),मुझे वास्तव में किसी विशेष व्यंजन (cuisine) के लिए कोई पसंद नहीं है। (Mujhe vaastav mein kisi vishesh cuisine ke liye koi pasand nahi hai.)
Day 60,Intermediate,I’ll give you a call once I've had a chance to speak with the manager.,மேலாளரிடம் பேச எனக்கு வாய்ப்பு கிடைத்தவுடன் நான் உங்களுக்கு அழைக்கிறேன். (Melaalaridam pesa enakku vaaippu kidaithavudan naan ungalukku azhaikkiren.),"एक बार जब मुझे मैनेजर से बात करने का मौका मिल जाएगा, तो मैं आपको कॉल करूँगा। (Ek baar jab mujhe manager se baat karne ka mauka mil jayega, toh main aapko call karunga.)"
Day 60,Intermediate,What kind of television series do you usually watch?,நீங்கள் வழக்கமாக எந்த வகையான தொலைக்காட்சித் தொடர்களைப் பார்ப்பீர்கள்? (Neengal vazhakkamaaga endha vagaiyaana tholaikkaatchith thodargalaip paarppeergal?),आप आमतौर पर किस तरह की टेलीविजन सीरीज देखते हैं? (Aap aamtor par kis tarah ki television series dekhte hain?)
Day 60,Intermediate,I'm looking for a unique gift for my best friend's wedding.,என் சிறந்த நண்பரின் திருமணத்திற்காக ஒரு தனித்துவமான பரிசைத் தேடுகிறேன். (En sirandha nanbarin thirumanathirkaga oru thanithuvamaana parisaith thedugiren.),मैं अपने सबसे अच्छे दोस्त की शादी के लिए एक अनोखा उपहार ढूंढ रहा हूँ। (Main apne sabse acche dost ki shaadi ke liye ek anokha uphaar dhoond raha hoon.)
Day 60,Intermediate,It's important to have a backup plan in case things go wrong.,காரியங்கள் தவறாகப் போனால் மாற்றுத் திட்டம் (backup plan) வைத்திருப்பது முக்கியம். (Kaariyangal thavaraga ponaal maatru thittam vaithiruppadhu mukkiyam.),चीजें गलत होने की स्थिति में बैकअप प्लान होना महत्वपूर्ण है। (Cheezein galat hone ki sthiti mein backup plan hona mahatvapoorn hai.)
Day 60,Intermediate,I haven't had the chance to visit the new shopping center yet.,புதிய வணிக வளாகத்திற்கு (shopping center) செல்ல எனக்கு இன்னும் வாய்ப்பு கிடைக்கவில்லை. (Pudhiya vaniga valaagathirku sella enakku innum vaaippu kidaikkavillai.),मुझे अभी तक नए शॉपिंग सेंटर जाने का मौका नहीं मिला है। (मुझे अभी तक नए शॉपिंग सेंटर जाने का मौका नहीं मिला है।)
Day 61,Intermediate,I was just wondering if you had any time to look at my draft.,எனது வரைவை (draft) பார்க்க உங்களுக்கு நேரம் இருக்குமா என்று அறிய விரும்பினேன். (Enadhu varaivai paarkka ungalukku neram irukkuma endru ariya virumbinen.),मैं बस यह सोच रहा था कि क्या आपके पास मेरा ड्राफ्ट देखने का समय है। (Main bas yeh soch raha tha ki kya aapke paas mera draft dekhne ka samay hai.)
Day 61,Intermediate,Could you please let me know if there are any updates regarding the project?,திட்டம் குறித்த ஏதேனும் புதிய தகவல்கள் இருந்தால் எனக்குத் தெரிவிக்க முடியுமா? (Thittam kuritha edhenum pudhiya thagavalgal irundhaal enakkuth therivikka mudiyuma?),क्या आप कृपया मुझे बता सकते हैं कि प्रोजेक्ट के बारे में कोई अपडेट है या नहीं? (Kya aap kripya mujhe bata sakte hain ki project ke baare mein koi update hai ya nahi?)
Day 61,Intermediate,I have been trying to improve my cooking skills by watching online videos.,ஆன்லைன் வீடியோக்களைப் பார்த்து எனது சமையல் திறனை மேம்படுத்த முயற்சி செய்கிறேன். (Online videos-ai paarthu enadhu samaiyal thiranai mempaduththa muyarchi seigiren.),मैं ऑनलाइन वीडियो देखकर अपने खाना बनाने के कौशल को सुधारने की कोशिश कर रहा हूँ। (Main online video dekhkar apne khaana banaane ke kaushal ko sudhaarne ki koshish kar raha hoon.)
Day 61,Intermediate,It is much better to ask for help than to struggle on your own.,நீங்களே சிரமப்படுவதை விட உதவி கேட்பது மிகவும் நல்லது. (Neengalay siramappadhuvadhai vida udhavi ketpadhu migavum nalladhu.),अकेले संघर्ष करने से बेहतर है कि मदद मांग ली जाए। (Akele sangharsh karne se behtar hai ki madad maang lee jaye.)
Day 61,Intermediate,We should take a short break to refresh our minds before continuing.,தொடருவதற்கு முன் நம் மனதைப் புத்துணர்ச்சியாக்க ஒரு சிறிய இடைவெளி எடுக்க வேண்டும். (Thodaruvadharku mun nam manadhaip puthunarchiyaakka oru siriya idaiveli edukka vendum.),जारी रखने से पहले हमें दिमाग को तरोताजा करने के लिए एक छोटा ब्रेक लेना चाहिए। (Jaari rakhne se pehle humein dimaag ko taro-taaza karne ke liye ek chhota break lena chahiye.)
Day 62,Intermediate,I am not sure if I can make it to the dinner party on Friday.,வெள்ளிக்கிழமை இரவு விருந்துக்கு என்னால் வர முடியுமா என்று தெரியவில்லை. (Vellikilamai iravu virundhukku ennaal vara mudiyuma endru theriyavillai.),मुझे यकीन नहीं है कि मैं शुक्रवार को डिनर पार्टी में आ पाऊंगा या नहीं। (Mujhe yakeen nahi hai ki main shukravaar ko dinner party mein aa paunga ya nahi.)
Day 62,Intermediate,Do you have any advice for someone starting a new business?,புதிய தொழில் தொடங்குபவர்களுக்கு உங்களிடம் ஏதேனும் ஆலோசனை உள்ளதா? (Pudhiya thozhil thodangubavar-galukku ungalidam edhenum aaloasanai ulladha?),क्या आपके पास नया व्यवसाय शुरू करने वाले किसी व्यक्ति के लिए कोई सलाह है? (Kya aapke pas naya vyavsay shuru karne wale kisi vyakti ke liye koi salah hai?)
Day 62,Intermediate,I prefer to read a physical book rather than an e-book.,நான் இ-புத்தகத்தை விட காகிதப் புத்தகத்தைப் படிக்கவே விரும்புகிறேன். (Naan e-puthagathai vida kaagidha puthagathai padikkavae virumbugiren.),मैं ई-बुक के बजाय असली किताब पढ़ना पसंद करता हूँ। (Main e-book ke bajaye asli kitaab padhna pasand karta hoon.)
Day 62,Intermediate,We need to make sure we have all the necessary documents for the visa.,விசாவிற்குத் தேவையான அனைத்து ஆவணங்களும் நம்மிடம் இருப்பதை உறுதி செய்ய வேண்டும். (Visa-vukku thevaiyaana anaithu aavanangalum nammidam iruppadhai urudhi seiya vendum.),हमें यह सुनिश्चित करना होगा कि हमारे पास वीजा के लिए सभी आवश्यक दस्तावेज हैं। (Humein yeh sunishchit karna hoga ki humare paas visa ke liye sabhi aavashyak dastawez hain.)
Day 62,Intermediate,He has been feeling much more energetic since he started eating healthy.,ஆரோக்கியமான உணவைச் சாப்பிடத் தொடங்கியதிலிருந்து அவர் அதிக ஆற்றலுடன் உணர்கிறார். (Aarokkiyamaana unavais saappida thodangiyadhilirundhu avar adhiga aatraludan unargiraar.),"जब से उन्होंने स्वस्थ खाना शुरू किया है, वह काफी ऊर्जावान महसूस कर रहे हैं। (Jab se unhone swasth khaana shuru kiya hai, wah kaafi oorjawaan mehsoos kar rahe hain.)"
Day 63,Intermediate,I am thinking of learning a new language like French or German.,பிரெஞ்சு அல்லது ஜெர்மன் போன்ற புதிய மொழியைக் கற்கலாம் என்று நினைக்கிறேன். (French alladhu German poandra pudhiya mozhiyaik karkkalaam endru ninaikkiren.),मैं फ्रेंच या जर्मन जैसी कोई नई भाषा सीखने की सोच रहा हूँ। (Main French ya German jaisi koi nayi bhasha seekhne ki soch raha hoon.)
Day 63,Intermediate,Could you please show me how to format this document?,இந்த ஆவணத்தை எப்படி வடிவமைப்பது (format) என்று எனக்குக் காட்ட முடியுமா? (Indha aavanathai eppadi vadivamippadhu endru enakkuk kaatta mudiyuma?),क्या आप कृपया मुझे दिखा सकते हैं कि इस दस्तावेज़ को फॉर्मेट कैसे करें? (Kya aap kripya mujhe dikha sakte hain ki is dastawez ko format kaise karen?)
Day 63,Intermediate,It has been a very productive day for the entire team.,ஒட்டுமொத்த குழுவிற்கும் இது ஒரு பயனுள்ள நாளாக அமைந்தது. (Ottumoththa kuzhuvirkum idhu oru payanulla naalaaga amaindhadhu.),पूरी टीम के लिए आज का दिन बहुत ही फलदायी रहा। (Poori team ke liye aaj ka din bahut hi phaldayi raha.)
Day 63,Intermediate,Please remind me to call the bank before they close.,வங்கி மூடப்படுவதற்கு முன் அவர்களை அழைக்க எனக்கு நினைவுபடுத்துங்கள். (Bank moodappadvadharku mun avargalai azhaikka enakku ninaivupaduthungal.),कृपया मुझे बैंक बंद होने से पहले उन्हें फोन करने की याद दिलाना। (Kripya mujhe bank band hone se pehle unhein phone karne ki yaad dilana.)
Day 63,Intermediate,I think it's better to wait for the official announcement.,அதிகாரப்பூர்வ அறிவிப்பு வரும் வரை காத்திருப்பது நல்லது என்று நினைக்கிறேன். (Adhigaarappoorva arivippu varum varai kaathiruppadhu nalladhu endru ninaikkiren.),मुझे लगता है कि आधिकारिक घोषणा का इंतज़ार करना बेहतर है। (Mujhe lagta hai ki aadhikaarik ghoshna ka intezaar karna behtar hai.)
Day 64,Intermediate,I didn't mean to interrupt you; please go on.,நான் உங்களைக் குறுக்கிட விரும்பவில்லை; தயவுசெய்து தொடருங்கள். (Naan ungalai kurukkida virumbavillai; thayavuseidhu thodarungal.),मेरा इरादा आपको बीच में रोकने का नहीं था; कृपया जारी रखें। (Mera irada aapko beech mein rokne ka nahi tha; kripya jaari rakhein.)
Day 64,Intermediate,She is very good at multitasking and staying organized.,அவர் ஒரே நேரத்தில் பல வேலைகளைச் செய்வதிலும் ஒழுங்காகவும் இருப்பதிலும் சிறந்தவர். (Avar oray nerathil pala velaigalaich seivadhilum ozhungagavum iruppadhilum sirandhavar.),वह एक साथ कई काम करने और व्यवस्थित रहने में बहुत अच्छी है। (Wah ek saath kai kaam karne aur vyavasthit rehne mein bahut acchi hai.)
Day 64,Intermediate,I'll be waiting for you near the exit of the station.,ரயில் நிலையத்தின் வெளியேறும் பகுதிக்கு அருகில் நான் காத்திருப்பேன். (Rail nilaiyathin veliyerum pagudhikkku arugil naan kaathiruppen.),मैं स्टेशन के निकास द्वार (exit) के पास आपका इंतज़ार करूँगा। (Main station ke nikaas dwar ke paas aapka intezaar karunga.)
Day 64,Intermediate,Could you please tell me where I can find a good tailor?,ஒரு நல்ல தையல்காரரை எங்கே காணலாம் என்று சொல்ல முடியுமா? (Oru nalla thaiyal-kaararai engay kaanalaam endru solla mudiyuma?),क्या आप कृपया मुझे बता सकते हैं कि मुझे एक अच्छा दर्जी कहाँ मिल सकता है? (Kya aap kripya mujhe bata sakte hain ki mujhe ek accha darzi kahan mil sakta hai?)
Day 64,Intermediate,I think we should discuss the budget before making a final decision.,இறுதி முடிவை எடுப்பதற்கு முன் பட்ஜெட்டைப் பற்றி விவாதிக்க வேண்டும் என்று நினைக்கிறேன். (Irudhi mudivai eduppadharku mun budget-ai pattri vivaadhikka vendum endru ninaikkiren.),मुझे लगता है कि अंतिम फैसला लेने से पहले हमें बजट पर चर्चा करनी चाहिए। (Mujhe lagta hai ki antim faisla lene se pehle humein budget par charcha karni chahiye.)
Day 65,Intermediate,I was just about to send the report when the power went out.,மின்சாரம் தடைப்பட்டபோது நான் அறிக்கையை அனுப்பத் தயாராக இருந்தேன். (Minsaaram thadaippattapodhu naan arikkaiyai anuppath thayaaraaga irundhen.),"जब बिजली चली गई, मैं बस रिपोर्ट भेजने ही वाला था। (Jab bijli chali gayi, main bas report bhejne hi wala tha.)"
Day 65,Intermediate,It takes about an hour to get used to the cold weather here.,இங்குள்ள குளிரான வானிலைக்குப் பழக்கப்பட சுமார் ஒரு மணி நேரம் ஆகும். (Ingulla kuliraana vaanilaikkup palakkappada sumaar oru mani neram aagum.),यहाँ के ठंडे मौसम की आदत डालने में लगभग एक घंटा लगता है। (Yahan ke thande mausam ki aadat daalne mein lagbhag ek ghanta lagta hai.)
Day 65,Intermediate,"I have already seen this movie twice, but it’s still enjoyable.","நான் ஏற்கனவே இந்தப் படத்தை இரண்டு முறை பார்த்துவிட்டேன், ஆனாலும் இது ரசிக்க வைக்கிறது. (Naan erkanave indha padathai irandu murai paarthuvitten, aanaalum idhu rasikka vaikkiradhu.)","मैंने यह फिल्म पहले ही दो बार देखी है, लेकिन यह अभी भी मजेदार है। (Maine yeh film pehle hi do baar dekhi hai, lekin yeh abhi bhi mazedaar hai.)"
Day 65,Intermediate,She has been working as a volunteer at the local animal shelter.,அவர் உள்ளூர் விலங்குகள் காப்பகத்தில் தன்னார்வலராகப் பணியாற்றி வருகிறார். (Avar ullur vilangugal kaappagathil thannarvalaraagap paniyaattri varugiraar.),वह स्थानीय पशु आश्रय में एक स्वयंसेवक (volunteer) के रूप में काम कर रही हैं। (Wah sthaaniya pashu aashray mein ek swayamsevak ke roop mein kaam kar rahi hain.)
Day 65,Intermediate,I'll let you know as soon as I have more information about the trip.,பயணம் குறித்த கூடுதல் தகவல்கள் கிடைத்தவுடன் உங்களுக்குத் தெரிவிக்கிறேன். (Payanam kuritha koodudhal thagavalgal kidaithavudan ungalukkuth therivikkiren.),यात्रा के बारे में और जानकारी मिलते ही मैं आपको बताऊंगा। (Yaatra ke baare mein aur jaankari milte hi main aapko bataunga.)
Day 66,Intermediate,I don't think it's a good idea to stay up so late every night.,தினமும் இரவு இவ்வளவு நேரம் விழித்திருப்பது நல்லது என்று நான் நினைக்கவில்லை. (Dhinamum iravu ivvalavu neram vizhithiruppadhu nalladhu endru naan ninaikkavillai.),मुझे नहीं लगता कि हर रात इतनी देर तक जागना एक अच्छा विचार है। (Mujhe nahi lagta ki har raat itni der tak jaagna ek accha vichaar hai.)
Day 66,Intermediate,How much does it cost to renew a driving license?,ஓட்டுநர் உரிமத்தைப் புதுப்பிக்க எவ்வளவு செலவாகும்? (Ottunar urimaththaip pudhuppikka evvalavu selavaagum?),ड्राइविंग लाइसेंस रिन्यू कराने में कितना खर्च आता है? (Driving license renew karane mein kitna kharch aata hai?)
Day 66,Intermediate,"I forgot to bring my ID card, so I can't enter the building.","நான் எனது அடையாள அட்டையை எடுத்து வர மறந்துவிட்டேன், எனவே கட்டிடத்திற்குள் நுழைய முடியாது. (Naan enadhu adaiyaala attaiyai eduthu vara marandhuvitten, enavae kattidathirkul nuzhaiya mudiyaadhu.)","मैं अपना आईडी कार्ड लाना भूल गया, इसलिए मैं इमारत में प्रवेश नहीं कर सकता। (Main apna ID card laana bhool gaya, isliye main imaarat mein pravesh nahi kar sakta.)"
Day 66,Intermediate,We should definitely check the online reviews before buying this.,இதை வாங்குவதற்கு முன் ஆன்லைன் விமர்சனங்களைக் கண்டிப்பாகச் சரிபார்க்க வேண்டும். (Idhai vaanguvadharku mun online vimarsanangalaik kandippaagas saripaarkka vendum.),इसे खरीदने से पहले हमें ऑनलाइन समीक्षाएं (reviews) जरूर देखनी चाहिए। (Ise khareedne se pehle humein online sameekshayein zaroor dekhni chahiye.)
Day 66,Intermediate,He is very interested in learning about space exploration.,விண்வெளி ஆய்வு பற்றி அறிந்துகொள்வதில் அவர் மிகுந்த ஆர்வம் கொண்டுள்ளார். (Vinveli aayvu pattri arindhukolvadhil avar migundha aarvam kondullar.),उनकी अंतरिक्ष अन्वेषण (space exploration) के बारे में जानने में बहुत रुचि है। (Unki space exploration ke baare mein jaane mein bahut ruchi hai.)
Day 67,Intermediate,I'm not sure if I'll be able to make it on time for the meeting.,கூட்டத்திற்குச் சரியான நேரத்திற்கு என்னால் வர முடியுமா என்று தெரியவில்லை. (Koottathirku sariyaana nerathirkku ennaal vara mudiyuma endru theriyavillai.),मुझे यकीन नहीं है कि मैं मीटिंग के लिए समय पर पहुँच पाऊंगा या नहीं। (Mujhe yakeen nahi hai ki main meeting ke liye samay par pahunch paunga ya nahi.)
Day 67,Intermediate,Could you please tell me where the nearest train station is?,அருகிலுள்ள ரயில் நிலையம் எங்கே இருக்கிறது என்று தயவுசெய்து சொல்ல முடியுமா? (Arugilulla rail nilaiyam engay irukkiradhu endru thayavuseidhu solla mudiyuma?),क्या आप कृपया मुझे बता सकते हैं कि पास का रेलवे स्टेशन कहाँ है? (Kya aap kripya mujhe bata sakte hain ki paas ka railway station kahan hai?)
Day 67,Intermediate,I've been meaning to start learning a musical instrument for a long time.,நீண்ட காலமாக ஒரு இசைக் கருவியைக் கற்க வேண்டும் என்று நினைத்துக் கொண்டிருந்தேன். (Neenda kaalamaaga oru isaik karuviyaik karkka vendum endru ninaithuk kondirundhen.),मैं काफी समय से कोई वाद्य यंत्र (musical instrument) सीखना शुरू करने की सोच रहा था। (Main kaafi samay se koi vadya yantra seekhna shuru karne ki soch raha tha.)
Day 67,Intermediate,Please make sure that you have turned off all the appliances.,அனைத்து மின் சாதனங்களையும் அணைத்துவிட்டதை உறுதி செய்யவும். (Anaithu min saadhangalaiyum anaithuvittadhai urudhi seiyavum.),कृपया सुनिश्चित करें कि आपने सभी उपकरणों (appliances) को बंद कर दिया है। (Kripya sunishchit karen ki aapne sabhi upkarnon ko band kar diya hai.)
Day 67,Intermediate,I think it's better to stay home tonight as the weather is bad.,வானிலை மோசமாக இருப்பதால் இன்று இரவு வீட்டிலேயே இருப்பது நல்லது என்று நினைக்கிறேன். (Vaanilai moasamaga iruppadhaal indru iravu veettilayay iruppadhu nalladhu endru ninaikkiren.),मुझे लगता है कि आज रात घर पर रहना बेहतर है क्योंकि मौसम खराब है। (Mujhe lagta hai ki aaj raat ghar par rehna behtar hai kyunki mausam kharab hai.)
Day 68,Intermediate,I really appreciate all the hard work you have put in.,நீங்கள் செய்த அனைத்து கடின உழைப்பையும் நான் உண்மையிலேயே பாராட்டுகிறேன். (Neengal seidha anaithu kadina uzhaippaiyum naan unmaiyilaeyae paarattugiren.),"आपने जो भी कड़ी मेहनत की है, मैं वास्तव में उसकी सराहना करता हूँ। (Aapne jo bhi kadi mehnat ki hai, main vaastav mein uski saraahna karta hoon.)"
Day 68,Intermediate,What do you think is the best way to maintain work-life balance?,வேலை மற்றும் வாழ்க்கை சமநிலையைப் பேண சிறந்த வழி எது என்று நினைக்கிறீர்கள்? (Velai matrum vaazhkkai samanilaiyaip pena sirandha vazhi edhu endru ninaikkireergal?),आपके अनुसार वर्क-लाइफ बैलेंस बनाए रखने का सबसे अच्छा तरीका क्या है? (Aapke anusar work-life balance banaye rakhne ka sabse accha tareeka kya hai?)
Day 68,Intermediate,I prefer to exercise in the morning before I start my day.,நாளைத் தொடங்குவதற்கு முன் காலையில் உடற்பயிற்சி செய்யவே விரும்புகிறேன். (Naalaith thodanguvadharku mun kaalaiyil udarpayirchi seiyavae virumbugiren.),मैं अपना दिन शुरू करने से पहले सुबह व्यायाम करना पसंद करता हूँ। (Main apna din shuru karne se pehle subah vyayam karna पसंद karta hoon.)
Day 68,Intermediate,She’s been feeling a bit overwhelmed with her new responsibilities.,புதிய பொறுப்புகளால் அவர் சற்று மன அழுத்தமாக உணர்கிறார். (Pudhiya poruppugalaal avar satru mana azhuththamaaga unargiraar.),वह अपनी नई जिम्मेदारियों से थोड़ा परेशान (overwhelmed) महसूस कर रही हैं। (Wah apni nayi zimmedariyon se thoda pareshan mehsoos kar rahi hain.)
Day 68,Intermediate,"I’ll be there in about ten minutes, depending on the traffic.",போக்குவரத்தைப் பொறுத்து நான் சுமார் பத்து நிமிடங்களில் அங்கு வந்துவிடுவேன். (Pokkuvaraththaip poruththu naan sumaar pathu nimidangalil angu vandhuviduven.),"ट्रैफिक के आधार पर, मैं लगभग दस मिनट में वहां पहुंच जाऊंगा। (Traffic ke aadhar par, main lagbhag das minute mein wahan pahunch jaunga.)"
Day 69,Intermediate,I'm planning to go for a run in the park this evening.,இன்று மாலை பூங்காவில் ஓட்டப்பயிற்சி செய்யத் திட்டமிட்டுள்ளேன். (Indru maalai poongaavil ottappayirchi seiya thittamittullen.),मैं आज शाम पार्क में दौड़ने जाने की योजना बना रहा हूँ। (Main aaj shaam park mein daudne jaane ki yojna bana raha hoon.)
Day 69,Intermediate,Have you ever tried any meditation or yoga before?,இதற்கு முன்பு எப்போதாவது தியானம் அல்லது யோகா முயற்சி செய்துள்ளீர்களா? (Idharku munbu eppozhudhavadhu dhiyaanam alladhu yoga muyarchi seidhulleergala?),क्या आपने पहले कभी ध्यान (meditation) या योग आज़माया है? (Kya aapne pehle kabhi dhyan ya yoga aajmaya hai?)
Day 69,Intermediate,I was just about to leave when my neighbor stopped me to talk.,நான் கிளம்பவிருந்தபோது என் பக்கத்து வீட்டுக்காரர் பேச நிறுத்தினார். (Naan kilambavirundhapodhu en pakkathu veettukkaari paesa niruthinaar.),मैं बस निकलने ही वाला था कि मेरे पड़ोसी ने बात करने के लिए मुझे रोक लिया। (Main bas nikalne hi wala tha ki mere padosi ne baat karne ke liye mujhe rok liya.)
Day 69,Intermediate,It's not always easy to balance work and personal life.,வேலை மற்றும் தனிப்பட்ட வாழ்க்கையைச் சமநிலைப்படுத்துவது எப்போதும் எளிதல்ல. (Velai matrum thanippatta vaazhkkaiyaich samanilai-paduthuvadhu eppodhum elidhalla.),काम और निजी जीवन के बीच संतुलन बनाना हमेशा आसान नहीं होता। (Kaam aur niji jeevan ke beech santulan banana hamesha aasaan nahi hota.)
Day 69,Intermediate,I don't really have a preference for any particular kind of food.,எனக்குக் குறிப்பிட்ட வகை உணவுகள் மீது எந்த விருப்பமும் இல்லை. (Enakkuk kurippitta vagai unavugal meedhu endha viruppamum illai.),मुझे वास्तव में किसी विशेष प्रकार के भोजन के लिए कोई पसंद नहीं है। (Mujhe vaastav mein kisi vishesh prakar ke bhojan ke liye koi pasand nahi hai.)
Day 70,Intermediate,I’ll give you a call once I've had a chance to think about it.,அதைப் பற்றி யோசிக்க எனக்கு வாய்ப்பு கிடைத்தவுடன் நான் உங்களுக்கு அழைக்கிறேன். (Adhaip pattri yoasikka enakku vaaippu kidaithavudan naan ungalukku azhaikkiren.),"एक बार जब मुझे इस बारे में सोचने का मौका मिल जाएगा, तो मैं आपको कॉल करूँगा। (Ek baar jab mujhe is baare mein sochne ka mauka mil jayega, toh main aapko call karunga.)"
Day 70,Intermediate,What kind of television programs do you usually watch?,நீங்கள் வழக்கமாக எந்த வகையான தொலைக்காட்சி நிகழ்ச்சிகளைப் பார்ப்பீர்கள்? (Neengal vazhakkamaaga endha vagaiyaana tholaikkaatchi nigazhchigalaip paarppeergal?),आप आमतौर पर किस तरह के टेलीविजन कार्यक्रम देखते हैं? (Aap aamtor par kis tarah ke television karyakram dekhte hain?)
Day 70,Intermediate,I'm looking for a birthday gift for my best friend.,எனது சிறந்த நண்பருக்கு ஒரு பிறந்தநாள் பரிசைத் தேடுகிறேன். (Enadhu sirandha nanbarukku oru pirandhanaal parisaith thedugiren.),मैं अपने सबसे अच्छे दोस्त के लिए जन्मदिन का उपहार ढूंढ रहा हूँ। (Main apne sabse acche dost ke liye janmadin ka uphaar dhoond raha hoon.)
Day 70,Intermediate,It's important to take regular breaks to avoid burnout.,வேலைச் சோர்வைத் தவிர்க்கத் அவ்வப்போது இடைவெளி எடுப்பது முக்கியம். (Velai choarvaith thavirkkath avvappoadhu idaiveli eduppadhu mukkiyam.),थकान (burnout) से बचने के लिए नियमित रूप से ब्रेक लेना महत्वपूर्ण है। (Thakaan se bachne ke liye niyamit roop se break lena mahatvapoorn hai.)
Day 70,Intermediate,I haven't had the chance to go to the new park yet.,புதிய பூங்காவிற்குச் செல்ல எனக்கு இன்னும் வாய்ப்பு கிடைக்கவில்லை. (Pudhiya poongaavirku sella enakku innum vaaippu kidaikkavillai.),मुझे अभी तक नए पार्क जाने का मौका नहीं मिला है। (मुझे अभी तक नए पार्क जाने का मौका नहीं मिला है।)
Day 71,Intermediate,I was wondering if you could recommend a good dentist.,ஒரு நல்ல பல் மருத்துவரை உங்களால் பரிந்துரைக்க முடியுமா என்று அறிய விரும்பினேன். (Oru nalla pal maruthuvarai ungalaal parindhuraikka mudiyuma endru ariya virumbinen.),मैं सोच रहा था कि क्या आप किसी अच्छे डेंटिस्ट का सुझाव दे सकते हैं। (Main soch raha tha ki kya aap kisi acche dentist ka sujhaav de sakte hain.)
Day 71,Intermediate,Could you please let me know when the flight is scheduled to land?,விமானம் எப்போது தரையிறங்கும் என்று எனக்குத் தெரிவிக்க முடியுமா? (Vimaanam eppodhu tharaiyirangum endru enakkuth therivikka mudiyuma?),क्या आप कृपया मुझे बता सकते हैं कि फ्लाइट के उतरने का समय क्या है? (Kya aap kripya mujhe bata sakte hain ki flight ke utarne ka samay kya hai?)
Day 71,Intermediate,I have been trying to cut down on my sugar intake lately.,நான் சமீபகாலமாக சர்க்கரை உட்கொள்வதைக் குறைக்க முயற்சி செய்கிறேன். (Naan sameebakaalamaaga sarkkarai utkolluvadhaik kuraikka muyarchi seigiren.),मैं पिछले कुछ समय से चीनी का सेवन कम करने की कोशिश कर रहा हूँ। (Main pichle kuch samay se cheeni ka sevan kam karne ki koshish kar raha hoon.)
Day 71,Intermediate,It is much more expensive to live in the city center.,நகரின் மையப்பகுதியில் வசிப்பது மிகவும் விலை உயர்ந்தது. (Nagarin maiyappagudhiyil vasippadhu migavum vilai uyarndhadhu.),शहर के बीचों-बीच रहना बहुत महंगा है। (Shehar ke beechon-beech rehna bahut mehnga hai.)
Day 71,Intermediate,We should take our shoes off before entering the house.,வீட்டிற்குள் நுழைவதற்கு முன் நாம் காலணிகளைக் கழற்ற வேண்டும். (Veettukkul nuzhaivadharku mun naam kaalanigalaik kazhatra vendum.),घर में प्रवेश करने से पहले हमें अपने जूते उतार देने चाहिए। (Ghar mein pravesh karne se pehle humein apne joote utaar dene chahiye.)
Day 72,Intermediate,I am not sure if I can finish the book by tomorrow.,நாளைக்குள் என்னால் இந்தப் புத்தகத்தைப் படித்து முடிக்க முடியுமா என்று தெரியவில்லை. (Naalaikkul ennaal indha puthagaththaip padithu mudikka mudiyuma endru theriyavillai.),मुझे यकीन नहीं है कि मैं कल तक किताब खत्म कर पाऊंगा या नहीं। (Mujhe yakeen nahi hai ki main kal tak kitaab khatam kar paunga ya nahi.)
Day 72,Intermediate,Do you have any suggestions on how to save electricity?,மின்சாரத்தைச் சேமிக்க உங்களிடம் ஏதேனும் ஆலோசனைகள் உள்ளதா? (Minsaaraithais semikka ungalidam edhenum aaloasanaigal ulladha?),क्या आपके पास बिजली बचाने के लिए कोई सुझाव है? (Kya aapke paas bijli bachane ke liye koi sujhaav hai?)
Day 72,Intermediate,I prefer to work alone when I need to concentrate deeply.,நான் ஆழ்ந்து கவனம் செலுத்த வேண்டியிருக்கும் போது தனியாக வேலை செய்யவே விரும்புகிறேன். (Naan aazhndhu gavanm seluththa vendiyirukkum podhu thaniyaaga velai seiyavae virumbugiren.),"जब मुझे गहराई से ध्यान केंद्रित करने की आवश्यकता होती है, तो मैं अकेले काम करना पसंद करता हूँ। (Jab mujhe gehraai se dhyan kendrit karne ki aavashyakta hoti hai, toh main akele kaam karna pasand karta hoon.)"
Day 72,Intermediate,We need to double-check the time of the appointment.,சந்திப்பு நேரத்தை நாம் மீண்டும் ஒருமுறை சரிபார்க்க வேண்டும். (Sandhippu nerathai naam meendum orumurai saripaarkka vendum.),हमें अपॉइंटमेंट (मिलने) के समय की दोबारा जांच करनी होगी। (Humein appointment ke samay ki dobara jaanch karni hogi.)
Day 72,Intermediate,He has been feeling much more relaxed since his vacation.,விடுமுறைக்கு பிறகு அவர் மிகவும் நிம்மதியாக உணர்கிறார். (Vidumuraikku piragu avar migavum nimmadhiyaaga unargiraar.),अपनी छुट्टियों के बाद से वह काफी तनावमुक्त महसूस कर रहे हैं। (Apni chhuttiyon ke baad se wah kaafi tanaav-mukt mehsoos kar rahe hain.)
Day 73,Intermediate,I am thinking of rearranging the furniture in my living room.,எனது வரவேற்பறையில் உள்ள தளபாடங்களை (furniture) மாற்றியமைக்க நினைக்கிறேன். (Enadhu varaverparaiyil ulla thalabaadangala m maatryamaikka ninaikkiren.),मैं अपने लिविंग रूम के फर्नीचर को फिर से व्यवस्थित करने की सोच रहा हूँ। (Main apne living room ke furniture ko phir se vyavasthit karne ki soch raha hoon.)
Day 73,Intermediate,Could you please show me how to change the settings?,அமைப்புகளை (settings) எப்படி மாற்றுவது என்று எனக்குக் காட்ட முடியுமா? (Amaippugalai eppadi maatruvadhu endru enakkuk kaatta mudiyuma?),क्या आप कृपया मुझे दिखा सकते हैं कि सेटिंग्स कैसे बदलें? (Kya aap kripya mujhe dikha sakte hain ki settings kaise badlein?)
Day 73,Intermediate,It has been a pleasure working with you on this project.,இந்தத் திட்டத்தில் உங்களுடன் இணைந்து பணியாற்றியது மகிழ்ச்சி அளிக்கிறது. (Indha thittathil ungaludan inaindhu paniyaattriyadhu magizhchi alikkiradhu.),इस प्रोजेक्ट पर आपके साथ काम करना खुशी की बात रही है। (Is project par aapke saath kaam karna khushi ki baat rahi hai.)
Day 73,Intermediate,Please remind me to buy a gift for my sister's graduation.,என் சகோதரியின் பட்டமளிப்பு விழாவிற்குப் பரிசு வாங்க எனக்கு நினைவுபடுத்துங்கள். (En sagodhariyin pattamalirpu vizhaavirku parisu vaanga enakku ninaivupaduthungal.),कृपया मेरी बहन के ग्रेजुएशन के लिए उपहार खरीदने की याद दिलाना। (Kripya meri behen ke graduation ke liye uphaar khareedne ki yaad dilana.)
Day 73,Intermediate,I think it's better to wait for a sale before buying that laptop.,அந்த லேப்டாப்பை வாங்குவதற்கு முன் தள்ளுபடி விற்பனைக்காகக் காத்திருப்பது நல்லது. (Andha laptop-ai vaanguvadharku mun thallubadi virpanaikkaagak kaathiruppadhu nalladhu.),मुझे लगता है कि उस लैपटॉप को खरीदने से पहले सेल (बिक्री) का इंतज़ार करना बेहतर है। (Mujhe lagta hai ki us laptop ko khareedne se pehle sale ka intezaar karna behtar hai.)
Day 74,Intermediate,I didn't mean to sound so rude earlier.,நான் முன்பு அவ்வளவு முரட்டுத்தனமாகப் பேச விரும்பவில்லை. (Naan munbu avvalavu murattuthanaamaagap pesa virumbavillai.),मेरा इरादा पहले इतना अशिष्ट (असभ्य) दिखने का नहीं था। (Mera irada pehle itna ashishth dikhne ka nahi tha.)
Day 74,Intermediate,She is very good at explaining complex topics in a simple way.,கடினமான தலைப்புகளை எளிமையாக விளக்குவதில் அவர் சிறந்தவர். (Kadinamaana thalaippugalai elimaiyaaga vilakkuvadhil avar sirandhavar.),वह जटिल विषयों को सरल तरीके से समझाने में बहुत अच्छी है। (Wah jatil vishayon ko saral tareeke se samjhane mein bahut acchi hai.)
Day 74,Intermediate,I'll be waiting for you at the information desk.,தகவல் மையத்தில் நான் உங்களுக்காகக் காத்திருப்பேன். (Thagaval maiyathil naan ungalukkaagak kaathiruppen.),मैं पूछताछ केंद्र (information desk) पर आपका इंतज़ार करूँगा। (Main poochtaach kendra par aapka intezaar karunga.)
Day 74,Intermediate,Could you please speak a bit more clearly?,தயவுசெய்து இன்னும் கொஞ்சம் தெளிவாகப் பேச முடியுமா? (Thayavuseidhu innum konjam thelivaagap pesa mudiyuma?),क्या आप कृपया थोड़ा और स्पष्ट बोल सकते हैं? (Kya aap kripya thoda aur spasht bol sakte hain?)
Day 74,Intermediate,I think we should ask for directions before we get lost.,நாம் வழி தவறுவதற்கு முன்பே யாரிடமாவது வழி கேட்பது நல்லது என்று நினைக்கிறேன். (Naam vazhi thavaruvadharku munbe yaaridamaavadhu vazhi ketpadhu nalladhu endru ninaikkiren.),मुझे लगता है कि रास्ता भटकने से पहले हमें रास्ता पूछ लेना चाहिए। (Mujhe lagta hai ki raasta bhatakne se pehle humein raasta pooch lena chahiye.)
Day 75,Intermediate,I was just about to call a taxi when you offered me a ride.,நீங்கள் லிஃப்ட் தருவதாகச் சொன்னபோது நான் டாக்ஸியை அழைக்கவிருந்தேன். (Neengal lift tharuvadhaagas sonnapodhu naan taxi-ai azhaikkavirundhen.),"जब आपने मुझे लिफ्ट देने की पेशकश की, मैं बस टैक्सी बुलाने ही वाला था। (Jab aapne mujhe lift dene ki peshkash ki, main bas taxi bulane hi wala tha.)"
Day 75,Intermediate,It takes about fifteen minutes to heat up the oven.,அடுப்பை (oven) சூடாக்க சுமார் பதினைந்து நிமிடங்கள் ஆகும். (Aduppai sudaakka sumaar padhinaindhu nimidangal aagum.),ओवन को गर्म होने में लगभग पंद्रह मिनट लगते हैं। (Oven ko garm hone mein lagbhag pandrah minute lagte hain.)
Day 75,Intermediate,"I have already visited that park, so let's try a different one.","நான் ஏற்கனவே அந்தப் பூங்காவிற்குச் சென்றுவிட்டேன், எனவே வேறு ஒன்றிற்குச் செல்வோம். (Naan erkanave andhap poongaavirku sendruvitten, enavae veru ontrirku selvoam.)","मैं पहले ही उस पार्क में जा चुका हूँ, इसलिए चलो किसी दूसरे पार्क में चलते हैं। (Main pehle hi us park mein ja chuka hoon, isliye chalo kisi doosre park mein chalte hain.)"
Day 75,Intermediate,She has been working as a graphic designer for five years.,அவர் ஐந்து ஆண்டுகளாக கிராஃபிக் டிசைனராகப் பணியாற்றி வருகிறார். (Avar aindhu aandugalaaga graphic designer-aagap paniyaattri varugiraar.),वह पांच साल से ग्राफिक डिजाइनर के रूप में काम कर रही हैं। (Wah paanch saal se graphic designer ke roop mein kaam kar rahi hain.)
Day 75,Intermediate,I'll let you know as soon as I finish checking the documents.,ஆவணங்களைச் சரிபார்த்து முடித்தவுடன் உங்களுக்குத் தெரிவிக்கிறேன். (Aavannangalais saripaarthu mudiththavudan ungalukkuth therivikkiren.),"जैसे ही मैं दस्तावेज़ों की जांच पूरी कर लूँगा, मैं आपको बता दूँगा। (Jaise hi main dastawezon ki jaanch poori kar loonga, main aapko bata doonga.)"
Day 76,Intermediate,I don't think it's a good idea to go out in this storm.,இந்தப் புயலில் வெளியே செல்வது நல்லது என்று நான் நினைக்கவில்லை. (Indhap puyalil veliye selvadhun nalladhu endru naan ninaikkavillai.),मुझे नहीं लगता कि इस तूफान में बाहर जाना एक अच्छा विचार है। (Mujhe nahi lagta ki is toofan mein baahar jaana ek accha vichaar hai.)
Day 76,Intermediate,How much does it cost to get a passport photo taken?,பாஸ்போர்ட் புகைப்படம் எடுக்க எவ்வளவு செலவாகும்? (Passport pugaippadam edukka evvalavu selavaagum?),पासपोर्ट फोटो खिंचवाने में कितना खर्च आता है? (Passport photo khinchwane mein kitna kharch aata hai?)
Day 76,Intermediate,"I forgot to bring my charger, so my phone might die soon.","நான் சார்ஜரை எடுத்து வர மறந்துவிட்டேன், எனவே என் போன் விரைவில் அணைந்துவிடும். (Naan charger-ai eduthu vara marandhuvitten, enavae en phone viraivil anaindhuvidum.)","मैं अपना चार्जर लाना भूल गया, इसलिए मेरा फोन जल्द ही बंद हो सकता है। (Main apna charger laana bhool gaya, isliye mera phone jald hi band ho sakta hai.)"
Day 76,Intermediate,We should definitely try that new ice cream parlor.,அந்தப் புதிய ஐஸ்கிரீம் கடையை நாம் கண்டிப்பாக முயற்சி செய்ய வேண்டும். (Andhap pudhiya ice cream kadaiyai naam kandippaaga muyarchi seiya vendum.),हमें उस नए आइसक्रीम पार्लर को जरूर आज़माना चाहिए। (Humein us naye ice cream parlour ko zaroor aazmaana chahiye.)
Day 76,Intermediate,He is very interested in learning about renewable energy.,புதுப்பிக்கத்தக்க எரிசக்தி பற்றி அறிந்துகொள்வதில் அவர் மிகுந்த ஆர்வம் கொண்டுள்ளார். (Pudhuppikkathakka erisakhthi pattri arindhukolvadhil avar migundha aarvam kondullar.),उनकी अक्षय ऊर्जा (renewable energy) के बारे में जानने में बहुत रुचि है। (Unki renewable energy ke baare mein jaane mein bahut ruchi hai.)
Day 77,Intermediate,I'm not sure if I'll be able to attend the wedding next month.,அடுத்த மாதம் திருமணத்தில் என்னால் கலந்து கொள்ள முடியுமா என்று தெரியவில்லை. (Adhutha maadham thirumanathil ennal kalandhu kolla mudiyuma endru theriyavillai.),मुझे यकीन नहीं है कि मैं अगले महीने शादी में शामिल हो पाऊंगा या नहीं। (Mujhe yakeen nahi hai ki main agle mahine shaadi mein shaamil ho paunga ya nahi.)
Day 77,Intermediate,Could you please tell me where the nearest grocery store is?,அருகிலுள்ள மளிகைக் கடை எங்கே இருக்கிறது என்று தயவுசெய்து சொல்ல முடியுமா? (Arugilulla maligaik kadai engay irukkiradhu endru thayavuseidhu solla mudiyuma?),क्या आप कृपया मुझे बता सकते हैं कि पास की किराने की दुकान कहाँ है? (Kya aap kripya mujhe bata sakte hain ki paas ki kirane ki dukaan kahan hai?)
Day 77,Intermediate,I've been meaning to clean out my garage for weeks.,பல வாரங்களாக என் கேரேஜைச் சுத்தம் செய்ய வேண்டும் என்று நினைத்துக் கொண்டிருந்தேன். (Pala vaarangalaaga en garage-ais suththam seiya vendum endru ninaithuk kondirundhen.),मैं हफ्तों से अपने गैरेज की सफाई करने की सोच रहा था। (Main hafton se apne garage ki safai karne ki soch raha था।)
Day 77,Intermediate,Please make sure that you have saved all your work.,உங்கள் வேலைகள் அனைத்தையும் சேமித்துவிட்டதை உறுதி செய்யவும். (Ungal velaigal anaithaiyum semiththuvittadhai urudhi seiyavum.),कृपया सुनिश्चित करें कि आपने अपना सारा काम सेव (सुरक्षित) कर लिया है। (Kripya sunishchit karen ki aapne apna saara kaam save kar liya hai.)
Day 77,Intermediate,I think it's better to leave now to avoid the evening traffic.,மாலை நேரப் போக்குவரத்தைத் தவிர்க்க இப்போதே கிளம்புவது நல்லது என்று நினைக்கிறேன். (Maalai nerap pokkuvaraththaith thavirkka ippoadhae kilambuvadhu nalladhu endru ninaikkiren.),मुझे लगता है कि शाम के ट्रैफिक से बचने के लिए अभी निकलना बेहतर है। (Mujhe lagta hai ki shaam ke traffic se bachne ke liye abhi nikalna behtar hai.)
Day 78,Intermediate,I really appreciate you helping me move into my new apartment.,நான் புதிய அப்பார்ட்மெண்டிற்கு மாற உதவியதற்கு உங்களுக்கு மிகவும் நன்றி. (Naan pudhiya apartment-irkku maara udhaviyadharku ungalukku migavum nandri.),मेरे नए अपार्टमेंट में शिफ्ट होने में मेरी मदद करने के लिए मैं वास्तव में आपकी सराहना करता हूँ। (Mere naye apartment mein shift hone mein meri madad karne ke liye main vaastav mein aapki saraahna karta hoon.)
Day 78,Intermediate,What do you think is the best way to handle a difficult customer?,ஒரு கடினமான வாடிக்கையாளரை எப்படிக் கையாளுவது என்று நீங்கள் நினைக்கிறீர்கள்? (Oru kadinamaana vaadikkaiyaalarai eppadik kaiyaaluvadhu endru neengal ninaikkireergal?),आपके अनुसार एक कठिन ग्राहक को संभालने का सबसे अच्छा तरीका क्या है? (Aapke anusar ek kathin grahak ko sambhalne ka sabse accha tareeka kya hai?)
Day 78,Intermediate,I prefer to listen to music while I am working out.,உடற்பயிற்சி செய்யும்போது இசை கேட்பதையே நான் விரும்புகிறேன். (Udarpayirchi seiyumpodhu isai ketpadhaiyae naan virumbugiren.),वर्कआउट करते समय मैं संगीत सुनना पसंद करता हूँ। (Workout karte samay main sangeet sunna pasand karta hoon.)
Day 78,Intermediate,She’s been feeling a bit overwhelmed with her household chores.,வீட்டு வேலைகளால் அவர் சற்று மன அழுத்தமாக உணர்கிறார். (Veettu velaigalaal avar satru mana azhuththamaaga unargiraar.),वह घर के कामों से थोड़ा परेशान (overwhelmed) महसूस कर रही हैं। (Wah ghar ke kaamon se thoda pareshan mehsoos kar rahi hain.)
Day 78,Intermediate,"I’ll be there in about fifteen minutes, depending on the bus.",பேருந்தைப் பொறுத்து நான் சுமார் பதினைந்து நிமிடங்களில் அங்கு வந்துவிடுவேன். (Perundhaip poruththu naan sumaar padhinaindhu nimidangalil angu vandhuviduven.),"बस के आधार पर, मैं लगभग पंद्रह मिनट में वहां पहुंच जाऊंगा। (Bus ke aadhar par, main lagbhag pandrah minute mein wahan pahunch jaunga.)"
Day 79,Intermediate,I'm planning to go to the public library this afternoon.,இன்று மதியம் பொது நூலகத்திற்குச் செல்லத் திட்டமிட்டுள்ளேன். (Indru madhiyam podhu noolagathirkku sella thittamittullen.),मैं आज दोपहर सार्वजनिक पुस्तकालय (library) जाने की योजना बना रहा हूँ। (Main aaj dopahar saarvajanik pustakalay jaane ki yojna bana raha hoon.)
Day 79,Intermediate,Have you ever tried any online courses for professional development?,தொழில்முறை முன்னேற்றத்திற்காக ஏதேனும் ஆன்லைன் படிப்புகளை முயற்சி செய்துள்ளீர்களா? (Thozhilmurai munnetrathirkaga edhenum online padippugalai muyarchi seidhulleergala?),क्या आपने पेशेवर विकास (professional development) के लिए कभी कोई ऑनलाइन कोर्स आज़माया है? (Kya aapne peshewar vikas ke liye kabhi koi online course aajmaya hai?)
Day 79,Intermediate,I was just about to send an email when my computer crashed.,என் கணினி பழுதானபோது நான் மின்னஞ்சல் அனுப்பத் தயாராக இருந்தேன். (En kanini pazhudhaanapodhu naan minnanjal anuppath thayaaraaga irundhen.),"जब मेरा कंप्यूटर क्रैश हुआ, मैं बस एक ईमेल भेजने ही वाला था। (Jab mera computer crash hua, main bas ek email bhejne hi wala tha.)"
Day 79,Intermediate,It's not always easy to keep your workspace organized.,உங்கள் வேலை செய்யும் இடத்தை எப்போதும் ஒழுங்காக வைத்திருப்பது எளிதல்ல. (Ungal velai seiyum idaththai eppodhum ozhungaga vaiththiruppadhu elidhalla.),अपने कार्यक्षेत्र (workspace) को व्यवस्थित रखना हमेशा आसान नहीं होता। (Apne workspace ko vyavasthit rakhna hamesha aasaan nahi hota.)
Day 79,Intermediate,I don't really have a preference for any particular brand of coffee.,எனக்குக் குறிப்பிட்ட காபி பிராண்ட் மீது எந்த விருப்பமும் இல்லை. (Enakkuk kurippitta coffee brand meedhu endha viruppamum illai.),मुझे वास्तव में कॉफी के किसी विशेष ब्रांड के लिए कोई पसंद नहीं है। (Mujhe vaastav mein coffee ke kisi vishesh brand ke liye koi pasand nahi hai.)
Day 80,Intermediate,I’ll give you a call once I've had a chance to look at the menu.,உணவகப் பட்டியலைப் (menu) பார்க்க எனக்கு வாய்ப்பு கிடைத்தவுடன் நான் உங்களுக்கு அழைக்கிறேன். (Unavagap pattiyalaip paarkka enakku vaaippu kidaithavudan naan ungalukku azhaikkiren.),"एक बार जब मुझे मेनू देखने का मौका मिल जाएगा, तो मैं आपको कॉल करूँगा। (Ek baar jab mujhe menu dekhne ka mauka mil jayega, toh main aapko call karunga.)"
Day 80,Intermediate,What kind of music do you usually listen to in the car?,காரில் செல்லும்போது வழக்கமாக எந்த வகையான இசையைக் கேட்பீர்கள்? (Kaaril sellumpodhu vazhakkamaaga endha vagaiyaana isaiyaik ketpeergal?),कार में आप आमतौर पर किस तरह का संगीत सुनते हैं? (Car mein aap aamtor par kis tarah ka sangeet sunte hain?)
Day 80,Intermediate,I'm looking for a thank-you gift for my teacher.,எனது ஆசிரியருக்காக ஒரு நன்றியறிதல் பரிசைத் தேடுகிறேன். (Enadhu aasiriyarukkaaga oru nandriyarithal parisaith thedugiren.),मैं अपने शिक्षक के लिए धन्यवाद उपहार (thank-you gift) ढूंढ रहा हूँ। (Main apne shikshak ke liye thank-you gift dhoond raha hoon.)
Day 80,Intermediate,It's important to keep your software updated for security reasons.,பாதுகாப்பு காரணங்களுக்காக உங்கள் மென்பொருளைப் (software) புதுப்பித்து வைத்திருப்பது முக்கியம். (Paadhukaappu kaaranangalkkaaga ungal software-aip pudhuppiththu vaithiruppadhu mukkiyam.),सुरक्षा कारणों से अपने सॉफ्टवेयर को अपडेट रखना महत्वपूर्ण है। (Suraksha kaarnon se apne software ko update rakhna mahatvapoorn hai.)
Day 80,Intermediate,I haven't had the chance to visit the new botanical garden yet.,புதிய தாவரவியல் பூங்காவிற்குச் செல்ல எனக்கு இன்னும் வாய்ப்பு கிடைக்கவில்லை. (Pudhiya dhaavaraviyal poongaavirku sella enakku innum vaaippu kidaikkavillai.),मुझे अभी तक नए बॉटनिकल गार्डन जाने का मौका नहीं मिला है। (मुझे अभी तक नए बॉटनिकल गार्डन जाने का मौका नहीं मिला है।)
Day 81,Intermediate,I was just wondering if you could help me with this heavy suitcase.,இந்த கனமான சூட்கேஸைத் தூக்க எனக்கு உதவ முடியுமா என்று அறிய விரும்பினேன். (Indha kanamaana suitcase-ai thookka enakku udhava mudiyuma endru ariya virumbinen.),मैं बस यह सोच रहा था कि क्या आप इस भारी सूटकेस में मेरी मदद कर सकते हैं। (Main bas yeh soch raha tha ki kya aap is bhaari suitcase mein meri madad kar sakte hain.)
Day 81,Intermediate,Could you please let me know if the price includes the delivery charges?,விலையில் டெலிவரி கட்டணமும் அடங்குமா என்று எனக்குத் தெரிவிக்க முடியுமா? (Vilaiyil delivery kattanamum adanguma endru enakkuth therivikka mudiyuma?),क्या आप कृपया मुझे बता सकते हैं कि क्या कीमत में डिलीवरी शुल्क शामिल है? (Kya aap kripya mujhe bata sakte hain ki kya keemat mein delivery shulk shaamil hai?)
Day 81,Intermediate,I have been trying to spend less time on my phone before bed.,தூங்குவதற்கு முன் போனில் செலவிடும் நேரத்தைக் குறைக்க முயற்சி செய்கிறேன். (Thoonguvadharku mun phone-il selavidum neraththaik kuraikka muyarchi seigiren.),मैं सोने से पहले फोन पर कम समय बिताने की कोशिश कर रहा हूँ। (Main sone se pehle phone par kam samay bitaane ki koshish kar raha hoon.)
Day 81,Intermediate,It is much more convenient to book your tickets online.,ஆன்லைனில் டிக்கெட் முன்பதிவு செய்வது மிகவும் வசதியானது. (Online-il ticket munpadhivu seivadhu migavum vasadhiyaanadhu.),ऑनलाइन टिकट बुक करना बहुत अधिक सुविधाजनक है। (Online ticket book karna bahut adhik suvidhajanakk hai.)
Day 81,Intermediate,We should check the expiry date before buying the milk.,பால் வாங்குவதற்கு முன் அதன் காலாவதி தேதியைச் சரிபார்க்க வேண்டும். (Paal vaanguvadharku mun adhan kaalaavadhi thedhiyais saripaarkka vendum.),दूध खरीदने से पहले हमें उसकी एक्सपायरी डेट चेक कर लेनी चाहिए। (Doodh khareedne se pehle humein uski expiry date check kar leni chahiye.)
Day 82,Intermediate,I am not sure if I can complete the marathon this year.,இந்த ஆண்டு என்னால் மாரத்தான் ஓட்டத்தை முடிக்க முடியுமா என்று தெரியவில்லை. (Indha aandhu ennaal marathon ottathai mudikka mudiyuma endru theriyavillai.),मुझे यकीन नहीं है कि मैं इस साल मैराथन पूरी कर पाऊंगा या नहीं। (Mujhe yakeen nahi hai ki main is saal marathon poori kar paunga ya nahi.)
Day 82,Intermediate,Do you have any tips on how to improve concentration while studying?,படிக்கும்போது கவனத்தை மேம்படுத்த உங்களிடம் ஏதேனும் வழிகள் உள்ளதா? (Padikkumpodhu gavanathai mempaduththa ungalidamedhenum vazhigal ulladha?),क्या आपके पास पढ़ाई के दौरान एकाग्रता सुधारने के लिए कोई सुझाव हैं? (Kya aapke paas padhai ke dauran ekagrata sudhaarne ke liye koi sujhaav hain?)
Day 82,Intermediate,I prefer to take the stairs instead of the elevator for exercise.,உடற்பயிற்சிக்காக லிஃப்டிற்குப் பதில் படிக்கட்டுகளைப் பயன்படுத்தவே விரும்புகிறேன். (Udarpayirchikkaaga lift-irkup badhil padikkattugalaip payanpaduththavae virumbugiren.),मैं व्यायाम के लिए लिफ्ट के बजाय सीढ़ियों का उपयोग करना पसंद करता हूँ। (Main vyayam ke liye lift ke bajaye seedhiyon ka upyog karna pasand karta hoon.)
Day 82,Intermediate,We need to confirm the venue for the meeting tomorrow.,நாளை நடைபெறும் கூட்டத்திற்கான இடத்தை நாம் உறுதி செய்ய வேண்டும். (Naalai nadaiperum koottaththirkaana idaththai naam urudhi seiya vendum.),हमें कल की मीटिंग के लिए जगह (venue) की पुष्टि करनी होगी। (Humein kal ki meeting ke liye jagah ki pushti karni hogi.)
Day 82,Intermediate,He has been feeling much more confident since he got the promotion.,பதவி உயர்வு கிடைத்ததில் இருந்து அவர் அதிக தன்னம்பிக்கையுடன் உணர்கிறார். (Padhavi uyarvu kidaithadhil irundhu avar adhiga thannambikkaiyudan unargiraar.),प्रमोशन मिलने के बाद से वह काफी आत्मविश्वास महसूस कर रहे हैं। (Promotion milne ke baad se wah kaafi aatmavishwas mehsoos kar rahe hain.)
Day 83,Intermediate,I am thinking of painting my bedroom a light blue color.,என் படுக்கையறைக்கு வெளிர் நீல நிறம் பூசலாம் என்று நினைக்கிறேன். (En padukkaiyaraikku velir neela niram poosalaam endru ninaikkiren.),मैं अपने बेडरूम को हल्के नीले रंग में पेंट करने की सोच रहा हूँ। (Main apne bedroom ko halke neele rang mein paint karne ki soch raha hoon.)
Day 83,Intermediate,Could you please show me how to use the coffee machine?,காபி மெஷினை எப்படிப் பயன்படுத்துவது என்று எனக்குக் காட்ட முடியுமா? (Coffee machine-ai eppadip payanpaduththuvadhu endru enakkuk kaatta mudiyuma?),क्या आप कृपया मुझे दिखा सकते हैं कि कॉफी मशीन का उपयोग कैसे करें? (Kya aap kripya mujhe dikha sakte hain ki coffee machine ka upyog kaise karen?)
Day 83,Intermediate,"It has been a very busy week, but we managed to finish everything.","இது மிகவும் பரபரப்பான வாரம், ஆனால் அனைத்தையும் முடித்துவிட்டோம். (Idhu migavum paraparappaana vaaram, aanaal anaithaiyum mudiththuvittoam.)","यह बहुत व्यस्त हफ्ता रहा है, लेकिन हमने सब कुछ पूरा कर लिया। (Yeh bahut vyast hafta raha hai, lekin humne sab kuch poora kar liya.)"
Day 83,Intermediate,Please remind me to pick up my clothes from the dry cleaner.,டிரை கிளீனரிடமிருந்து என் துணிகளை வாங்க எனக்கு நினைவுபடுத்துங்கள். (Dry cleaner-idamirundhu en thunigalai vaanga enakku ninaivupaduthungal.),कृपया मुझे ड्राई क्लीनर से अपने कपड़े लाने की याद दिलाना। (Kripya mujhe dry cleaner se apne kapde laane ki yaad dilana.)
Day 83,Intermediate,I think it's better to stay calm even in a difficult situation.,கடினமான சூழ்நிலையிலும் அமைதியாக இருப்பது நல்லது என்று நினைக்கிறேன். (Kadinamaana suzhnilaiyilum amaidhiyaaga iruppadhu nalladhu endru ninaikkiren.),मुझे लगता है कि कठिन परिस्थिति में भी शांत रहना बेहतर है। (Mujhe lagta hai ki kathin paristhiti mein bhi shaant rehna behtar hai.)
Day 84,Intermediate,I didn't mean to make you feel uncomfortable.,உங்களைச் சங்கடப்படுத்த வேண்டும் என்பது என் எண்ணமல்ல. (Ungalais sangadappaduththa vendum enbadhu en ennamalla.),मेरा इरादा आपको असहज महसूस कराने का नहीं था। (Mera irada aapko asahaj mehsoos karaane ka nahi tha.)
Day 84,Intermediate,She is very good at organizing events and managing budgets.,நிகழ்ச்சிகளை ஏற்பாடு செய்வதிலும் பட்ஜெட்டை நிர்வகிப்பதிலும் அவர் சிறந்தவர். (Nigazhchigalai erpaadu seivadhilum budget-ai nirvagippadhilum avar sirandhavar.),वह कार्यक्रमों के आयोजन और बजट प्रबंधन में बहुत अच्छी है। (Wah karyakramon ke aayojan aur budget prabandhan mein bahut acchi hai.)
Day 84,Intermediate,I'll be waiting for you near the main gate of the park.,பூங்காவின் பிரதான நுழைவாயிலுக்கு அருகில் நான் காத்திருப்பேன். (Poongaavin pradhaana nuzhaivaayilukku arugil naan kaathiruppen.),मैं पार्क के मुख्य गेट के पास आपका इंतज़ार करूँगा। (Main park ke mukhya gate ke paas aapka intezaar karunga.)
Day 84,Intermediate,Could you please speak a little louder? I can't hear you.,தயவுசெய்து இன்னும் கொஞ்சம் சத்தமாகப் பேச முடியுமா? எனக்குக் கேட்கவில்லை. (Thayavuseidhu innum konjam saththamaagap pesa mudiyuma? enakkuk ketkavillai.),क्या आप कृपया थोड़ा ज़ोर से बोल सकते हैं? मुझे आपकी आवाज़ नहीं आ रही। (Kya aap kripya thoda zor se bol sakte hain? Mujhe aapki awaaz nahi aa rahi.)
Day 84,Intermediate,I think we should carry an extra battery for the camera.,கேமராவிற்கு ஒரு கூடுதல் பேட்டரியை எடுத்துச் செல்ல வேண்டும் என்று நினைக்கிறேன். (Camera-virku oru koodudhal battery-ai eduththuch sella vendum endru ninaikkiren.),मुझे लगता है कि हमें कैमरे के लिए एक अतिरिक्त बैटरी साथ रखनी चाहिए। (Mujhe lagta hai ki humein camera ke liye ek atirikt battery saath rakhni chahiye.)
Day 85,Intermediate,I was just about to pay the bill when I realized I forgot my wallet.,பணப்பையை மறந்துவிட்டதை உணர்ந்தபோது நான் பில் கட்டத் தயாராக இருந்தேன். (Panappaiyai marandhuvittadhai unarndhapodhu naan bill kattath thayaaraaga irundhen.),"जब मुझे एहसास हुआ कि मैं अपना बटुआ भूल गया हूँ, मैं बस बिल भरने ही वाला था। (Jab mujhe ehsaas hua ki main apna batua bhool gaya hoon, main bas bill bharne hi wala tha.)"
Day 85,Intermediate,It takes about ten minutes to walk from my house to the bus stop.,என் வீட்டிலிருந்து பேருந்து நிறுத்தத்திற்கு நடக்க சுமார் பத்து நிமிடங்கள் ஆகும். (En veettilirundhu perundhu niruththaththirku nadakka sumaar pathu nimidangal aagum.),मेरे घर से बस स्टॉप तक पैदल जाने में लगभग दस मिनट लगते हैं। (Mere ghar se bus stop tak paidal jaane mein lagbhag das minute lagte hain.)
Day 85,Intermediate,"I have already seen that exhibition twice, but I can go again.","நான் ஏற்கனவே அந்த கண்காட்சியை இருமுறை பார்த்துவிட்டேன், ஆனாலும் வரலாம். (Naan erkanave andha kangaatchiyai irumurai paarththuvitten, aanaalum varalaam.)","मैंने वह प्रदर्शनी पहले ही दो बार देख ली है, लेकिन मैं फिर से जा सकता हूँ। (Maine wah pradarshani pehle hi do baar dekh li hai, lekin main phir se ja sakta hoon.)"
Day 85,Intermediate,She has been working as a sales representative for three years.,அவர் மூன்று ஆண்டுகளாக விற்பனைப் பிரதிநிதியாகப் பணியாற்றி வருகிறார். (Avar moondru aandugalaaga virpanaip pradhinidhiyaagap paniyaattri varugiraar.),वह तीन साल से सेल्स रिप्रेजेंटेटिव के रूप में काम कर रही हैं। (Wah teen saal se sales representative ke roop mein kaam kar rahi hain.)
Day 85,Intermediate,I'll let you know as soon as the meeting is over.,கூட்டம் முடிந்தவுடன் உங்களுக்குத் தெரிவிக்கிறேன். (Koottam mudindhavudan ungalukkuth therivikkiren.),मीटिंग खत्म होते ही मैं आपको बता दूँगा। (Meeting khatam hote hi main aapko bata doonga.)
Day 86,Intermediate,I don't think it's fair to expect everyone to work late.,அனைவரும் தாமதமாக வேலை செய்ய வேண்டும் என்று எதிர்பார்ப்பது சரியல்ல. (Anaivarum thaamadhamaaga velai seiya vendum endru edhirpaarppadhu sariyalla.),मुझे नहीं लगता कि हर किसी से देर तक काम करने की उम्मीद करना उचित है। (Mujhe nahi lagta ki har kisi se der tak kaam karne ki ummeed karna uchit hai.)
Day 86,Intermediate,How much does it cost to fix a cracked phone screen?,உடைந்த போன் ஸ்கிரீனைச் சரிசெய்ய எவ்வளவு செலவாகும்? (Udaindha phone screen-ais sariseiya evvalavu selavaagum?),फोन की टूटी हुई स्क्रीन को ठीक करने में कितना खर्च आता है? (Phone ki tooti hui screen ko theek karne mein kitna kharch aata hai?)
Day 86,Intermediate,"I forgot to bring my sunglasses, so the sun is hurting my eyes.",வெயில் கண்ணாடியை மறந்ததால் சூரிய ஒளி என் கண்களைப் பாதிக்கிறது. (Veyil kannaadiyai marandhadhaal sooriya oli en kankalaip paadhikkiradhu.),"मैं अपना धूप का चश्मा लाना भूल गया, इसलिए सूरज की रोशनी मेरी आँखों को चुभ रही है। (Main apna dhoop ka chashma laana bhool gaya, isliye suraj ki roshni meri aankhon ko chubh rahi hai.)"
Day 86,Intermediate,We should definitely try that new bakery around the corner.,அந்த முனையிலுள்ள புதிய பேக்கரியை நாம் கண்டிப்பாக முயற்சி செய்ய வேண்டும். (Andha munaiyilulla pudhiya bakery-ai naam kandippaaga muyarchi seiya vendum.),हमें कोने वाली उस नई बेकरी को जरूर आज़माना चाहिए। (Humein kone wali us nayi bakery ko zaroor aazmaana chahiye.)
Day 86,Intermediate,He is very interested in learning about digital marketing.,டிஜிட்டல் மார்க்கெட்டிங் பற்றி அறிந்துகொள்வதில் அவர் மிகுந்த ஆர்வம் கொண்டுள்ளார். (Digital marketing pattri arindhukolvadhil avar migundha aarvam kondullaar.),उनकी डिजिटल मार्केटिंग के बारे में जानने में बहुत रुचि है। (Unki digital marketing ke baare mein jaane mein bahut ruchi hai.)
Day 87,Intermediate,I'm not sure if I'll be able to come to the party tonight.,இன்று இரவு விருந்துக்கு என்னால் வர முடியுமா என்று தெரியவில்லை. (Indru iravu virundhukku ennaal vara mudiyuma endru theriyavillai.),मुझे यकीन नहीं है कि मैं आज रात पार्टी में आ पाऊंगा या नहीं। (Mujhe yakeen nahi hai ki main aaj raat party mein aa paunga ya nahi.)
Day 87,Intermediate,Could you please tell me where the nearest gas station is?,அருகிலுள்ள பெட்ரோல் பங்க் எங்கே இருக்கிறது என்று தயவுசெய்து சொல்ல முடியுமா? (Arugilulla petrol bunk engay irukkiradhu endru thayavuseidhu solla mudiyuma?),क्या आप कृपया मुझे बता सकते हैं कि पास का पेट्रोल पंप कहाँ है? (Kya aap kripya mujhe bata sakte hain ki paas ka petrol pump kahan hai?)
Day 87,Intermediate,I've been meaning to start exercising for a long time.,நீண்ட காலமாக உடற்பயிற்சி செய்ய வேண்டும் என்று நினைத்துக் கொண்டிருந்தேன். (Neenda kaalamaaga udarpayirchi seiya vendum endru ninaiththuk kondirundhen.),मैं काफी समय से व्यायाम शुरू करने की सोच रहा था। (Main kaafi samay se vyayam shuru karne ki soch raha tha.)
Day 87,Intermediate,Please make sure that you have switched off the oven.,ஓவனை (oven) அணைத்துவிட்டதை உறுதி செய்யவும். (Oven-ai anaiththuvittadhai urudhi seiyavum.),कृपया सुनिश्चित करें कि आपने ओवन बंद कर दिया है। (Kripya sunishchit karen ki aapne oven band kar diya hai.)
Day 87,Intermediate,I think it's better to wait for a while before making a decision.,ஒரு முடிவை எடுப்பதற்கு முன் சிறிது நேரம் காத்திருப்பது நல்லது என்று நினைக்கிறேன். (Oru mudivai eduppadharku mun siridhu neram kaathiruppadhu nalladhu endru ninaikkiren.),मुझे लगता है कि फैसला लेने से पहले थोड़ी देर इंतज़ार करना बेहतर है। (Mujhe lagta hai ki faisla lene se pehle thodi der intezaar karna behtar hai.)
Day 88,Intermediate,I really appreciate you taking the time to explain this to me.,இதை எனக்கு விளக்க நேரம் ஒதுக்கியதற்கு நான் உங்களுக்கு மிகவும் நன்றி கூறுகிறேன். (Idhai enakku vilakka neram odhikkiyadharku naan ungalukku migavum nandri koorigiren.),मुझे यह समझाने के लिए समय निकालने के लिए मैं वास्तव में आपकी सराहना करता हूँ। (Mujhe yeh samjhane ke liye samay nikalne ke liye main vaastav mein aapki saraahna karta hoon.)
Day 88,Intermediate,What do you think is the best way to deal with a noisy neighbor?,சத்தம் போடும் பக்கத்து வீட்டுக்காரரை எப்படிக் கையாளுவது என்று நினைக்கிறீர்கள்? (Saththam poadum pakkaththu veettukkaara rai eppadik kaiyaaluvadhu endru ninaikkireergal?),आपके अनुसार शोर करने वाले पड़ोसी से निपटने का सबसे अच्छा तरीका क्या है? (Aapke anusar shor karne waale padosi se nipatne ka sabse accha tareeka kya hai?)
Day 88,Intermediate,I prefer to work in a quiet place where I can focus.,நான் கவனம் செலுத்தக்கூடிய அமைதியான இடத்தில் வேலை செய்யவே விரும்புகிறேன். (Naan gavanm seluththakkoodiya amaidhiyaana idaththil velai seiyavae virumbugiren.),मैं ऐसी शांत जगह पर काम करना पसंद करता हूँ जहाँ मैं ध्यान केंद्रित कर सकूँ। (Main aisi shaant jagah par kaam karna pasand karta hoon jahan main dhyan kendrit kar sakoon.)
Day 88,Intermediate,She’s been feeling a bit stressed lately due to her exam preparations.,தேர்வு தயாரிப்புகளால் அவர் கடந்த சில நாட்களாக மன அழுத்தமாக உணர்கிறார். (Thervu thayaarippugalaal avar kadhandha sila naatkalaaga mana azhuththamaaga unargiraar.),वह अपनी परीक्षा की तैयारी के कारण पिछले कुछ समय से थोड़ा तनाव महसूस कर रही हैं। (Wah apni pariksha ki taiyari ke kaaran pichle kuch samay se thoda tanaav mehsoos kar rahi hain.)
Day 88,Intermediate,"I’ll be there in about five minutes, depending on the elevator.",லிஃப்டைப் பொறுத்து நான் சுமார் ஐந்து நிமிடங்களில் அங்கு வந்துவிடுவேன். (Lift-aip poruththu naan sumaar aindhu nimidangalil angu vandhuviduven.),"लिफ्ट के आधार पर, मैं लगभग पाँच मिनट में वहां पहुंच जाऊंगा। (Lift के aadhar par, main lagbhag paanch minute mein wahan pahunch jaunga.)"
Day 89,Intermediate,I'm planning to go to the grocery store this Saturday morning.,இந்த சனிக்கிழமை காலையில் மளிகைக் கடைக்குச் செல்லத் திட்டமிட்டுள்ளேன். (Indha sanikkilamai kaalaiyil maligaik kadaikkuch sella thittamittullen.),मैं इस शनिवार की सुबह किराने की दुकान पर जाने की योजना बना रहा हूँ। (Main is shanivaar ki subah kirane ki dukaan par jaane ki yojna bana raha hoon.)
Day 89,Intermediate,Have you ever considered joining a gym or a sports club?,ஜிம் அல்லது விளையாட்டுக் கழகத்தில் சேருவது பற்றி யோசித்திருக்கிறீர்களா? (Gym alladhu vilaiyaattuk kazhagaththil seruvadhu pattri yoasiththirukkireergala?),क्या आपने कभी जिम या स्पोर्ट्स क्लब में शामिल होने के बारे में सोचा है? (Kya aapne kabhi gym ya sports club mein shaamil hone ke baare mein socha hai?)
Day 89,Intermediate,I was just about to close the window when it started to rain.,மழை பெய்யத் தொடங்கியபோது நான் ஜன்னலை மூடத் தயாராக இருந்தேன். (Mazhai peiyath thodangiyapodhu naan jannalai moodath thayaaraaga irundhen.),"जब बारिश शुरू हुई, मैं बस खिड़की बंद करने ही वाला था। (Jab baarish shuru hui, main bas khidki band karne hi wala tha.)"
Day 89,Intermediate,It's not always easy to find a good balance between work and life.,வேலை மற்றும் வாழ்க்கைக்கு இடையே நல்ல சமநிலையைக் கண்டறிவது எப்போதும் எளிதல்ல. (Velai matrum vaazhkkaikku idaiyae nalla samanilaiyaik kandarivadhu eppodhum elidhalla.),काम और जीवन के बीच अच्छा संतुलन बनाना हमेशा आसान नहीं होता। (Kaam aur jeevan ke beech accha santulan banana hamesha aasaan nahi hota.)
Day 89,Intermediate,I don't really have a preference for any particular kind of movie.,எனக்குக் குறிப்பிட்ட வகை படங்கள் என்று எந்த விருப்பமும் இல்லை. (Enakkuk kurippitta vagai padangal endru endha viruppamum illai.),मुझे वास्तव में किसी विशेष प्रकार की फिल्म के लिए कोई पसंद नहीं है। (मुझे वास्तव में किसी विशेष प्रकार की फिल्म के लिए कोई पसंद नहीं है।)
Day 90,Intermediate,I’ll give you a call once I've had a chance to read your message.,உங்கள் செய்தியைப் படிக்க எனக்கு வாய்ப்பு கிடைத்தவுடன் நான் உங்களுக்கு அழைக்கிறேன். (Ungal seidhiyaip padikka enakku vaaippu kidaithavudan naan ungalukku azhaikkiren.),"एक बार जब मुझे आपका मैसेज पढ़ने का मौका मिल जाएगा, तो मैं आपको कॉल करूँगा। (Ek baar jab mujhe aapka message padhne ka mauka mil jayega, toh main aapko call karunga.)"
Day 90,Intermediate,What kind of television series do you usually watch in your free time?,ஓய்வு நேரத்தில் வழக்கமாக எந்த வகையான தொலைக்காட்சித் தொடர்களைப் பார்ப்பீர்கள்? (Oivu neraththil vazhakkamaaga endha vagaiyaana tholaikkaatchith thodargalaip paarppeergal?),आप आमतौर पर अपने खाली समय में किस तरह की टेलीविजन सीरीज देखते हैं? (Aap aamtor par apne khaali samay mein kis tarah ki television series dekhte hain?)
Day 90,Intermediate,I'm looking for a nice gift for my friend's housewarming party.,என் நண்பரின் புதுமனை புகுவிழாவிற்காக ஒரு நல்ல பரிசைத் தேடுகிறேன். (En nanbarin pudhumanai puguvizhaavirkkaaga oru nalla parisaith thedugiren.),मैं अपने दोस्त के गृह प्रवेश (housewarming) की पार्टी के लिए एक अच्छा उपहार ढूंढ रहा हूँ। (Main apne dost ke housewarming ki party ke liye ek accha uphaar dhoond raha hoon.)
Day 90,Intermediate,It's important to have a regular routine for a healthy lifestyle.,ஆரோக்கியமான வாழ்க்கை முறைக்கு முறையான தினசரி பழக்கம் முக்கியம். (Aarokkiyamaana vaazhkkai muraikkku muraiyaana dhinasari pazhakkam mukkiyam.),स्वस्थ जीवनशैली के लिए एक नियमित दिनचर्या होना महत्वपूर्ण है। (Swasth jeevanshaili ke liye ek niyamit dincharya hona mahatvapoorn hai.)
Day 90,Intermediate,I'm looking for a part-time job that fits my schedule.,எனது நேரத்திற்கு ஏற்ற ஒரு பகுதி நேர வேலையைத் தேடுகிறேன். (Enadhu neraththirku ettra oru pagudhi nera velaiyaith thedugiren.),मैं अपनी समय-सारणी के अनुसार पार्ट-टाइम नौकरी ढूंढ रहा हूँ। (Main apni samay-sarani ke anusar part-time naukri dhoond raha hoon.)
Day 91,Intermediate,Could you please let me know if there are any vacancies?,ஏதேனும் காலி பணியிடங்கள் இருக்கிறதா என்று எனக்குத் தெரிவிக்க முடியுமா? (Edhenum kaali paniyaidangal irukkiradha endru enakkuth therivikka mudiyuma?),क्या आप कृपया मुझे बता सकते हैं कि क्या कोई पद खाली है? (Kya aap kripya mujhe bata sakte hain ki kya koi pad khaali hai?)
Day 91,Intermediate,I have been trying to learn how to edit videos on my laptop.,எனது லேப்டாப்பில் வீடியோக்களை எடிட் செய்யக் கற்றுக்கொள்ள முயற்சி செய்கிறேன். (Enadhu laptop-il videos-ai edit seiyak kattrukkolla muyarchi seigiren.),मैं अपने लैपटॉप पर वीडियो एडिट करना सीखने की कोशिश कर रहा हूँ। (Main apne laptop par video edit karna seekhne ki koshish kar raha hoon.)
Day 91,Intermediate,It is much more efficient to use a dishwasher than washing by hand.,கையால் கழுவுவதை விட டிஷ்வாஷரைப் பயன்படுத்துவது மிகவும் திறமையானது. (Kaiyaal kaluvuvadhai vida dishwasher-aip payanpaduththuvadhu migavum thiramaiyaandhu.),हाथ से धोने की तुलना में डिशवॉशर का उपयोग करना कहीं अधिक कुशल है। (Haath se dhone ki tulna mein dishwasher ka upyog karna kahin adhik kushal hai.)
Day 91,Intermediate,We should read the instructions carefully before starting the experiment.,சோதனையைத் தொடங்குவதற்கு முன் வழிமுறைகளை கவனமாகப் படிக்க வேண்டும். (Sodhanaiyaith thodanguvadharku mun vazhimuraigalai gavanamaagap padikka vendum.),प्रयोग शुरू करने से पहले हमें निर्देशों को ध्यान से पढ़ना चाहिए। (Prayog shuru karne se pehle humein nirdeshon ko dhyan se padhna chahiye.)
Day 91,Intermediate,I am not sure if I can complete the project on my own.,என்னால் இந்தத் திட்டத்தைத் தனியாக முடிக்க முடியுமா என்று தெரியவில்லை. (Ennaal indha thittaththaith thaniyaaga mudikka mudiyuma endru theriyavillai.),मुझे यकीन नहीं है कि मैं यह प्रोजेक्ट अकेले पूरा कर पाऊंगा या नहीं। (Mujhe yakeen nahi hai ki main yeh project akele poora kar paunga ya nahi.)
Day 92,Intermediate,Do you have any suggestions on how to improve my public speaking skills?,எனது பொதுப் பேச்சுத் திறனை மேம்படுத்த உங்களிடம் ஏதேனும் ஆலோசனைகள் உள்ளதா? (Enadhu podhup pechuth thiranai mempaduththa ungalidam edhenum aaloasanaigal ulladha?),क्या आपके पास मेरे सार्वजनिक भाषण कौशल (public speaking) को सुधारने के लिए कोई सुझाव हैं? (Kya aapke paas mere public speaking kaushal ko sudhaarne ke liye koi sujhaav hain?)
Day 92,Intermediate,I prefer to work in a well-lit office with plenty of natural light.,இயற்கை வெளிச்சம் உள்ள நன்கு ஒளிரும் அலுவலகத்தில் வேலை செய்யவே விரும்புகிறேன். (Iyarkai velichcham ulla nangu olirum aluvalagathil velai seiyavae virumbugiren.),मैं प्राकृतिक रोशनी वाले और हवादार ऑफिस में काम करना पसंद करता हूँ। (Main prakrutik roshni waale aur hawaadaar office mein kaam karna pasand karta hoon.)
Day 92,Intermediate,We need to double-check the flight details before we go to the airport.,விமான நிலையத்திற்குச் செல்வதற்கு முன் விமான விவரங்களை மீண்டும் சரிபார்க்க வேண்டும். (Vimaana nilaiyaththirkuch selvadharku mun vimaana vivarangalai meendum saripaarkka vendum.),हवाई अड्डे जाने से पहले हमें उड़ान के विवरण की दोबारा जांच करनी होगी। (Hawai adde jaane se pehle humein udaan ke vivran ki dobara jaanch karni hogi.)
Day 92,Intermediate,He has been feeling much more productive since he started planning his day.,அவர் தனது நாளைத் திட்டமிடத் தொடங்கியதிலிருந்து அதிக செயல்திறனுடன் உணர்கிறார். (Avar thanadhu naalaith thittamida thodangiyadhilirundhu adhiga seyalthiranudan unargiraar.),"जब से उन्होंने अपने दिन की योजना बनानी शुरू की है, वह काफी उत्पादक महसूस कर रहे हैं। (Jab se unhone apne din ki yojna banani shuru ki hai, wah kaafi utpaadak mehsoos kar rahe hain.)"
Day 92,Intermediate,I am thinking of learning how to play the flute or the violin.,நான் புல்லாங்குழல் அல்லது வயலின் வாசிக்கக் கற்றுக்கொள்ளலாம் என்று நினைக்கிறேன். (Naan pullaanguzhal alladhu violin vaasikkak kattrukkollalaam endru ninaikkiren.),मैं बांसुरी या वायलिन बजाना सीखने की सोच रहा हूँ। (Main bansuri ya violin bajana seekhne ki soch raha hoon.)
Day 93,Intermediate,Could you please show me how to download this file?,இந்தக் கோப்பை (file) எப்படிப் பதிவிறக்குவது என்று எனக்குக் காட்ட முடியுமா? (Indhak koappaiaippadi padhivirakkuvadhu endru enakkuk kaatta mudiyuma?),क्या आप कृपया मुझे दिखा सकते हैं कि इस फ़ाइल को कैसे डाउनलोड करें? (Kya aap kripya mujhe dikha sakte hain ki is file ko kaise download karen?)
Day 93,Intermediate,"It has been a very long day, but I am glad everything went well.","இது ஒரு நீண்ட நாள், ஆனால் அனைத்தும் நன்றாக நடந்ததில் எனக்கு மகிழ்ச்சி. (Idhu oru neenda naal, aanaal anaiththum nandraga nadandhadhil enakku magizhchi.)","यह बहुत लंबा दिन रहा है, लेकिन मुझे खुशी है कि सब कुछ ठीक रहा। (Yeh bahut lamba din raha hai, lekin mujhe khushi hai ki sab kuch theek raha.)"
Day 93,Intermediate,Please remind me to pick up a birthday card for my friend.,என் நண்பருக்கு ஒரு பிறந்தநாள் கார்டு வாங்க எனக்கு நினைவுபடுத்துங்கள். (En nanbarukku oru pirandhanaal card vaanga enakku ninaivupaduthungal.),कृपया मुझे अपने दोस्त के लिए जन्मदिन का कार्ड लाने की याद दिलाना। (Kripya mujhe apne dost ke liye janmadin ka card laane ki yaad dilana.)
Day 93,Intermediate,I think it's better to keep your workspace clean and organized.,உங்கள் வேலை செய்யும் இடத்தை சுத்தமாகவும் ஒழுங்காகவும் வைத்திருப்பது நல்லது. (Ungal velai seiyum idaththai suththamaagavum ozhungagavum vaiththiruppadhu nalladhu.),मुझे लगता है कि अपने कार्यक्षेत्र को साफ और व्यवस्थित रखना बेहतर है। (Mujhe lagta hai ki apne karyakshetra ko saaf aur vyavasthit rakhna behtar hai.)
Day 93,Intermediate,I didn't mean to ignore your messages earlier.,நான் முன்பு உங்கள் செய்திகளைப் புறக்கணிக்க விரும்பவில்லை. (Naan munbu ungal seidhigalaip purakkanikka virumbavillai.),मेरा इरादा पहले आपके संदेशों को अनदेखा करने का नहीं था। (Mera irada pehle aapke sandeshon ko andekha karne ka nahi tha.)
Day 94,Intermediate,She is very good at mediating conflicts between team members.,குழு உறுப்பினர்களுக்கு இடையேயான மோதல்களைத் தீர்ப்பதில் அவர் சிறந்தவர். (Kuzhu uruppinargalukku idaiyaeyaana modhalgalaith theerppadhil avar sirandhavar.),वह टीम के सदस्यों के बीच विवादों को सुलझाने में बहुत अच्छी है। (Wah team ke sadasyon ke beech vivadon ko suljhane mein bahut acchi hai.)
Day 94,Intermediate,I'll be waiting for you at the entrance of the supermarket.,சூப்பர் மார்க்கெட் நுழைவாயிலில் நான் உங்களுக்காகக் காத்திருப்பேன். (Supermarket nuzhaivaayilil naan ungalukkaagak kaathiruppen.),मैं सुपरमार्केट के प्रवेश द्वार पर आपका इंतज़ार करूँगा। (Main supermarket ke pravesh dwar par aapka intezaar karunga.)
Day 94,Intermediate,Could you please repeat that? I didn't quite catch it.,தயவுசெய்து அதை மீண்டும் சொல்ல முடியுமா? எனக்குச் சரியாகப் புரியவில்லை. (Thayavuseidhu adhai meendum solla mudiyuma? enakkuch sariyaagap puriyavillai.),क्या आप कृपया उसे दोहरा सकते हैं? मैं इसे पूरी तरह से सुन नहीं पाया। (Kya aap kripya use dohra sakte hain? Main ise poori tarah se sun nahi paaya.)
Day 94,Intermediate,I think we should check the reviews before staying at that hotel.,அந்த ஹோட்டலில் தங்குவதற்கு முன் அதன் விமர்சனங்களைச் சரிபார்க்க வேண்டும். (Andha hotel-il thanguvadharku mun adhan vimarsanangalaich saripaarkka vendum.),मुझे लगता है कि उस होटल में रुकने से पहले हमें समीक्षाएं (reviews) देख लेनी चाहिए। (Mujhe lagta hai ki us hotel mein rukne se pehle humein reviews dekh leni chahiye.)
Day 94,Intermediate,I was just about to leave for the gym when it started to rain.,மழை பெய்யத் தொடங்கியபோது நான் ஜிம்மிற்குப் புறப்படத் தயாராக இருந்தேன். (Mazhai peiyath thodangiyapodhu naan gym-irkup purappadath thayaaraaga irundhen.),"जब बारिश शुरू हुई, मैं बस जिम के लिए निकलने ही वाला था। (Jab baarish shuru hui, main bas gym ke liye nikalne hi wala tha.)"
Day 95,Intermediate,It takes about an hour to commute to my office from home.,வீட்டிலிருந்து அலுவலகம் செல்ல சுமார் ஒரு மணி நேரம் ஆகும். (Veettilirundhu aluvalagam sella sumaar oru mani neram aagum.),घर से मेरे ऑफिस जाने में लगभग एक घंटा लगता है। (Ghar se mere office jaane mein lagbhag ek ghanta lagta hai.)
Day 95,Intermediate,"I have already visited that city once, but I would love to go back.","நான் ஏற்கனவே ஒருமுறை அந்த நகரத்திற்குச் சென்றுள்ளேன், ஆனால் மீண்டும் செல்ல விரும்புகிறேன். (Naan erkanave orumurai andha nagaraththirkuch sendrullen, aanaalum meendum sella virumbugiren.)","मैं पहले भी एक बार उस शहर जा चुका हूँ, लेकिन मैं वापस जाना पसंद करूँगा। (Main pehle bhi ek baar us shehar ja chuka hoon, lekin main waapas jaana pasand karunga.)"
Day 95,Intermediate,She has been working as a research assistant for two years.,அவர் இரண்டு ஆண்டுகளாக ஆராய்ச்சி உதவியாளராகப் பணியாற்றி வருகிறார். (Avar irandu aandugalaaga aaraaichi udhaviyaalaraagap paniyaattri varugiraar.),वह दो साल से रिसर्च असिस्टेंट के रूप में काम कर रही हैं। (Wah do saal se research assistant ke roop mein kaam kar rahi hain.)
Day 95,Intermediate,I'll let you know once the documents have been signed.,ஆவணங்கள் கையெழுத்திடப்பட்டவுடன் உங்களுக்குத் தெரிவிக்கிறேன். (Aavannangal kaiyezhuththidappattavudan ungalukkuth therivikkiren.),दस्तावेज़ों पर हस्ताक्षर होने के बाद मैं आपको बता दूँगा। (Dastawezon par hastakshar hone ke baad main aapko bata doonga.)
Day 95,Intermediate,I don't think it's fair to change the schedule at the last minute.,கடைசி நிமிடத்தில் கால அட்டவணையை மாற்றுவது சரியல்ல என்று நினைக்கிறேன். (Kadaisi nimidaththil kaala attavanaiyaimaatruvadhu sariyalla endru ninaikkiren.),मुझे नहीं लगता कि आखिरी समय में शेड्यूल बदलना उचित है। (Mujhe nahi lagta ki aakhiri samay mein schedule badalna uchit hai.)
Day 96,Intermediate,How much does it cost to have a suit professionally cleaned?,ஒரு சூட்டை (suit) டிரை கிளீன் செய்ய எவ்வளவு செலவாகும்? (Oru suit-ai dry clean seiya evvalavu selavaagum?),सूट को प्रोफेशनल तरीके से साफ (dry clean) करवाने में कितना खर्च आता है? (Suit ko professional tareeke se saaf karwane mein kitna kharch aata hai?)
Day 96,Intermediate,"I forgot to bring my notebook, so I can't take down the minutes.",குறிப்பேட்டை மறந்ததால் என்னால் கூட்டத்தின் குறிப்புகளை எடுக்க முடியவில்லை. (Kurippaettai marandhadhaal ennaal koottaththin kurippugalaiedukka mudiyavillai.),"मैं अपनी नोटबुक लाना भूल गया, इसलिए मैं मीटिंग के नोट्स नहीं ले सकता। (Main apni notebook laana bhool gaya, isliye main meeting ke notes nahi le sakta.)"
Day 96,Intermediate,We should definitely try that new Italian restaurant in the city.,நகரத்திலுள்ள அந்தப் புதிய இத்தாலிய உணவகத்தை நாம் கண்டிப்பாக முயற்சி செய்ய வேண்டும். (Nagaraththilulla andhap pudhiya Italian unavagaththai naam kandippaaga muyarchi seiya vendum.),हमें शहर के उस नए इटालियन रेस्तरां को जरूर आज़माना चाहिए। (Humein shehar ke us naye Italian restaran ko zaroor aazmaana chahiye.)
Day 96,Intermediate,He is very interested in learning about climate change and sustainability.,காலநிலை மாற்றம் மற்றும் நிலைத்தன்மை பற்றி அறிந்துகொள்வதில் அவர் மிகுந்த ஆர்வம் கொண்டுள்ளார். (Kaalanilai maatram matrum nilaiththanmai pattri arindhukolvadhil avar migundha aarvam kondullaar.),उनकी जलवायु परिवर्तन और स्थिरता के बारे में जानने में बहुत रुचि है। (Unki jalvayu parivartan aur sthirta ke baare mein jaane mein bahut ruchi hai.)
Day 96,Intermediate,I'm not sure if I'll be able to attend the seminar tomorrow afternoon.,நாளை மதியம் கருத்தரங்கில் என்னால் கலந்து கொள்ள முடியுமா என்று தெரியவில்லை. (Naalai madhiyam karuththarangil ennaal kalandhu kolla mudiyuma endru theriyavillai.),मुझे यकीन नहीं है कि मैं कल दोपहर सेमिनार में शामिल हो पाऊंगा या नहीं। (Mujhe yakeen nahi hai ki main kal dopahar seminar mein shaamil ho paunga ya nahi.)
Day 97,Intermediate,Could you please tell me where the nearest taxi stand is?,அருகிலுள்ள டாக்ஸி ஸ்டாண்ட் எங்கே இருக்கிறது என்று தயவுசெய்து சொல்ல முடியுமா? (Arugilulla taxi stand engay irukkiradhu endru thayavuseidhu solla mudiyuma?),क्या आप कृपया मुझे बता सकते हैं कि पास का टैक्सी स्टैंड कहाँ है? (Kya aap kripya mujhe bata sakte hain ki paas ka taxi stand kahan hai?)
Day 97,Intermediate,I've been meaning to visit that new art gallery for a long time.,நீண்ட காலமாக அந்தப் புதிய ஓவியக் கூடத்திற்குச் செல்ல வேண்டும் என்று நினைத்துக் கொண்டிருந்தேன். (Neenda kaalamaaga andhap pudhiya oviyak koodaththirku sella vendum endru ninaiththuk kondirundhen.),मैं काफी समय से उस नई आर्ट गैलरी में जाने की सोच रहा था। (Main kaafi samay se us nayi art gallery mein jaane ki soch raha tha.)
Day 97,Intermediate,Please make sure that you have turned off all the lights before leaving.,கிளம்புவதற்கு முன் அனைத்து விளக்குகளையும் அணைத்துவிட்டதை உறுதி செய்யவும். (Kilambuvadharku mun anaithu vilakkugalaiyum anaithuvittadhai urudhi seiyavum.),कृपया सुनिश्चित करें कि आपने निकलने से पहले सभी लाइटें बंद कर दी हैं। (Kripya sunishchit karen ki aapne nikalne se pehle sabhi lightein band kar di hain.)
Day 97,Intermediate,I think it's better to stay home tonight as the weather is getting worse.,வானிலை மோசமடைந்து வருவதால் இன்று இரவு வீட்டிலேயே இருப்பது நல்லது என்று நினைக்கிறேன். (Vaanilai moasamadaindhu varuvadhhaal indru iravu veettilaeyae iruppadhu nalladhu endru ninaikkiren.),मुझे लगता है कि आज रात घर पर रहना बेहतर है क्योंकि मौसम खराब हो रहा है। (Mujhe lagta hai ki aaj raat ghar par rehna behtar hai kyunki mausam kharab ho raha hai.)
Day 97,Intermediate,I really appreciate you taking the time to mentor me.,எனக்கு வழிகாட்டியாக (mentor) நேரம் ஒதுக்கியதற்கு நான் உங்களுக்கு மிகவும் நன்றி கூறுகிறேன். (Enakku vazhikaattiyaaga neram odhikkiyadharku naan ungalukku migavum nandri koorigiren.),मुझे मेंटर (मार्गदर्शन) करने के लिए समय निकालने के लिए मैं वास्तव में आपकी सराहना करता हूँ। (Mujhe mentor karne ke liye samay nikalne ke liye main vaastav mein aapki saraahna karta hoon.)
Day 98,Intermediate,What do you think is the best way to develop a new skill?,ஒரு புதிய திறனை வளர்த்துக்கொள்ள சிறந்த வழி எது என்று நீங்கள் நினைக்கிறீர்கள்? (Oru pudhiya thiranai valarththukkolla sirandha vazhi edhu endru neengal ninaikkireergal?),आपके अनुसार नया कौशल (skill) विकसित करने का सबसे अच्छा तरीका क्या है? (Aapke anusar naya kaushal vikasit karne ka sabse accha tareeka kya hai?)
Day 98,Intermediate,I prefer to work in a collaborative environment where ideas are shared.,கருத்துக்கள் பகிரப்படும் ஒரு கூட்டுச் சூழலில் வேலை செய்யவே விரும்புகிறேன். (Karuththukkal pagirappadum oru koottuch suzhalil velai seiyavae virumbugiren.),मैं ऐसे सहयोगी वातावरण में काम करना पसंद करता हूँ जहाँ विचार साझा किए जाते हैं। (Main aise sahyogi vaatavaran mein kaam karna pasand karta hoon jahan vichaar saajha kiye jaate hain.)
Day 98,Intermediate,She’s been feeling a bit overwhelmed with her new job responsibilities.,புதிய வேலைப் பொறுப்புகளால் அவர் சற்று மன அழுத்தமாக உணர்கிறார். (Pudhiya velaipporuppugalaal avar satru mana azhuththamaaga unargiraar.),वह अपनी नई नौकरी की जिम्मेदारियों से थोड़ा परेशान (overwhelmed) महसूस कर रही हैं। (Wah apni nayi naukri ki zimmedariyon se thoda pareshan mehsoos kar rahi hain.)
Day 98,Intermediate,"I’ll be there in about twenty minutes, depending on the traffic condition.",போக்குவரத்து நிலையைப் பொறுத்து நான் சுமார் இருபது நிமிடங்களில் அங்கு வந்துவிடுவேன். (Pokkuvaraththu nilaiyaip poruththu naan sumaar irubadhu nimidangalil angu vandhuviduven.),"ट्रैफिक की स्थिति के आधार पर, मैं लगभग बीस मिनट में वहां पहुंच जाऊंगा। (Traffic ki sthiti ke aadhar par, main lagbhag bees minute mein wahan pahunch jaunga.)"
Day 98,Intermediate,I'm planning to go for a jog in the park every morning.,தினமும் காலையில் பூங்காவில் ஜாகிங் (jogging) செய்யத் திட்டமிட்டுள்ளேன். (Dhinamum kaalaiyil poongaavil jogging seiya thittamittullen.),मैं हर सुबह पार्क में जॉगिंग के लिए जाने की योजना बना रहा हूँ। (Main har subah park mein jogging ke liye jaane ki yojna bana raha hoon.)
Day 99,Intermediate,Have you ever considered taking an online course to learn a new language?,ஒரு புதிய மொழியைக் கற்க ஆன்லைன் படிப்பை மேற்கொள்வது பற்றி யோசித்திருக்கிறீர்களா? (Oru pudhiya mozhiyaik karka online padippai m erkolluvadhu pattri yoasiththirukkireergala?),क्या आपने कभी नई भाषा सीखने के लिए ऑनलाइन कोर्स करने पर विचार किया है? (Kya aapne kabhi nayi bhasha seekhne ke liye online course karne par vichaar kiya hai?)
Day 99,Intermediate,I was just about to save my work when the computer froze.,கணினி பழுதானபோது நான் எனது வேலையைச் சேமிக்கத் தயாராக இருந்தேன். (Kanini pazhudhaanapoandhu naan enadhu vaelaiyais saemikkath thayaaraaga irundhaen.),"जब कंप्यूटर फ्रीज हुआ, मैं बस अपना काम सेव करने ही वाला था। (Jab computer freeze hua, main bas apna kaam save karne hi wala tha.)"
Day 99,Intermediate,It's not always easy to keep your home tidy and organized.,வீட்டை எப்போதும் சுத்தமாகவும் ஒழுங்காகவும் வைத்திருப்பது எளிதல்ல. (Veettai eppoadhum suththamaagavum ozhungagavum vaiththiruppadhu elidhalla.),अपने घर को साफ और व्यवस्थित रखना हमेशा आसान नहीं होता। (Apne ghar ko saaf aur vyavasthit rakhna hamesha aasaan nahi hota.)
Day 99,Intermediate,I don't really have a preference for any particular type of cuisine.,எனக்குக் குறிப்பிட்ட வகை உணவுகள் என்று எந்த விருப்பமும் இல்லை. (Enakkuk kurippitta vagai unavugal endru endha viruppamum illai.),मुझे वास्तव में किसी विशेष प्रकार के व्यंजन (cuisine) के लिए कोई पसंद नहीं है। (Mujhe vaastav mein kisi vishesh prakar ke vyanjan ke liye koi pasand nahi hai.)
Day 99,Intermediate,I’ll give you a call once I've had a chance to check my schedule.,கால அட்டவணையைச் சரிபார்க்க எனக்கு வாய்ப்பு கிடைத்தவுடன் நான் உங்களுக்கு அழைக்கிறேன். (Kaala attavanaiyais saripaarkka enakku vaaippu kidaithavudan naan ungalukku azhaikkiren.),"एक बार जब मुझे अपना शेड्यूल चेक करने का मौका मिल जाएगा, तो मैं आपको कॉल करूँगा। (Ek baar jab mujhe apna schedule check karne ka mauka mil jayega, toh main aapko call karunga.)"
Day 100,Intermediate,What kind of television series do you usually watch to relax at night?,இரவு ஓய்வெடுக்க வழக்கமாக எந்த வகையான தொலைக்காட்சித் தொடர்களைப் பார்ப்பீர்கள்? (Iravu oivedukka vazhakkamaaga endha vagaiyaana tholaikkaatchith thodargalaip paarppeergal?),रात में आराम करने के लिए आप आमतौर पर किस तरह की टेलीविजन सीरीज देखते हैं? (Raat mein aaraam karne ke liye aap aamtor par kis tarah ki television series dekhte hain?)
Day 100,Intermediate,I'm looking for a special gift for my friend's engagement party.,என் நண்பரின் நிச்சயதார்த்த விழாவிற்கு ஒரு சிறப்புப் பரிசைத் தேடுகிறேன். (En nanbarin nichayadhaarththa vizhaavirku oru sirappup parisaith thedugiren.),मैं अपने दोस्त की सगाई (engagement) की पार्टी के लिए एक विशेष उपहार ढूंढ रहा हूँ। (Main apne dost ki engagement ki party ke liye ek vishesh uphaar dhoond raha hoon.)
Day 100,Intermediate,It's important to have a regular routine to maintain a healthy lifestyle.,ஆரோக்கியமான வாழ்க்கை முறைக்கு முறையான தினசரி பழக்கம் முக்கியம். (Aarokkiyamaana vaazhkkai muraikkku muraiyaana dhinasari pazhakkam mukkiyam.),स्वस्थ जीवनशैली बनाए रखने के लिए एक नियमित दिनचर्या होना महत्वपूर्ण है। (Swasth jeevanshaili banaye rakhne ke liye ek niyamit dincharya hona mahatvapoorn hai.)
Day 100,Intermediate,I was just wondering if you could help me set up this printer.,இந்த பிரிண்டரை (printer) அமைக்க எனக்கு உதவ முடியுமா என்று அறிய விரும்பினேன். (Indha printer-ai amaikka enakku udhava mudiyuma endru ariya virumbinen.),मैं बस यह सोच रहा था कि क्या आप इस प्रिंटर को सेट करने में मेरी मदद कर सकते हैं। (Main bas yeh soch raha tha ki kya aap is printer ko set karne mein meri madad kar sakte hain.)
Day 100,Intermediate,Could you please let me know if there are any updates on my application?,எனது விண்ணப்பம் குறித்த ஏதேனும் புதிய தகவல்கள் இருந்தால் எனக்குத் தெரிவிக்க முடியுமா? (Enadhu vinnappam kuritha edhenum pudhiya thagavalgal irundhaal enakkuth therivikka mudiyuma?),क्या आप कृपया मुझे बता सकते हैं कि मेरे आवेदन (application) पर कोई अपडेट है? (Kya aap kripya mujhe bata sakte hain ki mere application par koi update hai?)
Day 101,Intermediate,I have been trying to cut down on caffeine by drinking more herbal tea.,ஹெர்பல் டீ குடிப்பதன் மூலம் காஃபின் அளவைக் குறைக்க முயற்சி செய்கிறேன். (Herbal tea kudippadhan moolam caffeine alavaik kuraikka muyarchi seigiren.),मैं हर्बल चाय पीकर कैफीन कम करने की कोशिश कर रहा हूँ। (Main herbal chai peekar caffeine kam karne ki koshish kar raha hoon.)
Day 101,Intermediate,It is much more effective to study in short bursts than for long hours.,நீண்ட நேரம் படிப்பதை விட குறுகிய இடைவெளியில் படிப்பது மிகவும் பயனுள்ளது. (Neenda neram padippadhai vida kurugiya idaiveliyil padippadhu migavum payanulladhu.),लंबे घंटों के बजाय कम समय के अंतराल में पढ़ाई करना कहीं अधिक प्रभावी है। (Lambe ghanton ke bajaye kam samay ke antral mein padhai karna kahin adhik prabhavi hai.)
Day 101,Intermediate,We should double-check the weather forecast before planning the hike.,மலை ஏற்றத்தைத் திட்டமிடும் முன் வானிலை அறிக்கையை மீண்டும் சரிபார்க்க வேண்டும். (Malai eatrathai thittamidum mun vaanilai arikkaiyai meendum saripaarkka vendum.),हाइकिंग की योजना बनाने से पहले हमें मौसम के पूर्वानुमान की दोबारा जांच करनी चाहिए। (Hiking ki yojna banane se pehle humein mausam ke poorvanumaan ki dobara jaanch karni chahiye.)
Day 101,Intermediate,I am not sure if I can attend the workshop on Saturday morning.,சனிக்கிழமை காலையில் நடைபெறும் பயிற்சிப் பட்டறையில் என்னால் கலந்து கொள்ள முடியுமா என்று தெரியவில்லை. (Sanikkilamai kaalaiyil nadaiperum payirchip pattaraiyil ennaal kalandhu kolla mudiyuma endru theriyavillai.),मुझे यकीन नहीं है कि मैं शनिवार सुबह वर्कशॉप में शामिल हो पाऊंगा या नहीं। (Mujhe yakeen nahi hai ki main shanivaar subah workshop mein shaamil ho paunga ya nahi.)
Day 101,Intermediate,Do you have any suggestions for a good place to go for a weekend trip?,வார இறுதிப் பயணத்திற்குச் செல்ல ஏதேனும் நல்ல இடத்தைப் பரிந்துரைக்க முடியுமா? (Vaara irudhi payanathirku sella edhenum nalla idathai parindhuraikka mudiyuma?),क्या आपके पास वीकेंड ट्रिप के लिए किसी अच्छी जगह का सुझाव है? (Kya aapke paas weekend trip ke liye kisi acchi jagah ka sujhaav hai?)
Day 102,Intermediate,I prefer to work in a quiet environment where there are no distractions.,கவனச்சிதறல்கள் இல்லாத அமைதியான சூழலில் வேலை செய்யவே விரும்புகிறேன். (Gavanachidharalgal illaadha amaidhiyaana suzhalil velai seiyavae virumbugiren.),मैं ऐसे शांत वातावरण में काम करना पसंद करता हूँ जहाँ कोई ध्यान भटकाने वाली चीज़ न हो। (Main aise shaant vaatavaran mein kaam karna pasand karta hoon jahan koi dhyan bhatkaane wali cheez na ho.)
Day 102,Intermediate,We need to confirm the reservation at the restaurant by this evening.,இன்று மாலைக்குள் உணவகத்தில் முன்பதிவை உறுதி செய்ய வேண்டும். (Indru maalaikkul unavagathil munpadhivai urudhi seiya vendum.),हमें आज शाम तक रेस्तरां में रिजर्वेशन की पुष्टि करनी होगी। (Humein aaj shaam tak restaran mein reservation ki pushti karni hogi.)
Day 102,Intermediate,He has been feeling much more confident since he started the training.,அவர் பயிற்சியைத் தொடங்கியதிலிருந்து அதிக தன்னம்பிக்கையுடன் உணர்கிறார். (Avar payirchiyaith thodangiyadhilirundhu adhiga thannambikkaiyudan unargiraar.),"जब से उन्होंने ट्रेनिंग शुरू की है, वह काफी आत्मविश्वास महसूस कर रहे हैं। (Jab se unhone training shuru ki hai, wah kaafi aatmavishwas mehsoos kar rahe hain.)"
Day 102,Intermediate,I am thinking of taking up a new hobby like painting or gardening.,ஓவியம் அல்லது தோட்டம் அமைத்தல் போன்ற புதிய பொழுதுபோக்கைத் தொடங்க நினைக்கிறேன். (Oviyam alladhu thottam amaithal poandru pudhiya pozhudhupoakkaith thodanga ninaikkiren.),मैं पेंटिंग या बागवानी जैसा कोई नया शौक शुरू करने की सोच रहा हूँ। (Main painting ya baagwani jaisa koi naya shauk shuru karne ki soch raha hoon.)
Day 102,Intermediate,Could you please show me how to use the self-checkout machine?,சுய-செக்அவுட் இயந்திரத்தை (self-checkout) எப்படிப் பயன்படுத்துவது என்று எனக்குக் காட்ட முடியுமா? (Self-checkout iyandhirathai eppadip payanpaduththuvadhu endru enakkuk kaatta mudiyuma?),क्या आप कृपया मुझे दिखा सकते हैं कि सेल्फ-चेकआउट मशीन का उपयोग कैसे करें? (Kya aap kripya mujhe dikha sakte hain ki self-checkout machine ka upyog kaise karen?)
Day 103,Intermediate,"It has been a very long week, but I am glad the weekend is finally here.","இது ஒரு நீண்ட வாரம், ஆனால் வார இறுதி வந்ததில் எனக்கு மகிழ்ச்சி. (Idhu oru neenda vaaram, aanaal vaara irudhi vandhadhil enakku magizhchi.)","यह बहुत लंबा हफ्ता रहा है, लेकिन मुझे खुशी है कि आखिरकार वीकेंड आ गया है। (Yeh bahut lamba hafta raha hai, lekin mujhe khushi hai ki aakhirkar weekend aa gaya hai.)"
Day 103,Intermediate,Please remind me to buy some milk on our way back home.,வீட்டிற்குத் திரும்பும் வழியில் பால் வாங்க எனக்கு நினைவுபடுத்துங்கள். (Veettukkuth thirumbum vazhiyil paal vaanga enakku ninaivupaduthungal.),कृपया घर वापस जाते समय मुझे दूध खरीदने की याद दिलाना। (Kripya ghar waapas jaate samay mujhe doodh khareedne ki yaad dilana.)
Day 103,Intermediate,I think it's better to keep a backup of all your important files.,உங்கள் முக்கியமான கோப்புகள் அனைத்தையும் பேக்கப் (backup) எடுத்து வைப்பது நல்லது. (Ungal mukkiyamaana koappugal anaithaiyum backup eduthu vaippadhu nalladhu.),मुझे लगता है कि अपनी सभी महत्वपूर्ण फाइलों का बैकअप रखना बेहतर है। (Mujhe lagta hai ki apni sabhi mahatvapoorn files ka backup rakhna behtar hai.)
Day 103,Intermediate,I didn't mean to hurt your feelings; it was a misunderstanding.,உங்கள் உணர்வுகளைப் புண்படுத்த விரும்பவில்லை; அது ஒரு புரிதல் குறைபாடு. (Ungal unarvugalaip punpaduththa virumbavillai; adhu oru puridhal kuraipaadu.),मेरा इरादा आपकी भावनाओं को ठेस पहुँचाने का नहीं था; यह एक गलतफहमी थी। (Mera irada aapki bhaavnaon ko thes pahunchane ka nahi tha; yeh ek galatfahmi thi.)
Day 103,Intermediate,She is very good at multitasking and staying organized under pressure.,அவர் அழுத்தமான சூழலிலும் பல வேலைகளைச் செய்வதிலும் ஒழுங்காகவும் இருப்பதிலும் சிறந்தவர். (Azhuththamaana suzhalilum pala velaigalaich seivadhilum ozhungagavum iruppadhilum sirandhavar.),वह दबाव में भी एक साथ कई काम करने और व्यवस्थित रहने में बहुत अच्छी है। (Wah dabaav mein bhi ek saath kai kaam karne aur vyavasthit rehne mein bahut acchi hai.)
Day 104,Intermediate,I'll be waiting for you at the main entrance of the shopping mall.,வணிக வளாகத்தின் பிரதான நுழைவாயிலில் நான் உங்களுக்காகக் காத்திருப்பேன். (Vaniga valaagathin pradhaana nuzhaivaayilil naan ungalukkaagak kaathiruppen.),मैं शॉपिंग मॉल के मुख्य प्रवेश द्वार पर आपका इंतज़ार करूँगा। (Main shopping mall ke mukhya pravesh dwar par aapka intezaar karunga.)
Day 104,Intermediate,Could you please speak a little slower? I am still learning.,தயவுசெய்து இன்னும் கொஞ்சம் மெதுவாகப் பேச முடியுமா? நான் இன்னும் கற்று வருகிறேன். (Thayavuseidhu innum konjam medhuvaagap pesa mudiyuma? naan innum kattru varugiren.),क्या आप कृपया थोड़ा धीरे बोल सकते हैं? मैं अभी सीख रहा हूँ। (Kya aap kripya thoda dheere bol sakte hain? Main abhi seekh raha hoon.)
Day 104,Intermediate,I was just about to close the shop when the last customer arrived.,கடைசி வாடிக்கையாளர் வந்தபோது நான் கடையை மூடவிருந்தேன். (Kadaisi vaadikkaiyaalar vandhapodhu naan kadaiyai moodavirundhen.),"जब आखिरी ग्राहक आया, मैं बस दुकान बंद करने ही वाला था। (Jab aakhiri grahak aaya, मैं बस दुकान बंद करने ही वाला था।)"
Day 104,Intermediate,It takes about forty minutes to drive to the city center from here.,இங்கிருந்து நகரின் மையப்பகுதிக்குச் செல்ல சுமார் நாற்பது நிமிடங்கள் ஆகும். (Ingirundhu nagarin maiyappagudhikkuch sella sumaar naarpadhu nimidangal aagum.),यहाँ से शहर के केंद्र तक गाड़ी चलाने में लगभग चालीस मिनट लगते हैं। (Yahan se shehar ke kendra tak gaadi chalane mein lagbhag chalis minute lagte hain.)
Day 104,Intermediate,She has been working as a sales representative for three years now.,அவர் மூன்று ஆண்டுகளாக விற்பனைப் பிரதிநிதியாகப் பணியாற்றி வருகிறார். (Avar moondru aandugalaaga virpanaip pradhinidhiyaagap paniyaattri varugiraar.),वह अब तीन साल से सेल्स रिप्रेजेंटेटिव के रूप में काम कर रही हैं। (Wah ab teen saal se sales representative ke roop mein kaam kar rahi hain.)
Day 105,Intermediate,I'll let you know as soon as the results are announced.,முடிவுகள் அறிவிக்கப்பட்டவுடன் உங்களுக்குத் தெரிவிக்கிறேன். (Mudivugal arivikkappattavudan ungalukkuth therivikkiren.),"जैसे ही परिणाम घोषित होंगे, मैं आपको बता दूँगा। (Jaise hi parinaam ghoshit honge, main aapko bata doonga.)"
Day 105,Intermediate,How much does it cost to send a package to the United Kingdom?,யுனைடெட் கிங்டமிற்கு (UK) ஒரு பார்சல் அனுப்ப எவ்வளவு செலவாகும்? (United Kingdom-irku oru parcel anuppa evvalavu selavaagum?),यूनाइटेड किंगडम (UK) में पार्सल भेजने में कितना खर्च आता है? (United Kingdom mein parcel bhejne mein kitna kharch aata hai?)
Day 105,Intermediate,"I forgot to bring my ID card, so I might have trouble entering.",அடையாள அட்டையை மறந்ததால் உள்ளே செல்வதில் எனக்குச் சிரமம் இருக்கலாம். (Adaiyaala attaiyai marandhadhaal ullay selvadhil enakku siramam irukkalaam.),"मैं अपना आईडी कार्ड लाना भूल गया, इसलिए मुझे प्रवेश करने में परेशानी हो सकती है। (Main apna ID card laana bhool gaya, isliye mujhe pravesh karne mein pareshani ho sakti hai.)"
Day 105,Intermediate,He is very interested in learning about artificial intelligence and robotics.,ஏஐ (AI) மற்றும் ரோபாட்டிக்ஸ் பற்றி அறிந்துகொள்வதில் அவர் மிகுந்த ஆர்வம் கொண்டுள்ளார். (AI matrum robotics pattri arindhukolvadhil avar migundha aarvam kondullaar.),उनकी आर्टिफिशियल इंटेलिजेंस और रोबोटिक्स के बारे में जानने में बहुत रुचि है। (Unki artificial intelligence aur robotics ke baare mein jaane mein bahut ruchi hai.)
Day 105,Intermediate,Could you please tell me where the nearest pharmacy is?,அருகிலுள்ள மருந்தகம் எங்கே இருக்கிறது என்று தயவுசெய்து சொல்ல முடியுமா? (Arugilulla marundhagam engay irukkiradhu endru thayavuseidhu solla mudiyuma?),क्या आप कृपया मुझे बता सकते हैं कि पास की फार्मेसी कहाँ है? (Kya aap kripya mujhe bata sakte hain ki paas ki pharmacy kahan hai?)
Day 106,Intermediate,"I've been meaning to call you for the past few days, but I was busy.","கடந்த சில நாட்களாக உங்களை அழைக்க நினைத்தேன், ஆனால் நான் பிஸியாக இருந்தேன். (Kadhandha sila naatkalaaga ungalai azhaikka ninaithen, aanaal naan busy-aaga irundhen.)","मैं पिछले कुछ दिनों से आपको कॉल करने की सोच रहा था, लेकिन मैं व्यस्त था। (Main pichle kuch dino se aapko call karne ki soch raha tha, lekin main vyast tha.)"
Day 106,Intermediate,Please make sure that all the windows are closed before you leave.,கிளம்புவதற்கு முன் அனைத்து ஜன்னல்களும் மூடப்பட்டிருப்பதை உறுதி செய்யவும். (Kilambuvadharku mun anaithu jannalgalum moodappattiruppadhai urudhi seiyavum.),कृपया सुनिश्चित करें कि निकलने से पहले सभी खिड़कियां बंद हैं। (Kripya sunishchit karen ki nikalne se pehle sabhi khidkiyaan band hain.)
Day 106,Intermediate,I think it's better to postpone the trip until the weather improves.,வானிலை சீராகும் வரை பயணத்தை ஒத்திவைப்பது நல்லது என்று நினைக்கிறேன். (Vaanilai seeraagum varai payanathai oththivaippadhu nalladhu endru ninaikkiren.),मुझे लगता है कि मौसम सुधरने तक यात्रा टालना बेहतर है। (Mujhe lagta hai ki mausam sudharne tak yaatra taalna behtar hai.)
Day 106,Intermediate,I really appreciate all the hard work you have put into this project.,இந்தத் திட்டத்திற்காக நீங்கள் செய்த அனைத்து கடின உழைப்பையும் நான் பாராட்டுகிறேன். (Indha thittaththirkaaga neengal seidha anaithu kadina uzhaippaiyum naan paarattugiren.),मैं इस प्रोजेक्ट में आपके द्वारा की गई कड़ी मेहनत की वास्तव में सराहना करता हूँ। (Main is project mein aapke dwara ki gayi kadi mehnat ki vaastav mein saraahna karta hoon.)
Day 106,Intermediate,What do you think is the best way to handle a difficult situation?,கடினமான சூழ்நிலையைக் கையாள சிறந்த வழி எது என்று நீங்கள் நினைக்கிறீர்கள்? (Kadinamaana suzhnilaiyaik kaiyaala sirandha vazhi edhu endru neengal ninaikkireergal?),आपके अनुसार कठिन परिस्थिति को संभालने का सबसे अच्छा तरीका क्या है? (Aapke anusar kathin paristhiti ko sambhalne ka sabse accha tareeka kya hai?)
Day 107,Intermediate,I prefer to watch movies with subtitles in English to improve my vocabulary.,எனது சொல்லகராதியை மேம்படுத்த ஆங்கில வசனங்களுடன் படங்களைப் பார்க்க விரும்புகிறேன். (Enadhu sollagaraadhiyai mempaduththa aangila vasanangaludan padangalaip paarkka virumbugiren.),मैं अपनी शब्दावली सुधारने के लिए अंग्रेजी सबटाइटल्स के साथ फिल्में देखना पसंद करता हूँ। (Main apni shabdawali sudhaarne ke liye angrezi subtitles ke saath filmein dekhna pasand karta hoon.)
Day 107,Intermediate,She’s been feeling a bit stressed lately due to her upcoming exams.,வரவிருக்கும் தேர்வுகளால் அவர் கடந்த சில நாட்களாக மன அழுத்தமாக உணர்கிறார். (Varavirukkum thervugalaal avar kadhandha sila naatkalaaga mana azhuththamaaga unargiraar.),वह अपनी आगामी परीक्षाओं के कारण पिछले कुछ समय से थोड़ा तनाव महसूस कर रही हैं। (Wah apni aagami parikshayon ke kaaran pichle kuch samay se thoda tanaav mehsoos kar rahi hain.)
Day 107,Intermediate,"I’ll be there in about fifteen minutes, traffic permitting.",போக்குவரத்து அனுமதித்தால் நான் சுமார் பதினைந்து நிமிடங்களில் அங்கு வந்துவிடுவேன். (Pokkuvaraththu anumadhiththaal naan sumaar padhinaindhu nimidangalil angu vandhuviduven.),"अगर ट्रैफिक ठीक रहा, तो मैं लगभग पंद्रह मिनट में वहां पहुंच जाऊंगा। (Agar traffic theek raha, toh main lagbhag pandrah minute mein wahan pahunch jaunga.)"
Day 107,Intermediate,I'm planning to go for a run every morning to stay fit and healthy.,ஆரோக்கியமாக இருக்க தினமும் காலையில் ஓட்டப்பயிற்சி செய்யத் திட்டமிட்டுள்ளேன். (Aarokkiyamaaga irukka dhinamum kaalaiyil ottappayirchi seiya thittamittullen.),मैं फिट और स्वस्थ रहने के लिए हर सुबह दौड़ने जाने की योजना बना रहा हूँ। (Main fit aur swasth rehne ke liye har subah daudne jaane ki yojna bana raha hoon.)
Day 107,Intermediate,Have you ever considered taking up a part-time job or internship?,பகுதி நேர வேலை அல்லது இன்டர்ன்ஷிப்பில் சேருவது பற்றி யோசித்திருக்கிறீர்களா? (Pagudhi nera velai alladhu internship-il seruvadhu pattri yoasiththirukkireergala?),क्या आपने कभी पार्ट-टाइम जॉब या इंटर्नशिप करने पर विचार किया है? (Kya aapne kabhi part-time job ya internship karne par vichaar kiya hai?)
Day 108,Intermediate,I was just about to save my file when the power suddenly went out.,மின்சாரம் தடைப்பட்டபோது நான் எனது கோப்பைச் சேமிக்கத் தயாராக இருந்தேன். (Minsaaram thadaippattapodhu naan enadhu koappaich saemikkath thayaaraaga irundhaen.),"जब अचानक बिजली चली गई, मैं बस अपनी फाइल सेव करने ही वाला था। (Jab achanak bijli chali gayi, main bas apni file save karne hi wala tha.)"
Day 108,Intermediate,"It's not always easy to balance work, family, and personal interests.","வேலை, குடும்பம் மற்றும் தனிப்பட்ட விருப்பங்களைச் சமநிலைப்படுத்துவது எப்போதும் எளிதல்ல. (Velai, kudumbam matrum thanippatta viruppangalaich samanilai-paduththuvadhu eppoadhum elidhalla.)","काम, परिवार और व्यक्तिगत हितों के बीच संतुलन बनाना हमेशा आसान नहीं होता। (Kaam, parivaar aur vyaktigat hiton ke beech santulan banana hamesha aasaan nahi hota.)"
Day 108,Intermediate,I don't really have a preference for any particular kind of cuisine.,எனக்குக் குறிப்பிட்ட வகை உணவுகள் என்று எந்த விருப்பமும் இல்லை. (Enakkuk kurippitta vagai unavugal endru endha viruppamum illai.),मुझे वास्तव में किसी विशेष प्रकार के व्यंजन के लिए कोई पसंद नहीं है। (Mujhe vaastav mein kisi vishesh prakar ke vyanjan ke liye koi pasand nahi hai.)
Day 108,Intermediate,I’ll give you a call once I've had a chance to speak with my supervisor.,எனது மேலதிகாரியிடம் பேச எனக்கு வாய்ப்பு கிடைத்தவுடன் நான் உங்களுக்கு அழைக்கிறேன். (Enadhu melaadhigaariyidam paesa enakku vaaippu kidaiththavudan naan ungalukku azhaikkiraen.),"एक बार जब मुझे अपने सुपरवाइजर से बात करने का मौका मिल जाएगा, तो मैं आपको कॉल करूँगा। (Ek baar jab mujhe apne supervisor se baat karne ka mauka mil jayega, toh main aapko call karunga.)"
Day 108,Intermediate,What kind of music do you usually listen to when you want to relax?,நீங்கள் ஓய்வெடுக்க விரும்பும் போது வழக்கமாக எந்த வகையான இசையைக் கேட்பீர்கள்? (Neengal oivedukka virumbum poadhu vazhakkamaaga endha vagaiyaana isaiyaik kaetpeergal?),जब आप आराम करना चाहते हैं तो आप आमतौर पर किस तरह का संगीत सुनते हैं? (Jab aap aaraam karna chahte hain toh aap aamtor par kis tarah ka sangeet sunte hain?)
Day 109,Intermediate,I was just wondering if you could recommend a good accountant.,ஒரு நல்ல கணக்காளரை உங்களால் பரிந்துரைக்க முடியுமா என்று அறிய விரும்பினேன். (Oru nalla kanakkaalarai ungalaal parindhuraikka mudiyuma endru ariya virumbinen.),मैं बस यह सोच रहा था कि क्या आप किसी अच्छे अकाउंटेंट का सुझाव दे सकते हैं। (Main bas yeh soch raha tha ki kya aap kisi acche accountant ka sujhaav de sakte hain.)
Day 109,Intermediate,Could you please let me know if the price includes the delivery fee?,விலையில் டெலிவரி கட்டணமும் அடங்குமா என்று எனக்குத் தெரிவிக்க முடியுமா? (Vilaiyil delivery kattanamum adanguma endru enakkuth therivikka mudiyuma?),क्या आप कृपया मुझे बता सकते हैं कि क्या कीमत में डिलीवरी शुल्क शामिल है? (Kya aap kripya mujhe bata sakte hain ki kya keemat mein delivery shulk shaamil hai?)
Day 109,Intermediate,I have been trying to cut down on my sugar intake for health reasons.,ஆரோக்கிய காரணங்களுக்காகச் சர்க்கரை உட்கொள்வதைக் குறைக்க முயற்சி செய்கிறேன். (Aarokkiya kaaranangalkkaagas sarkkarai utkolluvadhaik kuraikka muyarchi seigiren.),मैं स्वास्थ्य कारणों से चीनी का सेवन कम करने की कोशिश कर रहा हूँ। (Main swasthya kaarnon se cheeni ka sevan kam karne ki koshish kar raha hoon.)
Day 109,Intermediate,It is much more convenient to book your tickets in advance.,டிக்கெட்டுகளை முன்கூட்டியே முன்பதிவு செய்வது மிகவும் வசதியானது. (Ticket-ugalai munkootiye munpadhivu seivadhu migavum vasadhiyaanadhu.),अपने टिकट पहले से बुक करना कहीं अधिक सुविधाजनक है। (Apne ticket pehle se book karna kahin adhik suvidhajanakk hai.)
Day 109,Intermediate,We should double-check the address before we head out.,நாம் வெளியே புறப்படுவதற்கு முன் முகவரியை மீண்டும் சரிபார்க்க வேண்டும். (Naam veliye purappadvadharku mun mugavariyai meendum saripaarkka vendum.),हमें निकलने से पहले पते की दोबारा जांच कर लेनी चाहिए। (Humein nikalne se pehle pate ki dobara jaanch kar leni chahiye.)
Day 110,Intermediate,Do you have any tips on how to improve concentration while working?,வேலையின் போது கவனத்தை மேம்படுத்த உங்களிடம் ஏதேனும் வழிகள் உள்ளதா? (Velaiyin podhu gavanathai mempaduththa ungalidam edhenum vazhigal ulladha?),क्या आपके पास काम के दौरान एकाग्रता सुधारने के लिए कोई सुझाव हैं? (Kya aapke paas kaam ke dauran ekagrata sudhaarne ke liye koi sujhaav hain?)
Day 110,Intermediate,We need to confirm the venue for the function by this weekend.,இந்த வார இறுதிக்குள் விழா நடைபெறும் இடத்தை நாம் உறுதி செய்ய வேண்டும். (Indha vaara irudhikkul vizha nadaiperum idaththai naam urudhi seiya vendum.),हमें इस वीकेंड तक समारोह के स्थान (venue) की पुष्टि करनी होगी। (Humein is weekend tak samaroh ke sthaan ki pushti karni hogi.)
Day 110,Intermediate,He has been feeling much more relaxed since he returned from vacation.,விடுமுறை முடிந்து திரும்பியதிலிருந்து அவர் மிகவும் நிம்மதியாக உணர்கிறார். (Vidumurai mudindhu thirumbiyadhilirundhu avar migavum nimmadhiyaaga unargiraar.),छुट्टियों से लौटने के बाद से वह काफी तनावमुक्त महसूस कर रहे हैं। (Chhuttiyon se lautne ke baad se wah kaafi tanaav-mukt mehsoos kar rahe hain.)
Day 110,Intermediate,I am thinking of rearranging the furniture in my study room.,எனது படிப்பு அறையில் உள்ள தளபாடங்களை மாற்றியமைக்க நினைக்கிறேன். (Enadhu padippu araiyil ulla thalabaadangalai maatryamaikka ninaikkiren.),मैं अपने स्टडी रूम के फर्नीचर को फिर से व्यवस्थित करने की सोच रहा हूँ। (Main apne study room ke furniture ko phir se vyavasthit karne ki soch raha hoon.)
Day 110,Intermediate,Could you please show me how to update the system software?,சிஸ்டம் சாப்ட்வேரை எப்படிப் புதுப்பிப்பது என்று எனக்குக் காட்ட முடியுமா? (System software-ai eppadip pudhuppippadhu endru enakkuk kaatta mudiyuma?),क्या आप कृपया मुझे दिखा सकते हैं कि सिस्टम सॉफ्टवेयर को अपडेट कैसे करें? (Kya aap kripya mujhe dikha sakte hain ki system software ko update kaise karen?)
Day 111,Intermediate,"It has been a very busy month, but we managed to hit our targets.","இது மிகவும் பரபரப்பான மாதம், ஆனால் இலக்குகளை எட்டிவிட்டோம். (Idhu migavum paraparappaana maadham, aanaal ilakkugalai ettivittoam.)","यह बहुत व्यस्त महीना रहा है, लेकिन हमने अपने लक्ष्यों को हासिल कर लिया। (Yeh bahut vyast mahina raha hai, lekin humne apne lakshyon ko haasil kar liya.)"
Day 111,Intermediate,Please remind me to pick up my dry cleaning this evening.,இன்று மாலை துணிகளை டிரை கிளீனிங்கிலிருந்து வாங்க எனக்கு நினைவுபடுத்துங்கள். (Indru maalai thunigalai dry cleaning-ilirundhu vaanga enakku ninaivupaduthungal.),कृपया मुझे आज शाम ड्राई क्लीनिंग से अपने कपड़े लाने की याद दिलाना। (Kripya mujhe aaj shaam dry cleaning se apne kapde laane ki yaad dilana.)
Day 111,Intermediate,I think it's better to be honest even when it is difficult.,கடினமாக இருந்தாலும் உண்மையாக இருப்பது நல்லது என்று நினைக்கிறேன். (Kadinamaaga irundhaalum unmaiyaaga iruppadhu nalladhu endru ninaikkiren.),मुझे लगता है कि कठिन होने पर भी ईमानदार रहना बेहतर है। (Mujhe lagta hai ki kathin hone par bhi imandaar rehna behtar hai.)
Day 111,Intermediate,I didn't mean to make you feel uncomfortable during the meeting.,கூட்டத்தின் போது உங்களைச் சங்கடப்படுத்த வேண்டும் என்பது என் எண்ணமல்ல. (Koottaththin podhu ungalais sangadappaduththa vendum enbadhu en ennamalla.),मेरा इरादा मीटिंग के दौरान आपको असहज महसूस कराने का नहीं था। (Mera irada meeting ke dauran aapko asahaj mehsoos karaane ka nahi tha.)
Day 111,Intermediate,She is very good at mediating disputes between colleagues.,சக ஊழியர்களுக்கு இடையேயான கருத்து வேறுபாடுகளைத் தீர்ப்பதில் அவர் சிறந்தவர். (Saga oozhiyargalukku idaiyaeyaana karuththu verupaadugalaith theerppadhil avar sirandhavar.),वह सहकर्मियों के बीच विवादों को सुलझाने में बहुत अच्छी है। (Wah sahkarmiyon ke beech vivadon ko suljhane mein bahut acchi hai.)
Day 112,Intermediate,I'll be waiting for you at the information kiosk near the entrance.,நுழைவாயிலுக்கு அருகிலுள்ள தகவல் மையத்தில் நான் காத்திருப்பேன். (Nuzhaivaayilukku arugilulla thagaval maiyaththil naan kaathiruppen.),मैं प्रवेश द्वार के पास पूछताछ केंद्र (information kiosk) पर आपका इंतज़ार करूँगा। (Main pravesh dwar ke paas poochtaach kendra par aapka intezaar karunga.)
Day 112,Intermediate,Could you please speak a bit more clearly? I missed that part.,தயவுசெய்து இன்னும் கொஞ்சம் தெளிவாகப் பேச முடியுமா? நான் அதைக் கவனிக்கவில்லை. (Thayavuseidhu innum konjam thelivaagap pesa mudiyuma? naan adhaik gavanikkavillai.),क्या आप कृपया थोड़ा और स्पष्ट बोल सकते हैं? मैं वह हिस्सा सुन नहीं पाया। (Kya aap kripya thoda aur spasht bol sakte hain? Main wah hissa sun nahi paaya.)
Day 112,Intermediate,I think we should check the reviews before buying this appliance.,இந்தச் சாதனத்தை வாங்குவதற்கு முன் அதன் விமர்சனங்களைச் சரிபார்க்க வேண்டும். (Indhach saadhanaththai vaanguvadharku mun adhan vimarsanangalaich saripaarkka vendum.),मुझे लगता है कि इस उपकरण (appliance) को खरीदने से पहले हमें समीक्षाएं देख लेनी चाहिए। (Mujhe lagta hai ki is upkaran ko khareedne se pehle humein reviews dekh leni chahiye.)
Day 112,Intermediate,I was just about to pay the bill when the power suddenly went out.,திடீரென மின்சாரம் தடைப்பட்டபோது நான் பில் கட்டத் தயாராக இருந்தேன். (Dhideerena minsaaram thadaippattapodhu naan bill kattath thayaaraaga irundhen.),"जब अचानक बिजली चली गई, मैं बस बिल भरने ही वाला था। (Jab achanak bijli chali gayi, main bas bill bharne hi wala tha.)"
Day 112,Intermediate,It takes about fifteen minutes to heat up the radiator in this room.,இந்த அறையில் ரேடியேட்டரைச் சூடாக்க சுமார் பதினைந்து நிமிடங்கள் ஆகும். (Indha araiyil radiator-ais sudaakka sumaar padhinaindhu nimidangal aagum.),इस कमरे में रेडिएटर को गर्म होने में लगभग पंद्रह मिनट लगते हैं। (Is kamre mein radiator ko garm hone mein lagbhag pandrah minute lagte hain.)
Day 113,Intermediate,"I have already visited that museum once, but I can go again with you.","நான் ஏற்கனவே அந்த அருங்காட்சியகத்திற்குச் சென்றுவிட்டேன், ஆனால் உங்களுடன் வரலாம். (Naan erkanave andha arungaatchiyagaththirkuch sendruvitten, aanaalum ungaludan varalaam.)","मैं पहले ही उस संग्रहालय में जा चुका हूँ, लेकिन मैं आपके साथ फिर से जा सकता हूँ। (Main pehle hi us sangrahalaya mein ja chuka hoon, lekin main aapke saath phir se ja sakta hoon.)"
Day 113,Intermediate,She has been working as a web developer for nearly five years now.,அவர் கிட்டத்தட்ட ஐந்து ஆண்டுகளாக வெப் டெவலப்பராகப் பணியாற்றி வருகிறார். (Avar kittathatta aindhu aandugalaaga web developer-aagap paniyaattri varugiraar.),वह अब लगभग पांच साल से वेब डेवलपर के रूप में काम कर रही हैं। (Wah ab lagbhag paanch saal se web developer ke roop mein kaam kar rahi hain.)
Day 113,Intermediate,I'll let you know as soon as I finish checking the inventory.,இருப்பைச் (inventory) சரிபார்த்து முடித்தவுடன் உங்களுக்குத் தெரிவிக்கிறேன். (Iruppais saripaarthu mudiththavudan ungalukkuth therivikkiren.),"जैसे ही मैं इन्वेंट्री की जांच पूरी कर लूँगा, मैं आपको बता दूँगा। (Jaise hi main inventory ki jaanch poori kar loonga, main aapko bata doonga.)"
Day 113,Intermediate,I don't think it's fair to expect everyone to stay back late tonight.,அனைவரும் இன்று இரவு தாமதமாக இருக்க வேண்டும் என்று எதிர்பார்ப்பது சரியல்ல. (Anaivarum indru iravu thaamadhamaaga irukka vendum endru edhirpaarppadhu sariyalla.),मुझे नहीं लगता कि आज रात हर किसी से देर तक रुकने की उम्मीद करना उचित है। (Mujhe nahi lagta ki aaj raat har kisi se der tak rukne ki ummeed karna uchit hai.)
Day 113,Intermediate,How much does it cost to fix a leaking pipe in the bathroom?,குளியலறையில் கசியும் குழாயைச் சரிசெய்ய எவ்வளவு செலவாகும்? (Kuliyalaraiyil kasiyum kuzhaayais sariseiya evvalavu selavaagum?),बाथरूम में लीक होने वाले पाइप को ठीक करने में कितना खर्च आता है? (Bathroom mein leak hone waale pipe ko theek karne mein kitna kharch aata hai?)
Day 114,Intermediate,"I forgot to bring my sunglasses, so the bright light is bothering me.",வெயில் கண்ணாடியை மறந்ததால் பிரகாசமான ஒளி என்னைத் தொந்தரவு செய்கிறது. (Veyil kannaadiyai marandhadhaal piragaasamaana oli ennaith thondharavu seigiradhu.),"मैं अपना धूप का चश्मा लाना भूल गया, इसलिए तेज़ रोशनी मुझे परेशान कर रही है। (Main apna dhoop ka chashma laana bhool gaya, isliye tez roshni mujhe pareshan kar rahi hai.)"
Day 114,Intermediate,We should definitely try that new vegetarian cafe around the corner.,அந்த முனையிலுள்ள புதிய சைவ கபேயை நாம் கண்டிப்பாக முயற்சி செய்ய வேண்டும். (Andha munaiyilulla pudhiya saiva cafe-ai naam kandippaaga muyarchi seiya vendum.),हमें कोने वाले उस नए शाकाहारी कैफे को जरूर आज़माना चाहिए। (Humein kone wale us naye shakahari cafe ko zaroor aazmaana chahiye.)
Day 114,Intermediate,He is very interested in learning about cloud computing and data security.,கிளவுட் கம்ப்யூட்டிங் மற்றும் தரவுப் பாதுகாப்பு பற்றி அறிய அவர் மிகுந்த ஆர்வமாக உள்ளார். (Cloud computing matrum dharavup paadhukaappu pattri ariya avar migundha aarvamaaga ullaar.),उनकी क्लाउड कंप्यूटिंग और डेटा सुरक्षा के बारे में जानने में बहुत रुचि है। (Unki cloud computing aur data suraksha ke baare mein jaane mein bahut ruchi hai.)
Day 114,Intermediate,I'm not sure if I'll be able to attend the conference next week.,அடுத்த வாரம் நடைபெறும் மாநாட்டில் என்னால் கலந்து கொள்ள முடியுமா என்று தெரியவில்லை. (Adhutha vaaram nadaiperum maanaattil ennaal kalandhu kolla mudiyuma endru theriyavillai.),मुझे यकीन नहीं है कि मैं अगले हफ्ते सम्मेलन (conference) में शामिल हो पाऊंगा या नहीं। (Mujhe yakeen nahi hai ki main agle hafte conference mein shaamil ho paunga ya nahi.)
Day 114,Intermediate,Could you please tell me where the nearest post office is?,அருகிலுள்ள தபால் நிலையம் எங்கே இருக்கிறது என்று தயவுசெய்து சொல்ல முடியுமா? (Arugilulla thabaal nilaiyam engay irukkiradhu endru thayavuseidhu solla mudiyuma?),क्या आप कृपया मुझे बता सकते हैं कि पास का डाकघर कहाँ है? (Kya aap kripya mujhe bata sakte hain ki paas ka dakghar kahan hai?)
Day 115,Intermediate,I've been meaning to clear out my attic for a long time now.,நீண்ட காலமாக என் மாடி அறையைச் சுத்தம் செய்ய வேண்டும் என்று நினைத்தேன். (Neenda kaalamaaga en maadi araiyais suththam seiya vendum endru ninaiththen.),मैं काफी समय से अपने अटारी (attic) की सफाई करने की सोच रहा था। (Main kaafi samay se apne attic ki safai karne ki soch raha tha.)
Day 115,Intermediate,Please make sure that you have saved all your changes to the file.,கோப்பில் நீங்கள் செய்த மாற்றங்கள் அனைத்தையும் சேமித்ததை உறுதி செய்யவும். (Koappil neengal seidha maatrangal anaithaiyum semiththadhai urudhi seiyavum.),कृपया सुनिश्चित करें कि आपने फ़ाइल में अपने सभी बदलाव सेव कर लिए हैं। (Kripya sunishchit karen ki aapne file mein apne sabhi badlav save kar liye hain.)
Day 115,Intermediate,I think it's better to avoid driving during the peak rush hour traffic.,போக்குவரத்து அதிகமுள்ள பரபரப்பான நேரத்தில் வாகனம் ஓட்டுவதைத் தவிர்ப்பது நல்லது. (Pokkuvaraththu adhigamulla paraparappaana nerathil vaaganam ottuvadhaith thavirppadhu nalladhu.),मुझे लगता है कि पीक रश ऑवर ट्रैफिक के दौरान गाड़ी चलाने से बचना बेहतर है। (Mujhe lagta hai ki peak rush hour traffic ke dauran gaadi chalane se bachna behtar hai.)
Day 115,Intermediate,I really appreciate you helping me organize my office space.,எனது அலுவலக இடத்தைச் சீரமைக்க உதவியதற்கு உங்களுக்கு மிகவும் நன்றி. (Enadhu aluvalaga idaththais seiramikka udhaviyadharku ungalukku migavum nandri.),मेरे ऑफिस स्पेस को व्यवस्थित करने में मेरी मदद करने के लिए मैं वास्तव में आपकी सराहना करता हूँ। (Mere office space ko vyavasthit karne mein meri madad karne ke liye main vaastav mein aapki saraahna karta hoon.)
Day 115,Intermediate,What do you think is the best way to deal with workplace stress?,பணி அழுத்தத்தைக் கையாள சிறந்த வழி எது என்று நீங்கள் நினைக்கிறீர்கள்? (Pani azhuththaththaik kaiyaala sirandha vazhi edhu endru neengal ninaikkireergal?),आपके अनुसार कार्यस्थल के तनाव से निपटने का सबसे अच्छा तरीका क्या है? (Aapke anusar karyasthal ke tanaav se nipatne ka sabse accha tareeka kya hai?)
Day 116,Intermediate,I prefer to listen to instrumental music while I am studying.,நான் படிக்கும் போது கருவி இசையைக் (instrumental) கேட்கவே விரும்புகிறேன். (Naan padikkum podhu karuvi isaiyaik ketkavae virumbugiren.),पढ़ाई करते समय मैं वाद्य संगीत (instrumental music) सुनना पसंद करता हूँ। (Padhai karte samay main instrumental music sunna pasand karta hoon.)
Day 116,Intermediate,She’s been feeling a bit overwhelmed with her current project.,அவர் தனது தற்போதைய திட்டத்தால் சற்று மன அழுத்தமாக உணர்கிறார். (Avar thanadhu tharpodhaiya thittaththaal satru mana azhuththamaaga unargiraar.),वह अपने वर्तमान प्रोजेक्ट से थोड़ा परेशान (overwhelmed) महसूस कर रही हैं। (Wah apne vartaman project se thoda pareshan mehsoos kar rahi hain.)
Day 116,Intermediate,"I’ll be there in about ten minutes, depending on the traffic light.",சிக்னலைப் பொறுத்து நான் சுமார் பத்து நிமிடங்களில் அங்கு வந்துவிடுவேன். (Signal-aip poruththu naan sumaar pathu nimidangalil angu vandhuviduven.),"ट्रैफिक लाइट के आधार पर, मैं लगभग दस मिनट में वहां पहुंच जाऊंगा। (Traffic light ke aadhar par, main lagbhag das minute mein wahan pahunch jaunga.)"
Day 116,Intermediate,I'm planning to go to the community center this Saturday afternoon.,இந்தச் சனிக்கிழமை மதியம் சமூக மையத்திற்குச் செல்லத் திட்டமிட்டுள்ளேன். (Indhach sanikkilamai madhiyam samooga maiyaththirkuch sella thittamittullen.),मैं इस शनिवार की दोपहर कम्युनिटी सेंटर जाने की योजना बना रहा हूँ। (Main is shanivaar ki dopahar community center jaane ki yojna bana raha hoon.)
Day 116,Intermediate,Have you ever participated in any local charity events or marathons?,உள்ளூர் தொண்டு நிகழ்ச்சிகள் அல்லது மாரத்தான்களில் பங்கேற்றுள்ளீர்களா? (Ullur thondu nigazhchigal alladhu marathon-galil pangettrulleergala?),क्या आपने कभी किसी स्थानीय चैरिटी कार्यक्रम या मैराथन में भाग लिया है? (Kya aapne kabhi kisi sthaaniya charity karyakram ya marathon mein bhaag liya hai?)
Day 117,Intermediate,I was just about to send the email when my internet connection cut out.,இணையத் தொடர்பு துண்டிக்கப்பட்டபோது நான் மின்னஞ்சலை அனுப்பவிருந்தேன். (Inaiya thodarpu thundikkappattapodhu naan minnanjalai anuppavirundhen.),"जब मेरा इंटरनेट कनेक्शन कट गया, मैं बस ईमेल भेजने ही वाला था। (Jab mera internet connection kat gaya, main bas email bhejne hi wala tha.)"
Day 117,Intermediate,It's not always easy to keep your computer files organized and updated.,கணினி கோப்புகளை எப்போதும் ஒழுங்காக வைத்திருப்பது எளிதல்ல. (Kanini koappugalai eppoadhum ozhungaga vaiththiruppadhu elidhalla.),अपने कंप्यूटर की फाइलों को व्यवस्थित और अपडेट रखना हमेशा आसान नहीं होता। (Apne computer ki filon ko vyavasthit aur update rakhna hamesha aasaan nahi hota.)
Day 117,Intermediate,I don't really have a preference for any particular brand of phone.,எனக்குக் குறிப்பிட்ட பிராண்ட் போன் மீது எந்த விருப்பமும் இல்லை. (Enakkuk kurippitta brand phone meedhu endha viruppamum illai.),मुझे वास्तव में फोन के किसी विशेष ब्रांड के लिए कोई पसंद नहीं है। (Mujhe vaastav mein phone ke kisi vishesh brand ke liye koi pasand nahi hai.)
Day 117,Intermediate,I’ll give you a call once I've had a chance to speak with my manager.,மேலாளரிடம் பேச எனக்கு வாய்ப்பு கிடைத்தவுடன் நான் உங்களுக்கு அழைக்கிறேன். (Melaalaridampesa enakku vaaippu kidaithavudan naan ungalukku azhaikkiren.),"एक बार जब मुझे अपने मैनेजर से बात करने का मौका मिल जाएगा, तो मैं आपको कॉल करूँगा। (Ek baar jab mujhe apne manager se baat karne ka mauka mil jayega, toh main aapko call karunga.)"
Day 117,Intermediate,What kind of music do you usually listen to when you want to focus?,நீங்கள் கவனம் செலுத்த விரும்பும் போது வழக்கமாக எந்த வகையான இசையைக் கேட்பீர்கள்? (Neengal gavanm seluththa virumbum podhu vazhakkamaaga endha vagaiyaana isaiyaik ketpeergal?),जब आप ध्यान केंद्रित करना चाहते हैं तो आप आमतौर पर किस तरह का संगीत सुनते हैं? (Jab aap dhyan kendrit karna chahte hain toh aap aamtor par kis tarah ka sangeet sunte hain?)
Day 118,Intermediate,I'm looking for a thoughtful gift for my best friend's birthday.,எனது சிறந்த நண்பரின் பிறந்தநாளுக்காக ஒரு நல்ல பரிசைத் தேடுகிறேன். (Enadhu sirandha nanbarin pirandhanaalukkaaga oru nalla parisaith thedugiren.),मैं अपने सबसे अच्छे दोस्त के जन्मदिन के लिए एक विचारशील उपहार ढूंढ रहा हूँ। (Main apne sabse acche dost ke janmadin ke liye ek vichaarsheel uphaar dhoond raha hoon.)
Day 118,Intermediate,It's important to have a regular backup plan for all your work.,உங்கள் வேலைகள் அனைத்திற்கும் வழக்கமான பேக்கப் திட்டம் இருப்பது முக்கியம். (Ungal velaigal anaiththirkum vazhakkamaana backup thittam iruppadhu mukkiyam.),आपके सभी काम के लिए एक नियमित बैकअप प्लान होना महत्वपूर्ण है। (Aapke sabhi kaam ke liye ek niyamit backup plan hona mahatvapoorn hai.)
Day 118,Intermediate,I haven't had the chance to visit the new art gallery yet.,புதிய ஓவியக் கூடத்திற்குச் செல்ல எனக்கு இன்னும் வாய்ப்பு கிடைக்கவில்லை. (Pudhiya oviyak koodaththirku sella enakku innum vaaippu kidaikkavillai.),मुझे अभी तक नई आर्ट गैलरी जाने का मौका नहीं मिला है। (मुझे अभी तक नई आर्ट गैलरी जाने का मौका नहीं मिला है।)
Day 118,Intermediate,I was just wondering if you could help me move this heavy furniture.,இந்த கனமான தளபாடங்களை நகர்த்த எனக்கு உதவ முடியுமா என்று அறிய விரும்பினேன். (Indha kanamaana thalabaadangalai nagarththa enakku udhava mudiyuma endru ariya virumbinen.),मैं बस यह सोच रहा था कि क्या आप इस भारी फर्नीचर को हटाने में मेरी मदद कर सकते हैं। (Main bas yeh soch raha tha ki kya aap is bhaari furniture ko hataane mein meri madad kar sakte hain.)
Day 118,Intermediate,Could you please let me know if there are any updates on the delivery?,டெலிவரி குறித்து ஏதேனும் புதிய தகவல்கள் இருந்தால் எனக்குத் தெரிவிக்க முடியுமா? (Delivery kurithu edhenum pudhiya thagavalgal irundhaal enakkuth therivikka mudiyuma?),क्या आप कृपया मुझे बता सकते हैं कि डिलीवरी पर कोई अपडेट है? (Kya aap kripya mujhe bata sakte hain ki delivery par koi update hai?)
Day 119,Intermediate,I have been trying to cut down on junk food to improve my health.,ஆரோக்கியத்தை மேம்படுத்த ஜங்க் ஃபுட் (junk food) சாப்பிடுவதைக் குறைக்க முயற்சி செய்கிறேன். (Aarokkiyathai mempaduththa junk food saappiduvadhai kuraikka muyarchi seigiren.),मैं अपने स्वास्थ्य में सुधार के लिए जंक फूड कम करने की कोशिश कर रहा हूँ। (Main apne swasthya mein sudhaar ke liye junk food kam karne ki koshish kar raha hoon.)
Day 119,Intermediate,It is much more efficient to use a shortcut than to go the long way.,நீண்ட தூரம் செல்வதை விட குறுக்கு வழியைப் பயன்படுத்துவது மிகவும் பயனுள்ளது. (Neenda dhooram selvadhai vida kurukku vazhiyaip payanpaduththuvadhu migavum payanulladhu.),लंबे रास्ते से जाने की तुलना में शॉर्टकट का उपयोग करना कहीं अधिक कुशल है। (Lambe raaste se jaane ki tulna mein shortcut ka upyog karna kahin adhik kushal hai.)
Day 119,Intermediate,We should double-check the time of the movie before leaving the house.,வீட்டை விட்டு கிளம்புவதற்கு முன் படத்தின் நேரத்தை மீண்டும் சரிபார்க்க வேண்டும். (Veettai vittu kilambuvadharku mun padaththin neraththai meendum saripaarkka vendum.),घर से निकलने से पहले हमें फिल्म का समय दोबारा जांच लेना चाहिए। (Ghar se nikalne se pehle humein film ka samay dobara jaanch lena chahiye.)
Day 119,Intermediate,I am not sure if I can complete the assignment by tonight.,இன்று இரவுக்கள் என்னால் இந்த ஒப்படைப்பை முடிக்க முடியுமா என்று தெரியவில்லை. (Indru iravukkul ennaal indha oppadaippai mudikka mudiyuma endru theriyavillai.),मुझे यकीन नहीं है कि मैं आज रात तक असाइनमेंट पूरा कर पाऊंगा या नहीं। (Mujhe yakeen nahi hai ki main aaj raat tak assignment poora kar paunga ya nahi.)
Day 119,Intermediate,Do you have any suggestions for a good place to have dinner?,இரவு உணவு சாப்பிட ஏதேனும் நல்ல இடத்தைப் பரிந்துரைக்க முடியுமா? (Iravu unavu saappida edhenum nalla idathai parindhuraikka mudiyuma?),क्या आपके पास रात के खाने के लिए किसी अच्छी जगह का सुझाव है? (Kya aapke paas raat ke khane ke liye kisi acchi jagah ka sujhaav hai?)
Day 120,Intermediate,I prefer to work in a well-organized office where everything is in its place.,அனைத்தும் சரியான இடத்தில் இருக்கும் ஒரு ஒழுங்கான அலுவலகத்தில் வேலை செய்ய விரும்புகிறேன். (Anaithum sariyaana idaththil irukkum oru ozhungana aluvalagathil velai seiya virumbugiren.),मैं एक सुव्यवस्थित ऑफिस में काम करना पसंद करता हूँ जहाँ सब कुछ अपनी जगह पर हो। (Main ek suvyavasthit office mein kaam karna pasand karta hoon jahan sab kuch apni jagah par ho.)
Day 120,Intermediate,We need to confirm the guest list before we finalize the arrangements.,ஏற்பாடுகளை முடிப்பதற்கு முன் விருந்தினர் பட்டியலை நாம் உறுதி செய்ய வேண்டும். (Erpaadugalai mudippadharku mun virundhinar pattiyalai naam urudhi seiya vendum.),इंतजामों को अंतिम रूप देने से पहले हमें मेहमानों की सूची की पुष्टि करनी होगी। (Intazaamon ko antim roop dene se pehle humein mehmaanon ki soochi ki pushti karni hogi.)
Day 120,Intermediate,He has been feeling much more positive since he started his new routine.,அவர் தனது புதிய வழக்கத்தைத் தொடங்கியதிலிருந்து அதிக நேர்மறையாக உணர்கிறார். (Avar thanadhu pudhiya vazhakkaththai thodangiyadhilirundhu adhiga nermaraiyaaga unargiraar.),"जब से उन्होंने अपनी नई दिनचर्या शुरू की है, वह काफी सकारात्मक महसूस कर रहे हैं। (Jab se unhone apni nayi dincharya shuru ki hai, wah kaafi sakaratmak mehsoos kar rahe hain.)"
Day 120,Intermediate,I am thinking of learning how to play a musical instrument like the guitar.,கிட்டார் போன்ற ஒரு இசைக் கருவியை வாசிக்கக் கற்றுக்கொள்ளலாம் என்று நினைக்கிறேன். (Guitar poandra oru isaik karuviyai vaasikkak kattrukkollalaam endru ninaikkiren.),मैं गिटार जैसा कोई वाद्य यंत्र बजाना सीखने की सोच रहा हूँ। (Main guitar jaisa koi vadya yantra bajana seekhne ki soch raha hoon.)
Day 120,Intermediate,Could you please show me how to use the scanning feature on this app?,இந்தச் செயலியில் ஸ்கேனிங் (scanning) அம்சத்தை எப்படிப் பயன்படுத்துவது என்று காட்ட முடியுமா? (Indhach seiyaliyil scanning amsathai eppadip payanpaduththuvadhu endru kaatta mudiyuma?),क्या आप कृपया मुझे दिखा सकते हैं कि इस ऐप पर स्कैनिंग फीचर का उपयोग कैसे करें? (Kya aap kripya mujhe dikha sakte hain ki is app par scanning feature ka upyog kaise karen?)
Day 121,Intermediate,"It has been a very productive day, and I am glad we finished early.","இன்று ஒரு பயனுள்ள நாள், நாம் சீக்கிரம் முடித்ததில் எனக்கு மகிழ்ச்சி. (Indru oru payanulla naal, naam seekkiram mudithadhil enakku magizhchi.)","आज का दिन बहुत उत्पादक रहा, और मुझे खुशी है कि हमने जल्दी काम खत्म कर लिया। (Aaj ka din bahut utpaadak raha, aur mujhe khushi hai ki humne jaldi kaam khatam kar liya.)"
Day 121,Intermediate,Please remind me to pick up the dry cleaning on our way home.,வீட்டிற்குச் செல்லும் வழியில் டிரை கிளீனிங் துணிகளை வாங்க எனக்கு நினைவுபடுத்துங்கள். (Veettukkuch sellum vazhiyil dry cleaning thunigalai vaanga enakku ninaivupaduthungal.),कृपया घर जाते समय मुझे ड्राई क्लीनिंग के कपड़े लाने की याद दिलाना। (Kripya ghar jaate samay mujhe dry cleaning ke kapde laane ki yaad dilana.)
Day 121,Intermediate,I think it's better to keep your personal and professional lives separate.,உங்கள் தனிப்பட்ட மற்றும் தொழில்முறை வாழ்க்கையைத் தனித்தனியாக வைத்திருப்பது நல்லது. (Ungal thanippatta matrum thozhilmurai vaazhkkaiyaith thaniththaniyaaga vaithiruppadhu nalladhu.),मुझे लगता है कि अपने व्यक्तिगत और पेशेवर जीवन को अलग रखना बेहतर है। (Mujhe lagta hai ki apne vyaktigat aur peshewar jeevan ko alag rakhna behtar hai.)
Day 121,Intermediate,I didn't mean to ignore your call; I was in a meeting.,உங்கள் அழைப்பைப் புறக்கணிக்க விரும்பவில்லை; நான் ஒரு கூட்டத்தில் இருந்தேன். (Ungal azhaippaip purakkanikka virumbavillai; naan oru koottathil irundhen.),मेरा इरादा आपकी कॉल को अनदेखा करने का नहीं था; मैं एक मीटिंग में था। (Mera irada aapki call ko andekha karne ka nahi tha; main ek meeting mein tha.)
Day 121,Intermediate,She is very good at mediating between two parties in a disagreement.,கருத்து வேறுபாடுகளில் இரு தரப்பினருக்கும் இடையே சமரசம் செய்வதில் அவர் சிறந்தவர். (Karuthu verupaadugalil iru dharappinarukkum idaiyae samarasam seivadhil avar sirandhavar.),वह किसी असहमति में दो पक्षों के बीच मध्यस्थता करने में बहुत अच्छी है। (Wah kisi asahmati mein do pakshon ke beech madhyasthata karne mein bahut acchi hai.)
Day 122,Intermediate,I'll be waiting for you at the entrance of the cinema hall.,சினிமா திரையரங்கின் நுழைவாயிலில் நான் உங்களுக்காகக் காத்திருப்பேன். (Cinema thiraiyarangin nuzhaivaayilil naan ungalukkaagak kaathiruppen.),मैं सिनेमा हॉल के प्रवेश द्वार पर आपका इंतज़ार करूँगा। (Main cinema hall ke pravesh dwar par aapka intezaar karunga.)
Day 122,Intermediate,Could you please repeat that? I didn't quite catch what you said.,தயவுசெய்து அதை மீண்டும் சொல்ல முடியுமா? நீங்கள் சொன்னது எனக்குச் சரியாகப் புரியவில்லை. (Thayavuseidhu adhai meendum solla mudiyuma? neengal sonnadhu enakkuch sariyaagap puriyavillai.),क्या आप कृपया उसे दोहरा सकते हैं? आपने जो कहा मैं उसे पूरी तरह समझ नहीं पाया। (Kya aap kripya use dohra sakte hain? Aapne jo kaha main use poori tarah samajh nahi paaya.)
Day 122,Intermediate,I think we should check the reviews before we book a room at that hotel.,அந்த ஹோட்டலில் அறை முன்பதிவு செய்வதற்கு முன் அதன் விமர்சனங்களைச் சரிபார்க்க வேண்டும். (Andha hotel-il arai munpadhivu seivadharku mun adhan vimarsanangalaich saripaarkka vendum.),मुझे लगता है कि उस होटल में कमरा बुक करने से पहले हमें समीक्षाएं देख लेनी चाहिए। (Mujhe lagta hai ki us hotel mein kamra book karne se pehle humein reviews dekh leni chahiye.)
Day 122,Intermediate,I was just about to close the window when it started to rain heavily.,பலமாக மழை பெய்யத் தொடங்கியபோது நான் ஜன்னலை மூடத் தயாராக இருந்தேன். (Balamaaga mazhai peiyath thodangiyapodhu naan jannalai moodath thayaaraaga irundhen.),"जब तेज़ बारिश शुरू हुई, मैं बस खिड़की बंद करने ही वाला था। (Jab tez baarish shuru hui, main bas khidki band karne hi wala tha.)"
Day 122,Intermediate,It takes about an hour to commute to work during the rush hour.,பரபரப்பான நேரத்தில் வேலைக்குச் செல்ல சுமார் ஒரு மணி நேரம் ஆகும். (Paraparappaana nerathil velaikkuch sella sumaar oru mani neram aagum.),भीड़भाड़ के समय काम पर जाने में लगभग एक घंटा लगता है। (Bheedbhaad ke samay kaam par jaane mein lagbhag ek ghanta lagta hai.)
Day 123,Intermediate,"I have already seen this movie, but I would love to watch it again with you.","நான் ஏற்கனவே இந்தப் படத்தைப் பார்த்துவிட்டேன், ஆனால் உங்களுடன் மீண்டும் பார்க்க விரும்புகிறேன். (Naan erkanave indha padaththaip paarthuvitten, aanaalum ungaludan meendum paarkka virumbugiren.)","मैंने यह फिल्म पहले ही देख ली है, लेकिन मैं इसे आपके साथ फिर से देखना पसंद करूँगा। (Maine yeh film pehle hi dekh li hai, lekin main ise aapke saath phir se dekhna pasand karunga.)"
Day 123,Intermediate,She has been working as a research assistant for several years now.,அவர் பல ஆண்டுகளாக ஆராய்ச்சி உதவியாளராகப் பணியாற்றி வருகிறார். (Avar pala aandugalaaga aaraaichi udhaviyaalaraagap paniyaattri varugiraar.),वह अब कई सालों से रिसर्च असिस्टेंट के रूप में काम कर रही हैं। (Wah ab kai saalon se research assistant ke roop mein kaam kar rahi hain.)
Day 123,Intermediate,I'll let you know as soon as the results are officially announced.,முடிவுகள் அதிகாரப்பூர்வமாக அறிவிக்கப்பட்டவுடன் உங்களுக்குத் தெரிவிக்கிறேன். (Mudivugal adhigaarappoorvamaaga arivikkappattavudan ungalukkuth therivikkiren.),"जैसे ही परिणाम आधिकारिक तौर पर घोषित होंगे, मैं आपको बता दूँगा। (Jaise hi parinaam aadhikaarik taur par ghoshit honge, main aapko bata doonga.)"
Day 123,Intermediate,I don't think it's fair to expect everyone to work overtime without notice.,முன்னறிவிப்பின்றி அனைவரும் கூடுதல் நேரம் வேலை செய்ய வேண்டும் என்று எதிர்பார்ப்பது சரியல்ல. (Munnarivippindri anaivarum koodudhal neram velai seiya vendum endru edhirpaarppadhu sariyalla.),मुझे नहीं लगता कि बिना सूचना के हर किसी से ओवरटाइम काम करने की उम्मीद करना उचित है। (Mujhe nahi lagta ki bina soochna ke har kisi se overtime kaam karne ki ummeed karna uchit hai.)
Day 123,Intermediate,How much does it cost to have a suit cleaned at the dry cleaners?,டிரை கிளீனஸில் ஒரு சூட்டை (suit) சுத்தம் செய்ய எவ்வளவு செலவாகும்? (Dry cleaners-il oru suit-ais suththam seiya evvalavu selavaagum?),ड्राई क्लीनर्स पर सूट साफ करवाने में कितना खर्च आता है? (Dry cleaners par suit saaf karwane mein kitna kharch आता है?)
Day 124,Intermediate,"I forgot to bring my notebook, so I might need to borrow a piece of paper.",குறிப்பேட்டை மறந்ததால் எனக்கு ஒரு காகிதம் தேவைப்படலாம். (Kurippaettai marandhadhaal enakku oru kaagidham thevaippadalaam.),"मैं अपनी नोटबुक लाना भूल गया, इसलिए मुझे कागज के एक टुकड़े की जरूरत पड़ सकती है। (Main apni notebook laana bhool gaya, isliye mujhe kaagaz ke ek tukde ki zaroorat pad sakti hai.)"
Day 124,Intermediate,We should definitely try that new Italian restaurant in the city center.,நகரின் மையப்பகுதியிலுள்ள அந்தப் புதிய இத்தாலிய உணவகத்தை நாம் கண்டிப்பாக முயற்சிக்க வேண்டும். (Nagarin maiyappagudhiyilulla andhap pudhiya Italian unavagaththai naam kandippaaga muyarchikka vendum.),हमें शहर के केंद्र में स्थित उस नए इतालवी रेस्तरां को जरूर आज़माना चाहिए। (Humein shehar ke kendra mein sthit us naye itaalvi restaran ko zaroor aazmaana chahiye.)
Day 124,Intermediate,He is very interested in learning about artificial intelligence and its applications.,ஏஐ (AI) மற்றும் அதன் பயன்பாடுகள் பற்றி அறிந்துகொள்வதில் அவர் மிகுந்த ஆர்வம் கொண்டுள்ளார். (AI matrum adhan paiyanpaadugal pattri arindhukolvadhil avar migundha aarvam kondullaar.),उनकी आर्टिफिशियल इंटेलिजेंस और इसके अनुप्रयोगों (applications) के बारे में जानने में बहुत रुचि है। (Unki artificial intelligence aur iske anuprayogوں ke baare mein jaane mein bahut ruchi hai.)
Day 124,Intermediate,"I've been meaning to call you for a long time, but I was quite busy.","நீண்ட காலமாக உங்களை அழைக்க நினைத்தேன், ஆனால் நான் மிகவும் பிஸியாக இருந்தேன். (Neenda kaalamaaga ungalai azhaikka ninaithen, aanaal naan migavum busy-aaga irundhen.)","मैं काफी समय से आपको कॉल करने की सोच रहा था, लेकिन मैं काफी व्यस्त था। (Main kaafi samay se aapko call karne ki soch raha tha, lekin main kaafi vyast tha.)"
Day 124,Intermediate,Please make sure that all the doors and windows are locked before you sleep.,நீங்கள் தூங்குவதற்கு முன் அனைத்துக் கதவுகளும் ஜன்னல்களும் பூட்டப்பட்டிருப்பதை உறுதி செய்யவும். (Neengal thoonguvadharku mun anaithuk kadhavugalum jannalgalum poottappattiruppadhai urudhi seiyavum.),कृपया सुनिश्चित करें कि सोने से पहले सभी दरवाजे और खिड़कियां बंद हैं। (Kripya sunishchit karen ki sone se pehle sabhi darwaze aur khidkiyaan band hain.)
Day 125,Intermediate,I think it's better to postpone the trip until the weather conditions improve.,வானிலை சீராகும் வரை பயணத்தை ஒத்திவைப்பது நல்லது என்று நினைக்கிறேன். (Vaanilai seeraagum varai payanathai oththivaippadhu nalladhu endru ninaikkiren.),मुझे लगता है कि मौसम की स्थिति सुधरने तक यात्रा टालना बेहतर है। (Mujhe lanta hai ki mausam ki sthiti sudharne tak yaatra taalna behtar hai.)
Day 125,Intermediate,I really appreciate you taking the time to listen to my concerns.,எனது கவலைகளைக் கேட்க நேரம் ஒதுக்கியதற்கு நான் உங்களுக்கு மிகவும் நன்றி கூறுகிறேன். (Enadhu kavalaigalaik ketka neram odhikkiyadharku naan ungalukku migavum nandri koorigiren.),मेरी चिंताओं को सुनने के लिए समय निकालने के लिए मैं वास्तव में आपकी सराहना करता हूँ। (Meri chintaon ko sunne ke liye samay nikalne ke liye main vaastav mein aapki saraahna karta hoon.)
Day 125,Intermediate,What do you think is the best way to develop good communication skills?,நல்ல தகவல் தொடர்புத் திறனை வளர்க்க சிறந்த வழி எது என்று நீங்கள் நினைக்கிறீர்கள்? (Nalla thagaval thodarputh thiranai valarkka sirandha vazhi edhu endru neengal ninaikkireergal?),आपके अनुसार अच्छे संचार कौशल (communication skills) विकसित करने का सबसे अच्छा तरीका क्या है? (Aapke anusar acche sanchaar kaushal vikasit karne ka sabse accha tareeka kya hai?)
Day 125,Intermediate,I prefer to work in a collaborative environment where everyone shares ideas.,அனைவரும் கருத்துக்களைப் பகிர்ந்து கொள்ளும் ஒரு கூட்டுச் சூழலில் வேலை செய்யவே விரும்புகிறேன். (Anaivarum karuththukkalaip pagirndhu kollum oru koottuch suzhalil velai seiyavae virumbugiren.),मैं ऐसे सहयोगी वातावरण में काम करना पसंद करता हूँ जहाँ हर कोई विचार साझा करता है। (Main aise sahyogi vaatavaran mein kaam karna pasand karta hoon jahan har koi vichaar saajha karta hai.)
Day 125,Intermediate,She’s been feeling a bit overwhelmed with her new responsibilities at work.,வேலையில் தனது புதிய பொறுப்புகளால் அவர் சற்று மன அழுத்தமாக உணர்கிறார். (Velaiyil thanadhu pudhiya poruppugalaal avar satru mana azhuththamaaga unargiraar.),वह काम पर अपनी नई जिम्मेदारियों से थोड़ा परेशान (overwhelmed) महसूस कर रही हैं। (Wah kaam par apni nayi zimmedariyon se thoda pareshan mehsoos kar rahi hain.)
Day 126,Intermediate,"I’ll be there in about fifteen minutes, depending on the traffic situation.",போக்குவரத்து நிலையைப் பொறுத்து நான் சுமார் பதினைந்து நிமிடங்களில் அங்கு வந்துவிடுவேன். (Pokkuvaraththu nilaiyaip poruththu naan sumaar padhinaindhu nimidangalil angu vandhuviduven.),"ट्रैफिक की स्थिति के आधार पर, मैं लगभग पंद्रह मिनट में वहां पहुंच जाऊंगा। (Traffic ki sthiti ke aadhar par, main lagbhag pandrah minute mein wahan pahunch jaunga.)"
Day 126,Intermediate,I'm planning to go for a run every morning to maintain a healthy lifestyle.,ஆரோக்கியமான வாழ்க்கை முறைக்காக தினமும் காலையில் ஓட்டப்பயிற்சி செய்யத் திட்டமிட்டுள்ளேன். (Aarokkiyamaana vaazhkkai muraikkaaga dhinamum kaalaiyil ottappayirchi seiya thittamittullen.),मैं स्वस्थ जीवनशैली बनाए रखने के लिए हर सुबह दौड़ने जाने की योजना बना रहा हूँ। (Main swasth jeevanshaili banaye rakhne ke liye har सुबह दौड़ने जाने की योजना बना रहा हूँ।)
Day 126,Intermediate,Have you ever considered taking an online course to learn a new skill?,ஒரு புதிய திறனைக் கற்க ஆன்லைன் படிப்பை மேற்கொள்வது பற்றி யோசித்திருக்கிறீர்களா? (Oru pudhiya thiranaik karka online padippai merkolluvadhu pattri yoasiththirukkireergala?),क्या आपने कभी कोई नया कौशल सीखने के लिए ऑनलाइन कोर्स करने पर विचार किया है? (Kya aapne kabhi koi naya kaushal seekhne ke liye online course karne par vichaar kiya hai?)
Day 126,Intermediate,I was just about to save my work when the computer suddenly froze.,கணினி திடீரென பழுதானபோது நான் எனது வேலையைச் சேமிக்கத் தயாராக இருந்தேன். (Kanini dhideerena pazhudhaanapodhu naan enadhu velaiyais saemikkath thayaaraaga irundhaen.),"जब कंप्यूटर अचानक फ्रीज हो गया, मैं बस अपना काम सेव करने ही वाला था। (Jab computer achanak freeze ho gaya, main bas apna kaam save karne hi वाला था।)"
Day 126,Intermediate,It's not always easy to balance your career and your personal life.,உங்கள் தொழில் மற்றும் தனிப்பட்ட வாழ்க்கையைச் சமநிலைப்படுத்துவது எப்போதும் எளிதல்ல. (Ungal thozhil matrum thanippatta vaazhkkaiyaich samanilaip-paduththuvadhu eppoadhum elidhalla.),अपने करियर और निजी जीवन के बीच संतुलन बनाना हमेशा आसान नहीं होता। (Apne career aur niji jeevan ke beech santulan banana hamesha aasaan nahi hota.)
Day 127,Intermediate,I’ll give you a call once I've had a chance to think about your proposal.,உங்கள் திட்டத்தைப் பற்றி யோசிக்க எனக்கு வாய்ப்பு கிடைத்தவுடன் நான் உங்களுக்கு அழைக்கிறேன். (Ungal thittaththaip pattri yoasikka enakku vaaippu kidaithavudan naan ungalukku azhaikkiren.),"एक बार जब मुझे आपके प्रस्ताव (proposal) पर सोचने का मौका मिल जाएगा, तो मैं आपको कॉल करूँगा। (Ek baar jab mujhe aapke prastav par sochne ka mauka mil jayega, toh main aapko call karunga.)"
Day 127,Intermediate,What kind of television programs do you usually watch to relax at night?,இரவு ஓய்வெடுக்க வழக்கமாக எந்த வகையான தொலைக்காட்சி நிகழ்ச்சிகளைப் பார்ப்பீர்கள்? (Iravu oivedukka vazhakkamaaga endha vagaiyaana tholaikkaatchi nigazhchigalaip paarppeergal?),रात में आराम करने के लिए आप आमतौर पर किस तरह के टेलीविजन कार्यक्रम देखते हैं? (Raat mein aaraam karne ke liye aap aamtor par kis tarah ke television karyakram dekhte hain?)
Day 127,Intermediate,I'm looking for a nice gift for my best friend's engagement party.,எனது சிறந்த நண்பரின் நிச்சயதார்த்த விழாவிற்கு ஒரு நல்ல பரிசைத் தேடுகிறேன். (Enadhu sirandha nanbarin nichayadhaarththa vizhaavirku oru nalla parisaith thedugiren.),मैं अपने सबसे अच्छे दोस्त की सगाई की पार्टी के लिए एक अच्छा उपहार ढूंढ रहा हूँ। (Main apne sabse acche dost ki sagai ki party ke liye ek accha uphaar dhoond raha hoon.)
Day 127,Intermediate,It's important to set realistic goals for yourself to stay motivated.,உத்வேகத்துடன் இருக்க யதார்த்தமான இலக்குகளை நிர்ணயிப்பது முக்கியம். (Udhvegaththudan irukka yadhaarththamaana ilakkugalhai nirnaiyippadhu mukkiyam.),प्रेरित रहने के लिए अपने लिए यथार्थवादी लक्ष्य निर्धारित करना महत्वपूर्ण है। (Prerit rehne ke liye apne liye yatharthwadi lakshya nirdharit karna mahatvapoorn hai.)
Day 127,Intermediate,I was just wondering if you could recommend a good plumber in this area.,இந்தப் பகுதியில் ஒரு நல்ல பிளம்பரை உங்களால் பரிந்துரைக்க முடியுமா என்று அறிய விரும்பினேன். (Indhap pagudhiyil oru nalla plumber-ai ungalaal parindhuraikka mudiyuma endru ariya virumbinen.),मैं बस यह सोच रहा था कि क्या आप इस इलाके में किसी अच्छे प्लंबर का सुझाव दे सकते हैं। (Main bas yeh soch raha tha ki kya aap is ilaake mein kisi acche plumber ka sujhaav de sakte hain.)
Day 128,Intermediate,Could you please let me know if the price includes the installation charges?,விலையில் நிறுவல் கட்டணமும் (installation charges) அடங்குமா என்று எனக்குத் தெரிவிக்க முடியுமா? (Vilaiyil niruval kattanamum adanguma endru enakkuth therivikka mudiyuma?),क्या आप कृपया मुझे बता सकते हैं कि क्या कीमत में इंस्टॉलेशन शुल्क शामिल है? (Kya aap kripya mujhe bata sakte hain ki kya keemat mein installation shulk shaamil hai?)
Day 128,Intermediate,I have been trying to use less plastic to protect the environment.,சுற்றுச்சூலைப் பாதுகாக்கப் பிளாஸ்டிக் பயன்பாட்டைக் குறைக்க முயற்சி செய்கிறேன். (Sutruch-soolai paadhukaakkap plastic paiyanpaattaik kuraikka muyarchi seigiren.),मैं पर्यावरण की रक्षा के लिए प्लास्टिक का कम उपयोग करने की कोशिश कर रहा हूँ। (Main paryavaran ki raksha ke liye plastic ka kam upyog karne ki koshish kar raha hoon.)
Day 128,Intermediate,It is much more convenient to travel by train during the holidays.,விடுமுறை நாட்களில் ரயிலில் பயணம் செய்வது மிகவும் வசதியானது. (Vidumurai naatkalil rail-il payanam seivadhu migavum vasadhiyaanadhu.),छुट्टियों के दौरान ट्रेन से यात्रा करना कहीं अधिक सुविधाजनक है। (Chhuttiyon ke dauran train se yaatra karna kahin adhik suvidhajanakk hai.)
Day 128,Intermediate,We should double-check the expiry date on the medicine bottle.,மருந்து பாட்டிலில் உள்ள காலாவதி தேதியை நாம் மீண்டும் சரிபார்க்க வேண்டும். (Marundhu baattilil ulla kaalaavadhi thedhiyai naam meendum saripaarkka vendum.),हमें दवा की बोतल पर एक्सपायरी डेट की दोबारा जांच करनी चाहिए। (Humein dawa ki botal par expiry date ki dobara jaanch karni chahiye.)
Day 128,Intermediate,I am not sure if I can complete the marathon within four hours.,நான்கு மணி நேரத்திற்குள் என்னால் மாரத்தான் ஓட்டத்தை முடிக்க முடியுமா என்று தெரியவில்லை. (Naangu mani neraththirkul ennaal marathon ottathai mudikka mudiyuma endru theriyavillai.),मुझे यकीन नहीं है कि मैं चार घंटे के भीतर मैराथन पूरी कर पाऊंगा या नहीं। (Mujhe yakeen nahi hai ki main chaar ghante ke bheetar marathon poori kar paunga ya nahi.)
Day 129,Intermediate,Do you have any suggestions on how to reduce our household waste?,நமது வீட்டுச் சமூகக் கழிவுகளைக் குறைக்க உங்களிடம் ஏதேனும் ஆலோசனைகள் உள்ளதா? (Namadhu veettu-k-kazhivugalaik kuraikka ungalidam edhenum aaloasanaigal ulladha?),क्या आपके पास हमारे घर के कचरे को कम करने के लिए कोई सुझाव है? (Kya aapke paas humare ghar ke kachre ko kam karne ke liye koi sujhaav hai?)
Day 129,Intermediate,I prefer to buy groceries from the local farmers' market.,உள்ளூர் விவசாயிகளிடமிருந்து மளிகைப் பொருட்களை வாங்கவே விரும்புகிறேன். (Ullur vivasaayigal-idhamirundhu maligaip porutkalai vaangavae virumbugiren.),मैं स्थानीय किसानों के बाजार से किराने का सामान खरीदना पसंद करता हूँ। (Main sthaaniya kisaanon ke bazaar se kirane ka saamaan khareedna pasand karta hoon.)
Day 129,Intermediate,We need to confirm the flight status before we leave for the airport.,விமான நிலையத்திற்குப் புறப்படுவதற்கு முன் விமானத்தின் நிலையை நாம் உறுதி செய்ய வேண்டும். (Vimaana nilaiyaththirkup purappadvadharku mun vimaanaththin nilaiyai naam urudhi seiya vendum.),हवाई अड्डे के लिए निकलने से पहले हमें उड़ान की स्थिति (flight status) की पुष्टि करनी होगी। (Hawai adde ke liye nikalne se pehle humein flight status ki pushti karni hogi.)
Day 129,Intermediate,He has been feeling much more energized since he started yoga.,யோகா செய்யத் தொடங்கியதிலிருந்து அவர் அதிக ஆற்றலுடன் உணர்கிறார். (Yoga seiya thodangiyadhilirundhu avar adhiga aatraludan unargiraar.),"जब से उन्होंने योग शुरू किया है, वह काफी ऊर्जावान महसूस कर रहे हैं। (Jab se unhone yoga shuru kiya hai, wah kaafi oorjawaan mehsoos kar rahe hain.)"
Day 129,Intermediate,I am thinking of learning how to play a musical instrument like the flute.,புல்லாங்குழல் போன்ற ஒரு இசைக் கருவியை வாசிக்கக் கற்றுக்கொள்ளலாம் என்று நினைக்கிறேன். (Pullaanguzhal poandra oru isaik karuviyai vaasikkak kattrukkollalaam endru ninaikkiren.),मैं बांसुरी जैसा कोई वाद्य यंत्र बजाना सीखने की सोच रहा हूँ। (Main bansuri jaisa koi vadya yantra bajana seekhne ki soch raha hoon.)
Day 130,Intermediate,Could you please show me how to adjust the brightness on this screen?,இந்தத் திரையில் பிரகாசத்தை (brightness) எப்படிச் சரிசெய்வது என்று காட்ட முடியுமா? (Indhath thiraiyil brightness-ai eppadi sariseivadhu endru kaatta mudiyuma?),क्या आप कृपया मुझे दिखा सकते हैं कि इस स्क्रीन पर ब्राइटनेस कैसे एडजस्ट करें? (Kya aap kripya mujhe dikha sakte hain ki is screen par brightness kaise adjust karen?)
Day 130,Intermediate,"It has been a very long day, but I am glad everything is finished.","இது ஒரு நீண்ட நாள், ஆனால் அனைத்தும் முடிந்துவிட்டது என்பதில் எனக்கு மகிழ்ச்சி. (Idhu oru neenda naal, aanaal anaithum mudindhuvittadhu enbadhil enakku magizhchi.)","यह बहुत लंबा दिन रहा है, लेकिन मुझे खुशी है कि सब कुछ खत्म हो गया है। (Yeh bahut lamba din raha hai, lekin mujhe khushi hai ki sab kuch khatam ho gaya hai.)"
Day 130,Intermediate,Please remind me to pick up my sister from the airport tonight.,இன்று இரவு என் சகோதரியை விமான நிலையத்திலிருந்து அழைக்க எனக்கு நினைவுபடுத்துங்கள். (Indru iravu en sagodhariyai vimaana nilaiyaththilirundhu azhaikka enakku ninaivupaduthungal.),कृपया मुझे आज रात अपनी बहन को हवाई अड्डे से लाने की याद दिलाना। (Kripya mujhe aaj raat apni behen ko hawai adde se laane ki yaad dilana.)
Day 130,Intermediate,I think it's better to keep your personal opinions to yourself at work.,வேலையில் உங்கள் தனிப்பட்ட கருத்துக்களை உங்களிடமே வைத்திருப்பது நல்லது. (Velaiyil ungal thanippatta karuththukkalai ungalidamae vaithiruppadhu nalladhu.),मुझे लगता है कि काम पर अपनी व्यक्तिगत राय अपने तक ही रखना बेहतर है। (Mujhe lagta hai ki kaam par apni vyaktigat rai apne tak hi rakhna behtar hai.)
Day 130,Intermediate,I didn't mean to ignore your text message; I was very busy.,உங்கள் குறுஞ்செய்தியைப் புறக்கணிக்க விரும்பவில்லை; நான் மிகவும் பிஸியாக இருந்தேன். (Ungal kurunjeidhiyaip purakkanikka virumbavillai; naan migavum busy-aaga irundhen.),मेरा इरादा आपके टेक्स्ट मैसेज को अनदेखा करने का नहीं था; मैं बहुत व्यस्त था। (Mera irada aapke text message ko andekha karne ka nahi tha; main bahut vyast tha.)
Day 131,Intermediate,She is very good at explaining complex theories in a simple way.,கடினமான கோட்பாடுகளை எளிமையாக விளக்குவதில் அவர் சிறந்தவர். (Kadinamaana kotpaadugalai elimaiyaaga vilakkuvadhil avar sirandhavar.),वह जटिल सिद्धांतों को सरल तरीके से समझाने में बहुत अच्छी है। (Wah jatil siddhanton ko saral tareeke se samjhane mein bahut acchi hai.)
Day 131,Intermediate,I'll be waiting for you at the main gate of the university.,பல்கலைக்கழகத்தின் பிரதான நுழைவாயிலில் நான் உங்களுக்காகக் காத்திருப்பேன். (Palkalaikkazhagaththin pradhaana nuzhaivaayilil naan ungalukkaagak kaathiruppen.),मैं विश्वविद्यालय के मुख्य द्वार पर आपका इंतज़ार करूँगा। (Main vishwavidyalaya ke mukhya dwar par aapka intezaar karunga.)
Day 131,Intermediate,Could you please repeat that? I didn't quite hear what you said.,தயவுசெய்து அதை மீண்டும் சொல்ல முடியுமா? நீங்கள் சொன்னது எனக்குச் சரியாகக் கேட்கவில்லை. (Thayavuseidhu adhai meendum solla mudiyuma? neengal sonnadhu enakkuch sariyaagap ketkavillai.),क्या आप कृपया उसे दोहरा सकते हैं? आपने जो कहा मैंने उसे पूरी तरह सुना नहीं। (Kya aap kripya use dohra sakte hain? Aapne jo kaha maine use poori tarah suna nahi.)
Day 131,Intermediate,I think we should check the reviews before we hire a tour guide.,சுற்றுலா வழிகாட்டியை அமர்த்துவதற்கு முன் அவருடைய விமர்சனங்களைச் சரிபார்க்க வேண்டும். (Sutrula vazhikaatti-yai amarththuvadharku mun avarudaiya vimarsanangalaich saripaarkka vendum.),मुझे लगता है कि टूर गाइड किराए पर लेने से पहले हमें समीक्षाएं देख लेनी चाहिए। (Mujhe lagta hai ki tour guide kiraye par lene se pehle humein reviews dekh leni chahiye.)
Day 131,Intermediate,I was just about to close the door when someone knocked loudly.,யாரோ பலமாகத் தட்டியபோது நான் கதவை மூடத் தயாராக இருந்தேன். (Yaaro balamaagath thattiyapoadhu naan kadhavai moodath thayaaraaga irundhaen.),"जब किसी ने ज़ोर से दरवाज़ा खटखटाया, मैं बस दरवाज़ा बंद करने ही वाला था। (Jab kisi ne zor se darwaza khatkhataaya, main bas darwaza band karne hi wala tha.)"
Day 132,Intermediate,It takes about thirty minutes to commute to the city center by car.,காரில் நகரின் மையப்பகுதிக்குச் செல்ல சுமார் முப்பது நிமிடங்கள் ஆகும். (Car-il nagarin maiyap-pagudhikkuch sella sumaar muppadhu nimidangal aagum.),कार से शहर के केंद्र तक जाने में लगभग तीस मिनट लगते हैं। (Car se shehar ke kendra tak jaane mein lagbhag tees minute lagte hain.)
Day 132,Intermediate,"I have already seen this movie, but I don't mind watching it again.","நான் ஏற்கனவே இந்தப் படத்தைப் பார்த்துவிட்டேன், ஆனாலும் மீண்டும் பார்க்கலாம். (Naan erkanavae indha padaththaip paarthuvittaen, aanaalum meendum paarkkalaam.)","मैंने यह फिल्म पहले ही देख ली है, लेकिन मुझे इसे फिर से देखने में कोई आपत्ति नहीं है। (Maine yeh film pehle hi dekh li hai, lekin mujhe ise phir se dekhne mein koi aapatti nahi hai.)"
Day 132,Intermediate,She has been working as a fashion designer for several years now.,அவர் பல ஆண்டுகளாக ஒரு ஆடை வடிவமைப்பாளராகப் பணியாற்றி வருகிறார். (Avar pala aandugalaaga oru aadai vadivamippaalaraagap paniyaattri varugiraar.),वह अब कई सालों से फैशन डिजाइनर के रूप में काम कर रही हैं। (Wah ab kai saalon se fashion designer ke roop mein kaam kar रही hai.)
Day 132,Intermediate,I'll let you know as soon as I have finished writing the report.,அறிக்கையை எழுதி முடித்தவுடன் உங்களுக்குத் தெரிவிக்கிறேன். (Arikkaiyai ezhudhi mudithavudan ungalukkuth therivikkiren.),"जैसे ही मैं रिपोर्ट लिखना खत्म करूँगा, मैं आपको बता दूँगा। (Jaise hi main report likhna khatam karunga, main aapko bata doonga.)"
Day 132,Intermediate,I don't think it's fair to judge him before hearing his side of the story.,அவருடைய தரப்பு விளக்கத்தைக் கேட்கும் முன் அவரைத் தவறாகக் கருதுவது சரியல்ல. (Avarudaiya dharappu vilakkaththaik ketkum mun avaraith thavaraga-k-karudhuvadhu sariyalla.),मुझे नहीं लगता कि उसकी बात सुने बिना उसके बारे में राय बनाना उचित है। (Mujhe nahi lagta ki uski baat sune bina uske baare mein rai banana uchit hai.)
Day 133,Intermediate,How much does it cost to have a smartphone screen repaired?,ஸ்மார்ட்போன் ஸ்கிரீனைச் சரிசெய்ய எவ்வளவு செலவாகும்? (Smartphone screen-ais sariseiya evvalavu selavaagum?),स्मार्टफोन की स्क्रीन ठीक करवाने में कितना खर्च आता है? (Smartphone ki screen theek karwane mein kitna kharch aata hai?)
Day 133,Intermediate,"I forgot to bring my notes, so I might need to borrow a pen and paper.","நான் எனது குறிப்புகளை எடுத்து வர மறந்துவிட்டேன், எனவே பேனா மற்றும் காகிதம் தேவைப்படலாம். (Naan enadhu kurippugalaieduthu vara marandhuvittaen, enavae paenaa matrum kaagidham thevaippadalaam.)","मैं अपने नोट्स लाना भूल गया, इसलिए मुझे पेन और कागज उधार लेने की जरूरत पड़ सकती है। (Main apne notes laana bhool gaya, isliye mujhe pen aur kagaz udhaar lene ki zaroorat pad sakti hai.)"
Day 133,Intermediate,We should definitely try that new seafood restaurant in the city center.,நகரின் மையப்பகுதியிலுள்ள அந்தப் புதிய கடல் உணவு உணவகத்தை நாம் கண்டிப்பாக முயற்சிக்க வேண்டும். (Nagarin maiyappagudhiyilulla andhap pudhiya kadal unavu unavagaththai naam kandippaaga muyarchikka vendum.),हमें शहर के केंद्र में स्थित उस नए सीफूड रेस्तरां को जरूर आज़माना चाहिए। (Humein shehar ke kendra mein sthit us naye seafood restaran ko zaroor aazmaana chahiye.)
Day 133,Intermediate,He is very interested in learning about renewable energy and its benefits.,புதுப்பிக்கத்தக்க எரிசக்தி மற்றும் அதன் நன்மைகள் பற்றி அறிய அவர் மிகுந்த ஆர்வமாக உள்ளார். (Pudhuppikkathakka erisakhthi matrum adhan nanmaigal pattri ariya avar migundha aarvamaaga ullaar.),उनकी अक्षय ऊर्जा और इसके लाभों के बारे में जानने में बहुत रुचि है। (Unki akshay oorja aur iske laabhon ke baare mein jaane mein bahut ruchi hai.)
Day 133,Intermediate,I'm not sure if I'll be able to attend the wedding next weekend.,அடுத்த வார இறுதியில் திருமணத்தில் என்னால் கலந்து கொள்ள முடியுமா என்று தெரியவில்லை. (Adhutha vaara irudhiyil thirumanathil ennaal kalandhu kolla mudiyuma endru theriyavillai.),मुझे यकीन नहीं है कि मैं अगले वीकेंड शादी में शामिल हो पाऊंगा या नहीं। (Mujhe yakeen nahi hai ki main agle weekend shaadi mein shaamil ho paunga ya nahi.)
Day 134,Intermediate,Could you please tell me where the nearest laundry service is?,அருகிலுள்ள சலவை சேவை (laundry) எங்கே இருக்கிறது என்று தயவுசெய்து சொல்ல முடியுமா? (Arugilulla laundry engay irukkiradhu endru thayavuseidhu solla mudiyuma?),क्या आप कृपया मुझे बता सकते हैं कि पास की लॉन्ड्री सर्विस कहाँ है? (Kya aap kripya mujhe bata sakte hain ki paas ki laundry service kahan hai?)
Day 134,Intermediate,I've been meaning to start learning a new language for a while now.,நான் சில காலமாகப் புதிய மொழியைக் கற்க வேண்டும் என்று நினைத்துக் கொண்டிருந்தேன். (Naan sila kaalamaagap pudhiya mozhiyaik karkka vendum endru ninaiththuk kondirundhaen.),मैं पिछले कुछ समय से एक नई भाषा सीखना शुरू करने की सोच रहा था। (Main pichle kuch samay se ek nayi bhasha seekhna shuru karne ki soch raha tha.)
Day 134,Intermediate,Please make sure that all the windows are closed and locked.,அனைத்து ஜன்னல்களும் மூடப்பட்டுப் பூட்டப்பட்டுள்ளதா என்பதை உறுதிப்படுத்திக் கொள்ளுங்கள். (Anaithu jannalgalum moodappattu-p-poottappattulladha enbadhai urudhippaduthik kollungal.),कृपया सुनिश्चित करें कि सभी खिड़कियां बंद और लॉक हैं। (Kripya sunishchit karen ki sabhi khidkiyaan band aur lock hain.)
Day 134,Intermediate,I really appreciate you taking the time to provide feedback on my work.,எனது வேலையைப் பற்றிய கருத்துக்களை (feedback) வழங்க நேரம் ஒதுக்கியதற்கு நான் உங்களுக்கு நன்றி கூறுகிறேன். (Enadhu vaelaiyaip pattriya karuththukkalaivalanga naeram odhikkiyadharku naan ungalukku nandri koorigiraen.),मेरे काम पर फीडबैक देने के लिए समय निकालने के लिए मैं वास्तव में आपकी सराहना करता हूँ। (Mere kaam par feedback dene ke liye samay nikalne ke liye main vaastav mein aapki saraahna karta hoon.)
Day 134,Intermediate,What do you think is the best way to develop leadership skills?,தலைமைத்துவத் திறனை வளர்க்க சிறந்த வழி எது என்று நீங்கள் நினைக்கிறீர்கள்? (Thalaimaiththuvath thiranai valarkka sirandha vazhi edhu endru neengal ninaikkireergal?),आपके अनुसार नेतृत्व कौशल (leadership skills) विकसित करने का सबसे अच्छा तरीका क्या है? (Aapke anusar netrutva kaushal vikasit karne ka sabse accha tareeka kya hai?)
Day 135,Intermediate,I prefer to work in a quiet environment where I can concentrate fully.,நான் முழுமையாகக் கவனம் செலுத்தக்கூடிய அமைதியான சூழலில் வேலை செய்யவே விரும்புகிறேன். (Naan muzhumaiyaagak gavanm seluththakkoodiya amaidhiyaana suzhalil velai seiyavae virumbugiren.),मैं एक शांत वातावरण में काम करना पसंद करता हूँ जहाँ मैं पूरी तरह से ध्यान केंद्रित कर सकूँ। (Main ek shaant vaatavaran mein kaam karna pasand karta hoon jahan main poori tarah se dhyan kendrit kar sakoon.)
Day 135,Intermediate,She’s been feeling a bit overwhelmed with her workload lately.,அவர் கடந்த சில நாட்களாக வேலைப் பளுவினால் சற்று மன அழுத்தமாக உணர்கிறார். (Avar kadhandha sila naatkalaaga vaelaip paluvinaal satru mana azhuththamaaga unargiraar.),वह पिछले कुछ समय से अपने काम के बोझ से थोड़ा परेशान (overwhelmed) महसूस कर रही हैं। (Wah pichle kuch samay se apne kaam ke bojh se thoda pareshan mehsoos kar rahi hain.)
Day 135,Intermediate,"I’ll be there in about fifteen minutes, traffic conditions permitting.",போக்குவரத்து நிலை அனுமதித்தால் நான் சுமார் பதினைந்து நிமிடங்களில் அங்கு வந்துவிடுவேன். (Pokkuvaraththu nilai anumadhiththaal naan sumaar padhinaindhu nimidangalil angu vandhuviduven.),"ट्रैफिक की स्थिति अनुमति देती है, तो मैं लगभग पंद्रह मिनट में वहां पहुंच जाऊंगा। (Traffic ki sthiti anumati deti hai, toh main lagbhag pandrah minute mein wahan pahunch jaunga.)"
Day 135,Intermediate,I'm planning to go for a run in the park this evening after work.,இன்று வேலை முடிந்ததும் மாலையில் பூங்காவில் ஓட்டப்பயிற்சி செய்யத் திட்டமிட்டுள்ளேன். (Indru vaelai mudindhadhum maalaiyil poongaavil ottappayirchi seiya thittamittullaen.),मैं आज काम के बाद शाम को पार्क में दौड़ने जाने की योजना बना रहा हूँ। (Main aaj kaam ke baad shaam ko park mein daudne jaane ki yojna bana raha hoon.)
Day 135,Intermediate,I was just about to save my work when the computer suddenly crashed.,கணினி திடீரென பழுதானபோது நான் எனது வேலையைச் சேமிக்கத் தயாராக இருந்தேன். (Kanini dhideerena pazhudhaanapoandhu naan enadhu vaelaiyais saemikkath thayaaraaga irundhaen.),"जब कंप्यूटर अचानक क्रैश हो गया, मैं बस अपना काम सेव करने ही वाला था। (Jab computer achanak crash ho gaya, main bas apna kaam save karne hi wala tha.)"
Day 136,Intermediate,I'm looking for a special gift for my friend's housewarming party.,என் நண்பரின் புதுமனை புகுவிழாவிற்காக ஒரு சிறப்புப் பரிசைத் தேடுகிறேன். (En nanbarin pudhumanai puguvizhaavirkkaaga oru sirappup parisaith thaedugiraen.),मैं अपने दोस्त के गृह प्रवेश की पार्टी के लिए एक विशेष उपहार ढूंढ रहा हूँ। (Main apne dost ke grih pravesh ki party ke liye ek vishesh uphaar dhoond raha hoon.)
Day 136,Intermediate,I was just wondering if you could help me troubleshoot this software issue.,இந்த மென்பொருள் சிக்கலைத் தீர்க்க எனக்கு உதவ முடியுமா என்று அறிய விரும்பினேன். (Indha menporul chikkalait theerkka enakku udhava mudiyuma endru ariya virumbinen.),मैं बस यह सोच रहा था कि क्या आप इस सॉफ़्टवेयर समस्या को हल करने में मेरी मदद कर सकते हैं। (Main bas yeh soch raha tha ki kya aap is software samasya ko hal karne mein meri madad kar sakte hain.)
Day 136,Intermediate,Could you please let me know if there are any updates on the project timeline?,திட்ட கால அட்டவணை குறித்த ஏதேனும் புதிய தகவல்கள் இருந்தால் எனக்குத் தெரிவிக்க முடியுமா? (Thitta kaala attavanai kuritha edhenum pudhiya thagavalgal irundhaal enakkuth therivikka mudiyuma?),क्या आप कृपया मुझे बता सकते हैं कि प्रोजेक्ट की समयसीमा पर कोई अपडेट है? (Kya aap kripya mujhe bata sakte hain ki project ki samay-seema par koi update hai?)
Day 136,Intermediate,I have been trying to reduce my screen time to improve my focus.,எனது கவனத்தை மேம்படுத்த திரையில் செலவிடும் நேரத்தைக் குறைக்க முயற்சி செய்கிறேன். (Enadhu gavanathai mempaduththa thiraiyil selavidum neraththaik kuraikka muyarchi seigiren.),मैं अपना ध्यान सुधारने के लिए स्क्रीन टाइम कम करने की कोशिश कर रहा हूँ। (Main apna dhyan sudhaarne ke liye screen time kam karne ki koshish kar raha hoon.)
Day 136,Intermediate,It is much more efficient to plan your meals for the entire week.,வாரம் முழுவதற்குமான உணவைத் திட்டமிடுவது மிகவும் திறமையானது. (Vaaram muzhuvadharkumaana unavaith thittamiduvadhu migavum thiramaiyaandhu.),पूरे सप्ताह के लिए अपने भोजन की योजना बनाना कहीं अधिक कुशल है। (Poore saptah ke liye apne bhojan ki yojna banana kahin adhik kushal hai.)
Day 137,Intermediate,We should double-check the reservation details before we head to the hotel.,ஹோட்டலுக்குச் செல்வதற்கு முன் முன்பதிவு விவரங்களை மீண்டும் சரிபார்க்க வேண்டும். (Hotel-ukkuch selvadharku mun mun-padhivu vivarangalai meendum saripaarkka vendum.),होटल जाने से पहले हमें रिजर्वेशन के विवरण की दोबारा जांच करनी चाहिए। (Hotel jaane se pehle humein reservation ke vivran ki dobara jaanch karni chahiye.)
Day 137,Intermediate,I am not sure if I can finish reading this 500-page book by Sunday.,ஞாயிற்றுக்கிழமைக்குள் இந்த 500 பக்க புத்தகத்தைப் படித்து முடிக்க முடியுமா என்று தெரியவில்லை. (Gnyaayittrukkilamaikkul indha 500 pakka puthagaththaip padithu mudikka mudiyuma endru theriyavillai.),मुझे यकीन नहीं है कि मैं रविवार तक यह 500 पन्नों की किताब पढ़ पाऊंगा या नहीं। (Mujhe yakeen nahi hai ki main ravivar tak yeh 500 panno ki kitaab padh paunga ya nahi.)
Day 137,Intermediate,Do you have any suggestions on how to improve mental well-being?,மன நலத்தை மேம்படுத்த உங்களிடம் ஏதேனும் ஆலோசனைகள் உள்ளதா? (Mana nalathai mempaduththa ungalidam edhenum aaloasanaigal ulladha?),क्या आपके पास मानसिक स्वास्थ्य में सुधार के लिए कोई सुझाव है? (Kya aapke paas maansik swasthya mein sudhaar ke liye koi sujhaav hai?)
Day 137,Intermediate,I prefer to work in a collaborative space where I can interact with others.,மற்றவர்களுடன் உரையாடக்கூடிய ஒரு கூட்டுச் சூழலில் வேலை செய்ய விரும்புகிறேன். (Matravargaludan uraiyaadakkoodiya oru koottuch suzhalil velai seiya virumbugiren.),मैं एक ऐसे सहयोगी स्थान पर काम करना पसंद करता हूँ जहाँ मैं दूसरों के साथ बातचीत कर सकूँ। (Main ek aise sahyogi sthaan par kaam karna pasand karta hoon jahan main doosron ke saath baat-cheet kar sakoon.)
Day 137,Intermediate,We need to confirm the attendance for the seminar by this evening.,இன்று மாலைக்குள் கருத்தரங்கிற்கான வருகையை நாம் உறுதி செய்ய வேண்டும். (Indru maalaikkul karuththarangirkaana varugaiyai naam urudhi seiya vendum.),हमें आज शाम तक सेमिनार के लिए उपस्थिति (attendance) की पुष्टि करनी होगी। (Humein aaj shaam tak seminar ke liye upasthiti ki pushti karni hogi.)
Day 138,Intermediate,He has been feeling much more confident since he started the new course.,புதிய படிப்பைத் தொடங்கியதிலிருந்து அவர் அதிக தன்னம்பிக்கையுடன் உணர்கிறார். (Pudhiya padippaith thodangiyadhilirundhu avar adhiga thannambikkaiyudan unargiraar.),"जब से उन्होंने नया कोर्स शुरू किया है, वह काफी आत्मविश्वास महसूस कर रहे हैं। (Jab se unhone naya course shuru kiya hai, wah kaafi aatmavishwas mehsoos kar rahe hain.)"
Day 138,Intermediate,I am thinking of learning how to edit professional videos on my computer.,கணினியில் தொழில்முறை வீடியோக்களை எடிட் செய்யக் கற்றுக்கொள்ளலாம் என்று நினைக்கிறேன். (Kaniniyil thozhilmurai videos-ai edit seiyak kattrukkollalaam endru ninaikkiren.),मैं अपने कंप्यूटर पर प्रोफेशनल वीडियो एडिट करना सीखने की सोच रहा हूँ। (Main apne computer par professional video edit karna seekhne ki soch raha hoon.)
Day 138,Intermediate,Could you please show me how to sync my files to the cloud?,எனது கோப்புகளை கிளவுடுடன் (cloud) எப்படி இணைப்பது என்று காட்ட முடியுமா? (Enadhu koappugalai cloud-udan eppadi inaippadhu endru kaatta mudiyuma?),क्या आप कृपया मुझे दिखा सकते हैं कि अपनी फाइलों को क्लाउड से सिंक कैसे करें? (Kya aap kripya mujhe dikha sakte hain ki apni filon ko cloud se sync kaise karen?)
Day 138,Intermediate,"It has been a very productive meeting, and I am glad we reached an agreement.","இது ஒரு பயனுள்ள கூட்டம், நாம் ஒரு உடன்பாட்டை எட்டியதில் எனக்கு மகிழ்ச்சி. (Idhu oru payanulla koottam, naam oru udhanbaattai ettiyadhil enakku magizhchi.)","यह बहुत उत्पादक मीटिंग रही है, और मुझे खुशी है कि हम एक समझौते पर पहुँचे। (Yeh bahut utpaadak meeting rahi hai, aur mujhe khushi hai ki hum ek samjhote par pahunche.)"
Day 138,Intermediate,Please remind me to pick up a birthday card for my colleague tomorrow.,நாளை என் சக ஊழியருக்கு ஒரு பிறந்தநாள் கார்டு வாங்க எனக்கு நினைவுபடுத்துங்கள். (Naalai en saga oozhiyarukku oru pirandhanaal card vaanga enakku ninaivupaduthungal.),कृपया मुझे कल अपने सहकर्मी के लिए जन्मदिन का कार्ड लाने की याद दिलाना। (Kripya mujhe kal apne sahkarmi ke liye janmadin ka card laane ki yaad dilana.)
Day 139,Intermediate,I think it's better to keep your professional life organized and separate from home.,உங்கள் தொழில்முறை வாழ்க்கையை ஒழுங்காகவும் வீட்டிலிருந்து தனித்தும் வைத்திருப்பது நல்லது. (Ungal thozhilmurai vaazhkkaiyai ozhungagavum veettilirundhu thaniththum vaithiruppadhu nalladhu.),मुझे लगता है कि अपने पेशेवर जीवन को व्यवस्थित और घर से अलग रखना बेहतर है। (Mujhe lagta hai ki apne peshewar jeevan ko vyavasthit aur ghar se alag rakhna behtar hai.)
Day 139,Intermediate,I didn't mean to cut you off; please continue what you were saying.,நான் உங்களைக் குறுக்கிட விரும்பவில்லை; தயவுசெய்து நீங்கள் சொன்னதைத் தொடருங்கள். (Naan ungalai kurukkida virumbavillai; thayavuseidhu neengal sonnadhaith thodarungal.),मेरा इरादा आपको बीच में टोकने का नहीं था; कृपया अपनी बात जारी रखें। (Mera irada aapko beech mein tokne ka nahi tha; kripya apni baat jaari rakhein.)
Day 139,Intermediate,She is very good at maintaining her calm in high-pressure situations.,அதிக அழுத்தம் உள்ள சூழ்நிலைகளிலும் அமைதியைக் காப்பதில் அவர் சிறந்தவர். (Adhiga azhuththam ulla suzhnilaigalilum amaidhiyaik kaappadhil avar sirandhavar.),वह अत्यधिक दबाव वाली स्थितियों में शांत रहने में बहुत अच्छी है। (Wah atyadhik dabaav wali sthitiyon mein shaant rehne mein bahut acchi hai.)
Day 139,Intermediate,I'll be waiting for you at the main gate of the science museum.,அறிவியல் அருங்காட்சியகத்தின் பிரதான நுழைவாயிலில் நான் உங்களுக்காகக் காத்திருப்பேன். (Ariviyal arungaatchiyagathin pradhaana nuzhaivaayilil naan ungalukkaagak kaathiruppen.),मैं विज्ञान संग्रहालय के मुख्य द्वार पर आपका इंतज़ार करूँगा। (Main vigyan sangrahalaya ke mukhya dwar par aapka intezaar karunga.)
Day 139,Intermediate,Could you please clarify that point? I didn't quite understand it.,தயவுசெய்து அந்த விஷயத்தை விளக்க முடியுமா? எனக்குச் சரியாகப் புரியவில்லை. (Thayavuseidhu andha vishayaththai vilakka mudiyuma? enakkuch sariyaagap puriyavillai.),क्या आप कृपया उस बिंदु को स्पष्ट कर सकते हैं? मैं इसे पूरी तरह समझ नहीं पाया। (Kya aap kripya us bindu ko spasht kar sakte hain? Main ise poori tarah samajh nahi paaya.)
Day 140,Intermediate,I think we should check the online rating before we book the rental car.,வாடகை காரை முன்பதிவு செய்வதற்கு முன் அதன் ஆன்லைன் மதிப்பீட்டைச் சரிபார்க்க வேண்டும். (Vaadaigai car-ai munpadhivu seivadharku mun adhan online madhippittaich saripaarkka vendum.),मुझे लगता है कि रेंटल कार बुक करने से पहले हमें ऑनलाइन रेटिंग देख लेनी चाहिए। (Mujhe lagta hai ki rental car book karne se pehle humein online rating dekh leni chahiye.)
Day 140,Intermediate,I was just about to close the laptop when I received an urgent email.,அவசர மின்னஞ்சல் வந்தபோது நான் லேப்டாப்பை மூடத் தயாராக இருந்தேன். (Avasara minnanjal vandhapodhu naan laptop-ai moodath thayaaraaga irundhen.),"जब मुझे एक जरूरी ईमेल मिला, मैं बस लैपटॉप बंद करने ही वाला था। (Jab mujhe ek zaroori email mila, main bas laptop band karne hi wala tha.)"
Day 140,Intermediate,It takes about forty-five minutes to commute to the suburb by bus.,பேருந்தில் புறநகர் பகுதிக்குச் செல்ல சுமார் நாற்பத்தைந்து நிமிடங்கள் ஆகும். (Perundhil puranagar pagudhikkuch sella sumaar naarpadhaindhu nimidangal aagum.),बस से उपनगर (suburb) तक जाने में लगभग पैंतालीस मिनट लगते हैं। (Bus se upnagar tak jaane mein lagbhag paintalis minute lagte hain.)
Day 140,Intermediate,"I have already seen this documentary, but it is worth watching again.","நான் ஏற்கனவே இந்த ஆவணப்படத்தைப் பார்த்துவிட்டேன், ஆனால் மீண்டும் பார்க்கத் தகுந்தது. (Naan erkanave indha aavanappadaththaip paarthuvitten, aanaalum meendum paarkkath thagundhadhu.)","मैंने यह डॉक्यूमेंट्री पहले ही देख ली है, लेकिन यह दोबारा देखने लायक है। (Maine yeh documentary pehle hi dekh li hai, lekin yeh dobara dekhne layak hai.)"
Day 140,Intermediate,She has been working as a public relations officer for several years.,அவர் பல ஆண்டுகளாக மக்கள் தொடர்பு அதிகாரியாகப் பணியாற்றி வருகிறார். (Avar pala aandugalaaga makkal thodarpu adhigaariyaagap paniyaattri varugiraar.),वह कई सालों से जनसंपर्क अधिकारी (PRO) के रूप में काम कर रही हैं। (Wah kai saalon se jansampark adhikari ke roop mein kaam kar rahi hain.)
Day 141,Intermediate,I'll let you know as soon as the manager has approved the proposal.,மேலாளர் திட்டத்திற்கு ஒப்புதல் அளித்தவுடன் உங்களுக்குத் தெரிவிக்கிறேன். (Melaalar thittaththirku oppudhal aliththavudan ungalukkuth therivikkiren.),"जैसे ही मैनेजर प्रस्ताव को मंजूरी दे देंगे, मैं आपको बता दूँगा। (Jaise hi manager prastav ko manzoori de denge, main aapko bata doonga.)"
Day 141,Intermediate,I don't think it's fair to make decisions without consulting the team.,குழுவைக் கலந்தாலோசிக்காமல் முடிவுகளை எடுப்பது சரியல்ல என்று நினைக்கிறேன். (Kuzhuvaik kalandhaaloasikkaamal mudivugalai eduppadhu sariyalla endru ninaikkiren.),मुझे नहीं लगता कि टीम से सलाह किए बिना फैसले लेना उचित है। (Mujhe nahi lagta ki team se salah kiye bina faisle lena uchit hai.)
Day 141,Intermediate,How much does it cost to have a laptop battery replaced professionally?,லேப்டாப் பேட்டரியை முறையாக மாற்ற எவ்வளவு செலவாகும்? (Laptop battery-ai muraiyaaga maattra evvalavu selavaagum?),लैपटॉप की बैटरी को प्रोफेशनल तरीके से बदलवाने में कितना खर्च आता है? (Laptop ki battery ko professional tareeke se badalwane mein kitna kharch aata hai?)
Day 141,Intermediate,"I forgot to bring my presentation slides, so I have to use the whiteboard.",நான் பிரசன்டேஷன் ஸ்லைடுகளை மறந்ததால் வைட்போர்டைப் (whiteboard) பயன்படுத்த வேண்டும். (Naan presentation slides-ai marandhadhaal whiteboard-aip payanpaduththa vendum.),"मैं अपनी प्रेजेंटेशन स्लाइड्स लाना भूल गया, इसलिए मुझे व्हाइटबोर्ड का उपयोग करना होगा। (Main apni presentation slides laana bhool gaya, isliye mujhe whiteboard ka upyog karna hoga.)"
Day 141,Intermediate,We should definitely try that new authentic Thai restaurant down the street.,தெருவின் கடைசியில் உள்ள அந்த உண்மையான தாய்லாந்து உணவகத்தை நாம் கண்டிப்பாக முயற்சி செய்ய வேண்டும். (Theruvin kadaisiyil ulla andha unmaiyaana Thailand unavagaththai naam kandippaaga muyarchi seiya vendum.),हमें सड़क के उस पार वाले उस असली थाई रेस्तरां को जरूर आज़माना चाहिए। (Humein sadak ke us paar waale us asli Thai restaran ko zaroor aazmaana chahiye.)
Day 142,Intermediate,He is very interested in learning about marine biology and ocean conservation.,கடல் உயிரியல் மற்றும் கடல் பாதுகாப்பு பற்றி அறிந்துகொள்வதில் அவர் மிகுந்த ஆர்வம் கொண்டுள்ளார். (Kadal uyiriyal matrum kadal paadhukaappu pattri arindhukolvadhil avar migundha aarvam kondullaar.),उनकी समुद्री जीव विज्ञान (marine biology) और महासागर संरक्षण में बहुत रुचि है। (Unki marine biology aur mahasagar sanrakshan mein bahut ruchi hai.)
Day 142,Intermediate,I'm not sure if I'll be able to attend the award ceremony next week.,அடுத்த வாரம் நடைபெறும் விருது வழங்கும் விழாவில் என்னால் கலந்து கொள்ள முடியுமா என்று தெரியவில்லை. (Adhutha vaaram nadaiperum virudhu vazhangum vizhaavil ennaal kalandhu kolla mudiyuma endru theriyavillai.),मुझे यकीन नहीं है कि मैं अगले हफ्ते पुरस्कार समारोह में शामिल हो पाऊंगा या नहीं। (Mujhe yakeen nahi hai ki main agle hafte puraskaar samaroh mein shaamil ho paunga ya nahi.)
Day 142,Intermediate,Could you please tell me where the nearest courier service is?,அருகிலுள்ள கூரியர் சேவை எங்கே இருக்கிறது என்று தயவுசெய்து சொல்ல முடியுமா? (Arugilulla courier sevai engay irukkiradhu endru thayavuseidhu solla mudiyuma?),क्या आप कृपया मुझे बता सकते हैं कि पास की कूरियर सर्विस कहाँ है? (Kya aap kripya mujhe bata sakte hain ki paas ki courier service kahan hai?)
Day 142,Intermediate,I've been meaning to learn more about digital security for a long time.,நீண்ட காலமாக டிஜிட்டல் பாதுகாப்பு பற்றி அதிகம் தெரிந்து கொள்ள வேண்டும் என்று நினைத்தேன். (Neenda kaalamaaga digital paadhukaappu pattri adhigam therindhu kolla vendum endru ninaiththen.),मैं काफी समय से डिजिटल सुरक्षा के बारे में और जानने की सोच रहा था। (Main kaafi samay se digital suraksha ke baare mein aur jaane ki soch raha tha.)
Day 142,Intermediate,Please make sure that you have logged out of all public computers.,அனைத்து பொதுக் கணினிகளிலிருந்தும் நீங்கள் லாக் அவுட் செய்ததை உறுதி செய்யவும். (Anaithu podhuk kaninigalilirundhum neengal log out seidhadhai urudhi seiyavum.),कृपया सुनिश्चित करें कि आपने सभी सार्वजनिक कंप्यूटरों से लॉग आउट कर दिया है। (Kripya sunishchit karen ki aapne sabhi saarvajanik computeron se log out kar diya hai.)
Day 143,Intermediate,I think it's better to avoid high-calorie foods late at night.,இரவு தாமதமாக அதிக கலோரி கொண்ட உணவுகளைத் தவிர்ப்பது நல்லது என்று நினைக்கிறேன். (Iravu thaamadhamaaga adhiga calorie kondha unavugalaith thavirppadhu nalladhu endru ninaikkiren.),मुझे लगता है कि रात में देर से अधिक कैलोरी वाले भोजन से बचना बेहतर है। (Mujhe lagta hai ki raat mein der se adhik calorie waale bhojan se bachna behtar hai.)
Day 143,Intermediate,I really appreciate your constant encouragement and support.,உங்கள் தொடர்ச்சியான ஊக்கத்திற்கும் ஆதரவிற்கும் நான் மிகவும் நன்றி கூறுகிறேன். (Ungal thodaruchiyaana ookkaththirkum aadhaaraththirkum naan migavum nandri koorigiren.),मैं आपके निरंतर प्रोत्साहन और समर्थन की वास्तव में सराहना करता हूँ। (Main aapke nirantar protsahan aur samarthan ki vaastav mein saraahna karta hoon.)
Day 143,Intermediate,What do you think is the best way to develop analytical thinking?,பகுப்பாய்வு சிந்தனையை (analytical thinking) வளர்க்க சிறந்த வழி எது என்று நீங்கள் நினைக்கிறீர்கள்? (Paguppaaivu sindhanaiyai valarkka sirandha vazhi edhu endru neengal ninaikkireergal?),आपके अनुसार विश्लेषणात्मक सोच (analytical thinking) विकसित करने का सबसे अच्छा तरीका क्या है? (Aapke anusar vishleshnatmak soch vikasit karne ka sabse accha tareeka kya hai?)
Day 143,Intermediate,I prefer to work in an environment that encourages creative ideas.,ஆக்கபூர்வமான கருத்துக்களை ஊக்குவிக்கும் சூழலில் வேலை செய்யவே விரும்புகிறேன். (Aakkapoorvamaana karuththukkalaiookkivikkum suzhalil velai seiyavae virumbugiren.),मैं ऐसे वातावरण में काम करना पसंद करता हूँ जो रचनात्मक विचारों को प्रोत्साहित करता है। (Main aise vaatavaran mein kaam karna pasand karta hoon jo rachnatmak vicharon ko protsahit karta hai.)
Day 143,Intermediate,She’s been feeling a bit overwhelmed by the expectations of her family.,குடும்பத்தினரின் எதிர்பார்ப்புகளால் அவர் சற்று மன அழுத்தமாக உணர்கிறார். (Kudumbathinarin edhirpaarppugalaal avar satru mana azhuththamaaga unargiraar.),वह अपने परिवार की उम्मीदों से थोड़ा परेशान (overwhelmed) महसूस कर रही हैं। (Wah apne parivaar ki ummeedon se thoda pareshan mehsoos kar rahi hain.)
Day 144,Intermediate,"I’ll be there in about twenty minutes, if I catch the next train.",அடுத்த ரயிலைப் பிடித்தால் நான் சுமார் இருபது நிமிடங்களில் அங்கு வந்துவிடுவேன். (Adhutha rail-aip pidiththaal naan sumaar irubadhu nimidangalil angu vandhuviduven.),"अगर मुझे अगली ट्रेन मिल गई, तो मैं लगभग बीस मिनट में वहां पहुंच जाऊंगा। (Agar mujhe agli train mil gayi, toh main lagbhag bees minute mein wahan pahunch jaunga.)"
Day 144,Intermediate,I'm planning to go for a brisk walk in the park every evening.,தினமும் மாலையில் பூங்காவில் வேகமான நடைப்பயிற்சி செய்யத் திட்டமிட்டுள்ளேன். (Dhinamum maalaiyil poongaavil vegamaana nadaippayirchi seiya thittamittullen.),मैं हर शाम पार्क में तेज़ चलने (brisk walk) की योजना बना रहा हूँ। (Main har shaam park mein tez chalne ki yojna bana raha hoon.)
Day 144,Intermediate,Have you ever considered volunteering for an international charity?,சர்வதேச தொண்டு நிறுவனத்தில் தன்னார்வலராகப் பணியாற்றுவது பற்றி யோசித்திருக்கிறீர்களா? (Sarvadhesa thondu niruvanaththil thannarvalaraagap paniyaattruvadhu pattri yoasiththirukkireergala?),क्या आपने कभी किसी अंतरराष्ट्रीय चैरिटी के लिए स्वयंसेवा (volunteering) करने पर विचार किया है? (Kya aapne kabhi kisi antarrashtriya charity ke liye swayamsewa karne par vichaar kiya hai?)
Day 144,Intermediate,I was just about to save the presentation when the computer crashed.,பிரசன்டேஷனைச் சேமிக்கத் தயாராக இருந்தபோது கணினி பழுதானது. (Presentation-ais saemikkath thayaaraaga irundhapoadhu kanini pazhudhaanadhu.),"जब कंप्यूटर क्रैश हुआ, मैं बस प्रेजेंटेशन सेव करने ही वाला था। (Jab computer crash hua, main bas presentation save karne hi wala tha.)"
Day 144,Intermediate,It's not always easy to balance personal growth with professional work.,தனிப்பட்ட வளர்ச்சியையும் தொழில்முறை வேலையையும் சமநிலைப்படுத்துவது எப்போதும் எளிதல்ல. (Thanippatta valarchiyaiyum thozhilmurai velaiyaiyum samanilai-paduththuvadhu eppoadhum elidhalla.),व्यक्तिगत विकास और पेशेवर काम के बीच संतुलन बनाना हमेशा आसान नहीं होता। (Vyaktigat vikas aur peshewar kaam ke beech santulan banana hamesha aasaan nahi hota.)
Day 145,Intermediate,I don't really have a preference for any particular style of music.,எனக்குக் குறிப்பிட்ட வகை இசை மீது எந்த விருப்பமும் இல்லை. (Enakkuk kurippitta vagai isai meedhu endha viruppamum illai.),मुझे वास्तव में किसी विशेष प्रकार के संगीत के लिए कोई पसंद नहीं है। (Mujhe vaastav mein kisi vishesh prakar ke sangeet ke liye koi pasand nahi hai.)
Day 145,Intermediate,I’ll give you a call once I've had a chance to speak with the doctor.,மருத்துவரிடம் பேச எனக்கு வாய்ப்பு கிடைத்தவுடன் நான் உங்களுக்கு அழைக்கிறேன். (Maruthuvaridam paesa enakku vaaippu kidaiththavudan naan ungalukku azhaikkiraen.),"एक बार जब मुझे डॉक्टर से बात करने का मौका मिल जाएगा, तो मैं आपको कॉल करूँगा। (Ek baar jab mujhe doctor se baat karne ka mauka mil jayega, toh main aapko call karunga.)"
Day 145,Intermediate,What kind of documentaries do you usually watch to learn something new?,புதிதாக எதாவது கற்றுக்கொள்ள வழக்கமாக எந்த வகையான ஆவணப்படங்களைப் பார்ப்பீர்கள்? (Pudhidhaaga edhaavadhu kattrukkolla vazhakkamaaga endha vagaiyaana aavanappadangalaip paarppeergal?),कुछ नया सीखने के लिए आप आमतौर पर किस तरह की डॉक्यूमेंट्री देखते हैं? (Kuch naya seekhne ke liye aap aamtor par kis tarah ki documentary dekhte hain?)
Day 145,Intermediate,I'm looking for a unique gift for my friend's graduation ceremony.,என் நண்பரின் பட்டமளிப்பு விழாவிற்கு ஒரு தனித்துவமான பரிசைத் தேடுகிறேன். (En nanbarin pattamalirppu vizhaavirku oru thaniththuvamaana parisaith thaedugiraen.),मैं अपने दोस्त के ग्रेजुएशन समारोह के लिए एक अनोखा उपहार ढूंढ रहा हूँ। (Main apne dost ke graduation samaroh ke liye ek anokha uphaar dhoond raha hoon.)
Day 145,Intermediate,It's important to set boundaries to maintain a healthy work-life balance.,ஆரோக்கியமான வாழ்க்கை முறைக்கு எல்லைகளை நிர்ணயிப்பது முக்கியம். (Aarokkiyamaana vaazhkkai muraikkku ellaigalhai nirnaiyippadhu mukkiyam.),स्वस्थ कार्य-जीवन संतुलन बनाए रखने के लिए सीमाएं निर्धारित करना महत्वपूर्ण है। (Swasth karya-jeevan santulan banaye rakhne ke liye seemayein nirdharit karna mahatvapoorn hai.)
Day 146,Intermediate,I haven't had the chance to visit the new historical museum yet.,புதிய வரலாற்று அருங்காட்சியகத்திற்குச் செல்ல எனக்கு இன்னும் வாய்ப்பு கிடைக்கவில்லை. (Pudhiya varalaattru arungaatchiyagaththirku sella enakku innum vaaippu kidaikkavillai.),मुझे अभी तक नए ऐतिहासिक संग्रहालय जाने का मौका नहीं मिला है। (मुझे अभी तक नए ऐतिहासिक संग्रहालय जाने का मौका नहीं मिला है।)
Day 146,Intermediate,I was just wondering if you could help me reorganize my bookshelves.,எனது புத்தக அலமாரிகளை அடுக்க எனக்கு உதவ முடியுமா என்று அறிய விரும்பினேன். (Enadhu puththaga alamaarigalai adukka enakku udhava mudiyuma endru ariya virumbinen.),मैं बस यह सोच रहा था कि क्या आप मेरी किताबों की अलमारी को व्यवस्थित करने में मेरी मदद कर सकते हैं। (Main bas yeh soch raha tha ki kya aap meri kitaabon ki almaari ko vyavasthit karne mein meri madad kar sakte hain.)
Day 146,Intermediate,Could you please let me know if there are any updates regarding the job opening?,வேலை வாய்ப்பு குறித்த ஏதேனும் புதிய தகவல்கள் இருந்தால் எனக்குத் தெரிவிக்க முடியுமா? (Velai vaaippu kuritha edhenum pudhiya thagavalgal irundhaal enakkuth therivikka mudiyuma?),क्या आप कृपया मुझे बता सकते हैं कि नौकरी के अवसर के बारे में कोई अपडेट है? (Kya aap kripya mujhe bata sakte hain ki naukri ke avsar ke baare mein koi update hai?)
Day 146,Intermediate,I have been trying to practice mindfulness to stay calm during busy days.,பரபரப்பான நாட்களில் அமைதியாக இருக்க தியானம் செய்ய முயற்சி செய்கிறேன். (Paraparappaana naatkalil amaidhiyaaga irukka dhiyaanam seiya muyarchi seigiren.),मैं व्यस्त दिनों के दौरान शांत रहने के लिए माइंडफुलनेस (ध्यान) का अभ्यास करने की कोशिश कर रहा हूँ। (Main vyast dino ke dauran shaant rehne ke liye mindfulness ka abhyas karne ki koshish kar raha hoon.)
Day 146,Intermediate,It is much more efficient to categorize your emails as soon as you receive them.,மின்னஞ்சல்கள் வந்தவுடனேயே அவற்றை வகைப்படுத்துவது மிகவும் திறமையானது. (Minnanjalgal vandhavudanaiyae avatrai vagaipaduththuvadhu migavum thiramaiyaandhu.),ईमेल प्राप्त होते ही उन्हें वर्गीकृत (categorize) करना कहीं अधिक कुशल है। (Email praapt hote hi unhein vargikrit karna kahin adhik kushal hai.)
Day 147,Intermediate,We should double-check the flight status before we leave for the airport.,விமான நிலையத்திற்குப் புறப்படுவதற்கு முன் விமானத்தின் நிலையை மீண்டும் சரிபார்க்க வேண்டும். (Vimaana nilaiyaththirkup purappadvadharku mun vimaanaththin nilaiyai meendum saripaarkka vendum.),हवाई अड्डे के लिए निकलने से पहले हमें उड़ान की स्थिति की दोबारा जांच करनी चाहिए। (Hawai adde ke liye nikalne se pehle humein udaan ki sthiti ki dobara jaanch karni chahiye.)
Day 147,Intermediate,I am not sure if I can complete the research paper by the end of the month.,மாத இறுதிக்குள் என்னால் ஆய்வுக் கட்டுரையை முடிக்க முடியுமா என்று தெரியவில்லை. (Maadha irudhikkul ennaal aaivuk katturaiyai mudikka mudiyuma endru theriyavillai.),मुझे यकीन नहीं है कि मैं महीने के अंत तक शोध पत्र (research paper) पूरा कर पाऊंगा या नहीं। (Mujhe yakeen nahi hai ki main mahine ke ant tak research paper poora kar paunga ya nahi.)
Day 147,Intermediate,Do you have any suggestions on how to improve team communication?,குழு தகவல் தொடர்பை மேம்படுத்த உங்களிடம் ஏதேனும் ஆலோசனைகள் உள்ளதா? (Kuzhu thagaval thodarbai mempaduththa ungalidam edhenum aaloasanaigal ulladha?),क्या आपके पास टीम संचार (communication) को बेहतर बनाने के लिए कोई सुझाव है? (Kya aapke paas team sanchaar ko behtar banane ke liye koi sujhaav hai?)
Day 147,Intermediate,I prefer to take the train because I can read during the journey.,பயணத்தின் போது படிக்க முடிவதால் நான் ரயிலில் செல்லவே விரும்புகிறேன். (Payanaththin podhu padikka mudivadhaal naan rail-il sellavae virumbugiren.),मैं ट्रेन से जाना पसंद करता हूँ क्योंकि मैं यात्रा के दौरान पढ़ सकता हूँ। (Main train se jaana pasand karta hoon kyunki main yaatra ke dauran padh sakta hoon.)
Day 147,Intermediate,We need to confirm the number of guests for the event by tomorrow.,நாளைக்குள் விழாவிற்கு வரும் விருந்தினர்களின் எண்ணிக்கையை உறுதி செய்ய வேண்டும். (Naalaikkul vizhaavirku varum virundhinargalin ennikkaiyai urudhi seiya vendum.),हमें कल तक कार्यक्रम के लिए मेहमानों की संख्या की पुष्टि करनी होगी। (Humein kal tak karyakram ke liye mehmaanon ki sankhya ki pushti karni hogi.)
Day 148,Intermediate,He has been feeling much more positive since he started his new exercise routine.,புதிய உடற்பயிற்சியைத் தொடங்கியதிலிருந்து அவர் அதிக நேர்மறையாக உணர்கிறார். (Pudhiya udarpayirchiyaith thodangiyadhilirundhu avar adhiga nermaraiyaaga unargiraar.),"जब से उन्होंने अपना नया व्यायाम नियम शुरू किया है, वह काफी सकारात्मक महसूस कर रहे हैं। (Jab se unhone apna naya vyayam niyam shuru kiya hai, wah kaafi sakaratmak mehsoos kar rahe hain.)"
Day 148,Intermediate,I am thinking of learning how to play a musical instrument like the violin.,வயலின் போன்ற ஒரு இசைக் கருவியை வாசிக்கக் கற்றுக்கொள்ளலாம் என்று நினைக்கிறேன். (Violin poandra oru isaik karuviyai vaasikkak kattrukkollalaam endru ninaikkiren.),मैं वायलिन जैसा कोई वाद्य यंत्र बजाना सीखने की सोच रहा हूँ। (Main violin jaisa koi vadya yantra bajana seekhne ki soch raha hoon.)
Day 148,Intermediate,Could you please show me how to customize the layout of this application?,இந்தச் செயலியின் அமைப்பை (layout) எப்படி மாற்றுவது என்று காட்ட முடியுமா? (Indhach seiyaliyin amaippai eppadi maatruvadhu endru kaatta mudiyuma?),क्या आप कृपया मुझे दिखा सकते हैं कि इस एप्लिकेशन के लेआउट को कैसे कस्टमाइज़ करें? (Kya aap kripya mujhe dikha sakte hain ki is application ke layout ko kaise customize karen?)
Day 148,Intermediate,"It has been a very long day, but I am glad we finished the project on time.","இது ஒரு நீண்ட நாள், ஆனால் திட்டத்தைச் சரியான நேரத்தில் முடித்ததில் மகிழ்ச்சி. (Idhu oru neenda naal, aanaal thittaththais sariyaana neraththil mudiththadhil magizhchi.)","यह बहुत लंबा दिन रहा है, लेकिन मुझे खुशी है कि हमने प्रोजेक्ट समय पर पूरा कर लिया। (Yeh bahut lamba din raha hai, lekin mujhe khushi hai ki humne project samay par poora kar liya.)"
Day 148,Intermediate,Please remind me to buy some groceries on our way back home this evening.,இன்று மாலை வீட்டிற்குத் திரும்பும் வழியில் மளிகைப் பொருட்கள் வாங்க நினைவுபடுத்துங்கள். (Indru maalai veettukkuth thirumbum vazhiyil maligaip porutkal vaanga ninaivupaduthungal.),कृपया मुझे आज शाम घर वापस जाते समय कुछ किराने का सामान खरीदने की याद दिलाना। (Kripya mujhe aaj shaam ghar waapas jaate samay kuch kirane ka saamaan khareedne ki yaad dilana.)
Day 149,Intermediate,I think it's better to stay focused on one task at a time for better quality.,சிறந்த தரத்திற்கு ஒரு நேரத்தில் ஒரு வேலையில் மட்டும் கவனம் செலுத்துவது நல்லது. (Sirandha dharaththirku oru neraththil oru velaiyil mattum gavanm seluththuvadhu nalladhu.),मुझे लगता है कि बेहतर गुणवत्ता के लिए एक समय में एक ही काम पर ध्यान केंद्रित करना बेहतर है। (Mujhe lagta hai ki behtar gunvatta ke liye ek samay mein ek hi kaam par dhayan kendrit karna behtar hai.)
Day 149,Intermediate,I didn't mean to ignore your call earlier; my phone was on silent.,உங்கள் அழைப்பைப் புறக்கணிக்க விரும்பவில்லை; என் போன் சைலண்டில் இருந்தது. (Ungal azhaippaip purakkanikka virumbavillai; en phone silent-il irundhadhu.),मेरा इरादा पहले आपकी कॉल को अनदेखा करने का नहीं था; मेरा फोन साइलेंट पर था। (Mera irada pehle aapke call ko andekha karne ka nahi tha; mera phone silent par tha.)
Day 149,Intermediate,She is very good at mediating between colleagues during a disagreement.,சக ஊழியர்களுக்கு இடையேயான கருத்து வேறுபாடுகளைத் தீர்ப்பதில் அவர் சிறந்தவர். (Saga oozhiyargalukku idaiyaeyaana karuththu verupaadugalaith theerppadhil avar sirandhavar.),वह सहकर्मियों के बीच असहमति के दौरान मध्यस्थता करने में बहुत अच्छी है। (Wah sahkarmiyon ke beech asahmati ke dauran madhyasthata karne mein bahut acchi hai.)
Day 149,Intermediate,I think we should check the online reviews before booking the restaurant.,உணவகத்தை முன்பதிவு செய்வதற்கு முன் அதன் ஆன்லைன் விமர்சனங்களைச் சரிபார்க்க வேண்டும். (Unavagaththai munpadhivu seivadharku mun adhan online vimarsanangalaich saripaarkka vendum.),मुझे लगता है कि रेस्तरां बुक करने से पहले हमें ऑनलाइन समीक्षाएं देख लेनी चाहिए। (Mujhe lagta hai ki restaran book karne se pehle humein online reviews dekh leni chahiye.)
Day 149,Intermediate,I was just about to close the door when I heard someone shouting.,யாரோ சத்தமிடுவதைக் கேட்டபோது நான் கதவை மூடத் தயாராக இருந்தேன். (Yaaro saththamiduvadhaik ketkapoadhu naan kadhavai moodath thayaaraaga irundhaen.),"जब मैंने किसी को चिल्लाते हुए सुना, मैं बस दरवाज़ा बंद करने ही वाला था। (Jab maine kisi ko chillate hue suna, main bas darwaza band karne hi wala tha.)"
Day 150,Intermediate,It takes about forty minutes to commute to the office during the rush hour.,பரபரப்பான நேரத்தில் அலுவலகத்திற்குச் செல்ல சுமார் நாற்பது நிமிடங்கள் ஆகும். (Paraparappaana neraththil aluvalagaththirkuch sella sumaar naarpadhu nimidangal aagum.),भीड़भाड़ के समय ऑफिस जाने में लगभग चालीस मिनट लगते हैं। (Bheedbhaad ke samay office jaane mein lagbhag chalis minute lagte hain.)
Day 150,Intermediate,"I have already visited this city once, but I would love to go back again.","நான் ஏற்கனவே ஒருமுறை இந்த நகரத்திற்குச் சென்றுள்ளேன், ஆனால் மீண்டும் செல்ல விரும்புகிறேன். (Naan erkanave orumurai indha nagaraththirkuch sendrullen, aanaalum meendum sella virumbugiren.)","मैं पहले भी एक बार इस शहर जा चुका हूँ, लेकिन मैं फिर से वापस जाना पसंद करूँगा। (Main pehle bhi ek baar us shehar ja chuka hoon, lekin main phir se waapas jaana pasand karunga.)"
Day 150,Intermediate,She has been working as a social media manager for several years now.,அவர் பல ஆண்டுகளாக சமூக ஊடக மேலாளராகப் பணியாற்றி வருகிறார். (Avar pala aandugalaaga samooga oodaga melaalaraagap paniyaattri varugiraar.),वह अब कई सालों से सोशल मीडिया मैनेजर के रूप में काम कर रही हैं। (Wah ab kai saalon se social media manager ke roop mein kaam kar rahi hain.)
Day 150,Intermediate,I'll let you know as soon as the package has been delivered to your house.,உங்கள் வீட்டிற்கு பார்சல் டெலிவரி செய்யப்பட்டவுடன் உங்களுக்குத் தெரிவிக்கிறேன். (Ungal veettirku parcel delivery seiyappattavudan ungalukkuth therivikkiren.),"जैसे ही आपके घर पर पार्सल पहुंच जाएगा, मैं आपको बता दूँगा। (Jaise hi aapke ghar par parcel pahunch jayega, main aapko bata doonga.)"
Day 150,Intermediate,I don't think it's fair to expect everyone to work late without notice.,முன்னறிவிப்பின்றி அனைவரும் தாமதமாக வேலை செய்ய வேண்டும் என்று எதிர்பார்ப்பது சரியல்ல. (Munnarivippindri anaivarum thaamadhamaaga velai seiya vendum endru edhirpaarppadhu sariyalla.),मुझे नहीं लगता कि बिना सूचना के हर किसी से देर तक काम करने की उम्मीद करना उचित है। (Mujhe nahi lagta ki bina soochna ke har kisi se der tak kaam karne ki ummeed karna uchit hai.)
Day 151,Intermediate,How much does it cost to have a smartphone battery replaced professionally?,ஸ்மார்ட்போன் பேட்டரியை முறையாக மாற்ற எவ்வளவு செலவாகும்? (Smartphone battery-ai muraiyaaga maattra evvalavu selavaagum?),स्मार्टफोन की बैटरी को प्रोफेशनल तरीके से बदलवाने में कितना खर्च आता है? (Smartphone ki battery ko professional tareeke se badalwane mein kitna kharch aata hai.)
Day 151,Intermediate,"I forgot to bring my notebook, so I might need to take notes on my phone.",குறிப்பேட்டை மறந்ததால் போனில் குறிப்புகளை எடுக்க வேண்டியிருக்கும். (Kurippaettai marandhadhaal phone-il kurippugalaiedukka vendiyirukkum.),"मैं अपनी नोटबुक लाना भूल गया, इसलिए मुझे फोन पर नोट्स लेने पड़ सकते हैं। (Main apni notebook laana bhool gaya, isliye mujhe phone par notes lene pad sakte hain.)"
Day 151,Intermediate,We should definitely try that new authentic Thai restaurant in the city center.,நகரத்திலுள்ள அந்தப் புதிய தாய்லாந்து உணவகத்தை நாம் கண்டிப்பாக முயற்சிக்க வேண்டும். (Nagaraththilulla andhap pudhiya Thailand unavagaththai naam kandippaaga muyarchikka vendum.),हमें शहर के केंद्र में स्थित उस नए असली थाई रेस्तरां को जरूर आज़माना चाहिए। (Humein shehar ke kendra mein sthit us naye asli Thai restaran ko zaroor aazmaana chahiye.)
Day 151,Intermediate,He is very interested in learning about renewable energy and sustainability.,புதுப்பிக்கத்தக்க எரிசக்தி மற்றும் நிலைத்தன்மை பற்றி அறிய அவர் மிகுந்த ஆர்வமாக உள்ளார். (Pudhuppikkathakka erisakhthi matrum nilaiththanmai pattri ariya avar migundha aarvamaaga ullaar.),उनकी अक्षय ऊर्जा और स्थिरता (sustainability) के बारे में जानने में बहुत रुचि है। (Unki akshay oorja aur sustainability ke baare mein jaane mein bahut ruchi hai.)
Day 151,Intermediate,Could you please tell me where the nearest courier service office is?,அருகிலுள்ள கூரியர் சேவை அலுவலகம் எங்கே இருக்கிறது என்று தயவுசெய்து சொல்ல முடியுமா? (Arugilulla courier sevai aluvalagam engay irukkiradhu endru thayavuseidhu solla mudiyuma?),क्या आप कृपया मुझे बता सकते हैं कि पास का कूरियर सर्विस ऑफिस कहाँ है? (Kya aap kripya mujhe bata sakte hain ki paas ka courier service office kahan hai?)
Day 152,Intermediate,Please make sure that all the doors and windows are closed before you sleep.,நீங்கள் தூங்குவதற்கு முன் அனைத்துக் கதவுகளும் ஜன்னல்களும் பூட்டப்பட்டிருப்பதை உறுதி செய்யவும். (Neengal thoonguvadharku mun anaithuk kadhavugalum jannalgalum poottappattiruppadhai urudhi seiyavum.),कृपया सुनिश्चित करें कि सोने से पहले सभी दरवाजे और खिड़कियां बंद हैं। (Kripya sunishchit karen ki sone se pehle sabhi darwaze aur khidkiyaan band hain.)
Day 152,Intermediate,I really appreciate you taking the time to review my presentation.,எனது பிரசன்டேஷனை ஆய்வு செய்ய நேரம் ஒதுக்கியதற்கு நான் உங்களுக்கு நன்றி கூறுகிறேன். (Enadhu presentation-ai aaivu seiya neram odhikkiyadharku naan ungalukku nandri koorigiren.),मेरी प्रेजेंटेशन की समीक्षा करने के लिए समय निकालने के लिए मैं वास्तव में आपकी सराहना करता हूँ। (Meri presentation ki sameeksha karne ke liye samay nikalne ke liye main vaastav mein aapki saraahna karta hoon.)
Day 152,Intermediate,What do you think is the best way to handle a difficult situation at work?,வேலையில் ஒரு கடினமான சூழ்நிலையைக் கையாள சிறந்த வழி எது என்று நினைக்கிறீர்கள்? (Velaiyil oru kadinamaana suzhnilaiyaik kaiyaala sirandha vazhi edhu endru neengal ninaikkireergal?),आपके अनुसार काम पर कठिन परिस्थिति को संभालने का सबसे अच्छा तरीका क्या है? (Aapke anusar kaam par kathin paristhiti ko sambhalne ka sabse accha tareeka kya hai?)
Day 152,Intermediate,I prefer to work in a collaborative environment where ideas are freely shared.,கருத்துக்கள் சுதந்திரமாகப் பகிரப்படும் ஒரு கூட்டுச் சூழலில் வேலை செய்யவே விரும்புகிறேன். (Karuththukkal sudhandhiramaagap pagirappadum oru koottuch suzhalil velai seiyavae virumbugiren.),मैं ऐसे सहयोगी वातावरण में काम करना पसंद करता हूँ जहाँ विचारों को स्वतंत्र रूप से साझा किया जाता है। (Main aise sahyogi vaatavaran mein kaam karna pasand karta hoon jahan vicharon ko swatantra roop se saajha kiya jaata hai.)
Day 152,Intermediate,I'm planning to go for a run every evening to maintain a healthy lifestyle.,ஆரோக்கியமான வாழ்க்கை முறைக்காக தினமும் மாலையில் ஓட்டப்பயிற்சி செய்யத் திட்டமிட்டுள்ளேன். (Aarokkiyamaana vaazhkkai muraikkaaga dhinamum maalaiyil ottappayirchi seiya thittamittullen.),मैं स्वस्थ जीवनशैली बनाए रखने के लिए हर शाम दौड़ने जाने की योजना बना रहा हूँ। (Main swasth jeevanshaili banaye rakhne ke liye har shaam daudne jaane ki yojna bana raha hoon.)
Day 153,Intermediate,I’ll give you a call once I've had a chance to think about your suggestion.,உங்கள் ஆலோசனையைப் பற்றி யோசிக்க எனக்கு வாய்ப்பு கிடைத்தவுடன் நான் உங்களுக்கு அழைக்கிறேன். (Ungal aaloasanaiyaip pattri yoasikka enakku vaaippu kidaithavudan naan ungalukku azhaikkiren.),"एक बार जब मुझे आपके सुझाव पर सोचने का मौका मिल जाएगा, तो मैं आपको कॉल करूँगा। (Ek baar जब mujhe aapke sujhaav par sochne ka mauka mil jayega, toh main aapko call karunga.)"
Day 153,Intermediate,It's important to set realistic goals for yourself to stay motivated and focused.,உத்வேகத்துடன் இருக்க யதார்த்தமான இலக்குகளை நிர்ணயிப்பது முக்கியம். (Udhvegaththudan irukka yadhaarththamaana ilakkugalhai nirnaiyippadhu mukkiyam.),प्रेरित और केंद्रित रहने के लिए अपने लिए यथार्थवादी लक्ष्य निर्धारित करना महत्वपूर्ण है। (Prerit aur kendrit rehne ke liye apne liye yatharthwadi lakshya nirdharit karna mahatvapoorn hai.)
Day 153,Intermediate,I haven't had the chance to visit the new library in the city center yet.,நகர மையத்திலுள்ள புதிய நூலகத்திற்குச் செல்ல எனக்கு இன்னும் வாய்ப்பு கிடைக்கவில்லை. (Nagara maiyaththillulla pudhiya noolagaththirku sella enakku innum vaaippu kidaikkavillai.),मुझे अभी तक शहर के केंद्र में स्थित नई लाइब्रेरी जाने का मौका नहीं मिला है। (मुझे अभी तक शहर के केंद्र में स्थित नई लाइब्रेरी जाने का मौका नहीं मिला है।)
Day 153,Intermediate,Could you explain the reason for this?,இதற்கான காரணத்தை விளக்க முடியுமா? (Idharkaana kaaranathai vilakka mudiyuma?),क्या आप इसका कारण समझा सकते हैं? (Kya aap iska kaaran samjha sakte hain?)
Day 153,Intermediate,I am trying to improve my skills.,நான் எனது திறன்களை மேம்படுத்த முயற்சிக்கிறேன். (Naan enadhu thirangalai mempadutha muyarchikkiren.),मैं अपने कौशल में सुधार करने की कोशिश कर रहा हूँ। (Main apne kaushal mein sudhaar karne ki koshish kar raha hoon.)
Day 154,Intermediate,What is the purpose of this meeting?,இந்தக் கூட்டத்தின் நோக்கம் என்ன? (Indha koottathin nokkam enna?),इस मीटिंग का उद्देश्य क्या है? (Is meeting ka uddeshya kya hai?)
Day 154,Intermediate,I will reach out to you soon.,நான் விரைவில் உங்களைத் தொடர்பு கொள்கிறேன். (Naan viraivil ungalait thodarbu kolgiren.),मैं जल्द ही आपसे संपर्क करूँगा। (Main jald hi aapse sampark karoonga.)
Day 154,Intermediate,Could you suggest a better alternative?,ஒரு சிறந்த மாற்றீட்டைப் பரிந்துரைக்க முடியுமா? (Oru sirandha maattreetaip parindhuraikka mudiyuma?),क्या आप किसी बेहतर विकल्प का सुझाव दे सकते हैं? (Kya aap kisi behtar vikalp ka sujhaav de sakte hain?)
Day 154,Intermediate,It’s not possible to finish it today.,இன்று அதை முடிப்பது சாத்தியமில்லை. (Indru adhai mudippadhu saathiyamillai.),इसे आज खत्म करना संभव नहीं है। (Ise aaj khatm karna sambhav nahi hai.)
Day 154,Intermediate,I am satisfied with your explanation.,உங்கள் விளக்கத்தில் எனக்குத் திருப்தி. (Ungal vilakkathil enakku thrupthi.),मैं आपके स्पष्टीकरण से संतुष्ट हूँ। (Main aapke spashtikaran se santusht hoon.)
Day 155,Intermediate,Please let me know your decision.,உங்கள் முடிவை எனக்குத் தெரியப்படுத்துங்கள். (Ungal mudivai enakkuth theriyappaduthungal.),कृपया मुझे अपना निर्णय बताएं। (Kripaya mujhe apna nirnay batayein.)
Day 155,Intermediate,I have some doubts about this plan.,இந்தத் திட்டத்தில் எனக்கு சில சந்தேகங்கள் உள்ளன. (Indha thittathil enakku sila sandhegangal ullana.),मुझे इस योजना के बारे में कुछ संदेह हैं। (Mujhe is yojana ke baare mein kuch sandeh hain.)
Day 155,Intermediate,How long will it take to process?,இதைச் செயல்படுத்த எவ்வளவு நேரம் ஆகும்? (Idhaich seyalpadutha evvalavu neram aagum?),इसे प्रोसेस करने में कितना समय लगेगा? (Ise process karne mein kitna samay lagega?)
Day 155,Intermediate,I would appreciate your feedback.,உங்கள் கருத்துக்களை நான் பாராட்டுகிறேன். (Ungal karuthukkalai naan paaraattugiren.),मैं आपकी प्रतिक्रिया की सराहना करूँगा। (Main aapki pratikriya ki sarahna karoonga.)
Day 155,Intermediate,We need to find a solution quickly.,நாம் விரைவில் ஒரு தீர்வைக்காண வேண்டும். (Naam viraivil oru theervaikaana vendum.),हमें जल्दी से समाधान ढूँढना होगा। (Humein jaldi se samadhan dhoondhna hoga.)
Day 156,Intermediate,I am looking for a permanent job.,நான் ஒரு நிரந்தர வேலையைத் தேடுகிறேன். (Naan oru nirandhara velaiyaith thedugiren.),मैं एक स्थायी नौकरी की तलाश में हूँ। (Main ek sthayi naukri ki talash mein hoon.)
Day 156,Intermediate,Could you double-check the figures?,எண்களை மீண்டும் ஒருமுறை சரிபார்க்க முடியுமா? (Engalai meendum orumurai saripaarkka mudiyuma?),क्या आप आंकड़ों की दोबारा जांच कर सकते हैं? (Kya aap aankdon ki dobara jaanch kar sakte hain?)
Day 156,Intermediate,It is better to wait for a while.,சிறிது நேரம் காத்திருப்பது நல்லது. (Siridhu neram kaathiruppadhu nalladhu.),थोड़ी देर इंतज़ार करना बेहतर है। (Thodi der intezar karna behtar hai.)
Day 156,Intermediate,I am working on a new project.,நான் ஒரு புதிய திட்டத்தில் பணியாற்றுகிறேன். (Naan oru pudhiya thittathil paniyattrugiren.),मैं एक नए प्रोजेक्ट पर काम कर रहा हूँ। (Main ek naye project par kaam rahan hoon.)
Day 156,Intermediate,What are the requirements for this?,இதற்கான தேவைகள் என்ன? (Idharkaana thevaigal enna?),इसके लिए क्या आवश्यकताएं हैं? (Iske liye kya aavashyaktaein hain?)
Day 157,Intermediate,I didn't expect this to happen.,இது நடக்கும் என்று நான் எதிர்பார்க்கவில்லை. (Idhu nadakkum endru naan edhirpaarkkavillai.),मैंने इसके होने की उम्मीद नहीं की थी। (Maine iske hone ki ummeed nahi ki thi.)
Day 157,Intermediate,Please keep me updated on this.,இது குறித்து எனக்குத் தகவல்களைத் தாருங்கள். (Idhu kurithu enakkuth thagavalgalait thaarungal.),कृपया मुझे इस बारे में अपडेट रखें। (Kripaya mujhe is baare mein update rakhein.)
Day 157,Intermediate,It was a very productive discussion.,இது மிகவும் பயனுள்ள விவாதம். (Idhu migavum payanulla vivaadham.),यह बहुत ही उत्पादक चर्चा थी। (Yeh bahut hi utpadak charcha thi.)
Day 157,Intermediate,I am not authorized to do that.,அதைச் செய்ய எனக்கு அதிகாரம் இல்லை. (Adhaich seyya enakku adhikaram illai.),मैं ऐसा करने के लिए अधिकृत नहीं हूँ। (Main aisa karne ke liye adhikrit nahi hoon.)
Day 157,Intermediate,Could you clarify this point?,இந்த விஷயத்தை விளக்க முடியுமா? (Indha vishayathai vilakka mudiyuma?),क्या आप इस बिंदु को स्पष्ट कर सकते हैं? (Kya aap is bindu ko spasht kar sakte hain?)
Day 158,Intermediate,I have already sent the documents.,நான் ஏற்கனவே ஆவணங்களை அனுப்பிவிட்டேன். (Naan erkkaneve aavanangalai anuppivitten.),मैंने पहले ही दस्तावेज़ भेज दिए हैं। (Maine pehle hi dastavez bhej diye hain.)
Day 158,Intermediate,What is the current status of it?,அதன் தற்போதைய நிலை என்ன? (Adhan tharpodhaiya nilai enna?),इसकी वर्तमान स्थिति क्या है? (Iski vartaman sthiti kya hai?)
Day 158,Intermediate,I will try my best to help you.,உங்களுக்கு உதவ நான் என்னால் முடிந்தவரை முயற்சிப்பேன். (Ungalukku udhava naan ennaal mudindhavarai muyarchippen.),मैं आपकी मदद करने की पूरी कोशिश करूँगा। (Main aapki madad karne ki poori koshish karoonga.)
Day 158,Intermediate,I am responsible for this department.,இந்தத் துறைக்கு நான் தான் பொறுப்பு. (Indha thuraikku naan dhaan poruppu.),मैं इस विभाग के लिए ज़िम्मेदार हूँ। (Main is vibhag ke liye zimmedar hoon.)
Day 158,Intermediate,Could you recommend a good lawyer?,ஒரு நல்ல வழக்கறிஞரைப் பரிந்துரைக்க முடியுமா? (Oru nalla vazhakkaringaraip parindhuraikka mudiyuma?),क्या आप किसी अच्छे वकील का सुझाव दे सकते हैं? (Kya aap kisi acche vakeel ka sujhaav de sakte hain?)
Day 159,Intermediate,I have some experience in this field.,எனக்கு இந்தத் துறையில் கொஞ்சம் அனுபவம் உள்ளது. (Enakku indha thuraiyil konjam anubavam ulladhu.),मुझे इस क्षेत्र में कुछ अनुभव है। (Mujhe is kshetra mein kuch anubhav hai.)
Day 159,Intermediate,We should consider all the options.,நாம் அனைத்து விருப்பங்களையும் பரிசீலிக்க வேண்டும். (Naam anaithu viruppangalaip pariseelikka vendum.),हमें सभी विकल्पों पर विचार करना चाहिए। (Humein sabhi vikalpon par vichaar karna chahiye.)
Day 159,Intermediate,I will get back to you by evening.,நான் மாலைக்குள் உங்களைத் தொடர்பு கொள்கிறேன். (Naan maalaikkul ungalait thodarbu kolgiren.),मैं शाम तक आपसे संपर्क करूँगा। (Main shaam tak aapse sampark karoonga.)
Day 159,Intermediate,It’s a very challenging task.,இது மிகவும் சவாலான பணி. (Idhu migavum savaalaana pani.),यह बहुत ही चुनौतीपूर्ण कार्य है। (Yeh bahut hi chunautipoorna karya hai.)
Day 159,Intermediate,I agree with your proposal.,உங்கள் முன்மொழிவை நான் ஏற்கிறேன். (Ungal munmozhivai naan erkkiren.),मैं आपके प्रस्ताव से सहमत हूँ। (Main aapke prastav se sahmat hoon.)
Day 160,Intermediate,How do I get a refund?,பணத்தைத் திரும்பப் பெறுவது எப்படி? (Panathaith thirumbap peruvadhu eppadi?),मुझे रिफंड कैसे मिलेगा? (Mujhe refund kaise मिलेगा?)
Day 160,Intermediate,I would like to cancel my order.,எனது ஆர்டரை ரத்து செய்ய விரும்புகிறேன். (Enadhu order-ai rathu seyya virumbugiren.),मैं अपना ऑर्डर रद्द करना चाहता हूँ। (Main apna order radd karna chahta hoon.)
Day 160,Intermediate,What are the terms and conditions?,விதிமுறைகள் மற்றும் நிபந்தனைகள் என்ன? (Vidhimuraigal mattrum nidhandhanaigal enna?),नियम और शर्तें क्या हैं? (Niyam aur shartein kya hain?)
Day 160,Intermediate,I am looking for a reliable person.,நான் ஒரு நம்பகமான நபரைத் தேடுகிறேன். (Naan oru nambagamaana nabaraith thedugiren.),मैं एक भरोसेमंद व्यक्ति की तलाश में हूँ। (Main ek bharosemand vyakti ki talash mein hoon.)
Day 160,Intermediate,Could you please lower the price?,தயவுசெய்து விலையைக் குறைக்க முடியுமா? (Thayavuseidhu vilaiyaik kuraikka mudiyuma?),क्या आप कृपया कीमत कम कर सकते हैं? (Kya aap kripaya keemat kam kar sakte hain?)
Day 161,Intermediate,I will confirm the meeting tomorrow.,நான் நாளை கூட்டத்தை உறுதிப்படுத்துகிறேன். (Naan naalai koottathai urudhippadutthugiren.),मैं कल मीटिंग की पुष्टि करूँगा। (Main kal meeting ki pushti karoonga.)
Day 161,Intermediate,It’s not fair to say that.,அப்படிச் சொல்வது சரியல்ல. (Appadich solvadhu sariyalla.),ऐसा कहना उचित नहीं है। (Aisa kehna uchit nahi hai.)
Day 161,Intermediate,I am impressed by your work.,உங்கள் வேலையைக் கண்டு நான் வியக்கிறேன். (Ungal velaiyaik kandu naan viyakkiren.),मैं आपके काम से प्रभावित हूँ। (Main aapke kaam se prabhavit hoon.)
Day 161,Intermediate,Could you explain it once more?,இதை மீண்டும் ஒருமுறை விளக்க முடியுமா? (Idhai meendum orumurai vilakka mudiyuma?),क्या आप इसे एक बार और समझा सकते हैं? (Kya aap ise ek baar aur samjha sakte hain?)
Day 161,Intermediate,I need to consult with my manager.,நான் எனது மேலாளரிடம் ஆலோசனை செய்ய வேண்டும். (Naan enadhu melaalaridam aalosana seyya vendum.),मुझे अपने मैनेजर से सलाह लेनी होगी। (Mujhe apne manager se salah leni hogi.)
Day 162,Intermediate,What is the warranty period?,உத்தரவாதக் காலம் எவ்வளவு? (Uttharavaadhak kaalam evvalavu?),वारंटी की अवधि क्या है? (Warranty ki avdhi kya hai?)
Day 162,Intermediate,I am trying to save some money.,நான் கொஞ்சம் பணத்தைச் சேமிக்க முயற்சிக்கிறேன். (Naan konjam panathaich semikka muyarchikkiren.),मैं कुछ पैसे बचाने की कोशिश कर रहा हूँ। (Main kuch paise bachane ki koshish kar raha hoon.)
Day 162,Intermediate,Could you please send me the invoice?,தயவுசெய்து எனக்கு விலைப்பட்டியல் அனுப்ப முடியுமா? (Thayavuseidhu enakku vilaippattiyal anuppa mudiyuma?),क्या आप कृपया मुझे इनवॉइस भेज सकते हैं? (Kya aap kripaya mujhe invoice bhej sakte hain?)
Day 162,Intermediate,I will be available after 3 PM.,நான் மாலை 3 மணிக்கு மேல் இருப்பேன். (Naan maalai 3 manikku mel iruppen.),मैं दोपहर 3 बजे के बाद उपलब्ध रहूँगा। (Main dopahar 3 baje ke baad uplabdh rahoonga.)
Day 162,Intermediate,It’s a matter of great importance.,இது மிகவும் முக்கியமான விஷயம். (Idhu migavum mukkiyamaana vishayam.),यह बहुत महत्व का मामला है। (Yeh bahut mahatva ka mamla hai.)
Day 163,Intermediate,I am not satisfied with the service.,இந்தச் சேவையில் எனக்குத் திருப்தி இல்லை. (Indhach sevaiyil enakku thrupthi illai.),मैं सेवा से संतुष्ट नहीं हूँ। (Main seva se santusht nahi hoon.)
Day 163,Intermediate,What is the procedure for this?,இதற்கான நடைமுறை என்ன? (Idharkaana nadaimurai enna?),इसके लिए क्या प्रक्रिया है? (Iske liye kya prakriya hai?)
Day 163,Intermediate,I will follow up with you later.,நான் பிறகு உங்களிடம் தொடர்பில் இருப்பேன். (Naan piragu ungalidam thodarbil iruppen.),मैं बाद में आपसे फॉलो-अप लूँगा। (Main baad mein aapse follow-up loonga.)
Day 163,Intermediate,Can you provide a detailed report?,விரிவான அறிக்கையை வழங்க முடியுமா? (Virivaana arikkaiyai vazhanga mudiyuma?),क्या आप विस्तृत रिपोर्ट दे सकते हैं? (Kya aap vistrit report de sakte hain?)
Day 163,Intermediate,I am looking for a long-term solution.,நான் நீண்ட கால தீர்வைத் தேடுகிறேன். (Naan neenda kaala theervaith thedugiren.),मैं दीर्घकालिक समाधान की तलाश में हूँ। (Main deerghkalik samadhan ki talash mein hoon.)
Day 164,Intermediate,What are the benefits of this plan?,இந்தத் திட்டத்தின் நன்மைகள் என்ன? (Indha thittathin nanmaigal enna?),इस योजना के क्या लाभ हैं? (Is yojana ke kya laabh hain?)
Day 164,Intermediate,I need to prioritize my tasks.,நான் எனது பணிகளுக்கு முன்னுரிமை அளிக்க வேண்டும். (Naan enadhu panigalukku munnurimai alikka vendum.),मुझे अपने कार्यों को प्राथमिकता देने की आवश्यकता है। (Mujhe apne karyon ko prathmikta dene ki avashyakta hai.)
Day 164,Intermediate,Could you summarize the discussion?,விவாதத்தைச் சுருக்கமாகக் கூற முடியுமா? (Vivaadhathaich surukkamaagak koora mudiyuma?),क्या आप चर्चा का सारांश दे सकते हैं? (Kya aap charcha ka saaransh de sakte hain?)
Day 164,Intermediate,I am not comfortable with this decision.,இந்த முடிவில் எனக்கு உடன்பாடு இல்லை. (Indha mudivil enakku udanpaadu illai.),मैं इस फैसले से सहज नहीं हूँ। (Main is faisle se sahaj nahi hoon.)
Day 164,Intermediate,How do we measure the progress?,முன்னேற்றத்தை நாம் எப்படி அளவிடுவது? (Munnetrathai naam eppadi alaviduvadhu?),हम प्रगति को कैसे मापते हैं? (Hum pragati ko kaise maapte hain?)
Day 165,Intermediate,I will take full responsibility for this.,இதற்கு நான் முழு பொறுப்பேற்கிறேன். (Idharkku naan muzhu porupperkkiren.),मैं इसकी पूरी जिम्मेदारी लूँगा। (Main iski poori zimmedari loonga.)
Day 165,Intermediate,Please verify the information once more.,தகவலை மீண்டும் ஒருமுறை சரிபார்க்கவும். (Thagavalai meendum orumurai saripaarkkavum.),कृपया जानकारी की एक बार फिर से जांच करें। (Kripaya jankari ki ek baar phir se jaanch karein.)
Day 165,Intermediate,It’s a great opportunity for us.,இது நமக்கு ஒரு சிறந்த வாய்ப்பு. (Idhu namakku oru sirandha vaippu.),यह हमारे लिए एक शानदार अवसर है। (Yeh hamare liye ek shaandaar avsar hai.)
Day 165,Intermediate,I have a conflicting schedule today.,இன்று எனக்கு வேலைப்பளு அதிகமாக உள்ளது. (Indru enakku velaippalu adhigamaaga ulladhu.),आज मेरा शेड्यूल व्यस्त है। (Aaj mera schedule vyast hai.)
Day 165,Intermediate,Could you guide me through the process?,இந்த நடைமுறையில் எனக்கு வழிகாட்ட முடியுமா? (Indha nadaimuraiyil enakku vazhikaatta mudiyuma?),क्या आप प्रक्रिया में मेरा मार्गदर्शन कर सकते हैं? (Kya aap prakriya mein mera maargdarshan kar sakte hain?)
Day 166,Intermediate,I am confident about our success.,நமது வெற்றியில் எனக்கு நம்பிக்கை உள்ளது. (Namadhu vetriyil enakku nambikkai ulladhu.),मुझे हमारी सफलता पर भरोसा है। (Mujhe hamari safalta par bharosa hai.)
Day 166,Intermediate,What is the estimated budget for this?,இதற்கான மதிப்பிடப்பட்ட பட்ஜெட் என்ன? (Idharkaana madhippidappatta budget enna?),इसके लिए अनुमानित बजट क्या है? (Iske liye anumanit budget kya hai?)
Day 166,Intermediate,I need to update the software.,நான் மென்பொருளைப் புதுப்பிக்க வேண்டும். (Naan menporulaip pudhuppikka vendum.),मुझे सॉफ़्टवेयर अपडेट करना होगा। (Mujhe software update karna hoga.)
Day 166,Intermediate,Could you please share your perspective?,உங்கள் கருத்தைப் பகிர்ந்து கொள்ள முடியுமா? (Ungal karutthaip pagirndhu kolla mudiyuma?),क्या आप अपना दृष्टिकोण साझा कर सकते हैं? (Kya aap apna drishtikon sajha kar sakte hain?)
Day 166,Intermediate,I am trying to balance work and life.,நான் வேலை மற்றும் வாழ்க்கையை சமநிலைப்படுத்த முயல்கிறேன். (Naan velai mattrum vaazhkkaiyai samalaipadutha muyalgiren.),मैं काम और जीवन में संतुलन बनाने की कोशिश कर रहा हूँ। (Main kaam aur jeevan mein santulan banane ki koshish kar raha hoon.)
Day 167,Intermediate,Is there any alternative solution?,மாற்றுத் தீர்வு ஏதேனும் உள்ளதா? (Maattruth theervu edhenum ulladha?),क्या कोई वैकल्पिक समाधान है? (Kya koi vaikalpik samadhan hai?)
Day 167,Intermediate,I will send you the invite shortly.,விரைவில் அழைப்பை உங்களுக்கு அனுப்புகிறேன். (Viraivil azhaippai ungalukku anuppugiren.),मैं आपको जल्द ही आमंत्रण भेजूँगा। (Main aapko jald hi amantran bhejunga.)
Day 167,Intermediate,It was a misunderstanding from my side.,அது எனது தரப்பிலிருந்து ஏற்பட்ட தவறு. (Adhu enadhu tharappilirundhu erppatta thavaru.),यह मेरी तरफ से एक गलतफहमी थी। (Yeh meri taraf se ek galatfahami thi.)
Day 167,Intermediate,Could you please hold for a moment?,தயவுசெய்து ஒரு நிமிடம் காத்திருக்க முடியுமா? (Thayavuseidhu oru nimidam kaathirukka mudiyuma?),क्या आप कृपया एक क्षण के लिए रुक सकते हैं? (Kya aap kripaya ek kshan ke liye ruk sakte hain?)
Day 167,Intermediate,I am dealing with a difficult situation.,நான் ஒரு கடினமான சூழ்நிலையை எதிர்கொள்கிறேன். (Naan oru kadinaana soozhnilaiyai edhirkolgiren.),मैं एक कठिन परिस्थिति का सामना कर रहा हूँ। (Main ek kathin paristithi ka saamna kar raha hoon.)
Day 168,Intermediate,What are the risks involved here?,இதில் உள்ள அபாயங்கள் என்ன? (Idhil ulla abaayangal enna?),इसमें क्या जोखिम शामिल हैं? (Ismein kya jokhim shamil hain?)
Day 168,Intermediate,I will review the documents tonight.,ஆவணங்களை இன்று இரவு ஆய்வு செய்கிறேன். (Aavanangalai indru iravu aaivu seigiren.),मैं आज रात दस्तावेजों की समीक्षा करूँगा। (Main आज रात दस्तावेजों की समीक्षा करूँगा।)
Day 168,Intermediate,Can you recommend a reliable source?,நம்பகமான ஆதாரத்தைப் பரிந்துரைக்க முடியுமா? (Nambagamaana aadhaarathaip parindhuraikka mudiyuma?),क्या आप किसी विश्वसनीय स्रोत का सुझाव दे सकते हैं? (Kya aap kisi vishwasniya srot ka sujhaav de sakte hain?)
Day 168,Intermediate,I am attending a training session.,நான் ஒரு பயிற்சி வகுப்பில் கலந்து கொள்கிறேன். (Naan oru payirchi vakuppil kalandhu kolgiren.),मैं एक प्रशिक्षण सत्र में भाग ले रहा हूँ। (Main ek prashikshan satra mein bhaag le raha hoon.)
Day 168,Intermediate,Could you clarify the terms of use?,பயன்பாட்டு விதிமுறைகளை விளக்க முடியுமா? (Payanpaattu vidhimuraigalai vilakka mudiyuma?),क्या आप उपयोग की शर्तों को स्पष्ट कर सकते हैं? (Kya aap upyog ki sharton ko spasht kar sakte hain?)
Day 169,Intermediate,I need to improve my communication skills.,எனது தகவல் தொடர்புத் திறனை மேம்படுத்த வேண்டும். (Enadhu thagaval thodarbuth thiranai mempadutha vendum.),मुझे अपने संचार कौशल में सुधार करने की आवश्यकता है। (Mujhe apne sanchar kaushal mein sudhaar karne ki avashyakta hai.)
Day 169,Intermediate,What is the vision of the company?,நிறுவனத்தின் தொலைநோக்கு பார்வை என்ன? (Niruvanathin tholainokku paarvai enna?),कंपनी का दृष्टिकोण (விज़ன்) क्या है? (Company ka drishtikon kya hai?)
Day 169,Intermediate,I am looking for creative ideas.,நான் ஆக்கப்பூர்வமான யோசனைகளைத் தேடுகிறேன். (Naan aakkappoovamaana yōsanaigalait thēdugirēn.),मैं रचनात्मक विचारों की तलाश में हूँ। (Main rachnatmak vicharon ki talash mein hoon.)
Day 169,Intermediate,Could you please sign this document?,தயவுசெய்து இந்த ஆவணத்தில் கையெழுத்திடுங்கள். (Thayavuseidhu indha aavanathil kaiyezhuthidungal.),कृपया इस दस्तावेज़ पर हस्ताक्षर करें। (Kripaya is dastavez par hastakshar karein.)
Day 169,Intermediate,I will double-check the delivery status.,விநியோக நிலையை நான் மீண்டும் சரிபார்ப்பேன். (Viniyoga nilaiyai naan meendum saripaarppen.),मैं डिलीवरी की स्थिति की दोबारा जांच करूँगा। (Main delivery ki sthiti ki dobara jaanch karoonga.)
Day 170,Intermediate,It’s not within my scope of work.,இது எனது பணி எல்லைக்குள் இல்லை. (Idhu enadhu pani ellaikkul illai.),यह मेरे कार्यक्षेत्र में नहीं है। (Yeh mere karyakshetra mein nahi hai.)
Day 170,Intermediate,I am happy to collaborate with you.,உங்களுடன் இணைந்து பணியாற்றுவதில் மகிழ்ச்சி. (Ungaludan inaindhu paniyattruvadhil magizhchi.),मुझे आपके साथ सहयोग करने में खुशी होगी। (Mujhe aapke saath sahyog karne mein khushi hogi.)
Day 170,Intermediate,Could you explain the context of this?,இதற்கான சூழலை விளக்க முடியுமா? (Idharkaana soozhalai vilakka mudiyuma?),क्या आप इसका संदर्भ समझा सकते हैं? (Kya aap iska sandarbh samjha sakte hain?)
Day 170,Intermediate,I am considering a career change.,நான் தொழில் மாற்றத்தைப் பற்றி யோசிக்கிறேன். (Naan thozhil maattrathaip pattri yosikkiren.),मैं करियर बदलने के बारे में सोच रहा हूँ। (Main career badalne ke baare mein soch raha hoon.)
Day 170,Intermediate,What is the impact of this decision?,இந்த முடிவின் தாக்கம் என்ன? (Indha mudivin thaakkam enna?),इस फैसले का क्या प्रभाव होगा? (Is faisle ka kya prabhav hoga?)
Day 171,Intermediate,I need to set realistic goals.,நான் யதார்த்தமான இலக்குகளை நிர்ணயிக்க வேண்டும். (Naan yadhardhamaana ilakkugalai nirnayikka vendum.),मुझे यथार्थवादी लक्ष्य निर्धारित करने की आवश्यकता है। (Mujhe yatharthvadi lakshya nirdharit karne ki avashyakta hai.)
Day 171,Intermediate,Could you provide more examples?,கூடுதல் உதாரணங்களை வழங்க முடியுமா? (Koodudhal udhaaranangalai vazhanga mudiyuma?),क्या आप और उदाहरण दे सकते हैं? (Kya aap aur udaharan de sakte hain?)
Day 171,Intermediate,I am looking forward to our partnership.,நமது கூட்டாண்மையை ஆவலுடன் எதிர்பார்க்கிறேன். (Namadhu koottaanmaiyai aavaludan edhirpaarkkiren.),मैं हमारी साझेदारी के लिए उत्सुक हूँ। (Main hamari sajhedari ke liye utsuk hoon.)
Day 171,Intermediate,What is the core problem here?,இங்குள்ள முக்கிய பிரச்சனை என்ன? (Ingulla mukkiya pirachannai enna?),यहाँ मुख्य समस्या क्या है? (Yahan mukhya samasya kya hai?)
Day 171,Intermediate,I will coordinate with the team.,நான் குழுவுடன் ஒருங்கிணைந்து செயல்படுவேன். (Naan kuzhuvudan orunginaindhu seyalpaduven.),मैं टीम के साथ समन्वय करूँगा। (Main team ke saath samanvay karoonga.)
Day 172,Intermediate,Could you please repeat the instructions?,தயவுசெய்து வழிமுறைகளை மீண்டும் கூற முடியுமா? (Thayavuseidhu vazhimuraigalai meendum koora mudiyuma?),क्या आप कृपया निर्देश दोहरा सकते हैं? (Kya aap kripaya nirdesh dohra sakte hain?)
Day 172,Intermediate,I am busy with an urgent matter.,நான் ஒரு அவசர வேலையாக இருக்கிறேன். (Naan oru avasara velaiyaaga irukkiren.),मैं एक ज़रूरी मामले में व्यस्त हूँ। (Main ek zaroori maamle mein vyast hoon.)
Day 172,Intermediate,What is the timeline for completion?,முடிப்பதற்கான காலவரிசை என்ன? (Mudippadharkaana kaalavarisai enna?),पूरा होने की समयसीमा क्या है? (Poora hone ki samayseema kya hai?)
Day 172,Intermediate,I will handle the client communication.,வாடிக்கையாளர் தொடர்பை நான் கவனிப்பேன். (Vaadikkaiyaalar thodarbai naan kavanippen.),मैं क्लाइंट संचार को संभालूँगा। (Main client sanchar ko sambhaalunga.)
Day 172,Intermediate,Could you clarify the objective?,குறிக்கோளை விளக்க முடியுமா? (Kurikkolai vilakka mudiyuma?),क्या आप उद्देश्य स्पष्ट कर सकते हैं? (Kya aap uddeshya spasht kar sakte hain?)
Day 173,Intermediate,I am open to new ideas.,நான் புதிய யோசனைகளை ஏற்கத் தயார். (Naan pudhiya yōsanaigalai ērkkath thayār.),मैं नए विचारों के लिए तैयार हूँ। (Main naye vicharon ke liye taiyar hoon.)
Day 173,Intermediate,What is the budget allocation for this?,இதற்கான பட்ஜெட் ஒதுக்கீடு எவ்வளவு? (Idharkaana budget odhukkeedu evvalavu?),इसके लिए बजट आवंटन क्या है? (Iske liye budget aavantan kya hai?)
Day 173,Intermediate,I will prepare the presentation by tomorrow.,நாளைக்குள் விளக்கக்காட்சியைத் தயார் செய்வேன். (Naalaikkul vilakkakkaatchiyaith thayaar seiven.),मैं कल तक प्रेजेंटेशन तैयार कर लूँगा। (Main kal तक प्रेजेंटेशन तैयार कर लूँगा।)