English (V1/V2/V3),Day Number,Difficulty Level,Tamil (Infinitive/Past/Perfect),Hindi (Infinitive/Past/Perfect),English Examples,Tamil Examples,Hindi Examples
Speak / Spoke / Spoken,Day 1,Beginner,பேசு / பேசினேன் / பேசியுள்ளேன்,बोलना / बोला / बोल चुका,1. I speak English. // 2. I spoke English yesterday. // 3. I have spoken English before.,1. நான் ஆங்கிலம் பேசுகிறேன். // 2. நான் நேற்று ஆங்கிலம் பேசினேன். // 3. நான் முன்பே ஆங்கிலம் பேசியுள்ளேன்.,1. मैं अंग्रेजी बोलता हूँ। // 2. मैंने कल अंग्रेजी बोली। // 3. मैं पहले अंग्रेजी बोल चुका हूँ।
Drink / Drank / Drunk,Day 1,Beginner,குடி / குடித்தேன் / குடித்திருக்கிறேன்,पीना / पीया / पी चुका,1. I drink water. // 2. I drank water a while ago. // 3. I have drunk water.,1. நான் தண்ணீர் குடிக்கிறேன். // 2. நான் சற்று முன் தண்ணீர் குடித்தேன். // 3. நான் தண்ணீர் குடித்திருக்கிறேன்.,1. मैं पानी पीता हूँ। // 2. मैंने थोड़ी देर पहले पानी पीया। // 3. मैं पानी पी चुका हूँ।
Come / Came / Come,Day 1,Beginner,வா / வந்தேன் / வந்திருக்கிறேன்,आना / आया / आ चुका,1. I come to work. // 2. I came to work yesterday. // 3. I have come to work.,1. நான் வேலைக்கு வருகிறேன். // 2. நான் நேற்று வேலைக்கு வந்தேன். // 3. நான் வேலைக்கு வந்திருக்கிறேன்.,1. मैं काम पर आता हूँ। // 2. मैं कल काम पर आया था। // 3. मैं काम पर आ चुका हूँ।
Read / Read / Read,Day 1,Beginner,படி / படித்தேன் / படித்திருக்கிறேன்,पढ़ना / पढ़ा / पढ़ चुका,1. I read books. // 2. I read a book last night. // 3. I have read this book.,1. நான் புத்தகங்கள் படிக்கிறேன். // 2. நான் நேற்று இரவு ஒரு புத்தகம் படித்தேன். // 3. நான் இந்த புத்தகத்தைப் படித்திருக்கிறேன்.,1. मैं किताबें पढ़ता हूँ। // 2. मैंने कल रात एक किताब पढ़ी। // 3. मैं यह किताब पढ़ चुका हूँ।
Tell / Told / Told,Day 1,Beginner,சொல் / சொன்னேன் / சொல்லியிருக்கிறேன்,बताना / बताया / बता चुका,1. I tell the truth. // 2. I told him the news. // 3. I have told you already.,1. நான் உண்மை சொல்கிறேன். // 2. நான் அவனிடம் செய்தி சொன்னேன். // 3. நான் ஏற்கனவே உன்னிடம் சொல்லியிருக்கிறேன்.,1. मैं सच बताता हूँ। // 2. मैंने उसे खबर बताई। // 3. मैं तुम्हें पहले ही बता चुका हूँ।
Buy / Bought / Bought,Day 2,Beginner,வாங்கு / வாங்கினேன் / வாங்கியுள்ளேன்,खरीदना / खरीदा / खरीद चुका,1. I buy vegetables. // 2. I bought a car. // 3. I have bought a pen.,1. நான் காய்கறிகள் வாங்குகிறேன். // 2. நான் ஒரு கார் வாங்கினேன். // 3. நான் ஒரு பேனா வாங்கியுள்ளேன்.,1. मैं सब्जियाँ खरीदता हूँ। // 2. मैंने एक कार खरीदी। // 3. मैं एक पेन खरीद चुका हूँ।
Hear / Heard / Heard,Day 2,Beginner,கேள் / கேட்டேன் / கேட்டிருக்கிறேன்,सुनना / सुना / सुन चुका,1. I hear a sound. // 2. I heard the music. // 3. I have heard this song.,1. நான் ஒரு சத்தம் கேட்கிறேன். // 2. நான் அந்த இசையைக் கேட்டேன். // 3. நான் இந்தப் பாடலைக் கேட்டிருக்கிறேன்.,1. मुझे एक आवाज सुनाई देती है। // 2. मैंने संगीत सुना। // 3. मैंने यह गाना सुना है।
Cut / Cut / Cut,Day 2,Beginner,வெட்டு / வெட்டினேன் / வெட்டியுள்ளேன்,काटना / काटा / काट चुका,1. I cut the cake. // 2. I cut the paper. // 3. I have cut the apple.,1. நான் கேக்கை வெட்டுகிறேன். // 2. நான் காகிதத்தை வெட்டினேன். // 3. நான் ஆப்பிளை வெட்டியுள்ளேன்.,1. मैं केक काटता हूँ। // 2. मैंने कागज काटा। // 3. मैं सेब काट चुका हूँ।
Keep / Kept / Kept,Day 2,Beginner,வை / வைத்தேன் / வைத்திருக்கிறேன்,रखना / रखा / रख चुका,1. I keep the keys here. // 2. I kept the bag inside. // 3. I have kept the money safe.,1. நான் சாவிகளை இங்கே வைக்கிறேன். // 2. நான் பையை உள்ளே வைத்தேன். // 3. நான் பணத்தைப் பத்திரமாக வைத்திருக்கிறேன்.,1. मैं चाबियाँ यहाँ रखता हूँ। // 2. मैंने बैग अंदर रखा। // 3. मैंने पैसे सुरक्षित रखे हैं।
Send / Sent / Sent,Day 2,Beginner,அனுப்பு / அனுப்பினேன் / அனுப்பியுள்ளேன்,भेजना / भेजा / भेज चुका,1. I send an email. // 2. I sent a gift. // 3. I have sent the letter.,1. நான் ஒரு மின்னஞ்சல் அனுப்புகிறேன். // 2. நான் ஒரு பரிசு அனுப்பினேன். // 3. நான் கடிதத்தை அனுப்பியுள்ளேன்.,1. मैं एक ईमेल भेजता हूँ। // 2. मैंने एक उपहार भेजा। // 3. मैं पत्र भेज चुका हूँ।
Stand / Stood / Stood,Day 3,Beginner,நில் / நின்றேன் / நின்றிருக்கிறேன்,खड़ा होना / खड़ा हुआ / खड़ा हो चुका,1. I stand in the queue. // 2. I stood there for an hour. // 3. I have stood all day.,1. நான் வரிசையில் நிற்கிறேன். // 2. நான் அங்கே ஒரு மணி நேரம் நின்றேன். // 3. நான் நாள் முழுவதும் நின்றிருக்கிறேன்.,1. मैं कतार में खड़ा हूँ। // 2. मैं वहाँ एक घंटे तक खड़ा रहा। // 3. मैं दिन भर खड़ा रहा हूँ।
Fall / Fell / Fallen,Day 3,Beginner,விழு / விழுந்தேன் / விழுந்திருக்கிறேன்,गिरना / गिरा / गिर चुका,1. Leaves fall in autumn. // 2. I fell down yesterday. // 3. The temperature has fallen.,1. இலையுதிர்காலத்தில் இலைகள் விழுகின்றன. // 2. நான் நேற்று கீழே விழுந்தேன். // 3. வெப்பநிலை குறைந்துவிட்டது.,1. पतझड़ में पत्ते गिरते हैं। // 2. मैं कल गिर गया था। // 3. तापमान गिर चुका है।
Wear / Wore / Worn,Day 3,Beginner,அணி / அணிந்தேன் / அணிந்திருக்கிறேன்,पहनना / पहना / पहन चुका,1. I wear a watch. // 2. She wore a red dress. // 3. I have worn these shoes before.,1. நான் கடிகாரம் அணிகிறேன். // 2. அவள் சிவப்பு உடை அணிந்தாள். // 3. நான் இந்த காலணிகளை முன்பே அணிந்துள்ளேன்.,1. मैं घड़ी पहनता हूँ। // 2. उसने लाल ड्रेस पहनी थी। // 3. मैं ये जूते पहले पहन चुका हूँ।
Feed / Fed / Fed,Day 3,Beginner,உணவளி / உணவளித்தேன் / உணவளித்திருக்கிறேன்,खिलाना / खिलाया / खिला चुका,1. I feed the dog. // 2. He fed the birds. // 3. I have fed the baby.,1. நான் நாய்க்கு உணவளிக்கிறேன். // 2. அவர் பறவைகளுக்கு உணவளித்தார். // 3. நான் குழந்தைக்கு உணவளித்துள்ளேன்.,1. मैं कुत्ते को खाना खिलाता हूँ। // 2. उसने पक्षियों को दाना खिलाया। // 3. मैं बच्चे को खाना खिला चुका हूँ।
Make / Made / Made,Day 3,Beginner,உருவாக்கு / உருவாக்கினேன் / உருவாக்கியுள்ளேன்,बनाना / बनाया / बना चुका,1. I make tea. // 2. My mother made dinner. // 3. I have made a mistake.,1. நான் தேநீர் தயாரிக்கிறேன். // 2. என் அம்மா இரவு உணவு சமைத்தார். // 3. நான் ஒரு தவறு செய்துவிட்டேன்.,1. मैं चाय बनाता हूँ। // 2. मेरी माँ ने रात का खाना बनाया। // 3. मैंने एक गलती की है।
Sell / Sold / Sold,Day 4,Beginner,விற்று / விற்றேன் / விற்றிருக்கிறேன்,बेचना / बेचा / बेच चुका,1. They sell fruits. // 2. He sold his bike. // 3. I have sold my old books.,1. அவர்கள் பழங்கள் விற்கிறார்கள். // 2. அவன் தன் பைக்கை விற்றான். // 3. நான் என் பழைய புத்தகங்களை விற்றுள்ளேன்.,1. वे फल बेचते हैं। // 2. उसने अपनी बाइक बेच दी। // 3. मैं अपनी पुरानी किताबें बेच चुका हूँ।
Be / Was-Were / Been,Day 4,Beginner,இரு / இருந்தேன் / இருந்திருக்கிறேன்,होना / था / हो चुका,1. I am happy. // 2. I was tired / They were busy. // 3. I have been there.,1. நான் மகிழ்ச்சியாக இருக்கிறேன். // 2. நான் சோர்வாக இருந்தேன் / அவர்கள் வேலையாக இருந்தார்கள். // 3. நான் அங்கு இருந்திருக்கிறேன்.,1. मैं खुश हूँ। // 2. मैं थका हुआ था / वे व्यस्त थे। // 3. मैं वहाँ रह चुका हूँ।
Cost / Cost / Cost,Day 4,Beginner,விலையிடு / விலையிட்டேன் / விலையிட்டிருக்கிறேன்,कीमत होना / कीमत हुई / कीमत हो चुकी,1. These shoes cost a lot. // 2. It cost me 500 rupees. // 3. The repairs have cost much.,1. இந்த காலணிகளின் விலை அதிகம். // 2. இதன் விலை எனக்கு 500 ரூபாய் ஆனது. // 3. பழுதுபார்ப்பிற்கு அதிக செலவு ஆகியுள்ளது.,1. इन जूतों की कीमत बहुत है। // 2. इसकी कीमत मुझे 500 रुपये पड़ी। // 3. मरम्मत में बहुत खर्च हुआ है।
Feel / Felt / Felt,Day 4,Beginner,உணர் / உணர்ந்தேன் / உணர்ந்திருக்கிறேன்,महसूस करना / महसूस किया / महसूस कर चुका,1. I feel cold. // 2. I felt happy yesterday. // 3. I have felt better today.,1. நான் குளிராக உணர்கிறேன். // 2. நான் நேற்று மகிழ்ச்சியாக உணர்ந்தேன். // 3. நான் இன்று நன்றாக உணர்கிறேன்.,1. मुझे ठंड लग रही है। // 2. मुझे कल खुशी महसूस हुई। // 3. मैंने आज बेहतर महसूस किया है।
Hide / Hid / Hidden,Day 4,Beginner,மறை / மறைத்தேன் / மறைத்திருக்கிறேன்,छिपना / छिपा / छिप चुका,1. I hide the keys. // 2. He hid behind the door. // 3. They have hidden the truth.,1. நான் சாவிகளை மறைக்கிறேன். // 2. அவன் கதவின் பின்னால் ஒளிந்தான். // 3. அவர்கள் உண்மையை மறைத்துள்ளனர்.,1. मैं चाबियाँ छुपाता हूँ। // 2. वह दरवाजे के पीछे छिप गया। // 3. उन्होंने सच छुपाया है।
Worry / Worried / Worried,Day 5,Beginner,கவலைப்படு / கவலைப்பட்டேன் / கவலைப்பட்டிருக்கிறேன்,चिंता करना / चिंता की / चिंता कर चुका,1. I worry about the exam. // 2. She worried all night. // 3. I have worried enough.,1. நான் தேர்வைப் பற்றி கவலைப்படுகிறேன். // 2. அவள் இரவு முழுவதும் கவலைப்பட்டாள். // 3. நான் போதுமான அளவு கவலைப்பட்டுவிட்டேன்.,1. मैं परीक्षा की चिंता करता हूँ। // 2. वह रात भर चिंतित रही। // 3. मैं काफी चिंता कर चुका हूँ।
Add / Added / Added,Day 5,Beginner,சேர் / சேர்த்தேன் / சேர்த்திருக்கிறேன்,जोड़ना / जोड़ा / जोड़ चुका,1. I add sugar to coffee. // 2. He added my name. // 3. I have added the numbers.,1. நான் காபியில் சர்க்கரை சேர்க்கிறேன். // 2. அவர் என் பெயரைச் சேர்த்தார். // 3. நான் எண்களைக் கூட்டியுள்ளேன்.,1. मैं कॉफी में चीनी मिलाता हूँ। // 2. उसने मेरा नाम जोड़ा। // 3. मैं नंबर जोड़ चुका हूँ।
Answer / Answered / Answered,Day 5,Beginner,பதிலளி / பதிலளித்தேன் / பதிலளித்திருக்கிறேன்,जवाब देना / जवाब दिया / जवाब दे चुका,1. I answer the call. // 2. He answered the question. // 3. I have answered all emails.,1. நான் அழைப்பிற்கு பதிலளிக்கிறேன். // 2. அவர் கேள்விக்குப் பதிலளித்தார். // 3. நான் அனைத்து மின்னஞ்சல்களுக்கும் பதிலளித்துள்ளேன்.,1. मैं कॉल का जवाब देता हूँ। // 2. उसने सवाल का जवाब दिया। // 3. मैं सभी ईमेल का जवाब दे चुका हूँ।
Arrive / Arrived / Arrived,Day 5,Beginner,சேர் / சேர்ந்தேன் / சேர்ந்திருக்கிறேன்,पहुंचना / पहुंचा / पहुंच चुका,1. Trains arrive on time. // 2. He arrived late. // 3. The guests have arrived.,1. ரயில்கள் சரியான நேரத்திற்கு வருகின்றன. // 2. அவர் தாமதமாக வந்தார். // 3. விருந்தினர்கள் வந்துவிட்டார்கள்.,1. ट्रेनें समय पर आती हैं। // 2. वह देर से आया। // 3. मेहमान आ चुके हैं।
Believe / Believed / Believed,Day 5,Beginner,நம்பு / நம்பினேன் / நம்பியுள்ளேன்,विश्वास करना / विश्वास किया / विश्वास कर चुका,1. I believe you. // 2. I believed his story. // 3. I have always believed in God.,1. நான் உன்னை நம்புகிறேன். // 2. நான் அவன் கதையை நம்பினேன். // 3. நான் எப்போதும் கடவுளை நம்புகிறேன்.,1. मैं तुम पर विश्वास करता हूँ। // 2. मैंने उसकी कहानी पर विश्वास किया। // 3. मैंने हमेशा भगवान में विश्वास किया है।
Carry / Carried / Carried,Day 6,Beginner,சுமந்துசெல் / சுமந்துசென்றேன் / சுமந்துசென்றிருக்கிறேன்,ले जाना / ले गया / ले जा चुका,1. I carry a bag. // 2. He carried the box. // 3. I have carried this for miles.,1. நான் ஒரு பையைச் சுமக்கிறேன். // 2. அவர் பெட்டியைச் சுமந்து சென்றார். // 3. நான் இதை பல மைல்கள் சுமந்து வந்துள்ளேன்.,1. मैं एक बैग ले जाता हूँ। // 2. वह बक्सा ले गया। // 3. मैं इसे मीलों तक ले जा चुका हूँ।
Close / Closed / Closed,Day 6,Beginner,மூடு / மூடினேன் / மூடியுள்ளேன்,बंद करना / बंद किया / बंद कर चुका,1. I close the window. // 2. He closed the shop. // 3. I have closed the account.,1. நான் ஜன்னலை மூடுகிறேன். // 2. அவர் கடையை மூடினார். // 3. நான் கணக்கை மூடிவிட்டேன்.,1. मैं खिड़की बंद करता हूँ। // 2. उसने दुकान बंद कर दी। // 3. मैं खाता बंद कर चुका हूँ।
Dance / Danced / Danced,Day 6,Beginner,நடனம் ஆடு / ஆடினேன் / ஆடியுள்ளேன்,नाचना / नाचा / नाच चुका,1. I dance at parties. // 2. She danced gracefully. // 3. They have danced for hours.,1. நான் விருந்துகளில் நடனமாடுகிறேன். // 2. அவள் அழகாக நடனமாடினாள். // 3. அவர்கள் பல மணிநேரம் நடனமாடினர்.,1. मैं पार्टियों में नाचता हूँ। // 2. उसने शालीनता से नृत्य किया। // 3. वे घंटों नाच चुके हैं।
Die / Died / Died,Day 6,Beginner,இற / இறந்தேன் / இறந்திருக்கிறேன்,मरना / मरा / मर चुका,1. Flowers die without water. // 2. The king died in war. // 3. Many plants have died.,1. தண்ணீர் இல்லாமல் பூக்கள் இறக்கின்றன. // 2. மன்னர் போரில் இறந்தார். // 3. பல செடிகள் இறந்துவிட்டன.,1. पानी के बिना फूल मर जाते हैं। // 2. राजा युद्ध में मारा गया। // 3. कई पौधे मर चुके हैं।
Explain / Explained / Explained,Day 6,Beginner,விளக்கு / விளக்கினேன் / விளக்கியுள்ளேன்,समझाना / समझाया / समझा चुका,1. I explain the lesson. // 2. He explained the plan. // 3. I have explained everything.,1. நான் பாடத்தை விளக்குகிறேன். // 2. அவர் திட்டத்தை விளக்கினார். // 3. நான் எல்லாவற்றையும் விளக்கியுள்ளேன்.,1. मैं पाठ समझाता हूँ। // 2. उसने योजना समझाई। // 3. मैं सब कुछ समझा चुका हूँ।
Give / Gave / Given,Day 7,Beginner,கொடு / கொடுத்தேன் / கொடுத்திருக்கிறேன்,देना / दिया / दे चुका,1. I give a pen. // 2. He gave me a gift. // 3. I have given the money.,1. நான் ஒரு பேனா கொடுக்கிறேன். // 2. அவர் எனக்கு ஒரு பரிசு கொடுத்தார். // 3. நான் பணம் கொடுத்துள்ளேன்.,1. मैं एक पेन देता हूँ। // 2. उसने मुझे एक उपहार दिया। // 3. मैं पैसे दे चुका हूँ।
Run / Ran / Run,Day 7,Beginner,ஓடு / ஓடினேன் / ஓடியிருக்கிறேன்,दौड़ना / दौड़ा / दौड़ चुका,1. I run every morning. // 2. I ran to the bus stop. // 3. I have run a marathon.,1. நான் தினமும் காலையில் ஓடுகிறேன். // 2. நான் பேருந்து நிலையத்திற்கு ஓடினேன். // 3. நான் ஒரு மாரத்தான் ஓடியிருக்கிறேன்.,1. मैं हर सुबह दौड़ता हूँ। // 2. मैं बस स्टॉप तक दौड़ा। // 3. मैं मैराथन दौड़ चुका हूँ।
Know / Knew / Known,Day 7,Beginner,தெரிந்துகொள் / தெரிந்தேன் / தெரிந்திருக்கிறேன்,जानना / जाना / जान चुका,1. I know the truth. // 2. I knew the answer. // 3. I have known him for years.,1. எனக்கு உண்மை தெரியும். // 2. எனக்கு விடை தெரிந்தது. // 3. அவரை எனக்கு பல வருடங்களாகத் தெரியும்.,1. मुझे सच पता है। // 2. मुझे जवाब पता था। // 3. मैं उसे सालों से जानता हूँ।
Find / Found / Found,Day 7,Beginner,கண்டுபிடி / கண்டுபிடித்தேன் / கண்டுபிடித்திருக்கிறேன்,ढूँढना / ढूँढा / ढूँढ चुका,1. I find my keys. // 2. I found a gold coin. // 3. I have found a solution.,1. நான் என் சாவிகளைக் கண்டெடுக்கிறேன். // 2. நான் ஒரு தங்க நாணயத்தைக் கண்டேன். // 3. நான் ஒரு தீர்வைக் கண்டுபிடித்துள்ளேன்.,1. मैं अपनी चाबियाँ ढूंढता हूँ। // 2. मुझे एक सोने का सिक्का मिला। // 3. मुझे समाधान मिल गया है।
Leave / Left / Left,Day 7,Beginner,விடு / விட்டேன் / விட்டிருக்கிறேன்,छोड़ना / छोड़ा / छोड़ चुका,1. I leave for work at 9. // 2. He left the office early. // 3. They have left already.,1. நான் 9 மணிக்கு வேலைக்குக் கிளம்புகிறேன். // 2. அவர் அலுவலகத்திலிருந்து சீக்கிரம் கிளம்பினார். // 3. அவர்கள் ஏற்கனவே கிளம்பிவிட்டார்கள்.,1. मैं 9 बजे काम के लिए निकलता हूँ। // 2. वह ऑफिस से जल्दी निकल गया। // 3. वे पहले ही निकल चुके हैं।
Teach / Taught / Taught,Day 8,Beginner,கற்றுக்கொடு / கற்றுக்கொடுத்தேன் / கற்றுக்கொடுத்திருக்கிறேன்,सिखाना / सिखाया / सिखा चुका,1. I teach English. // 2. She taught me math. // 3. I have taught many students.,1. நான் ஆங்கிலம் கற்பிக்கிறேன். // 2. அவள் எனக்குக் கணிதம் கற்பித்தாள். // 3. நான் பல மாணவர்களுக்குக் கற்பித்துள்ளேன்.,1. मैं अंग्रेजी पढ़ाता हूँ। // 2. उसने मुझे गणित पढ़ाया। // 3. मैं कई छात्रों को पढ़ा चुका हूँ।
Write / Wrote / Written,Day 8,Beginner,எழுது / எழுதினேன் / எழுதியுள்ளேன்,लिखना / लिखा / लिख चुका,1. I write a blog. // 2. He wrote a poem. // 3. I have written a letter.,1. நான் ஒரு வலைப்பதிவு எழுதுகிறேன். // 2. அவர் ஒரு கவிதை எழுதினார். // 3. நான் ஒரு கடிதம் எழுதியுள்ளேன்.,1. मैं एक ब्लॉग लिखता हूँ। // 2. उसने एक कविता लिखी। // 3. मैं एक पत्र लिख चुका हूँ।
Sit / Sat / Sat,Day 8,Beginner,உட்கார் / உட்கார்ந்தேன் / உட்கார்ந்திருக்கிறேன்,बैठना / बैठा / बैठ चुका,1. I sit here daily. // 2. She sat on the bench. // 3. I have sat in this chair before.,1. நான் தினமும் இங்கே அமர்கிறேன். // 2. அவள் பெஞ்சில் அமர்ந்தாள். // 3. நான் இதற்கு முன் இந்த நாற்காலியில் அமர்ந்திருக்கிறேன்.,1. मैं यहाँ रोज़ बैठता हूँ। // 2. वह बेंच पर बैठी। // 3. मैं पहले इस कुर्सी पर बैठ चुका हूँ।
Drive / Drove / Driven,Day 8,Beginner,ஓட்டு / ஓட்டினேன் / ஓட்டியுள்ளேன்,चलाना / चलाया / चला चुका,1. I drive a car. // 2. He drove to the city. // 3. I have driven a truck.,1. நான் கார் ஓட்டுகிறேன். // 2. அவர் நகரத்திற்கு கார் ஓட்டிச் சென்றார். // 3. நான் லாரி ஓட்டியிருக்கிறேன்.,1. मैं कार चलाता हूँ। // 2. वह शहर तक गाड़ी चलाकर गया। // 3. मैं ट्रक चला चुका हूँ।
Begin / Began / Begun,Day 8,Beginner,தொடங்கு / தொடங்கினேன் / தொடங்கியுள்ளேன்,शुरू करना / शुरू किया / शुरू कर चुका,1. Classes begin at 8. // 2. The show began late. // 3. The rain has begun.,1. வகுப்புகள் 8 மணிக்குத் தொடங்குகின்றன. // 2. நிகழ்ச்சி தாமதமாகத் தொடங்கியது. // 3. மழை பெய்யத் தொடங்கியுள்ளது.,1. कक्षाएं 8 बजे शुरू होती हैं। // 2. शो देर से शुरू हुआ। // 3. बारिश शुरू हो चुकी है।
Bring / Brought / Brought,Day 9,Beginner,கொண்டுவா / கொண்டுவந்தேன் / கொண்டுவந்திருக்கிறேன்,लाना / लाया / ला चुका,1. I bring my lunch. // 2. He brought a gift. // 3. I have brought the documents.,1. நான் மதிய உணவைக் கொண்டு வருகிறேன். // 2. அவர் ஒரு பரிசு கொண்டு வந்தார். // 3. நான் ஆவணங்களைக் கொண்டு வந்துள்ளேன்.,1. मैं अपना लंच लाता हूँ। // 2. वह एक उपहार लाया। // 3. मैं दस्तावेज़ ला चुका हूँ।
Sing / Sang / Sung,Day 9,Beginner,பாடு / பாடினேன் / பாடியிருக்கிறேன்,गाना / गाया / गा चुका,1. I sing in the choir. // 2. She sang a song. // 3. We have sung together before.,1. நான் பாடகர் குழுவில் பாடுகிறேன். // 2. அவள் ஒரு பாடல் பாடினாள். // 3. நாங்கள் இதற்கு முன் சேர்ந்து பாடியிருக்கிறோம்.,1. मैं गाना गाता हूँ। // 2. उसने एक गाना गाया। // 3. हम पहले साथ गा चुके हैं।
Sleep / Slept / Slept,Day 9,Beginner,தூங்கு / தூங்கினேன் / தூங்கியுள்ளேன்,सोना / सोया / सो चुका,1. I sleep at 10 PM. // 2. I slept very well. // 3. The baby has slept for hours.,1. நான் இரவு 10 மணிக்குத் தூங்குகிறேன். // 2. நான் நன்றாகத் தூங்கினேன். // 3. குழந்தை பல மணிநேரம் தூங்கியுள்ளது.,1. मैं रात 10 बजे सोता हूँ। // 2. मैं बहुत अच्छी तरह सोया। // 3. बच्चा घंटों सो चुका है।
Take / Took / Taken,Day 9,Beginner,எடு / எடுத்தேன் / எடுத்திருக்கிறேன்,लेना / लिया / ले चुका,1. I take a taxi. // 2. He took my umbrella. // 3. I have taken the medicine.,1. நான் ஒரு டாக்ஸி எடுக்கிறேன். // 2. அவர் என் குடையை எடுத்துக்கொண்டார். // 3. நான் மருந்து எடுத்துக்கொண்டேன்.,1. मैं टैक्सी लेता हूँ। // 2. उसने मेरा छाता ले लिया। // 3. मैं दवा ले चुका हूँ।
Win / Won / Won,Day 9,Beginner,வெல் / வென்றேன் / வென்றிருக்கிறேன்,जीतना / जीता / जीत चुका,1. I win often. // 2. They won the trophy. // 3. He has won the race.,1. நான் அடிக்கடி வெற்றி பெறுகிறேன். // 2. அவர்கள் கோப்பையை வென்றார்கள். // 3. அவர் பந்தயத்தில் வென்றுள்ளார்.,1. मैं अक्सर जीतता हूँ। // 2. उन्होंने ट्रॉफी जीती। // 3. वह दौड़ जीत चुका है।
Catch / Caught / Caught,Day 10,Beginner,பிடி / பிடித்தேன் / பிடித்திருக்கிறேன்,पकड़ना / पकड़ा / पकड़ चुका,1. I catch the ball. // 2. He caught a cold. // 3. The police have caught the thief.,1. நான் பந்தைப் பிடிக்கிறேன். // 2. அவருக்கு ஜலதோஷம் பிடித்தது. // 3. போலீசார் திருடனைப் பிடித்துள்ளனர்.,1. मैं गेंद पकड़ता हूँ। // 2. उसे जुकाम हो गया। // 3. पुलिस चोर को पकड़ चुकी है।
Fly / Flew / Flown,Day 10,Beginner,பற / பறந்தேன் / பறந்திருக்கிறேன்,उड़ना / उड़ा / उड़ चुका,1. Birds fly high. // 2. An airplane flew over. // 3. I have flown many times.,1. பறவைகள் உயரமாகப் பறக்கின்றன. // 2. ஒரு விமானம் மேலே பறந்தது. // 3. நான் பலமுறை விமானத்தில் பறந்துள்ளேன்.,1. पक्षी ऊँचा उड़ते हैं। // 2. एक हवाई जहाज ऊपर से उड़ा। // 3. मैं कई बार उड़ान भर चुका हूँ।
Forget / Forgot / Forgotten,Day 10,Beginner,மற / மறந்தேன் / மறந்திருக்கிறேன்,भूलना / भूला / भूल चुका,1. I forget names easily. // 2. I forgot my wallet. // 3. I have forgotten the password.,1. நான் பெயர்களை எளிதில் மறக்கிறேன். // 2. நான் என் பணப்பையை மறந்தேன். // 3. நான் கடவுச்சொல்லை மறந்துவிட்டேன்.,1. मैं नाम आसानी से भूल जाता हूँ। // 2. मैं अपना बटुआ भूल गया। // 3. मैं पासवर्ड भूल चुका हूँ।
Think / Thought / Thought,Day 10,Beginner,நினை / நினைத்தேன் / நினைத்திருக்கிறேன்,सोचना / सोचा / सोच चुका,1. I think about the future. // 2. I thought it was true. // 3. I have thought about your offer.,1. நான் எதிர்காலத்தைப் பற்றி யோசிக்கிறேன். // 2. அது உண்மை என்று நினைத்தேன். // 3. உங்கள் சலுகையைப் பற்றி நான் யோசித்துள்ளேன்.,1. मैं भविष्य के बारे में सोचता हूँ। // 2. मुझे लगा कि यह सच था। // 3. मैंने आपके प्रस्ताव के बारे में सोचा है।
Draw / Drew / Drawn,Day 10,Beginner,வரை / வரைந்தேன் / வரைந்திருக்கிறேன்,खींचना / खींचा / खींच चुका,1. I draw a picture. // 2. She drew a map. // 3. He has drawn a beautiful sketch.,1. நான் ஒரு படம் வரைகிறேன். // 2. அவள் ஒரு வரைபடம் வரைந்தாள். // 3. அவர் ஒரு அழகான ஓவியத்தை வரைந்துள்ளார்.,1. मैं एक चित्र बनाता हूँ। // 2. उसने एक नक्शा बनाया। // 3. उसने एक सुंदर चित्र बनाया है।
Ask / Asked / Asked,Day 11,Beginner,கேள் / கேட்டேன் / கேட்டிருக்கிறேன்,पूछना / पूछा / पूछ चुका,1. I ask a question. // 2. He asked for help. // 3. I have asked him already.,1. நான் ஒரு கேள்வி கேட்கிறேன். // 2. அவர் உதவி கேட்டார். // 3. நான் ஏற்கனவே அவரிடம் கேட்டுவிட்டேன்.,1. मैं एक सवाल पूछता हूँ। // 2. उसने मदद मांगी। // 3. मैं उससे पहले ही पूछ चुका हूँ।
Call / Called / Called,Day 11,Beginner,அழை / அழைத்தேன் / அழைத்திருக்கிறேன்,बुलाना / बुलाया / बुला चुका,1. I call my mother. // 2. He called me yesterday. // 3. I have called the doctor.,1. நான் என் தாயை அழைக்கிறேன். // 2. அவர் நேற்று என்னை அழைத்தார். // 3. நான் மருத்துவரை அழைத்துள்ளேன்.,1. मैं अपनी माँ को फोन करता हूँ। // 2. उसने कल मुझे फोन किया था। // 3. मैं डॉक्टर को फोन कर चुका हूँ।
Change / Changed / Changed,Day 11,Beginner,மாற்று / மாற்றினேன் / மாற்றியுள்ளேன்,बदलना / बदला / बदल चुका,1. I change my clothes. // 2. He changed his mind. // 3. The weather has changed.,1. நான் என் ஆடைகளை மாற்றுகிறேன். // 2. அவர் தன் மனதை மாற்றிக் கொண்டார். // 3. வானிலை மாறியுள்ளது.,1. मैं अपने कपड़े बदलता हूँ। // 2. उसने अपना मन बदल लिया। // 3. मौसम बदल गया है।
Clean / Cleaned / Cleaned,Day 11,Beginner,சுத்தம் செய் / சுத்தப்படுத்தினேன் / சுத்தப்படுத்தியுள்ளேன்,साफ़ करना / साफ़ किया / साफ़ कर चुका,1. I clean my room. // 2. She cleaned the kitchen. // 3. I have cleaned the windows.,1. நான் என் அறையைச் சுத்தம் செய்கிறேன். // 2. அவள் சமையலறையைச் சுத்தம் செய்தாள். // 3. நான் ஜன்னல்களைச் சுத்தம் செய்துள்ளேன்.,1. मैं अपना कमरा साफ करता हूँ। // 2. उसने रसोई साफ की। // 3. मैं खिड़कियां साफ कर चुका हूँ।
Cook / Cooked / Cooked,Day 11,Beginner,சமை / சமைத்தேன் / சமைத்திருக்கிறேன்,पकाना / पकाया / पका चुका,1. I cook dinner. // 2. He cooked a meal. // 3. I have cooked biryani.,1. நான் இரவு உணவு சமைக்கிறேன். // 2. அவர் ஒரு வேளை உணவு சமைத்தார். // 3. நான் பிரியாணி சமைத்துள்ளேன்.,1. मैं रात का खाना बनाता हूँ। // 2. उसने भोजन पकाया। // 3. मैं बिरयानी बना चुका हूँ।
Hope / Hoped / Hoped,Day 12,Beginner,நம்பு / நம்பினேன் / நம்பியுள்ளேன்,आशा करना / आशा की / आशा कर चुका,1. I hope for the best. // 2. I hoped you would come. // 3. I have always hoped for peace.,1. நான் நல்லது நடக்கும் என்று நம்புகிறேன். // 2. நீங்கள் வருவீர்கள் என்று நம்பினேன். // 3. நான் எப்போதும் அமைதிக்காகவே நம்புகிறேன்.,1. मैं अच्छे की आशा करता हूँ। // 2. मुझे आशा थी कि तुम आओगे। // 3. मैंने हमेशा शांति की आशा की है।
Live / Lived / Lived,Day 12,Beginner,வாழ் / வாழ்ந்தேன் / வாழ்ந்திருக்கிறேன்,रहना / रहा / रह चुका,1. I live in India. // 2. He lived in London. // 3. I have lived here for ten years.,1. நான் இந்தியாவில் வசிக்கிறேன். // 2. அவர் லண்டனில் வசித்தார். // 3. நான் பத்து ஆண்டுகளாக இங்கே வசிக்கிறேன்.,1. मैं भारत में रहता हूँ। // 2. वह लंदन में रहता था। // 3. मैं यहाँ दस साल से रह रहा हूँ।
Need / Needed / Needed,Day 12,Beginner,தேவைப்படு / தேவைப்பட்டேன் / தேவைப்பட்டிருக்கிறேன்,ज़रूरत होना / ज़रूरत थी / ज़रूरत हो चुकी,1. I need some help. // 2. He needed more time. // 3. I have needed a new phone for a while.,1. எனக்குச் சில உதவி தேவை. // 2. அவருக்குக் கூடுதல் நேரம் தேவைப்பட்டது. // 3. எனக்குச் சில காலமாக ஒரு புதிய போன் தேவைப்பட்டது.,1. मुझे कुछ मदद चाहिए। // 2. उसे और समय चाहिए था। // 3. मुझे कुछ समय से नए फोन की जरूरत है।
Smile / Smiled / Smiled,Day 12,Beginner,சிரி / சிரித்தேன் / சிரித்திருக்கிறேன்,मुस्कुराना / मुस्कुराया / मुस्कुरा चुका,1. I smile at everyone. // 2. She smiled at me. // 3. He has smiled for the photo.,1. நான் எல்லாரையும் பார்த்து புன்னகைக்கிறேன். // 2. அவள் என்னைப் பார்த்து புன்னகைத்தாள். // 3. அவர் புகைப்படத்திற்காகப் புன்னகைத்தார்.,1. मैं सबको देखकर मुस्कुराता हूँ। // 2. वह मुझे देखकर मुस्कुराई। // 3. वह फोटो के लिए मुस्कुराया है।
Stop / Stopped / Stopped,Day 12,Beginner,நிறுத்து / நிறுத்தினேன் / நிறுத்தியுள்ளேன்,रुकना / रुका / रुक चुका,1. I stop the car. // 2. The rain stopped. // 3. He has stopped smoking.,1. நான் காரை நிறுத்துகிறேன். // 2. மழை நின்றது. // 3. அவர் புகைபிடிப்பதை நிறுத்திவிட்டார்.,1. मैं कार रोकता हूँ। // 2. बारिश रुक गई। // 3. उसने धूम्रपान बंद कर दिया है।
Talk / Talked / Talked,Day 13,Beginner,பேசு / பேசினேன் / பேசியுள்ளேன்,बात करना / बात की / बात कर चुका,1. I talk to my friend. // 2. We talked for hours. // 3. I have talked to the manager.,1. நான் என் நண்பனிடம் பேசுகிறேன். // 2. நாங்கள் பல மணிநேரம் பேசினோம். // 3. நான் மேலாளரிடம் பேசியுள்ளேன்.,1. मैं अपने दोस्त से बात करता हूँ। // 2. हमने घंटों बात की। // 3. मैं मैनेजर से बात कर चुका हूँ।
Try / Tried / Tried,Day 13,Beginner,முயற்சி செய் / முயற்சி செய்தேன் / முயற்சி செய்திருக்கிறேன்,कोशिश करना / कोशिश की / कोशिश कर चुका,1. I try my best. // 2. I tried the cake. // 3. I have tried to call you.,1. நான் என்னால் முடிந்தவரை முயற்சி செய்கிறேன். // 2. நான் கேக்கை சுவைத்தேன் (முயற்சித்தேன்). // 3. நான் உன்னை அழைக்க முயற்சித்தேன்.,1. मैं अपनी पूरी कोशिश करता हूँ। // 2. मैंने केक चखा। // 3. मैंने तुम्हें फोन करने की कोशिश की है।
Wait / Waited / Waited,Day 13,Beginner,காத்திரு / காத்திருந்தேன் / காத்திருந்திருக்கிறேன்,इंतज़ार करना / इंतज़ार किया / इंतज़ार कर चुका,1. I wait for the bus. // 2. I waited for an hour. // 3. I have waited long enough.,1. நான் பேருந்துக்காகக் காத்திருக்கிறேன். // 2. நான் ஒரு மணிநேரம் காத்திருந்தேன். // 3. நான் போதுமான அளவு காத்திருந்தேன்.,1. मैं बस का इंतज़ार करता हूँ। // 2. मैंने एक घंटे इंतज़ार किया। // 3. मैं काफी इंतज़ार कर चुका हूँ।
Wash / Washed / Washed,Day 13,Beginner,கழுவு / கழுவினேன் / கழுவியுள்ளேன்,धोना / धोया / धो चुका,1. I wash my hands. // 2. I washed my car. // 3. I have washed the dishes.,1. நான் என் கைகளைக் கழுவுகிறேன். // 2. நான் என் காரைக் கழுவினேன். // 3. நான் பாத்திரங்களைக் கழுவினேன்.,1. मैं अपने हाथ धोता हूँ। // 2. मैंने अपनी कार धोई। // 3. मैं बर्तन धो चुका हूँ।
Help / Helped / Helped,Day 13,Beginner,உதவி செய் / உதவி செய்தேன் / உதவி செய்திருக்கிறேன்,मदद करना / मदद की / मदद कर चुका,1. I help my friends. // 2. He helped me move. // 3. I have helped them before.,1. நான் என் நண்பர்களுக்கு உதவுகிறேன். // 2. அவர் எனக்கு உதவினார். // 3. நான் அவர்களுக்கு முன்பே உதவியுள்ளேன்.,1. मैं अपने दोस्तों की मदद करता हूँ। // 2. उसने मेरी मदद की। // 3. मैं पहले उनकी मदद कर चुका हूँ।
Jump / Jumped / Jumped,Day 14,Beginner,குதி / குதித்தேன் / குதித்திருக்கிறேன்,कूदना / कूदा / कूद चुका,1. I jump over the fence. // 2. He jumped for joy. // 3. I have jumped from a height.,1. நான் வேலியின் மேல் குதிக்கிறேன். // 2. அவர் மகிழ்ச்சியில் குதித்தார். // 3. நான் உயரத்தில் இருந்து குதித்துள்ளேன்.,1. मैं बाड़ के ऊपर से कूदता हूँ। // 2. वह खुशी से उछल पड़ा। // 3. मैं ऊंचाई से कूद चुका हूँ।
Lock / Locked / Locked,Day 14,Beginner,பூட்டு / பூட்டினேன் / பூட்டியுள்ளேன்,ताला लगाना / ताला लगाया / ताला लगा चुका,1. I lock the door. // 2. She locked the office. // 3. I have locked the gate.,1. நான் கதவைப் பூட்டுகிறேன். // 2. அவள் அலுவலகத்தைப் பூட்டினாள். // 3. நான் வாயிலைப் பூட்டியுள்ளேன்.,1. मैं दरवाजा बंद (लॉक) करता हूँ। // 2. उसने ऑफिस लॉक कर दिया। // 3. मैं गेट लॉक कर चुका हूँ।
Open / Opened / Opened,Day 14,Beginner,திற / திறந்தேன் / திறந்திருக்கிறேன்,खोलना / खोला / खोल चुका,1. I open the window. // 2. He opened the gift. // 3. I have opened the mail.,1. நான் ஜன்னலைத் திறக்கிறேன். // 2. அவர் பரிசைத் திறந்தார். // 3. நான் அஞ்சலைத் திறந்தேன்.,1. मैं खिड़की खोलता हूँ। // 2. उसने उपहार खोला। // 3. मैं मेल खोल चुका हूँ।
Play / Played / Played,Day 14,Beginner,விளையாடு / விளையாடினேன் / விளையாடியுள்ளேன்,खेलना / खेला / खेल चुका,1. I play football. // 2. We played yesterday. // 3. I have played this game.,1. நான் கால்பந்து விளையாடுகிறேன். // 2. நாங்கள் நேற்று விளையாடினோம். // 3. நான் இந்த விளையாட்டை விளையாடியிருக்கிறேன்.,1. मैं फुटबॉल खेलता हूँ। // 2. हम कल खेले थे। // 3. मैं यह खेल खेल चुका हूँ।
Push / Pushed / Pushed,Day 14,Beginner,தள்ளு / தள்ளினேன் / தள்ளியுள்ளேன்,धकेलना / धकेला / धकेल चुका,1. I push the cart. // 2. He pushed the door. // 3. I have pushed my limits.,1. நான் வண்டியைத் தள்ளுகிறேன். // 2. அவர் கதவைத் தள்ளினார். // 3. நான் எனது எல்லைகளைத் தள்ளியுள்ளேன் (முயற்சித்தேன்).,1. मैं गाड़ी को धक्का देता हूँ। // 2. उसने दरवाजा धकेला। // 3. मैंने अपनी सीमाओं को आगे बढ़ाया है।
Pull / Pulled / Pulled,Day 15,Beginner,இழு / இழுத்தேன் / இழுத்திருக்கிறேன்,खींचना / खींचा / खींच चुका,1. I pull the rope. // 2. She pulled the lever. // 3. I have pulled the drawer.,1. நான் கயிற்றை இழுக்கிறேன். // 2. அவள் நெம்புகோலை இழுத்தாள். // 3. நான் டிராயரை இழுத்துள்ளேன்.,1. मैं रस्सी खींचता हूँ। // 2. उसने लीवर खींचा। // 3. मैं दराज खींच चुका हूँ।
Show / Showed / Shown,Day 15,Beginner,காட்டு / காட்டினேன் / காட்டியுள்ளேன்,दिखाना / दिखाया / दिखा चुका,1. I show the way. // 2. He showed me a photo. // 3. I have shown the tickets.,1. நான் வழியைக் காட்டுகிறேன். // 2. அவர் எனக்கு ஒரு புகைப்படத்தைக் காட்டினார். // 3. நான் டிக்கெட்டுகளைக் காட்டியுள்ளேன்.,1. मैं रास्ता दिखाता हूँ। // 2. उसने मुझे एक फोटो दिखाई। // 3. मैं टिकट दिखा चुका हूँ।
Wake / Woke / Woken,Day 15,Beginner,விழி / விழித்தேன் / விழித்திருக்கிறேன்,जागना / जागा / जाग चुका,1. I wake up early. // 2. I woke up at 7 AM. // 3. I have woken up.,1. நான் சீக்கிரம் எழுந்திருக்கிறேன். // 2. நான் காலை 7 மணிக்கு எழுந்தேன். // 3. நான் எழுந்திருக்கிறேன்.,1. मैं जल्दी जागता हूँ। // 2. मैं सुबह 7 बजे जागा। // 3. मैं जाग चुका हूँ।
Accept / Accepted / Accepted,Day 15,Beginner,ஏற்றுக்கொள் / ஏற்றுக்கொண்டேன் / ஏற்றுக்கொண்டிருக்கிறேன்,स्वीकार करना / स्वीकार किया / स्वीकार कर चुका,1. I accept the offer. // 2. She accepted the job. // 3. I have accepted my fate.,1. நான் சலுகையை ஏற்றுக்கொள்கிறேன். // 2. அவள் வேலையை ஏற்றுக்கொண்டாள். // 3. நான் என் விதியை ஏற்றுக்கொண்டேன்.,1. मैं प्रस्ताव स्वीकार करता हूँ। // 2. उसने नौकरी स्वीकार कर ली। // 3. मैं अपना भाग्य स्वीकार कर चुका हूँ।
Agree / Agreed / Agreed,Day 15,Beginner,ஒப்புக்கொள் / ஒப்புக்கொண்டேன் / ஒப்புக்கொண்டிருக்கிறேன்,सहमत होना / सहमत हुआ / सहमत हो चुका,1. I agree with you. // 2. He agreed to help. // 3. We have agreed on the terms.,1. நான் உங்களுடன் உடன்படுகிறேன். // 2. அவர் உதவ ஒப்புக்கொண்டார். // 3. நாங்கள் விதிமுறைகளை ஒப்புக்கொண்டோம்.,1. मैं आपसे सहमत हूँ। // 2. वह मदद के लिए सहमत हो गया। // 3. हम शर्तों पर सहमत हो गए हैं।
Allow / Allowed / Allowed,Day 16,Beginner,அனுமதி / அனுமதித்தேன் / அனுமதித்திருக்கிறேன்,इजाज़त देना / इजाज़त दी / इजाज़त दे चुका,1. I allow them to enter. // 2. He allowed me to go. // 3. I have allowed this once.,1. நான் அவர்களை உள்ளே நுழைய அனுமதிக்கிறேன். // 2. அவர் என்னைச் செல்ல அனுமதித்தார். // 3. நான் ஒருமுறை இதை அனுமதித்தேன்.,1. मैं उन्हें प्रवेश करने की अनुमति देता हूँ। // 2. उसने मुझे जाने की अनुमति दी। // 3. मैंने एक बार इसकी अनुमति दी है।
Finish / Finished / Finished,Day 16,Beginner,முடி / முடித்தேன் / முடித்திருக்கிறேன்,खत्म करना / खत्म किया / खत्म कर चुका,1. I finish my work. // 2. He finished the race. // 3. I have finished dinner.,1. நான் என் வேலையை முடிக்கிறேன். // 2. அவர் பந்தயத்தை முடித்தார். // 3. நான் இரவு உணவை முடித்துவிட்டேன்.,1. मैं अपना काम खत्म करता हूँ। // 2. उसने दौड़ पूरी की। // 3. मैं रात का खाना खत्म कर चुका हूँ।
Join / Joined / Joined,Day 16,Beginner,சேர் / சேர்ந்தேன் / சேர்ந்திருக்கிறேன்,शामिल होना / शामिल हुआ / शामिल हो चुका,1. I join the club. // 2. He joined the army. // 3. I have joined the meeting.,1. நான் கிளப்பில் சேருகிறேன். // 2. அவர் ராணுவத்தில் சேர்ந்தார். // 3. நான் கூட்டத்தில் இணைந்துள்ளேன்.,1. मैं क्लब में शामिल होता हूँ। // 2. वह सेना में शामिल हो गया। // 3. मैं मीटिंग में शामिल हो चुका हूँ।
Learn / Learned / Learned,Day 16,Beginner,கற்றுக்கொள் / கற்றுக்கொண்டேன் / கற்றுக்கொண்டிருக்கிறேன்,सीखना / सीखा / सीख चुका,1. I learn new things. // 2. He learned to drive. // 3. I have learned my lesson.,1. நான் புதிய விஷயங்களைக் கற்றுக்கொள்கிறேன். // 2. அவர் கார் ஓட்ட கற்றுக்கொண்டார். // 3. நான் பாடம் கற்றுக்கொண்டேன்.,1. मैं नई चीजें सीखता हूँ। // 2. उसने गाड़ी चलाना सीखा। // 3. मैं अपना सबक सीख चुका हूँ।
Avoid / Avoided / Avoided,Day 16,Beginner,தவிர் / தவிர்த்தேன் / தவிர்த்திருக்கிறேன்,बचना / बचा / बच चुका,1. I avoid junk food. // 2. He avoided the accident. // 3. I have avoided him lately.,1. நான் துரித உணவைத் தவிர்க்கிறேன். // 2. அவர் விபத்தைத் தவிர்த்தார். // 3. நான் சமீபத்தில் அவரைத் தவிர்த்து வருகிறேன்.,1. मैं जंक फूड से बचता हूँ। // 2. उसने दुर्घटना को टाल दिया। // 3. मैं हाल ही में उससे बच रहा हूँ।
Copy / Copied / Copied,Day 17,Beginner,நகலெடு / நகலெடுத்தேன் / நகலெடுத்திருக்கிறேன்,नकल करना / नकल की / नकल कर चुका,1. I copy the notes. // 2. She copied the file. // 3. He has copied my style.,1. நான் குறிப்புகளை நகலெடுக்கிறேன். // 2. அவள் கோப்பை நகலெடுத்தாள். // 3. அவர் எனது பாணியை நகலெடுத்துள்ளார்.,1. मैं नोट्स कॉपी करता हूँ। // 2. उसने फ़ाइल कॉपी की। // 3. उसने मेरी शैली की नकल की है।
Complain / Complained / Complained,Day 17,Beginner,புகார் செய் / செய்தேன் / செய்திருக்கிறேன்,शिकायत करना / शिकायत की / शिकायत कर चुका,1. I complain about noise. // 2. He complained to the boss. // 3. I have complained before.,1. நான் சத்தம் பற்றி புகார் செய்கிறேன். // 2. அவர் முதலாளியிடம் புகார் செய்தார். // 3. நான் ஏற்கனவே புகார் அளித்துள்ளேன்.,1. मैं शोर की शिकायत करता हूँ। // 2. उसने बॉस से शिकायत की। // 3. मैं पहले भी शिकायत कर चुका हूँ।
Decide / Decided / Decided,Day 17,Beginner,முடிவெடு / முடிவெடுத்தேன் / முடிவெடுத்திருக்கிறேன்,फैसला करना / फैसला किया / फैसला कर चुका,1. I decide what to wear. // 2. She decided to stay. // 3. I have decided to quit.,1. எதை அணிவது என்று நான் முடிவு செய்கிறேன். // 2. அவள் அங்கேயே தங்குவதற்கு முடிவு செய்தாள். // 3. நான் விலக முடிவு செய்துள்ளேன்.,1. मैं तय करता हूँ कि क्या पहनना है। // 2. उसने रुकने का फैसला किया। // 3. मैंने छोड़ने का फैसला किया है।
Disturb / Disturbed / Disturbed,Day 17,Beginner,தொந்தரவு செய் / செய்தேன் / செய்திருக்கிறேன்,परेशान करना / किया / कर चुका,1. I disturb no one. // 2. He disturbed my sleep. // 3. I have disturbed you enough.,1. நான் யாரையும் தொந்தரவு செய்யவில்லை. // 2. அவர் என் தூக்கத்தைக் கலைத்தார். // 3. நான் உங்களை போதுமான அளவு தொந்தரவு செய்துள்ளேன்.,1. मैं किसी को परेशान नहीं करता। // 2. उसने मेरी नींद खराब की। // 3. मैंने आपको काफी परेशान किया है।
Identify / Identified / Identified,Day 17,Beginner,அடையாளம் காண் / கண்டேன் / கண்டிருக்கிறேன்,पहचानना / पहचाना / पहचान चुका,1. I identify the suspect. // 2. He identified the bird. // 3. I have identified the problem.,1. நான் சந்தேக நபரை அடையாளம் காண்கிறேன். // 2. அவர் பறவையை அடையாளம் காட்டினார். // 3. நான் சிக்கலை அடையாளம் கண்டுள்ளேன்.,1. मैं संदिग्ध की पहचान करता हूँ। // 2. उसने पक्षी की पहचान की। // 3. मैंने समस्या की पहचान कर ली है।
Measure / Measured / Measured,Day 18,Beginner,அளவிடு / அளவிட்டேன் / அளவிட்டிருக்கிறேன்,मापना / मापा / माप चुका,1. I measure the room. // 2. He measured the table. // 3. I have measured the ingredients.,1. நான் அறையை அளக்கிறேன். // 2. அவர் மேசையை அளந்தார். // 3. நான் பொருட்களை அளந்துள்ளேன்.,1. मैं कमरा मापता हूँ। // 2. उसने मेज मापी। // 3. मैं सामग्री माप चुका हूँ।
Obey / Obeyed / Obeyed,Day 18,Beginner,கீழ்ப்படி / கீழ்ப்படிந்தேன் / கீழ்ப்படிந்திருக்கிறேன்,आज्ञा मानना / मानी / मान चुका,1. I obey the rules. // 2. He obeyed his parents. // 3. I have obeyed every order.,1. நான் விதிகளுக்குக் கீழ்ப்படிகிறேன். // 2. அவர் தனது பெற்றோருக்குக் கீழ்ப்படிந்தார். // 3. நான் ஒவ்வொரு உத்தரவுக்கும் கீழ்ப்படிந்துள்ளேன்.,1. मैं नियमों का पालन करता हूँ। // 2. उसने अपने माता-पिता की आज्ञा मानी। // 3. मैंने हर आदेश का पालन किया है।
Pass / Passed / Passed,Day 18,Beginner,கடந்து செல் / சென்றேன் / சென்றிருக்கிறேன்,गुज़रना / गुज़रा / गुज़र चुका,1. I pass the exam. // 2. He passed the ball. // 3. I have passed the test.,1. நான் தேர்வில் தேர்ச்சி பெறுகிறேன். // 2. அவர் பந்தைக் கொடுத்தார் (பாஸ் செய்தார்). // 3. நான் தேர்வில் தேர்ச்சி பெற்றுவிட்டேன்.,1. मैं परीक्षा पास करता हूँ। // 2. उसने गेंद पास की। // 3. मैं टेस्ट पास कर चुका हूँ।
Require / Required / Required,Day 18,Beginner,தேவைப்படு / தேவைப்பட்டேன் / தேவைப்பட்டிருக்கிறேன்,आवश्यकता होना / हुई / हो चुकी,1. I require your help. // 2. It required effort. // 3. I have required more staff.,1. எனக்கு உங்கள் உதவி தேவை. // 2. அதற்கு முயற்சி தேவைப்பட்டது. // 3. எனக்கு அதிக ஊழியர்கள் தேவைப்பட்டனர்.,1. मुझे आपकी मदद की आवश्यकता है। // 2. इसमें मेहनत की जरूरत थी। // 3. मुझे और स्टाफ की आवश्यकता पड़ी है।
Suggest / Suggested / Suggested,Day 18,Beginner,பரிந்துரை செய் / செய்தேன் / செய்திருக்கிறேன்,सुझाव देना / दिया / दे चुका,1. I suggest a plan. // 2. He suggested a movie. // 3. I have suggested this before.,1. நான் ஒரு திட்டத்தைப் பரிந்துரைக்கிறேன். // 2. அவர் ஒரு படத்தைப் பரிந்துரைத்தார். // 3. நான் ஏற்கனவே இதைப் பரிந்துரைத்துள்ளேன்.,1. मैं एक योजना का सुझाव देता हूँ। // 2. उसने एक फिल्म का सुझाव दिया। // 3. मैंने पहले भी इसका सुझाव दिया है।
Taste / Tasted / Tasted,Day 19,Beginner,சுவை / சுவைத்தேன் / சுவைத்திருக்கிறேன்,स्वाद लेना / लिया / ले चुका,1. I taste the soup. // 2. She tasted the food. // 3. I have tasted this before.,1. நான் சூப்பைச் சுவைக்கிறேன். // 2. அவள் உணவைச் சுவைத்தாள். // 3. நான் இதை முன்பே சுவைத்துள்ளேன்.,1. मैं सूप चखता हूँ। // 2. उसने खाना चखा। // 3. मैं इसे पहले चख चुका हूँ।
Welcome / Welcomed / Welcomed,Day 19,Beginner,வரவேற்பு கொடு / கொடுத்தேன் / கொடுத்திருக்கிறேன்,स्वागत करना / किया / कर चुका,1. I welcome you home. // 2. He welcomed the guests. // 3. I have welcomed the change.,1. நான் உங்களை வீட்டிற்கு வரவேற்கிறேன். // 2. அவர் விருந்தினர்களை வரவேற்றார். // 3. நான் மாற்றத்தை வரவேற்றுள்ளேன்.,1. मैं आपका घर पर स्वागत करता हूँ। // 2. उसने मेहमानों का स्वागत किया। // 3. मैंने बदलाव का स्वागत किया है।
Invite / Invited / Invited,Day 19,Beginner,அழை / அழைத்தேன் / அழைத்திருக்கிறேன்,आमंत्रित करना / किया / कर चुका,1. I invite my friends. // 2. He invited me to dinner. // 3. I have invited everyone.,1. நான் என் நண்பர்களை அழைக்கிறேன். // 2. அவர் என்னை இரவு உணவிற்கு அழைத்தார். // 3. நான் அனைவரையும் அழைத்துள்ளேன்.,1. मैं अपने दोस्तों को आमंत्रित करता हूँ। // 2. उसने मुझे रात के खाने पर बुलाया। // 3. मैं सबको आमंत्रित कर चुका हूँ।
Prepare / Prepared / Prepared,Day 19,Beginner,தயார் செய் / செய்தேன் / செய்திருக்கிறேன்,तैयार करना / किया / कर चुका,1. I prepare for exams. // 2. She prepared a meal. // 3. I have prepared the report.,1. நான் தேர்வுகளுக்குத் தயாராகிறேன். // 2. அவள் உணவு தயாரித்தாள். // 3. நான் அறிக்கையைத் தயாரித்துள்ளேன்.,1. मैं परीक्षा की तैयारी करता हूँ। // 2. उसने भोजन तैयार किया। // 3. मैं रिपोर्ट तैयार कर चुका हूँ।
Enjoy / Enjoyed / Enjoyed,Day 19,Beginner,மகிழ் / மகிழ்ந்தேன் / மகிழ்ந்திருக்கிறேன்,आनंद लेना / लिया / ले चुका,1. I enjoy the music. // 2. He enjoyed the trip. // 3. I have enjoyed my stay.,1. நான் இசையை ரசிக்கிறேன். // 2. அவர் பயணத்தை ரசித்தார். // 3. நான் தங்கியிருந்ததை ரசித்தேன்.,1. मैं संगीत का आनंद लेता हूँ। // 2. उसने यात्रा का आनंद लिया। // 3. मैंने अपने प्रवास का आनंद लिया है।
Imagine / Imagined / Imagined,Day 20,Beginner,கற்பனை செய் / செய்தேன் / செய்திருக்கிறேன்,कल्पना करना / की / कर चुका,1. I imagine the future. // 2. He imagined a dragon. // 3. I have imagined this moment.,1. நான் எதிர்காலத்தை கற்பனை செய்கிறேன். // 2. அவர் ஒரு டிராகனை கற்பனை செய்தார். // 3. நான் இந்த தருணத்தை கற்பனை செய்திருக்கிறேன்.,1. मैं भविष्य की कल्पना करता हूँ। // 2. उसने एक ड्रैगन की कल्पना की। // 3. मैंने इस पल की कल्पना की है।
Inform / Informed / Informed,Day 20,Beginner,தகவல் கொடு / கொடுத்தேன் / கொடுத்திருக்கிறேன்,सूचित करना / किया / कर चुका,1. I inform the police. // 2. He informed the team. // 3. I have informed them already.,1. நான் போலீசாருக்குத் தகவல் தெரிவிக்கிறேன். // 2. அவர் குழுவிற்குத் தகவல் தெரிவித்தார். // 3. நான் ஏற்கனவே அவர்களுக்குத் தகவல் தெரிவித்துள்ளேன்.,1. मैं पुलिस को सूचित करता हूँ। // 2. उसने टीम को सूचित किया। // 3. मैं उन्हें पहले ही सूचित कर चुका हूँ।
Support / Supported / Supported,Day 20,Beginner,ஆதரி / ஆதரித்தேன் / ஆதரித்திருக்கிறேன்,समर्थन करना / किया / कर चुका,1. I support my family. // 2. He supported the idea. // 3. I have supported this cause.,1. நான் என் குடும்பத்தை ஆதரிக்கிறேன். // 2. அவர் யோசனையை ஆதரித்தார். // 3. நான் இந்த நோக்கத்தை ஆதரித்துள்ளேன்.,1. मैं अपने परिवार का समर्थन करता हूँ। // 2. उसने विचार का समर्थन किया। // 3. मैंने इस कार्य का समर्थन किया है।
Travel / Traveled / Traveled,Day 20,Beginner,பயணம் செய் / செய்தேன் / செய்திருக்கிறேன்,यात्रा करना / की / कर चुका,1. I travel by bus. // 2. He traveled to Japan. // 3. I have traveled a lot.,1. நான் பேருந்தில் பயணம் செய்கிறேன். // 2. அவர் ஜப்பானுக்குப் பயணம் செய்தார். // 3. நான் நிறைய பயணம் செய்துள்ளேன்.,1. मैं बस से यात्रा करता हूँ। // 2. उसने जापान की यात्रा की। // 3. मैंने बहुत यात्रा की है।
Visit / Visited / Visited,Day 20,Beginner,பார்வையிடு / பார்வையிட்டேன் / பார்வையிட்டிருக்கிறேன்,दौरा करना / किया / कर चुका,1. I visit my village. // 2. She visited the museum. // 3. I have visited Delhi.,1. நான் என் கிராமத்திற்குச் செல்கிறேன். // 2. அவள் அருங்காட்சியகத்தைப் பார்வையிட்டாள். // 3. நான் டெல்லிக்குச் சென்றுள்ளேன்.,1. मैं अपने गाँव जाता हूँ। // 2. उसने संग्रहालय का दौरा किया। // 3. मैं दिल्ली जा चुका हूँ।
Watch / Watched / Watched,Day 21,Beginner,பார் / பார்த்தேன் / பார்த்திருக்கிறேன்,देखना / देखा / देख चुका,1. I watch TV. // 2. He watched a movie. // 3. I have watched this show.,1. நான் டிவி பார்க்கிறேன். // 2. அவர் ஒரு படம் பார்த்தார். // 3. நான் இந்த நிகழ்ச்சியைப் பார்த்திருக்கிறேன்.,1. मैं टीवी देखता हूँ। // 2. उसने एक फिल्म देखी। // 3. मैं यह शो देख चुका हूँ।
Wish / Wished / Wished,Day 21,Beginner,விரும்பு / விரும்பினேன் / விரும்பியுள்ளேன்,चाहना / चाहा / चाह चुका,1. I wish you luck. // 2. He wished for rain. // 3. I have wished this for years.,1. நான் உங்களுக்கு நல்வாழ்த்துக்கள் கூறுகிறேன். // 2. அவர் மழை வேண்டி விரும்பினார். // 3. நான் பல ஆண்டுகளாக இதை விரும்பினேன்.,1. मैं आपके सौभाग्य की कामना करता हूँ। // 2. उसने बारिश की कामना की। // 3. मैंने सालों से यही चाहा है।
Wipe / Wiped / Wiped,Day 21,Beginner,துடை / துடைத்தேன் / துடைத்திருக்கிறேன்,पोंछना / पोंछा / पोंछ चुका,1. I wipe the table. // 2. He wiped the floor. // 3. I have wiped my glasses.,1. நான் மேசையைத் துடைக்கிறேன். // 2. அவர் தரையைத் துடைத்தார். // 3. நான் என் கண்ணாடியைத் துடைத்துள்ளேன்.,1. मैं मेज पोंछता हूँ। // 2. उसने फर्श पोंछा। // 3. मैं अपना चश्मा पोंछ चुका हूँ।
Check / Checked / Checked,Day 21,Beginner,சரிபார் / பார்த்தேன் / பார்த்திருக்கிறேன்,जाँच करना / की / कर चुका,1. I check the price. // 2. He checked the time. // 3. I have checked the list.,1. நான் விலையைச் சரிபார்க்கிறேன். // 2. அவர் நேரத்தைச் சரிபார்த்தார். // 3. நான் பட்டியலைச் சரிபார்த்தேன்.,1. मैं कीमत की जाँच करता हूँ। // 2. उसने समय की जाँच की। // 3. मैं सूची की जाँच कर चुका हूँ।
Choose / Chose / Chosen,Day 21,Beginner,தேர்ந்தெடு / தேர்ந்தெடுத்தேன் / தேர்ந்தெடுத்திருக்கிறேன்,चुनना / चुना / चुन चुका,1. I choose a color. // 2. He chose the red car. // 3. I have chosen my path.,1. நான் ஒரு நிறத்தைத் தேர்ந்தெடுக்கிறேன். // 2. அவர் சிவப்பு காரைத் தேர்ந்தெடுத்தார். // 3. நான் எனது பாதையைத் தேர்ந்தெடுத்துள்ளேன்.,1. मैं एक रंग चुनता हूँ। // 2. उसने लाल कार चुनी। // 3. मैंने अपना रास्ता चुन लिया है।
Climb / Climbed / Climbed,Day 22,Beginner,ஏறு / ஏறினேன் / ஏறியிருக்கிறேன்,चढ़ना / चढ़ा / चढ़ चुका,1. I climb the stairs. // 2. He climbed the hill. // 3. I have climbed this mountain.,1. நான் படிக்கட்டுகளில் ஏறுகிறேன். // 2. அவர் குன்றின் மேல் ஏறினார். // 3. நான் இந்த மலையில் ஏறியுள்ளேன்.,1. मैं सीढ़ियाँ चढ़ता हूँ। // 2. वह पहाड़ी पर चढ़ा। // 3. मैं इस पहाड़ पर चढ़ चुका हूँ।
Collect / Collected / Collected,Day 22,Beginner,சேகரி / சேகரித்தேன் / சேகரித்திருக்கிறேன்,इकट्ठा करना / किया / कर चुका,1. I collect coins. // 2. She collected the mail. // 3. I have collected my thoughts.,1. நான் நாணயங்களைச் சேகரிக்கிறேன். // 2. அவள் அஞ்சல்களைச் சேகரித்தாள். // 3. நான் எனது எண்ணங்களைச் சேகரித்துள்ளேன்.,1. मैं सिक्के जमा करता हूँ। // 2. उसने मेल इकट्ठा किया। // 3. मैंने अपने विचार इकट्ठे कर लिए हैं।
Compare / Compared / Compared,Day 22,Beginner,ஒப்பிடு / ஒப்பிட்டேன் / ஒப்பிட்டிருக்கிறேன்,तुलना करना / की / कर चुका,1. I compare the two. // 2. He compared the prices. // 3. I have compared both plans.,1. நான் இரண்டையும் ஒப்பிடுகிறேன். // 2. அவர் விலைகளை ஒப்பிட்டார். // 3. நான் இரண்டு திட்டங்களையும் ஒப்பிட்டுள்ளேன்.,1. मैं दोनों की तुलना करता हूँ। // 2. उसने कीमतों की तुलना की। // 3. मैंने दोनों योजनाओं की तुलना की है।
Confirm / Confirmed / Confirmed,Day 22,Beginner,உறுதிப்படுத்து / உறுதிப்படுத்தினேன் / உறுதிப்படுத்தியுள்ளேன்,पुष्टि करना / की / कर चुका,1. I confirm the date. // 2. He confirmed the order. // 3. I have confirmed my flight.,1. நான் தேதியை உறுதிப்படுத்துகிறேன். // 2. அவர் ஆர்டரை உறுதிப்படுத்தினார். // 3. நான் எனது விமானப் பயணத்தை உறுதிப்படுத்தியுள்ளேன்.,1. मैं तारीख की पुष्टि करता हूँ। // 2. उसने ऑर्डर की पुष्टि की। // 3. मैंने अपनी उड़ान की पुष्टि कर दी है।
Connect / Connected / Connected,Day 22,Beginner,இணை / இணைத்தேன் / இணைத்திருக்கிறேன்,जोड़ना / जोड़ा / जोड़ चुका,1. I connect the wires. // 2. He connected with me. // 3. I have connected the dots.,1. நான் கம்பிகளை இணைக்கிறேன். // 2. அவர் என்னுடன் தொடர்பு கொண்டார். // 3. நான் புள்ளிகளை இணைத்துள்ளேன்.,1. मैं तार जोड़ता हूँ। // 2. वह मुझसे जुड़ा। // 3. मैंने कड़ियों को जोड़ा है।
Continue / Continued / Continued,Day 23,Beginner,தொடரு / தொடர்ந்தேன் / தொடர்ந்திருக்கிறேன்,जारी रखना / रखा / रख चुका,1. I continue the work. // 2. The rain continued. // 3. I have continued my studies.,1. நான் வேலையைத் தொடர்கிறேன். // 2. மழை தொடர்ந்தது. // 3. நான் எனது படிப்பைத் தொடர்ந்துள்ளேன்.,1. मैं काम जारी रखता हूँ। // 2. बारिश जारी रही। // 3. मैंने अपनी पढ़ाई जारी रखी है।
Count / Counted / Counted,Day 23,Beginner,எண்ணு / எண்ணினேன் / எண்ணியுள்ளேன்,गिनना / गिना / गिन चुका,1. I count the money. // 2. He counted the boxes. // 3. I have counted the days.,1. நான் பணத்தை எண்ணுகிறேன். // 2. அவர் பெட்டிகளை எண்ணினார். // 3. நான் நாட்களை எண்ணியுள்ளேன்.,1. मैं पैसे गिनता हूँ। // 2. उसने बक्से गिने। // 3. मैं दिन गिन चुका हूँ।
Create / Created / Created,Day 23,Beginner,உருவாக்கு / உருவாக்கினேன் / உருவாக்கியுள்ளேன்,बनाना / बनाया / बना चुका,1. I create art. // 2. He created a website. // 3. I have created a profile.,1. நான் கலையை உருவாக்குகிறேன். // 2. அவர் ஒரு இணையதளத்தை உருவாக்கினார். // 3. நான் ஒரு சுயவிவரத்தை உருவாக்கியுள்ளேன்.,1. मैं कला बनाता हूँ। // 2. उसने एक वेबसाइट बनाई। // 3. मैंने एक प्रोफाइल बनाई है।
Deliver / Delivered / Delivered,Day 23,Beginner,வழங்கு / வழங்கினேன் / வழங்கியுள்ளேன்,पहुँचाना / पहुँचाया / पहुँचा चुका,1. I deliver letters. // 2. He delivered the food. // 3. I have delivered the news.,1. நான் கடிதங்களை விநியோகிக்கிறேன். // 2. அவர் உணவை வழங்கினார். // 3. நான் செய்தியை வழங்கியுள்ளேன்.,1. मैं पत्र पहुँचाता हूँ। // 2. उसने भोजन पहुँचाया। // 3. मैंने खबर पहुँचा दी है।
Describe / Described / Described,Day 23,Beginner,விவரி / விவரித்தேன் / விவரித்திருக்கிறேன்,वर्णन करना / किया / कर चुका,1. I describe the scene. // 2. He described the man. // 3. I have described the plan.,1. நான் காட்சியை விவரிக்கிறேன். // 2. அவர் மனிதரை விவரித்தார். // 3. நான் திட்டத்தை விவரித்துள்ளேன்.,1. मैं दृश्य का वर्णन करता हूँ। // 2. उसने उस आदमी का वर्णन किया। // 3. मैंने योजना का वर्णन किया है।
Design / Designed / Designed,Day 24,Beginner,வடிவமை / வடிவமைத்தேன் / வடிவமைத்திருக்கிறேன்,डिज़ाइन करना / किया / कर चुका,1. I design clothes. // 2. She designed the logo. // 3. I have designed the house.,1. நான் ஆடைகளை வடிவமைக்கிறேன். // 2. அவள் லோகோவை வடிவமைத்தாள். // 3. நான் வீட்டை வடிவமைத்துள்ளேன்.,1. मैं कपड़े डिजाइन करता हूँ। // 2. उसने लोगो डिजाइन किया। // 3. मैंने घर डिजाइन किया है।
Destroy / Destroyed / Destroyed,Day 24,Beginner,அழி / அழித்தேன் / அழித்திருக்கிறேன்,नष्ट करना / किया / कर चुका,1. Ants destroy food. // 2. War destroyed the city. // 3. I have destroyed the proof.,1. எறும்புகள் உணவை அழிக்கின்றன. // 2. போர் நகரத்தை அழித்தது. // 3. நான் ஆதாரத்தை அழித்துவிட்டேன்.,1. चींटियाँ भोजन नष्ट कर देती हैं। // 2. युद्ध ने शहर को नष्ट कर दिया। // 3. मैंने सबूत नष्ट कर दिया है।
Discover / Discovered / Discovered,Day 24,Beginner,கண்டுபிடி / கண்டுபிடித்தேன் / கண்டுபிடித்திருக்கிறேன்,खोजना / खोजा / खोज चुका,1. I discover new ideas. // 2. He discovered a cave. // 3. I have discovered the truth.,1. நான் புதிய யோசனைகளைக் கண்டறிகிறேன். // 2. அவர் ஒரு குகையைக் கண்டுபிடித்தார். // 3. நான் உண்மையை கண்டுபிடித்துள்ளேன்.,1. मैं नए विचारों की खोज करता हूँ। // 2. उसने एक गुफा की खोज की। // 3. मैंने सच्चाई का पता लगा लिया है।
Discuss / Discussed / Discussed,Day 24,Beginner,விவாதி / விவாதித்தேன் / விவாதித்திருக்கிறேன்,चर्चा करना / की / कर चुका,1. I discuss the issue. // 2. They discussed the game. // 3. I have discussed the price.,1. நான் பிரச்சனையைப் பற்றி விவாதிக்கிறேன். // 2. அவர்கள் விளையாட்டைப் பற்றி விவாதித்தனர். // 3. நான் விலையைப் பற்றி விவாதித்தேன்.,1. मैं मुद्दे पर चर्चा करता हूँ। // 2. उन्होंने खेल पर चर्चा की। // 3. मैंने कीमत पर चर्चा की है।
Divide / Divided / Divided,Day 24,Beginner,பிரி / பிரித்தேன் / பிரித்திருக்கிறேன்,बांटना / बांटा / बांट चुका,1. I divide the cake. // 2. He divided the tasks. // 3. I have divided the money.,1. நான் கேக்கை பிரிக்கிறேன். // 2. அவர் பணிகளைப் பிரித்தார். // 3. நான் பணத்தைப் பிரித்துள்ளேன்.,1. मैं केक बांटता हूँ। // 2. उसने कार्यों को विभाजित किया। // 3. मैंने पैसे बांट दिए हैं।
Dream / Dreamed / Dreamed,Day 25,Beginner,கனவு காண் / கண்டேன் / கண்டிருக்கிறேன்,सपना देखना / देखा / देख चुका,1. I dream big. // 2. He dreamed of flying. // 3. I have dreamed of this day.,1. நான் பெரிய கனவு காண்கிறேன். // 2. அவர் பறப்பதைப் போல கனவு கண்டார். // 3. நான் இந்த நாளைப் பற்றி கனவு கண்டுள்ளேன்.,1. मैं बड़े सपने देखता हूँ। // 2. उसने उड़ने का सपना देखा। // 3. मैंने इस दिन का सपना देखा है।
Earn / Earned / Earned,Day 25,Beginner,சம்பாதி / சம்பாதித்தேன் / சம்பாதித்திருக்கிறேன்,कमाना / कमाया / कमा चुका,1. I earn money. // 2. He earned a degree. // 3. I have earned your trust.,1. நான் பணம் சம்பாதிக்கிறேன். // 2. அவர் ஒரு பட்டம் பெற்றார் (சம்பாதித்தார்). // 3. நான் உங்கள் நம்பிக்கையைப் பெற்றுள்ளேன்.,1. मैं पैसा कमाता हूँ। // 2. उसने डिग्री हासिल की। // 3. मैंने आपका विश्वास कमाया है।
Eat / Ate / Eaten,Day 25,Beginner,சாப்பிடு / சாப்பிட்டேன் / சாப்பிட்டிருக்கிறேன்,खाना / खाया / खा चुका,1. I eat an orange. // 2. He ate lunch. // 3. I have eaten already.,1. நான் ஒரு ஆரஞ்சு சாப்பிடுகிறேன். // 2. அவர் மதிய உணவு சாப்பிட்டார். // 3. நான் ஏற்கனவே சாப்பிட்டுவிட்டேன்.,1. मैं एक संतरा खाता हूँ। // 2. उसने दोपहर का भोजन किया। // 3. मैं पहले ही खा चुका हूँ।
Empty / Emptied / Emptied,Day 25,Beginner,காலி செய் / செய்தேன் / செய்திருக்கிறேன்,खाली करना / किया / कर चुका,1. I empty the bin. // 2. He emptied his pocket. // 3. I have emptied the room.,1. நான் தொட்டியை காலி செய்கிறேன். // 2. அவர் தனது பாக்கெட்டை காலி செய்தார். // 3. நான் அறையை காலி செய்துவிட்டேன்.,1. मैं कूड़ेदान खाली करता हूँ। // 2. उसने अपनी जेब खाली की। // 3. मैंने कमरा खाली कर दिया है।
Enter / Entered / Entered,Day 25,Beginner,நுழை / நுழைந்தேன் / நுழைந்திருக்கிறேன்,प्रवेश करना / किया / कर चुका,1. I enter the room. // 2. He entered the hall. // 3. I have entered the data.,1. நான் அறைக்குள் நுழைகிறேன். // 2. அவர் மண்டபத்திற்குள் நுழைந்தார். // 3. நான் தரவை உள்ளிட்டுள்ளேன்.,1. मैं कमरे में प्रवेश करता हूँ। // 2. उसने हॉल में प्रवेश किया। // 3. मैंने डेटा दर्ज कर दिया है।
Escape / Escaped / Escaped,Day 26,Beginner,தப்பி / தப்பித்தேன் / தப்பித்திருக்கிறேன்,भागना / भागा / भाग चुका,1. I escape the heat. // 2. He escaped from jail. // 3. I have escaped death.,1. நான் வெப்பத்திலிருந்து தப்பிக்கிறேன். // 2. அவர் சிறையிலிருந்து தப்பினார். // 3. நான் மரணத்திலிருந்து தப்பினேன்.,1. मैं गर्मी से बचता हूँ। // 2. वह जेल से भाग गया। // 3. मैं मौत से बच निकला हूँ।
Exercise / Exercised / Exercised,Day 26,Beginner,உடற்பயிற்சி செய் / செய்தேன் / செய்திருக்கிறேன்,व्यायाम करना / किया / कर चुका,1. I exercise daily. // 2. He exercised at the gym. // 3. I have exercised for an hour.,1. நான் தினமும் உடற்பயிற்சி செய்கிறேன். // 2. அவர் ஜிம்மில் உடற்பயிற்சி செய்தார். // 3. நான் ஒரு மணிநேரம் உடற்பயிற்சி செய்துள்ளேன்.,1. मैं रोज़ाना व्यायाम करता हूँ। // 2. उसने जिम में व्यायाम किया। // 3. मैंने एक घंटे तक व्यायाम किया है।
Expect / Expected / Expected,Day 26,Beginner,எதிர்பார்ப்பது / எதிர்பார்த்தேன் / எதிர்பார்த்திருக்கிறேன்,उम्मीद करना / की / कर चुका,1. I expect results. // 2. He expected a call. // 3. I have expected you.,1. நான் முடிவுகளை எதிர்பார்க்கிறேன். // 2. அவர் ஒரு அழைப்பை எதிர்பார்த்தார். // 3. நான் உன்னை எதிர்பார்த்தேன்.,1. मैं परिणामों की अपेक्षा करता हूँ। // 2. उसे कॉल की उम्मीद थी। // 3. मुझे तुम्हारी उम्मीद थी।
Fail / Failed / Failed,Day 26,Beginner,தோல்வியடை / தோல்வியடைந்தேன் / தோல்வியடைந்திருக்கிறேன்,असफल होना / हुआ / हो चुका,1. I fail the test. // 2. He failed to arrive. // 3. I have failed before.,1. நான் தேர்வில் தோல்வியடைகிறேன். // 2. அவர் வரத் தவறினார். // 3. நான் முன்பே தோல்வியடைந்துள்ளேன்.,1. मैं परीक्षा में फेल हो जाता हूँ। // 2. वह आने में विफल रहा। // 3. मैं पहले भी असफल हो चुका हूँ।
Fill / Filled / Filled,Day 26,Beginner,நிரப்பு / நிரப்பினேன் / நிரப்பியுள்ளேன்,भरना / भरा / भर चुका,1. I fill the bottle. // 2. He filled the bucket. // 3. I have filled the form.,1. நான் பாட்டிலை நிரப்புகிறேன். // 2. அவர் வாளியை நிரப்பினார். // 3. நான் படிவத்தை நிரப்பியுள்ளேன்.,1. मैं बोतल भरता हूँ। // 2. उसने बाल्टी भरी। // 3. मैंने फॉर्म भर दिया है।
Follow / Followed / Followed,Day 27,Beginner,பின்பற்று / பின்பற்றினேன் / பின்பற்றியுள்ளேன்,पीछा करना / किया / कर चुका,1. I follow the map. // 2. He followed me home. // 3. I have followed instructions.,1. நான் வரைபடத்தைப் பின்பற்றுகிறேன். // 2. அவர் என்னைப் பின்தொடர்ந்து வீட்டிற்கு வந்தார். // 3. நான் வழிமுறைகளைப் பின்பற்றினேன்.,1. मैं नक्शे का पालन करता हूँ। // 2. वह मेरे पीछे घर तक आया। // 3. मैंने निर्देशों का पालन किया है।
Forgive / Forgave / Forgiven,Day 27,Beginner,மன்னி / மன்னித்தேன் / மன்னித்திருக்கிறேன்,क्षमा करना / की / कर चुका,1. I forgive everyone. // 2. He forgave his friend. // 3. I have forgiven him.,1. நான் எல்லாரையும் மன்னிக்கிறேன். // 2. அவர் தனது நண்பரை மன்னித்தார். // 3. நான் அவரை மன்னித்துவிட்டேன்.,1. मैं सबको माफ करता हूँ। // 2. उसने अपने दोस्त को माफ कर दिया। // 3. मैंने उसे माफ कर दिया है।
Gather / Gathered / Gathered,Day 27,Beginner,திரட்டு / திரட்டினேன் / திரட்டியுள்ளேன்,इकट्ठा करना / किया / कर चुका,1. I gather wood. // 2. He gathered the kids. // 3. I have gathered the facts.,1. நான் விறகு சேகரிக்கிறேன். // 2. அவர் குழந்தைகளைச் சேர்த்தார். // 3. நான் உண்மைகளைச் சேகரித்துள்ளேன்.,1. मैं लकड़ी इकट्ठी करता हूँ। // 2. उसने बच्चों को इकट्ठा किया। // 3. मैंने तथ्य जुटा लिए हैं।
Guess / Guessed / Guessed,Day 27,Beginner,ஊகி / ஊகித்தேன் / ஊகித்திருக்கிறேன்,अनुमान लगाना / लगाया / लगा चुका,1. I guess the weight. // 2. He guessed the answer. // 3. I have guessed right.,1. நான் எடையைக் கணிக்கிறேன். // 2. அவர் விடையைக் கணித்தார். // 3. நான் சரியாகக் கணித்துள்ளேன்.,1. मैं वजन का अनुमान लगाता हूँ। // 2. उसने उत्तर का अनुमान लगाया। // 3. मैंने सही अनुमान लगाया है।
Happen / Happened / Happened,Day 27,Beginner,நட / நடந்தது / நடந்திருக்கிறது,होना / हुआ / हो चुका,1. Strange things happen. // 2. It happened yesterday. // 3. What has happened?,1. விசித்திரமான விஷயங்கள் நடக்கின்றன. // 2. அது நேற்று நடந்தது. // 3. என்ன நடந்தது?,1. अजीब चीजें होती हैं। // 2. यह कल हुआ था। // 3. क्या हुआ है?
Hold / Held / Held,Day 28,Beginner,பிடி / பிடித்தேன் / பிடித்திருக்கிறேன்,पकड़ना / पकड़ा / पकड़ चुका,1. I hold the baby. // 2. He held my hand. // 3. I have held this post.,1. நான் குழந்தையைப் பிடித்துள்ளேன். // 2. அவர் என் கையைப் பிடித்தார். // 3. நான் இந்தப் பதவியை வகித்துள்ளேன்.,1. मैं बच्चे को पकड़ता हूँ। // 2. उसने मेरा हाथ पकड़ा। // 3. मैं इस पद पर रह चुका हूँ।
Hurry / Hurried / Hurried,Day 28,Beginner,அவசரப்படு / அவசரப்பட்டேன் / அவசரப்பட்டிருக்கிறேன்,जल्दी करना / की / कर चुका,1. I hurry to work. // 2. He hurried outside. // 3. I have hurried enough.,1. நான் வேலைக்கு அவசரமாகச் செல்கிறேன். // 2. அவர் அவசரமாக வெளியே சென்றார். // 3. நான் போதுமான அளவு அவசரப்பட்டேன்.,1. मैं काम के लिए जल्दी करता हूँ। // 2. वह जल्दी में बाहर गया। // 3. मैंने काफी जल्दी की है।
Improve / Improved / Improved,Day 28,Beginner,மேம்படுத்து / மேம்படுத்தினேன் / மேம்படுத்தியுள்ளேன்,सुधारना / सुधारा / सुधार चुका,1. I improve my skills. // 2. He improved the plan. // 3. I have improved my health.,1. நான் எனது திறமைகளை மேம்படுத்துகிறேன். // 2. அவர் திட்டத்தை மேம்படுத்தினார். // 3. நான் எனது ஆரோக்கியத்தை மேம்படுத்தியுள்ளேன்.,1. मैं अपने कौशल में सुधार करता हूँ। // 2. उसने योजना में सुधार किया। // 3. मैंने अपने स्वास्थ्य में सुधार किया है।
Increase / Increased / Increased,Day 28,Beginner,அதிகரி / அதிகரித்தேன் / அதிகரித்திருக்கிறேன்,बढ़ाना / बढ़ाया / बढ़ा चुका,1. I increase the volume. // 2. He increased the price. // 3. I have increased the speed.,1. நான் ஒலியளவை அதிகரிக்கிறேன். // 2. அவர் விலையை அதிகரித்தார். // 3. நான் வேகத்தை அதிகரித்துள்ளேன்.,1. मैं वॉल्यूम बढ़ाता हूँ। // 2. उसने कीमत बढ़ा दी। // 3. मैंने गति बढ़ा दी है।
Joke / Joked / Joked,Day 28,Beginner,தமாஷ் செய் / செய்தேன் / செய்திருக்கிறேன்,मज़ाक करना / किया / कर चुका,1. I joke with him. // 2. He joked about it. // 3. I have joked with you.,1. நான் அவரிடம் கேலி செய்கிறேன். // 2. அவர் அதைப் பற்றிக் கேலி செய்தார். // 3. நான் உன்னிடம் கேலி செய்துள்ளேன்.,1. मैं उसके साथ मजाक करता हूँ। // 2. उसने इस बारे में मजाक किया। // 3. मैंने तुम्हारे साथ मजाक किया है।
Kill / Killed / Killed,Day 29,Beginner,கொல் / கொன்றேன் / கொன்றிருக்கிறேன்,मारना / मारा / मार चुका,1. Hunters kill lions. // 2. He killed the bug. // 3. I have killed the engine.,1. வேட்டைக்காரர்கள் சிங்கங்களைக் கொல்கிறார்கள். // 2. அவர் பூச்சியைக் கொன்றார். // 3. நான் எஞ்சினை அணைத்தேன் (கொன்றேன்).,1. शिकारी शेरों को मारते हैं। // 2. उसने कीड़े को मार डाला। // 3. मैंने इंजन बंद कर दिया है।
Kiss / Kissed / Kissed,Day 29,Beginner,முத்தமிடு / முத்தமிட்டேன் / முத்தமிட்டிருக்கிறேன்,चूमना / चूमा / चूम चुका,1. I kiss the child. // 2. She kissed him. // 3. I have kissed her.,1. நான் குழந்தையை முத்தமிடுகிறேன். // 2. அவள் அவனை முத்தமிட்டாள். // 3. நான் அவளை முத்தமிட்டுள்ளேன்.,1. मैं बच्चे को चूमता हूँ। // 2. उसने उसे चूमा। // 3. मैंने उसे चूमा है।
Laugh / Laughed / Laughed,Day 29,Beginner,சிரி / சிரித்தேன் / சிரித்திருக்கிறேன்,हँसना / हँसा / हँस चुका,1. I laugh at jokes. // 2. He laughed out loud. // 3. I have laughed today.,1. நான் நகைச்சுவைகளைப் பார்த்துச் சிரிக்கிறேன். // 2. அவர் சத்தமாகச் சிரித்தார். // 3. நான் இன்று சிரித்தேன்.,1. मैं चुटकुलों पर हंसता हूँ। // 2. वह जोर से हंसा। // 3. मैं आज हंसा हूँ।
Lead / Led / Led,Day 29,Beginner,வழிநடத்து / வழிநடத்தினேன் / வழிநடத்தியுள்ளேன்,नेतृत्व करना / किया / कर चुका,1. I lead the team. // 2. He led the way. // 3. I have led many projects.,1. நான் குழுவை வழிநடத்துகிறேன். // 2. அவர் வழிகாட்டினார். // 3. நான் பல திட்டங்களை வழிநடத்தியுள்ளேன்.,1. मैं टीम का नेतृत्व करता हूँ। // 2. उसने रास्ता दिखाया। // 3. मैंने कई परियोजनाओं का नेतृत्व किया है।
Lend / Lent / Lent,Day 29,Beginner,கடன் கொடு / கொடுத்தேன் / கொடுத்திருக்கிறேன்,उधार देना / दिया / दे चुका,1. I lend money. // 2. He lent me a book. // 3. I have lent my car.,1. நான் பணம் கொடுக்கிறேன் (கடன்). // 2. அவர் எனக்கு ஒரு புத்தகம் கொடுத்தார். // 3. நான் என் காரைக் கடனாகக் கொடுத்துள்ளேன்.,1. मैं पैसे उधार देता हूँ। // 2. उसने मुझे एक किताब उधार दी। // 3. मैंने अपनी कार उधार दी है।
Lie / Lied / Lied,Day 30,Beginner,பொய் சொல் / சொன்னேன் / சொல்லியிருக்கிறேன்,झूठ बोलना / बोला / बोल चुका,1. I lie on the grass. // 2. He lied to me. // 3. I have lied before.,1. நான் புல்வெளியில் படுக்கிறேன். // 2. அவர் என்னிடம் பொய் சொன்னார். // 3. நான் முன்பே பொய் சொல்லியிருக்கிறேன்.,1. मैं घास पर लेटता हूँ। // 2. उसने मुझसे झूठ बोला। // 3. मैं पहले भी झूठ बोल चुका हूँ।
Lift / Lifted / Lifted,Day 30,Beginner,தூக்கு / தூக்கினேன் / தூக்கியுள்ளேன்,उठाना / उठाया / उठा चुका,1. I lift the box. // 2. He lifted the weight. // 3. I have lifted this before.,1. நான் பெட்டியைத் தூக்குகிறேன். // 2. அவர் எடையைத் தூக்கினார். // 3. நான் இதை முன்பே தூக்கியிருக்கிறேன்.,1. मैं बक्सा उठाता हूँ। // 2. उसने वजन उठाया। // 3. मैंने इसे पहले भी उठाया है।
Light / Lit / Lit,Day 30,Beginner,ஏற்று / ஏற்றினேன் / ஏற்றியுள்ளேன்,जलाना / जलाया / जला चुका,1. I light the candle. // 2. He lit the fire. // 3. I have lit the lamp.,1. நான் மெழுகுவர்த்தியை ஏற்றுகிறேன். // 2. அவர் நெருப்பை மூட்டினார். // 3. நான் விளக்கை ஏற்றியுள்ளேன்.,1. मैं मोमबत्ती जलाता हूँ। // 2. उसने आग जलाई। // 3. मैंने दीया जलाया है।
Listen / Listened / Listened,Day 30,Beginner,கவனி / கவனித்தேன் / கவனித்திருக்கிறேன்,सुनना / सुना / सुन चुका,1. I listen to music. // 2. He listened to me. // 3. I have listened carefully.,1. நான் இசை கேட்கிறேன். // 2. அவர் நான் சொன்னதைக் கேட்டார். // 3. நான் கவனமாகக் கேட்டுள்ளேன்.,1. मैं संगीत सुनता हूँ। // 2. उसने मेरी बात सुनी। // 3. मैंने ध्यान से सुना है।
Look / Looked / Looked,Day 30,Beginner,பார் / பார்த்தேன் / பார்த்திருக்கிறேன்,देखना / देखा / देख चुका,1. I look at photos. // 2. He looked at me. // 3. I have looked everywhere.,1. நான் புகைப்படங்களைப் பார்க்கிறேன். // 2. அவர் என்னைப் பார்த்தார். // 3. நான் எல்லா இடங்களிலும் தேடிவிட்டேன் (பார்த்துவிட்டேன்).,1. मैं फोटो देखता हूँ। // 2. उसने मुझे देखा। // 3. मैंने हर जगह देखा है।
Lose / Lost / Lost,Day 31,Beginner,இழ / இழந்தேன் / இழந்திருக்கிறேன்,खोना / खोया / खो चुका,1. I lose my keys. // 2. He lost the match. // 3. I have lost my way.,1. நான் என் சாவிகளைத் தொலைக்கிறேன். // 2. அவர் போட்டியில் தோற்றார். // 3. நான் வழியைத் தொலைத்துவிட்டேன்.,1. मैं अपनी चाबियाँ खो देता हूँ। // 2. वह मैच हार गया। // 3. मैं रास्ता भटक गया हूँ।
Love / Loved / Loved,Day 31,Beginner,நேசி / நேசித்தேன் / நேசித்திருக்கிறேன்,प्यार करना / किया / कर चुका,1. I love my family. // 2. He loved that car. // 3. I have loved you.,1. நான் என் குடும்பத்தை நேசிக்கிறேன். // 2. அவர் அந்த காரை நேசித்தார். // 3. நான் உன்னை நேசித்தேன்.,1. मैं अपने परिवार से प्यार करता हूँ। // 2. उसे वह कार बहुत पसंद थी। // 3. मैंने तुमसे प्यार किया है।
Meet / Met / Met,Day 31,Beginner,சந்தி / சந்தித்தேன் / சந்தித்திருக்கிறேன்,मिलना / मिला / मिल चुका,1. I meet him daily. // 2. I met her yesterday. // 3. I have met them before.,1. நான் அவரை தினமும் சந்திக்கிறேன். // 2. நான் அவளை நேற்று சந்தித்தேன். // 3. நான் அவர்களை முன்பே சந்தித்துள்ளேன்.,1. मैं उससे रोज़ मिलता हूँ। // 2. मैं उससे कल मिला था। // 3. मैं उनसे पहले मिल चुका हूँ।
Mistake / Mistook / Mistaken,Day 31,Beginner,தவறாகக் கருது / கருதினேன் / கருதியிருக்கிறேன்,गलती करना / की / कर चुका,1. I mistake the path. // 2. He mistook me for him. // 3. I have mistaken the time.,1. நான் பாதையைத் தவறாகப் புரிந்து கொள்கிறேன். // 2. அவர் என்னை அவராகத் தவறாக நினைத்தார். // 3. நான் நேரத்தைத் தவறாகப் புரிந்து கொண்டேன்.,1. मैं रास्ता समझने में गलती करता हूँ। // 2. उसने मुझे गलती से वह समझ लिया। // 3. मैंने समय समझने में गलती की है।
Mix / Mixed / Mixed,Day 31,Beginner,கல / கலந்தேன் / கலந்திருக்கிறேன்,मिलाना / मिलाया / मिला चुका,1. I mix the colors. // 2. He mixed the cement. // 3. I have mixed the sugar.,1. நான் வண்ணங்களைக் கலக்கிறேன். // 2. அவர் சிமெண்டைக் கலந்தார். // 3. நான் சர்க்கரையைக் கலந்தேன்.,1. मैं रंग मिलाता हूँ। // 2. उसने सीमेंट मिलाया। // 3. मैंने चीनी मिला दी है।
Move / Moved / Moved,Day 32,Beginner,நகரு / நகர்ந்தேன் / நகர்ந்திருக்கிறேன்,चलना / चला / चल चुका,1. I move the chair. // 2. He moved to Delhi. // 3. I have moved the box.,1. நான் நாற்காலியை நகர்த்துகிறேன். // 2. அவர் டெல்லிக்குக் குடிபெயர்ந்தார். // 3. நான் பெட்டியை நகர்த்தினேன்.,1. मैं कुर्सी हटाता हूँ। // 2. वह दिल्ली चला गया। // 3. मैंने बक्सा हटा दिया है।
Notice / Noticed / Noticed,Day 32,Beginner,கவனி / கவனித்தேன் / கவனித்திருக்கிறேன்,ध्यान देना / दिया / दे चुका,1. I notice the change. // 2. He noticed me. // 3. I have noticed a problem.,1. நான் மாற்றத்தைக் கவனிக்கிறேன். // 2. அவர் என்னைக் கவனித்தார். // 3. நான் ஒரு சிக்கலைக் கவனித்தேன்.,1. मैं बदलाव नोटिस करता हूँ। // 2. उसने मुझे नोटिस किया। // 3. मैंने एक समस्या देखी है।
Order / Ordered / Ordered,Day 32,Beginner,ஆணையிடு / ஆணையிட்டேன் / ஆணையிட்டிருக்கிறேன்,आदेश देना / दिया / दे चुका,1. I order a pizza. // 2. He ordered me to go. // 3. I have ordered a new phone.,1. நான் ஒரு பீட்சா ஆர்டர் செய்கிறேன். // 2. அவர் என்னைச் செல்ல உத்தரவிட்டார். // 3. நான் ஒரு புதிய போன் ஆர்டர் செய்துள்ளேன்.,1. मैं पिज्जा ऑर्डर करता हूँ। // 2. उसने मुझे जाने का आदेश दिया। // 3. मैंने एक नया फोन ऑर्डर किया है।
Paint / Painted / Painted,Day 32,Beginner,வண்ணம் பூசு / பூசினேன் / பூசியுள்ளேன்,रंगना / रंगा / रंग चुका,1. I paint the wall. // 2. He painted a picture. // 3. I have painted the gate.,1. நான் சுவருக்கு வண்ணம் தீட்டுகிறேன். // 2. அவர் ஒரு படம் வரைந்தார் (வண்ணம் தீட்டினார்). // 3. நான் வாயிலுக்கு வண்ணம் தீட்டியுள்ளேன்.,1. मैं दीवार पेंट करता हूँ। // 2. उसने एक चित्र पेंट किया। // 3. मैंने गेट पेंट कर दिया है।
Park / Parked / Parked,Day 32,Beginner,நிறுத்து / நிறுத்தினேன் / நிறுத்தியுள்ளேன்,खड़ा करना / किया / कर चुका,1. I park the bike. // 2. He parked the car. // 3. I have parked outside.,1. நான் பைக்கை நிறுத்துகிறேன் (பார்க் செய்கிறேன்). // 2. அவர் காரை நிறுத்தினார். // 3. நான் வெளியே நிறுத்தியுள்ளேன்.,1. मैं बाइक पार्क करता हूँ। // 2. उसने कार पार्क की। // 3. मैंने बाहर पार्क किया है।
Pay / Paid / Paid,Day 33,Beginner,செலுத்து / செலுத்தினேன் / செலுத்தியுள்ளேன்,भुगतान करना / किया / कर चुका,1. I pay the bill. // 2. He paid the cash. // 3. I have paid for it.,1. நான் ரசீதைச் செலுத்துகிறேன். // 2. அவர் பணத்தைச் செலுத்தினார். // 3. நான் அதற்குக் காசு கொடுத்துவிட்டேன்.,1. मैं बिल का भुगतान करता हूँ। // 2. उसने नकद भुगतान किया। // 3. मैंने इसके लिए भुगतान कर दिया है।
Pick / Picked / Picked,Day 33,Beginner,எடு / எடுத்தேன் / எடுத்திருக்கிறேன்,उठाना / उठाया / उठा चुका,1. I pick a flower. // 2. He picked up the pen. // 3. I have picked my team.,1. நான் ஒரு பூவைப் பறிக்கிறேன். // 2. அவர் பேனாவை எடுத்தார். // 3. நான் எனது குழுவைத் தேர்ந்தெடுத்துள்ளேன்.,1. मैं एक फूल चुनता हूँ। // 2. उसने पेन उठाया। // 3. मैंने अपनी टीम चुन ली है।
Plant / Planted / Planted,Day 33,Beginner,நட்டு வை / நட்டேன் / நட்டிருக்கிறேன்,पौधा लगाना / लगाया / लगा चुका,1. I plant a tree. // 2. She planted roses. // 3. I have planted seeds.,1. நான் ஒரு மரம் நடுகிறேன். // 2. அவள் ரோஜாக்களை நட்டாள். // 3. நான் விதைகளை நட்டுள்ளேன்.,1. मैं एक पेड़ लगाता हूँ। // 2. उसने गुलाब के पौधे लगाए। // 3. मैं बीज बो चुका हूँ।
Post / Posted / Posted,Day 33,Beginner,அஞ்சல் செய் / செய்தேன் / செய்திருக்கிறேன்,भेजना / भेजा / भेज चुका,1. I post a letter. // 2. He posted a photo. // 3. I have posted the update.,1. நான் ஒரு கடிதம் போடுகிறேன் (தபால்). // 2. அவர் ஒரு புகைப்படத்தைப் பதிவிட்டார். // 3. நான் புதுப்பிப்பைப் பதிவிட்டுள்ளேன்.,1. मैं एक पत्र डालता हूँ। // 2. उसने एक फोटो पोस्ट की। // 3. मैंने अपडेट पोस्ट कर दिया है।
Pray / Prayed / Prayed,Day 33,Beginner,பிரார்த்தனை செய் / செய்தேன் / செய்திருக்கிறேன்,प्रार्थना करना / की / कर चुका,1. I pray every day. // 2. She prayed for him. // 3. I have prayed to God.,1. நான் தினமும் பிரார்த்தனை செய்கிறேன். // 2. அவள் அவருக்காகப் பிரார்த்தனை செய்தாள். // 3. நான் கடவுளிடம் வேண்டிக்கொண்டேன்.,1. मैं रोज़ प्रार्थना करता हूँ। // 2. उसने उसके लिए प्रार्थना की। // 3. मैं भगवान से प्रार्थना कर चुका हूँ।
Promise / Promised / Promised,Day 34,Beginner,வாக்குறுதி அளி / அளித்தேன் / அளித்துள்ளேன்,वादा करना / वादा किया / वादा कर चुका,1. I promise to help. // 2. He promised me. // 3. I have promised to go.,1. நான் உதவுவதாக உறுதியளிக்கிறேன். // 2. அவர் எனக்கு வாக்குறுதி அளித்தார். // 3. நான் செல்வதாக உறுதியளித்துள்ளேன்.,1. मैं मदद करने का वादा करता हूँ। // 2. उसने मुझसे वादा किया। // 3. मैंने जाने का वादा किया है।
Protect / Protected / Protected,Day 34,Beginner,பாதுகா / பாதுகாத்தேன் / பாதுகாத்துள்ளேன்,रक्षा करना / रक्षा की / रक्षा कर चुका,1. I protect the environment. // 2. He protected the child. // 3. I have protected my data.,1. நான் சுற்றுச்சூழலைப் பாதுகாக்கிறேன். // 2. அவர் குழந்தையைப் பாதுகாத்தார். // 3. நான் எனது தரவைப் பாதுகாத்துள்ளேன்.,1. मैं पर्यावरण की रक्षा करता हूँ। // 2. उसने बच्चे की रक्षा की। // 3. मैंने अपने डेटा को सुरक्षित रखा है।
Prove / Proved / Proven,Day 34,Beginner,நிரூபி / நிரூபித்தேன் / நிரூபித்துள்ளேன்,साबित करना / साबित किया / साबित कर चुका,1. I prove my point. // 2. He proved it wrong. // 3. I have proven my worth.,1. நான் எனது கருத்தை நிரூபிக்கிறேன். // 2. அவர் அது தவறு என்று நிரூபித்தார். // 3. நான் எனது திறமையை நிரூபித்துள்ளேன்.,1. मैं अपनी बात साबित करता हूँ। // 2. उसने इसे गलत साबित कर दिया। // 3. मैंने अपनी योग्यता साबित कर दी है।
Provide / Provided / Provided,Day 34,Beginner,வழங்கு / வழங்கினேன் / வழங்கியுள்ளேன்,प्रदान करना / प्रदान किया / प्रदान कर चुका,1. I provide food. // 2. He provided shelter. // 3. I have provided the details.,1. நான் உணவு வழங்குகிறேன். // 2. அவர் தங்குமிடம் வழங்கினார். // 3. நான் விவரங்களை வழங்கியுள்ளேன்.,1. मैं भोजन प्रदान करता हूँ। // 2. उसने आश्रय प्रदान किया। // 3. मैंने विवरण प्रदान कर दिया है।
Publish / Published / Published,Day 34,Beginner,வெளியிடு / வெளியிட்டேன் / வெளியிட்டுள்ளேன்,प्रकाशित करना / किया / कर चुका,1. I publish a book. // 2. He published the news. // 3. I have published my work.,1. நான் ஒரு புத்தகத்தை வெளியிடுகிறேன். // 2. அவர் செய்தியை வெளியிட்டார். // 3. நான் எனது படைப்பை வெளியிட்டுள்ளேன்.,1. मैं एक किताब प्रकाशित करता हूँ। // 2. उसने खबर प्रकाशित की। // 3. मैं अपना काम प्रकाशित कर चुका हूँ।
Punish / Punished / Punished,Day 35,Beginner,தண்டி / தண்டித்தேன் / தண்டித்துள்ளேன்,सज़ा देना / सज़ा दी / सज़ा दे चुका,1. I punish the thief. // 2. He punished the boy. // 3. I have punished them.,1. நான் திருடனைத் தண்டிக்கிறேன். // 2. அவர் பையனைத் தண்டித்தார். // 3. நான் அவர்களைத் தண்டித்துள்ளேன்.,1. मैं चोर को सजा देता हूँ। // 2. उसने लड़के को सजा दी। // 3. मैं उन्हें सजा दे चुका हूँ।
Rain / Rained / Rained,Day 35,Beginner,மழை பெய் / பெய்தது / பெய்திருக்கிறது,बारिश होना / हुई / हो चुकी,1. It rains in June. // 2. It rained yesterday. // 3. It has rained all night.,1. ஜூன் மாதம் மழை பெய்யும். // 2. நேற்று மழை பெய்தது. // 3. இரவு முழுவதும் மழை பெய்துள்ளது.,1. जून में बारिश होती है। // 2. कल बारिश हुई थी। // 3. रात भर बारिश हुई है।
Reach / Reached / Reached,Day 35,Beginner,சென்றடை / அடைந்தேன் / அடைந்துள்ளேன்,पहुँचना / पहुँचा / पहुँच चुका,1. I reach the station. // 2. He reached home. // 3. I have reached the goal.,1. நான் நிலையத்தை அடைகிறேன். // 2. அவர் வீட்டிற்குச் சென்றடைந்தார். // 3. நான் இலக்கை அடைந்துவிட்டேன்.,1. मैं स्टेशन पहुँचता हूँ। // 2. वह घर पहुँच गया। // 3. मैं लक्ष्य तक पहुँच चुका हूँ।
Receive / Received / Received,Day 35,Beginner,பெற்றுக்கொள் / கொண்டேன் / கொண்டுள்ளேன்,प्राप्त करना / प्राप्त किया / कर चुका,1. I receive a gift. // 2. He received the mail. // 3. I have received the money.,1. நான் ஒரு பரிசைப் பெறுகிறேன். // 2. அவர் அஞ்சலைப் பெற்றார். // 3. நான் பணத்தைப் பெற்றுள்ளேன்.,1. मुझे उपहार मिलता है। // 2. उसे मेल मिला। // 3. मुझे पैसे मिल चुके हैं।
Refuse / Refused / Refused,Day 35,Beginner,மறு / மறுத்தேன் / மறுத்துள்ளேன்,मना करना / मना किया / मना कर चुका,1. I refuse the offer. // 2. He refused to help. // 3. I have refused the invitation.,1. நான் சலுகையை மறுக்கிறேன். // 2. அவர் உதவ மறுத்தார். // 3. நான் அழைப்பை மறுத்துவிட்டேன்.,1. मैं प्रस्ताव अस्वीकार करता हूँ। // 2. उसने मदद करने से मना कर दिया। // 3. मैंने निमंत्रण ठुकरा दिया है।
Relax / Relaxed / Relaxed,Day 36,Beginner,ஓய்வெடு / எடுத்தேன் / எடுத்துள்ளேன்,आराम करना / आराम किया / कर चुका,1. I relax at home. // 2. He relaxed after work. // 3. I have relaxed a bit.,1. நான் வீட்டில் ஓய்வெடுக்கிறேன். // 2. அவர் வேலைக்குப் பிறகு ஓய்வெடுத்தார். // 3. நான் சற்று ஓய்வெடுத்துள்ளேன்.,1. मैं घर पर आराम करता हूँ। // 2. उसने काम के बाद आराम किया। // 3. मैंने थोड़ा आराम कर लिया है।
Release / Released / Released,Day 36,Beginner,விடுவி / விடுவித்தேன் / விடுவித்துள்ளேன்,छोड़ना / छोड़ा / छोड़ चुका,1. I release the bird. // 2. He released the movie. // 3. I have released the tension.,1. நான் பறவையை விடுவிக்கிறேன். // 2. அவர் படத்தை வெளியிட்டார். // 3. நான் மன அழுத்தத்தை குறைத்துள்ளேன் (விடுவித்துள்ளேன்).,1. मैं पक्षी को छोड़ देता हूँ। // 2. उसने फिल्म रिलीज की। // 3. मैंने तनाव कम कर दिया है।
Repair / Repaired / Repaired,Day 36,Beginner,பழுதுபார் / பார்த்தேன் / பார்த்துள்ளேன்,मरम्मत करना / की / कर चुका,1. I repair the bike. // 2. He repaired the fan. // 3. I have repaired the lock.,1. நான் பைக்கை பழுதுபார்க்கிறேன். // 2. அவர் விசிறியைப் பழுதுபார்த்தார். // 3. நான் பூட்டைப் பழுதுபார்த்துள்ளேன்.,1. मैं बाइक की मरम्मत करता हूँ। // 2. उसने पंखे की मरम्मत की। // 3. मैंने ताला ठीक कर दिया है।
Repeat / Repeated / Repeated,Day 36,Beginner,மீண்டும் செய் / செய்தேன் / செய்துள்ளேன்,दोहराना / दोहराया / दोहरा चुका,1. I repeat the words. // 2. He repeated the story. // 3. I have repeated the test.,1. நான் சொற்களைத் திரும்பச் சொல்கிறேன். // 2. அவர் கதையைத் திரும்பக் கூறினார். // 3. நான் தேர்வைத் திரும்பச் செய்துள்ளேன்.,1. मैं शब्द दोहराता हूँ। // 2. उसने कहानी दोहराई। // 3. मैंने टेस्ट दोहराया है।
Replace / Replaced / Replaced,Day 36,Beginner,மாற்று / மாற்றினேன் / மாற்றியுள்ளேன்,बदलना / बदला / बदल चुका,1. I replace the battery. // 2. He replaced the bulb. // 3. I have replaced the old one.,1. நான் மின்கலத்தை மாற்றுகிறேன். // 2. அவர் குமிழை (bulb) மாற்றினார். // 3. நான் பழையதை மாற்றிவிட்டேன்.,1. मैं बैटरी बदलता हूँ। // 2. उसने बल्ब बदल दिया। // 3. मैंने पुराने वाले को बदल दिया है।
Reply / Replied / Replied,Day 37,Beginner,பதிலளி / அளித்தேன் / அளித்துள்ளேன்,उत्तर देना / उत्तर दिया / दे चुका,1. I reply to him. // 2. She replied quickly. // 3. I have replied to the mail.,1. நான் அவருக்குப் பதிலளிக்கிறேன். // 2. அவள் விரைவாகப் பதிலளித்தாள். // 3. நான் அஞ்சலுக்குப் பதிலளித்துள்ளேன்.,1. मैं उसे उत्तर देता हूँ। // 2. उसने जल्दी जवाब दिया। // 3. मैंने मेल का जवाब दे दिया है।
Rest / Rested / Rested,Day 37,Beginner,ஓய்வெடு / எடுத்தேன் / எடுத்துள்ளேன்,विश्राम करना / किया / कर चुका,1. I rest for a while. // 2. He rested on the sofa. // 3. I have rested enough.,1. நான் சிறிது நேரம் ஓய்வெடுக்கிறேன். // 2. அவர் சோபாவில் ஓய்வெடுத்தார். // 3. நான் போதுமான அளவு ஓய்வெடுத்துள்ளேன்.,1. मैं थोड़ी देर आराम करता हूँ। // 2. उसने सोफे पर आराम किया। // 3. मैं पर्याप्त आराम कर चुका हूँ।
Return / Returned / Returned,Day 37,Beginner,திரும்பு / திரும்பினேன் / திரும்பியுள்ளேன்,लौटना / लौटा / लौट चुका,1. I return the book. // 2. He returned home. // 3. I have returned the money.,1. நான் புத்தகத்தைத் திருப்பித் தருகிறேன். // 2. அவர் வீட்டிற்குத் திரும்பினார். // 3. நான் பணத்தைத் திருப்பித் தந்துவிட்டேன்.,1. मैं किताब लौटाता हूँ। // 2. वह घर लौट आया। // 3. मैंने पैसे लौटा दिए हैं।
Ride / Rode / Ridden,Day 37,Beginner,சவாரி செய் / செய்தேன் / செய்துள்ளேன்,सवारी करना / की / कर चुका,1. I ride a bicycle. // 2. He rode a horse. // 3. I have ridden a bike.,1. நான் மிதிவண்டி ஓட்டுகிறேன். // 2. அவர் குதிரை சவாரி செய்தார். // 3. நான் பைக் ஓட்டியிருக்கிறேன்.,1. मैं साइकिल चलाता हूँ। // 2. उसने घोड़े की सवारी की। // 3. मैं बाइक चला चुका हूँ।
Ring / Rang / Rung,Day 37,Beginner,ஒலி / ஒலித்தது / ஒலித்திருக்கிறது,बजना / बजा / बज चुका,1. I ring the bell. // 2. The phone rang. // 3. I have rung the bell twice.,1. நான் மணியை அடிக்கிறேன். // 2. தொலைபேசி ஒலித்தது. // 3. நான் இரண்டு முறை மணியடித்தேன்.,1. मैं घंटी बजाता हूँ। // 2. फोन बजा। // 3. मैं दो बार घंटी बजा चुका हूँ।
Rise / Rose / Risen,Day 38,Beginner,எழு / எழுந்தேன் / எழுந்துள்ளேன்,उठना / उठा / उठ चुका,1. The sun rises in the east. // 2. Prices rose quickly. // 3. The sun has risen.,1. சூரியன் கிழக்கில் உதிக்கிறது. // 2. விலைகள் வேகமாக உயர்ந்தன. // 3. சூரியன் உதித்துவிட்டது.,1. सूरज पूर्व में उगता है। // 2. कीमतें तेजी से बढ़ीं। // 3. सूरज निकल चुका है।
Save / Saved / Saved,Day 38,Beginner,சேமி / சேமித்தேன் / சேமித்துள்ளேன்,बचाना / बचाया / बचा चुका,1. I save money. // 2. He saved the dog. // 3. I have saved the file.,1. நான் பணம் சேமிக்கிறேன். // 2. அவர் நாயைக் காப்பாற்றினார். // 3. நான் கோப்பைச் சேமித்துள்ளேன்.,1. मैं पैसे बचाता हूँ। // 2. उसने कुत्ते को बचाया। // 3. मैंने फाइल सेव कर ली है।
Scold / Scolded / Scolded,Day 38,Beginner,திட்டு / திட்டினேன் / திட்டியுள்ளேன்,डाँटना / डाँटा / डाँट चुका,1. I scold him. // 2. Mother scolded me. // 3. I have scolded the boy.,1. நான் அவனைத் திட்டுகிறேன். // 2. அம்மா என்னைத் திட்டினார். // 3. நான் அந்தப் பையனைத் திட்டியுள்ளேன்.,1. मैं उसे डांटता हूँ। // 2. माँ ने मुझे डांटा। // 3. मैंने लड़के को डांटा है।
Search / Searched / Searched,Day 38,Beginner,தேடு / தேடினேன் / தேடியுள்ளேன்,खोजना / खोजा / खोज चुका,1. I search for job. // 2. He searched the bag. // 3. I have searched everywhere.,1. நான் வேலை தேடுகிறேன். // 2. அவர் பையைத் தேடினார். // 3. நான் எல்லா இடங்களிலும் தேடிவிட்டேன்.,1. मैं नौकरी ढूंढता हूँ। // 2. उसने बैग की तलाशी ली। // 3. मैंने हर जगह ढूंढ लिया है।
Separate / Separated / Separated,Day 38,Beginner,பிரி / பிரித்தேன் / பிரித்துள்ளேன்,अलग करना / किया / कर चुका,1. I separate the eggs. // 2. He separated the fight. // 3. I have separated the waste.,1. நான் முட்டைகளைப் பிரிக்கிறேன். // 2. அவர் சண்டையைப் பிரித்தார். // 3. நான் குப்பைகளைப் பிரித்துள்ளேன்.,1. मैं अंडों को अलग करता हूँ। // 2. उसने लड़ाई शांत कराई (अलग किया)। // 3. मैंने कचरे को अलग कर दिया है।
Serve / Served / Served,Day 39,Beginner,பரிமாறு / பரிமாறினேன் / பரிமாறியுள்ளேன்,परोसना / परोसा / परोस चुका,1. I serve the food. // 2. He served the country. // 3. I have served many guests.,1. நான் உணவு பரிமாறுகிறேன். // 2. அவர் நாட்டிற்குச் சேவை செய்தார். // 3. நான் பல விருந்தினர்களுக்குப் பரிமாறியுள்ளேன்.,1. मैं भोजन परोसता हूँ। // 2. उसने देश की सेवा की। // 3. मैंने कई मेहमानों को परोसा है।
Shake / Shook / Shaken,Day 39,Beginner,குலுக்கு / குலுக்கினேன் / குலுக்கியுள்ளேன்,हिलाना / हिलाया / हिला चुका,1. I shake hands. // 2. He shook the bottle. // 3. I have shaken the tree.,1. நான் கைகுலுக்குகிறேன். // 2. அவர் பாட்டிலை உலுக்கினார். // 3. நான் மரத்தை உலுக்கியுள்ளேன்.,1. मैं हाथ मिलाता हूँ। // 2. उसने बोतल हिलाई। // 3. मैंने पेड़ हिलाया है।
Share / Shared / Shared,Day 39,Beginner,பகிர் / பகிர்ந்தேன் / பகிர்ந்துள்ளேன்,साझा करना / किया / कर चुका,1. I share my food. // 2. He shared the news. // 3. I have shared the post.,1. நான் எனது உணவைப் பகிர்ந்து கொள்கிறேன். // 2. அவர் செய்தியைப் பகிர்ந்து கொண்டார். // 3. நான் பதிவைப் பகிர்ந்துள்ளேன்.,1. मैं अपना खाना बांटता हूँ। // 2. उसने खबर साझा की। // 3. मैंने पोस्ट शेयर कर दी है।
Shop / Shopped / Shopped,Day 39,Beginner,கடைக்குச் செல் / சென்றேன் / சென்றுள்ளேன்,खरीदारी करना / की / कर चुका,1. I shop for clothes. // 2. She shopped all day. // 3. I have shopped online.,1. நான் துணிகள் வாங்குகிறேன். // 2. அவள் நாள் முழுவதும் கடைக்குச் சென்றாள். // 3. நான் இணையத்தில் பொருட்கள் வாங்கியுள்ளேன்.,1. मैं कपड़ों की खरीदारी करता हूँ। // 2. उसने दिन भर खरीदारी की। // 3. मैंने ऑनलाइन खरीदारी की है।
Shout / Shouted / Shouted,Day 39,Beginner,கத்து / கத்தினேன் / கத்தியுள்ளேன்,चिल्लाना / चिल्लाया / चिल्ला चुका,1. I shout for help. // 2. He shouted at me. // 3. I have shouted enough.,1. நான் உதவிக்காகக் கத்துகிறேன். // 2. அவர் என்னைப் பார்த்து கத்தினார். // 3. நான் கத்தியது போதும்.,1. मैं मदद के लिए चिल्लाता हूँ। // 2. वह मुझ पर चिल्लाया। // 3. मैं काफी चिल्ला चुका हूँ।
Sign / Signed / Signed,Day 40,Beginner,கையெழுத்திடு / இட்டேன் / இட்டுள்ளேன்,हस्ताक्षर करना / किया / कर चुका,1. I sign the paper. // 2. He signed the check. // 3. I have signed the letter.,1. நான் தாளில் கையெழுத்திடுகிறேன். // 2. அவர் காசோலையில் கையெழுத்திட்டார். // 3. நான் கடிதத்தில் கையெழுத்திட்டுள்ளேன்.,1. मैं कागज पर हस्ताक्षर करता हूँ। // 2. उसने चेक पर हस्ताक्षर किए। // 3. मैंने पत्र पर हस्ताक्षर कर दिए हैं।
Sink / Sank / Sunk,Day 40,Beginner,மூழ்கிப்போ / போனேன் / போயுள்ளேன்,डूबना / डूबा / डूब चुका,1. Rocks sink in water. // 2. The ship sank. // 3. The sun has sunk.,1. பாறைகள் நீரில் மூழ்கும். // 2. கப்பல் மூழ்கியது. // 3. சூரியன் மறைந்துவிட்டது (மூழ்கிவிட்டது).,1. पत्थर पानी में डूब जाते हैं। // 2. जहाज डूब गया। // 3. सूरज डूब चुका है।
Skip / Skipped / Skipped,Day 40,Beginner,தவிர் / தவிர்த்தேன் / தவிர்த்துள்ளேன்,छोड़ना / छोड़ा / छोड़ चुका,1. I skip breakfast. // 2. She skipped the rope. // 3. I have skipped a chapter.,1. நான் காலை உணவைத் தவிர்க்கிறேன். // 2. அவள் கயிறு குதித்தாள். // 3. நான் ஒரு பாடத்தைத் தவிர்த்துவிட்டேன்.,1. मैं नाश्ता छोड़ देता हूँ। // 2. उसने रस्सी कूदी। // 3. मैंने एक अध्याय छोड़ दिया है।
Slip / Slipped / Slipped,Day 40,Beginner,நழுவு / நழுவினேன் / நழுவியுள்ளேன்,फिसलना / फिसला / फिसल चुका,1. I slip on ice. // 2. He slipped on the floor. // 3. I have slipped many times.,1. நான் பனியில் வழுக்குகிறேன். // 2. அவர் தரையில் வழுக்கி விழுந்தார். // 3. நான் பலமுறை வழுக்கியிருக்கிறேன்.,1. मैं बर्फ पर फिसलता हूँ। // 2. वह फर्श पर फिसल गया। // 3. मैं कई बार फिसल चुका हूँ।
Slow / Slowed / Slowed,Day 40,Beginner,மெதுவாக்கு / ஆக்கினேன் / ஆக்கியுள்ளேன்,धीमा करना / किया / कर चुका,1. I slow down the car. // 2. He slowed his pace. // 3. The rain has slowed.,1. நான் காரின் வேகத்தைக் குறைக்கிறேன். // 2. அவர் தனது நடையை மெதுவாக்கினார். // 3. மழை குறைந்துள்ளது.,1. मैं कार धीमी करता हूँ। // 2. उसने अपनी गति धीमी कर दी। // 3. बारिश धीमी हो गई है।
Smell / Smelled / Smelled,Day 41,Beginner,நுகர் / நுகர்ந்தேன் / நுகர்ந்துள்ளேன்,सूंघना / सूंघा / सूंघ चुका,1. I smell the flowers. // 2. It smelled bad. // 3. I have smelled this before.,1. நான் பூக்களை முகர்கிறேன். // 2. அது துர்நாற்றம் வீசியது. // 3. நான் இதை முன்பே முகர்ந்து பார்த்திருக்கிறேன்.,1. मैं फूलों को सूंघता हूँ। // 2. इसमें से बदबू आ रही थी। // 3. मैंने इसे पहले सूंघा है।
Smoke / Smoked / Smoked,Day 41,Beginner,புகைப்பிடி / பிடித்தேன் / பிடித்துள்ளேன்,धूम्रपान करना / किया / कर चुका,1. He smokes a lot. // 2. He smoked in the room. // 3. He has smoked for years.,1. அவர் நிறைய புகைபிடிக்கிறார். // 2. அவர் அறையில் புகைபிடித்தார். // 3. அவர் பல ஆண்டுகளாகப் புகைபிடித்திருக்கிறார்.,1. वह बहुत धूम्रपान करता है। // 2. उसने कमरे में धूम्रपान किया। // 3. वह सालों से धूम्रपान कर रहा है।
Solve / Solved / Solved,Day 41,Beginner,தீர் / தீர்த்தேன் / தீர்த்துள்ளேன்,समाधान करना / किया / कर चुका,1. I solve the puzzle. // 2. He solved the sum. // 3. I have solved the issue.,1. நான் புதிருக்கு விடை காண்கிறேன். // 2. அவர் கணக்கைத் தீர்த்தார். // 3. நான் பிரச்சனையைத் தீர்த்துவிட்டேன்.,1. मैं पहेली सुलझाता हूँ। // 2. उसने सवाल हल किया। // 3. मैंने समस्या हल कर ली है।
Spend / Spent / Spent,Day 41,Beginner,செலவழி / வழித்தேன் / வழித்துள்ளேன்,खर्च करना / किया / कर चुका,1. I spend money. // 2. I spent time with him. // 3. I have spent all my cash.,1. நான் பணம் செலவழிக்கிறேன். // 2. நான் அவருடன் நேரம் செலவழித்தேன். // 3. நான் எனது பணம் முழுவதையும் செலவழித்துவிட்டேன்.,1. मैं पैसे खर्च करता हूँ। // 2. मैंने उसके साथ समय बिताया। // 3. मैंने अपने सारे पैसे खर्च कर दिए हैं।
Spill / Spilt / Spilt,Day 41,Beginner,சிந்து / சிந்தினேன் / சிந்தியுள்ளேன்,छलकना / छलका / छलक चुका,1. I spill the milk. // 2. He spilt the water. // 3. I have spilt tea on my shirt.,1. நான் பாலைக் கொட்டுகிறேன். // 2. அவர் தண்ணீரைக் கொட்டினார். // 3. நான் என் சட்டையில் தேநீரைக் கொட்டிவிட்டேன்.,1. मैं दूध गिरा देता हूँ। // 2. उसने पानी गिरा दिया। // 3. मैंने अपनी शर्ट पर चाय गिरा दी है।
Spoil / Spoilt / Spoilt,Day 42,Beginner,கெடு / கெடுத்தேன் / கெடுத்துள்ளேன்,खराब करना / किया / कर चुका,1. I spoil the surprise. // 2. He spoilt the game. // 3. The food has spoilt.,1. நான் ஆச்சரியத்தைக் கெடுக்கிறேன். // 2. அவர் விளையாட்டைக் கெடுத்தார். // 3. உணவு கெட்டுப் போய்விட்டது.,1. मैं सरप्राइज खराब कर देता हूँ। // 2. उसने खेल खराब कर दिया। // 3. खाना खराब हो गया है।
Spread / Spread / Spread,Day 42,Beginner,பரப்பு / பரப்பினேன் / பரப்பியுள்ளேன்,फैलाना / फैलाया / फैला चुका,1. I spread the butter. // 2. He spread the news. // 3. The fire has spread.,1. நான் வெண்ணெயைத் தடவுகிறேன் (பரப்புகிறேன்). // 2. அவர் செய்தியைப் பரப்பினார். // 3. தீ பரவியுள்ளது.,1. मैं मक्खन फैलाता हूँ। // 2. उसने खबर फैला दी। // 3. आग फैल चुकी है।
Start / Started / Started,Day 42,Beginner,தொடங்கு / தொடங்கினேன் / தொடங்கியுள்ளேன்,शुरू करना / किया / कर चुका,1. I start the engine. // 2. The movie started. // 3. I have started a business.,1. நான் எஞ்சினைத் தொடங்குகிறேன். // 2. படம் தொடங்கியது. // 3. நான் ஒரு தொழிலைத் தொடங்கியுள்ளேன்.,1. मैं इंजन शुरू करता हूँ। // 2. फिल्म शुरू हुई। // 3. मैंने एक व्यवसाय शुरू किया है।
Stay / Stayed / Stayed,Day 42,Beginner,தங்கு / தங்கினேன் / தங்கியுள்ளேன்,ठहरना / ठहरा / ठहर चुका,1. I stay at a hotel. // 2. He stayed with me. // 3. I have stayed here before.,1. நான் ஒரு ஹோட்டலில் தங்கியிருக்கிறேன். // 2. அவர் என்னுடன் தங்கினார். // 3. நான் முன்பே இங்கே தங்கியிருக்கிறேன்.,1. मैं एक होटल में रुकता हूँ। // 2. वह मेरे साथ रुका। // 3. मैं यहाँ पहले रुक चुका हूँ।
Steal / Stole / Stolen,Day 42,Beginner,திருடு / திருடினேன் / திருடியுள்ளேன்,चुराना / चुराया / चुरा चुका,1. Thieves steal gold. // 2. He stole my pen. // 3. Someone has stolen my bag.,1. திருடர்கள் தங்கத்தைத் திருடுகிறார்கள். // 2. அவர் என் பேனாவைத் திருடினார். // 3. யாரோ என் பையைத் திருடிவிட்டார்கள்.,1. चोर सोना चुराते हैं। // 2. उसने मेरा पेन चुरा लिया। // 3. किसी ने मेरा बैग चुरा लिया है।
Step / Stepped / Stepped,Day 43,Beginner,அடி எடுத்து வை / வைத்தேன் / வைத்துள்ளேன்,कदम रखना / रखा / रख चुका,1. I step forward. // 2. He stepped outside. // 3. I have stepped on a nail.,1. நான் முன்நோக்கி அடியெடுத்து வைக்கிறேன். // 2. அவர் வெளியே சென்றார். // 3. நான் ஒரு ஆணியின் மேல் கால் வைத்துவிட்டேன்.,1. मैं आगे कदम बढ़ाता हूँ। // 2. उसने बाहर कदम रखा। // 3. मैंने एक कील पर पैर रख दिया है।
Stick / Stuck / Stuck,Day 43,Beginner,ஒட்டு / ஒட்டினேன் / ஒட்டியுள்ளேன்,चिपकाना / चिपकाया / चिपका चुका,1. I stick the poster. // 2. It stuck to the wall. // 3. I have stuck the stamps.,1. நான் சுவரொட்டியை ஒட்டுகிறேன். // 2. அது சுவரில் ஒட்டிக்கொண்டது. // 3. நான் முத்திரைகளை ஒட்டியுள்ளேன்.,1. मैं पोस्टर चिपकाता हूँ। // 2. यह दीवार से चिपक गया। // 3. मैंने टिकटें चिपका दी हैं।
Stir / Stirred / Stirred,Day 43,Beginner,கலக்கு / கலக்கினேன் / கலக்கியுள்ளேன்,मिलाना / मिलाया / मिला चुका,1. I stir the tea. // 2. He stirred the paint. // 3. I have stirred the soup.,1. நான் தேநீரைக் கலக்குகிறேன். // 2. அவர் பெயிண்டைக் கலக்கினார். // 3. நான் சூப்பைக் கலக்கியுள்ளேன்.,1. मैं चाय हिलाता (मिलाता) हूँ। // 2. उसने पेंट मिलाया। // 3. मैंने सूप हिला दिया है।
Store / Stored / Stored,Day 43,Beginner,சேமி / சேமித்தேன் / சேமித்துள்ளேன்,जमा करना / किया / कर चुका,1. I store the grain. // 2. She stored the files. // 3. I have stored the food.,1. நான் தானியத்தைச் சேமிக்கிறேன். // 2. அவள் கோப்புகளைச் சேமித்தாள். // 3. நான் உணவைச் சேமித்து வைத்துள்ளேன்.,1. मैं अनाज जमा करता हूँ। // 2. उसने फाइलें स्टोर कीं। // 3. मैंने खाना स्टोर कर लिया है।
Study / Studied / Studied,Day 43,Beginner,படி / படித்தேன் / படித்துள்ளேன்,अध्ययन करना / किया / कर चुका,1. I study daily. // 2. He studied hard. // 3. I have studied this book.,1. நான் தினமும் படிக்கிறேன். // 2. அவர் கடினமாகப் படித்தார். // 3. நான் இந்தப் புத்தகத்தைப் படித்துள்ளேன்.,1. मैं रोज़ पढ़ाई करता हूँ। // 2. उसने कड़ी मेहनत से पढ़ाई की। // 3. मैं यह किताब पढ़ चुका हूँ।
Succeed / Succeeded / Succeeded,Day 44,Beginner,வெற்றி பெறு / பெற்றேன் / பெற்றுள்ளேன்,सफल होना / हुआ / हो चुका,1. I succeed in life. // 2. He succeeded in the test. // 3. I have succeeded.,1. நான் வாழ்க்கையில் வெற்றி பெறுகிறேன். // 2. அவர் தேர்வில் வெற்றி பெற்றார். // 3. நான் வெற்றி பெற்றுவிட்டேன்.,1. मैं जीवन में सफल होता हूँ। // 2. वह टेस्ट में सफल रहा। // 3. मैं सफल हो चुका हूँ।
Suffer / Suffered / Suffered,Day 44,Beginner,அவதிப்படு / பட்டேன் / பட்டுள்ளேன்,पीड़ित होना / हुआ / हो चुका,1. I suffer from cold. // 2. He suffered a loss. // 3. I have suffered enough.,1. நான் ஜலதோஷத்தால் அவதிப்படுகிறேன். // 2. அவர் நஷ்டத்தை சந்தித்தார் (அனுபவித்தார்). // 3. நான் போதுமான அளவு அவதிப்பட்டுவிட்டேன்.,1. मैं सर्दी से पीड़ित हूँ। // 2. उसे नुकसान हुआ। // 3. मैं काफी कष्ट सह चुका हूँ।
Suppose / Supposed / Supposed,Day 44,Beginner,கருது / கருதினேன் / கருதியுள்ளேன்,मान लेना / माना / मान चुका,1. I suppose you're right. // 2. I supposed he was out. // 3. I have supposed this.,1. நீங்கள் சொல்வது சரி என்று நினைக்கிறேன் (suppose). // 2. அவர் வெளியே சென்றிருப்பார் என்று நினைத்தேன். // 3. நான் இப்படி நினைத்திருக்கிறேன்.,1. मेरा मानना है कि आप सही हैं। // 2. मैंने माना कि वह बाहर था। // 3. मैंने ऐसा माना है।
Surprise / Surprised / Surprised,Day 44,Beginner,ஆச்சரியப்படுத்து / படுத்தினேன் / படுத்தியுள்ளேன்,आश्चर्यचकित करना / किया / कर चुका,1. I surprise my friend. // 2. He surprised me. // 3. I have surprised everyone.,1. நான் என் நண்பனை ஆச்சரியப்படுத்துகிறேன். // 2. அவர் என்னை ஆச்சரியப்படுத்தினார். // 3. நான் எல்லாரையும் ஆச்சரியப்படுத்தினேன்.,1. मैं अपने दोस्त को सरप्राइज देता हूँ। // 2. उसने मुझे हैरान कर दिया। // 3. मैंने सबको हैरान कर दिया है।
Survive / Survived / Survived,Day 44,Beginner,பிழை / பிழைத்தேன் / பிழைத்துள்ளேன்,जीवित बचना / बचा / बच चुका,1. I survive the crash. // 2. He survived the war. // 3. I have survived the storm.,1. நான் விபத்திலிருந்து உயிர் பிழைக்கிறேன். // 2. அவர் போரில் உயிர் பிழைத்தார். // 3. நான் புயலில் உயிர் பிழைத்தேன்.,1. मैं दुर्घटना में जीवित बचता हूँ। // 2. वह युद्ध में बच गया। // 3. मैं तूफान में बच गया हूँ।
Sweep / Swept / Swept,Day 45,Beginner,கூட்டு / கூட்டினேன் / கூட்டியுள்ளேன்,झाड़ू लगाना / लगाया / लगा चुका,1. I sweep the floor. // 2. He swept the room. // 3. I have swept the yard.,1. நான் தரையைப் பெருக்குகிறேன். // 2. அவர் அறையைப் பெருக்கினார். // 3. நான் முற்றத்தைப் பெருக்கியுள்ளேன்.,1. मैं फर्श पर झाड़ू लगाता हूँ। // 2. उसने कमरा साफ किया (झाड़ू लगाई)। // 3. मैंने आँगन में झाड़ू लगा दी है।
Swim / Swam / Swum,Day 45,Beginner,நீந்து / நீந்தினேன் / நீந்தியுள்ளேன்,तैरना / तैरा / तैर चुका,1. I swim in the pool. // 2. He swam in the sea. // 3. I have swum a mile.,1. நான் குளத்தில் நீந்துகிறேன். // 2. அவர் கடலில் நீந்தினார். // 3. நான் ஒரு மைல் நீந்தியிருக்கிறேன்.,1. मैं पूल में तैरता हूँ। // 2. वह समुद्र में तैरा। // 3. मैं एक मील तैर चुका हूँ।
Swing / Swung / Swung,Day 45,Beginner,ஊசலாடு / ஆடினேன் / ஆடியுள்ளேன்,झूलना / झूला / झूल चुका,1. I swing the bat. // 2. He swung the child. // 3. I have swung on the swing.,1. நான் மட்டையைச் சுழற்றுகிறேன். // 2. அவர் குழந்தையை ஊஞ்சலாட்டினார். // 3. நான் ஊஞ்சலில் ஊஞ்சலாடியுள்ளேன்.,1. मैं बल्ला घुमाता हूँ। // 2. उसने बच्चे को झूला झुलाया। // 3. मैं झूले पर झूल चुका हूँ।
Tear / Tore / Torn,Day 45,Beginner,கிழி / கிழித்தேன் / கிழித்துள்ளேன்,फाड़ना / फाड़ा / फाड़ चुका,1. I tear the paper. // 2. He tore my shirt. // 3. I have torn the letter.,1. நான் காகிதத்தைக் கிழிக்கிறேன். // 2. அவர் என் சட்டையைக் கிழித்தார். // 3. நான் கடிதத்தைக் கிழித்துவிட்டேன்.,1. मैं कागज फाड़ता हूँ। // 2. उसने मेरी शर्ट फाड़ दी। // 3. मैंने पत्र फाड़ दिया है।
Thank / Thanked / Thanked,Day 45,Beginner,நன்றி தெரிவி / தெரிவித்தேன் / தெரிவித்துள்ளேன்,धन्यवाद देना / दिया / दे चुका,1. I thank you. // 2. He thanked me. // 3. I have thanked them.,1. நான் உனக்கு நன்றி கூறுகிறேன். // 2. அவர் எனக்கு நன்றி கூறினார். // 3. நான் அவர்களுக்கு நன்றி தெரிவித்துள்ளேன்.,1. मैं आपको धन्यवाद देता हूँ। // 2. उसने मुझे धन्यवाद दिया। // 3. मैं उन्हें धन्यवाद दे चुका हूँ।
Throw / Threw / Thrown,Day 46,Beginner,எறி / எறிந்தேன் / எறிந்துள்ளேன்,फेंकना / फेंका / फेंक चुका,1. I throw the ball. // 2. He threw a stone. // 3. I have thrown the waste.,1. நான் பந்தைத் தூக்கி எறிகிறேன். // 2. அவர் ஒரு கல்லை எறிந்தார். // 3. நான் குப்பையை எறிந்துவிட்டேன்.,1. मैं गेंद फेंकता हूँ। // 2. उसने एक पत्थर फेंका। // 3. मैंने कचरा फेंक दिया है।
Tie / Tied / Tied,Day 46,Beginner,கட்டு / கட்டினேன் / கட்டியுள்ளேன்,बांधना / बांधा / बांध चुका,1. I tie my laces. // 2. He tied the knot. // 3. I have tied the parcel.,1. நான் காலணி வாரைக் கட்டுகிறேன். // 2. அவர் முடிச்சுப் போட்டார். // 3. நான் பார்சலைக் கட்டியுள்ளேன்.,1. मैं अपने फीते बाँधता हूँ। // 2. उसने गाँठ बाँधी। // 3. मैंने पार्सल बाँध दिया है।
Touch / Touched / Touched,Day 46,Beginner,தொடு / தொட்டேன் / தொட்டுள்ளேன்,छूना / छुआ / छू चुका,1. I touch the screen. // 2. He touched the wire. // 3. I have touched the sky.,1. நான் திரையைத் தொடுகிறேன். // 2. அவர் கம்பியைத் தொட்டார். // 3. நான் வானத்தைத் தொட்டுள்ளேன்.,1. मैं स्क्रीन छूता हूँ। // 2. उसने तार छुआ। // 3. मैंने आसमान छू लिया है।
Train / Trained / Trained,Day 46,Beginner,பயிற்சி அளி / அளித்தேன் / அளித்துள்ளேன்,प्रशिक्षित करना / किया / कर चुका,1. I train hard. // 2. He trained the dog. // 3. I have trained many people.,1. நான் கடினமாகப் பயிற்சி செய்கிறேன். // 2. அவர் நாய்க்குப் பயிற்சி அளித்தார். // 3. நான் பலருக்குப் பயிற்சி அளித்துள்ளேன்.,1. मैं कड़ी मेहनत से प्रशिक्षण लेता हूँ। // 2. उसने कुत्ते को प्रशिक्षित किया। // 3. मैंने कई लोगों को प्रशिक्षित किया है।
Translate / Translated / Translated,Day 46,Beginner,மொழிபெயர்ப்பு செய் / செய்தேன் / செய்துள்ளேன்,अनुवाद करना / किया / कर चुका,1. I translate English. // 2. He translated the book. // 3. I have translated the text.,1. நான் ஆங்கிலத்தை மொழிபெயர்க்கிறேன். // 2. அவர் புத்தகத்தை மொழிபெயர்த்தார். // 3. நான் உரையை மொழிபெயர்த்துள்ளேன்.,1. मैं अंग्रेजी का अनुवाद करता हूँ। // 2. उसने किताब का अनुवाद किया। // 3. मैंने टेक्स्ट का अनुवाद कर दिया है।
Treat / Treated / Treated,Day 47,Beginner,நடத்து / நடத்தினேன் / நடத்தியுள்ளேன்,व्यवहार करना / किया / कर चुका,1. I treat them well. // 2. He treated me kindly. // 3. I have treated the patient.,1. நான் அவர்களை நன்றாக நடத்துகிறேன். // 2. அவர் என்னை அன்புடன் நடத்தினார். // 3. நான் நோயாளிக்குச் சிகிச்சையளித்தேன்.,1. मैं उनके साथ अच्छा व्यवहार करता हूँ। // 2. उसने मेरे साथ दयालुता से व्यवहार किया। // 3. मैंने मरीज का इलाज किया है।
Trust / Trusted / Trusted,Day 47,Beginner,நம்பு / நம்பினேன் / நம்பியுள்ளேன்,विश्वास करना / किया / कर चुका,1. I trust you. // 2. He trusted his friend. // 3. I have trusted him.,1. நான் உன்னை நம்புகிறேன். // 2. அவர் தனது நண்பரை நம்பினார். // 3. நான் அவரை நம்பியிருக்கிறேன்.,1. मैं तुम पर भरोसा करता हूँ। // 2. उसने अपने दोस्त पर भरोसा किया। // 3. मैंने उस पर भरोसा किया है।
Turn / Turned / Turned,Day 47,Beginner,திருப்பு / திருப்பினேன் / திருப்பியுள்ளேன்,मोड़ना / मोड़ा / मोड़ चुका,1. I turn the page. // 2. He turned left. // 3. I have turned off the light.,1. நான் பக்கத்தைத் திருப்புகிறேன். // 2. அவர் இடதுபுறம் திரும்பினார். // 3. நான் விளக்கை அணைத்துவிட்டேன்.,1. मैं पन्ना पलटता हूँ। // 2. वह बाईं ओर मुड़ा। // 3. मैंने लाइट बंद कर दी है।
Understand / Understood / Understood,Day 47,Beginner,புரிந்து கொள் / கொண்டேன் / கொண்டுள்ளேன்,समझना / समझा / समझ चुका,1. I understand math. // 2. He understood the lesson. // 3. I have understood you.,1. எனக்குக் கணிதம் புரிகிறது. // 2. அவர் பாடத்தைப் புரிந்துகொண்டார். // 3. நான் உன்னைப் புரிந்துகொண்டேன்.,1. मैं गणित समझता हूँ। // 2. वह पाठ समझ गया। // 3. मैं तुम्हें समझ चुका हूँ।
Unite / United / United,Day 47,Beginner,ஒன்றிணை / இணைந்தேன் / இணைந்துள்ளேன்,एकजुट होना / हुआ / हो चुका,1. We unite for peace. // 2. They united the country. // 3. We have united against it.,1. நாங்கள் அமைதிக்காக இணைகிறோம் (ஒன்றுபடுகிறோம்). // 2. அவர்கள் நாட்டை ஒன்றிணைத்தனர். // 3. நாங்கள் இதற்கு எதிராக ஒன்றுபட்டுள்ளோம்.,1. हम शांति के लिए एकजुट होते हैं। // 2. उन्होंने देश को एकजुट किया। // 3. हम इसके खिलाफ एकजुट हुए हैं।
Update / Updated / Updated,Day 48,Beginner,புதுப்பி / புதுப்பித்தேன் / புதுப்பித்துள்ளேன்,अद्यतन करना / किया / कर चुका,1. I update the app. // 2. He updated the news. // 3. I have updated my profile.,1. நான் செயலியைப் புதுப்பிக்கிறேன். // 2. அவர் செய்தியைப் புதுப்பித்தார். // 3. நான் எனது சுயவிவரத்தைப் புதுப்பித்துள்ளேன்.,1. मैं ऐप अपडेट करता हूँ। // 2. उसने खबर अपडेट की। // 3. मैंने अपनी प्रोफाइल अपडेट कर दी है।
Use / Used / Used,Day 48,Beginner,பயன்படுத்து / படுத்தினேன் / படுத்தியுள்ளேன்,उपयोग करना / किया / कर चुका,1. I use a computer. // 2. He used my phone. // 3. I have used this before.,1. நான் கணினியைப் பயன்படுத்துகிறேன். // 2. அவர் எனது தொலைபேசியைப் பயன்படுத்தினார். // 3. நான் இதை முன்பே பயன்படுத்தியுள்ளேன்.,1. मैं कंप्यूटर का उपयोग करता हूँ। // 2. उसने मेरा फोन इस्तेमाल किया। // 3. मैं इसे पहले इस्तेमाल कर चुका हूँ।
Value / Valued / Valued,Day 48,Beginner,மதிப்பிடு / இட்டேன் / இட்டுள்ளேன்,महत्व देना / दिया / दे चुका,1. I value your time. // 2. He valued the house. // 3. I have valued our friendship.,1. நான் உங்கள் நேரத்தை மதிக்கிறேன். // 2. அவர் வீட்டின் மதிப்பை மதிப்பிட்டார். // 3. நான் நமது நட்பைப் போற்றுகிறேன் (மதிக்கிறேன்).,1. मैं आपके समय की कद्र करता हूँ। // 2. उसने घर की कीमत लगाई। // 3. मैंने हमारी दोस्ती को महत्व दिया है।
Verify / Verified / Verified,Day 48,Beginner,சரிபார் / பார்த்தேன் / பார்த்துள்ளேன்,जाँच करना / की / कर चुका,1. I verify the facts. // 2. He verified the signal. // 3. I have verified the account.,1. நான் உண்மைகளைச் சரிபார்க்கிறேன் (உறுதி செய்கிறேன்). // 2. அவர் சிக்னலைச் சரிபார்த்தார். // 3. நான் கணக்கை உறுதிப்படுத்தியுள்ளேன்.,1. मैं तथ्यों को सत्यापित करता हूँ। // 2. उसने सिग्नल की जाँच की। // 3. मैंने खाते को सत्यापित कर लिया है।
Walk / Walked / Walked,Day 48,Beginner,நட / நடந்தேன் / நடந்துள்ளேன்,चलना / चला / चल चुका,1. I walk to school. // 2. He walked fast. // 3. I have walked five miles.,1. நான் பள்ளிக்கு நடந்து செல்கிறேன். // 2. அவர் வேகமாக நடந்தார். // 3. நான் ஐந்து மைல்கள் நடந்துள்ளேன்.,1. मैं स्कूल पैदल जाता हूँ। // 2. वह तेज़ चला। // 3. मैं पाँच मील पैदल चल चुका हूँ।
Want / Wanted / Wanted,Day 49,Beginner,விரும்பு / விரும்பினேன் / விரும்பியுள்ளேன்,चाहना / चाहा / चाह चुका,1. I want water. // 2. He wanted help. // 3. I have wanted this for years.,1. எனக்குத் தண்ணீர் வேண்டும். // 2. அவருக்கு உதவி தேவைப்பட்டது. // 3. நான் பல ஆண்டுகளாக இதை விரும்பினேன்.,1. मुझे पानी चाहिए। // 2. उसे मदद चाहिए थी। // 3. मैं सालों से यही चाहता था।
Warn / Warned / Warned,Day 49,Beginner,எச்சரி / எச்சரித்தேன் / எச்சரித்துள்ளேன்,चेतावनी देना / दी / दे चुका,1. I warn you. // 2. He warned me about it. // 3. I have warned them.,1. நான் உன்னை எச்சரிக்கிறேன். // 2. அவர் அது பற்றி என்னை எச்சரித்தார். // 3. நான் அவர்களை எச்சரித்துள்ளேன்.,1. मैं तुम्हें चेतावनी देता हूँ। // 2. उसने मुझे इस बारे में चेतावनी दी। // 3. मैं उन्हें चेतावनी दे चुका हूँ।
Waste / Wasted / Wasted,Day 49,Beginner,வீணாக்கு / ஆக்கினேன் / ஆக்கியுள்ளேன்,बर्बाद करना / किया / कर चुका,1. I waste no time. // 2. He wasted the food. // 3. I have wasted my money.,1. நான் நேரத்தை வீணாக்கவில்லை. // 2. அவர் உணவை வீணாக்கினார். // 3. நான் என் பணத்தை வீணடித்துவிட்டேன்.,1. मैं समय बर्बाद नहीं करता। // 2. उसने खाना बर्बाद किया। // 3. मैंने अपने पैसे बर्बाद कर दिए हैं।
Water / Watered / Watered,Day 49,Beginner,நீர் ஊற்று / ஊற்றினேன் / ஊற்றியுள்ளேன்,पानी देना / दिया / दे चुका,1. I water the plants. // 2. He watered the garden. // 3. I have watered the lawn.,1. நான் செடிகளுக்குத் தண்ணீர் ஊற்றுகிறேன். // 2. அவர் தோட்டத்திற்குத் தண்ணீர் ஊற்றினார். // 3. நான் புல்வெளிக்குத் தண்ணீர் ஊற்றியுள்ளேன்.,1. मैं पौधों को पानी देता हूँ। // 2. उसने बगीचे में पानी दिया। // 3. मैं लॉन में पानी दे चुका हूँ।
Wave / Waved / Waved,Day 49,Beginner,கையசை / அசைத்தேன் / அசைத்துள்ளேன்,हाथ हिलाना / हिलाया / हिला चुका,1. I wave my hand. // 2. He waved at me. // 3. I have waved goodbye.,1. நான் என் கையை அசைக்கிறேன். // 2. அவர் என்னைப் பார்த்து கையசைத்தார். // 3. நான் பிரியாவிடை பெற்று கையசைத்தேன்.,1. मैं अपना हाथ हिलाता हूँ। // 2. उसने मुझे हाथ हिलाकर इशारा किया। // 3. मैंने हाथ हिलाकर अलविदा कहा।
Weave / Wove / Woven,Day 50,Beginner,நெய் / நெய்தேன் / நெய்துள்ளேன்,बुनना / बुना / बुन चुका,1. I weave baskets. // 2. She wove a rug. // 3. I have woven a shawl.,1. நான் கூடைகள் பின்னுகிறேன் (நெய்கிறேன்). // 2. அவள் ஒரு கம்பளம் நெய்தாள். // 3. நான் ஒரு சால்வை நெய்துள்ளேன்.,1. मैं टोकरियाँ बुनता हूँ। // 2. उसने एक गलीचा बुना। // 3. मैंने एक शॉल बुनी है।
Weep / Wept / Wept,Day 50,Beginner,அழு / அழுதேன் / அழுதுள்ளேன்,रोना / रोया / रो चुका,1. I weep for joy. // 2. He wept in silence. // 3. I have wept many times.,1. நான் மகிழ்ச்சியில் அழுகிறேன் (கண்ணீர் விடுகிறேன்). // 2. அவர் மௌனமாக அழுதார். // 3. நான் பலமுறை அழுதுள்ளேன்.,1. मैं खुशी से रोता हूँ। // 2. वह चुपचाप रोया। // 3. मैं कई बार रो चुका हूँ।
Weigh / Weighed / Weighed,Day 50,Beginner,எடை போடு / போட்டேன் / போட்டுள்ளேன்,तौलना / तौला / तौल चुका,1. I weigh the fruit. // 2. He weighed 70 kg. // 3. I have weighed the options.,1. நான் பழத்தை எடை போடுகிறேன். // 2. அவர் 70 கிலோ எடை இருந்தார். // 3. நான் வாய்ப்புகளை எடை போட்டுப் பார்த்தேன் (ஆராய்ந்தேன்).,1. मैं फल तौलता हूँ। // 2. उसका वजन 70 किलो था। // 3. मैंने विकल्पों पर विचार किया है।
Wet / Wet / Wet,Day 50,Beginner,நனை / நனைத்தேன் / நனைத்துள்ளேன்,गीला करना / किया / कर चुका,1. I wet my hair. // 2. Rain wet the ground. // 3. I have wet the cloth.,1. நான் என் முடியை ஈரமாக்குகிறேன். // 2. மழை தரையை ஈரமாக்கியது. // 3. நான் துணியை ஈரமாக்கிவிட்டேன்.,1. मैं अपने बाल गीले करता हूँ। // 2. बारिश ने जमीन गीली कर दी। // 3. मैंने कपड़ा गीला कर दिया है।
Whisper / Whispered / Whispered,Day 50,Beginner,முணுமுணு / முணுமுணுத்தேன் / முணுமுணுத்துள்ளேன்,फुसफुसाना / फुसफुसाया / चुका,1. I whisper the secret. // 2. He whispered in her ear. // 3. I have whispered to him.,1. நான் ரகசியத்தை ரகசியமாகச் சொல்கிறேன் (whisper). // 2. அவர் அவள் காதில் கிசுகிசுத்தார். // 3. நான் அவரிடம் கிசுகிசுத்தேன்.,1. मैं राज फुसफुसाता हूँ। // 2. उसने उसके कान में फुसफुसाया। // 3. मैंने उससे फुसफुसाकर बात की है।
Whistle / Whistled / Whistled,Day 51,Beginner,விசில் அடி / அடித்தேன் / அடித்துள்ளேன்,सीटी बजाना / बजाई / बजा चुका,1. I whistle a tune. // 2. He whistled loudly. // 3. I have whistled at him.,1. நான் ஒரு ராகத்தை விசிலடிக்கிறேன். // 2. அவர் சத்தமாக விசிலடித்தார். // 3. நான் அவரைப் பார்த்து விசிலடித்தேன்.,1. मैं धुन की सीटी बजाता हूँ। // 2. उसने ज़ोर से सीटी बजाई। // 3. मैं उसे सीटी बजा चुका हूँ।
Wind / Wound / Wound,Day 51,Beginner,சுற்று / சுற்றினேன் / சுற்றியுள்ளேன்,लपेटना / लपेटा / लपेट चुका,1. I wind the clock. // 2. He wound the rope. // 3. I have wound the wire.,1. நான் கடிகாரத்தை சுற்றுகிறேன் (wind). // 2. அவர் கயிற்றைச் சுற்றினார். // 3. நான் கம்பியைச் சுற்றியுள்ளேன்.,1. मैं घड़ी में चाबी भरता हूँ। // 2. उसने रस्सी लपेटी। // 3. मैंने तार लपेट दिया है।
Withdraw / Withdrew / Withdrawn,Day 51,Beginner,திரும்பப் பெறு / பெற்றேன் / பெற்றுள்ளேன்,वापस लेना / लिया / ले चुका,1. I withdraw money. // 2. He withdrew the offer. // 3. I have withdrawn cash.,1. நான் பணம் எடுக்கிறேன் (withdraw). // 2. அவர் சலுகையைத் திரும்பப் பெற்றார். // 3. நான் ரொக்கம் எடுத்துள்ளேன்.,1. मैं पैसे निकालता हूँ। // 2. उसने प्रस्ताव वापस ले लिया। // 3. मैं नकद निकाल चुका हूँ।
Wonder / Wondered / Wondered,Day 51,Beginner,ஆச்சரியப்படு / பட்டேன் / பட்டுள்ளேன்,आश्चर्य करना / किया / कर चुका,1. I wonder why. // 2. He wondered at the sight. // 3. I have wondered about this.,1. ஏன் என்று நான் வியக்கிறேன் (யோசிக்கிறேன்). // 2. அவர் அந்தக் காட்சியைக் கண்டு வியந்தார். // 3. நான் இதைப் பற்றி யோசித்திருக்கிறேன்.,1. मुझे आश्चर्य है कि क्यों। // 2. वह नज़ारा देखकर हैरान रह गया। // 3. मैंने इस बारे में सोचा है।
Work / Worked / Worked,Day 51,Beginner,வேலை செய் / செய்தேன் / செய்துள்ளேன்,काम करना / किया / कर चुका,1. I work daily. // 2. He worked at a bank. // 3. I have worked hard.,1. நான் தினமும் வேலை செய்கிறேன். // 2. அவர் வங்கியில் வேலை செய்தார். // 3. நான் கடினமாக உழைத்திருக்கிறேன்.,1. मैं रोज़ काम करता हूँ। // 2. उसने बैंक में काम किया। // 3. मैंने कड़ी मेहनत की है।
Worship / Worshipped / Worshipped,Day 52,Beginner,வழிபடு / வழிபட்டேன் / வழிபட்டுள்ளேன்,पूजा करना / की / कर चुका,1. I worship God. // 2. He worshipped the idol. // 3. I have worshipped here.,1. நான் கடவுளை வணங்குகிறேன். // 2. அவர் சிலையினை வழிபட்டார். // 3. நான் இங்கே வழிபட்டுள்ளேன்.,1. मैं भगवान की पूजा करता हूँ। // 2. उसने मूर्ति की पूजा की। // 3. मैंने यहाँ पूजा की है।
Wrap / Wrapped / Wrapped,Day 52,Beginner,பொதி / பொதிந்தேன் / பொதிந்துள்ளேன்,लपेटना / लपेटा / लपेट चुका,1. I wrap the gift. // 2. He wrapped the baby. // 3. I have wrapped the book.,1. நான் பரிசைச் சுற்றுகிறேன் (wrap). // 2. அவர் குழந்தையைப் போர்த்தினார். // 3. நான் புத்தகத்தைச் சுற்றியுள்ளேன் (உறை போட்டேன்).,1. मैं उपहार लपेटता हूँ। // 2. उसने बच्चे को लपेटा। // 3. मैंने किताब लपेट दी है।
Wreck / Wrecked / Wrecked,Day 52,Beginner,அழி / அழித்தேன் / அழித்துள்ளேன்,नष्ट करना / किया / कर चुका,1. I wreck the bike. // 2. The storm wrecked the ship. // 3. I have wrecked my plans.,1. நான் பைக்கைச் சிதைக்கிறேன். // 2. புயல் கப்பலைச் சிதைத்தது (அழித்தது). // 3. நான் எனது திட்டங்களைச் சிதைத்துவிட்டேன்.,1. मैं बाइक खराब कर देता हूँ। // 2. तूफान ने जहाज को तबाह कर दिया। // 3. मैंने अपनी योजनाएँ खराब कर ली हैं।
Yawn / Yawned / Yawned,Day 52,Beginner,கொட்டாவி விடு / விட்டேன் / விட்டுள்ளேன்,उबासी लेना / ली / ले चुका,1. I yawn when tired. // 2. He yawned during the movie. // 3. I have yawned twice.,1. சோர்வாக இருக்கும்போது நான் கொட்டாவி விடுகிறேன். // 2. படத்தின் போது அவர் கொட்டாவி விட்டார். // 3. நான் இரண்டு முறை கொட்டாவி விட்டேன்.,1. थकने पर मैं जम्हाई लेता हूँ। // 2. उसने फिल्म के दौरान जम्हाई ली। // 3. मैं दो बार जम्हाई ले चुका हूँ।
Yell / Yelled / Yelled,Day 52,Beginner,கத்து / கத்தினேன் / கத்தியுள்ளேன்,चिल्लाना / चिल्लाया / चिल्ला चुका,1. I yell for help. // 2. He yelled at the driver. // 3. I have yelled enough.,1. நான் உதவிக்காகக் கத்துகிறேன். // 2. அவர் டிரைவரைப் பார்த்து கத்தினார். // 3. நான் கத்தியது போதும்.,1. मैं मदद के लिए चिल्लाता हूँ। // 2. वह ड्राइवर पर चिल्लाया। // 3. मैं काफी चिल्ला चुका हूँ।
Yield / Yielded / Yielded,Day 53,Beginner,வழிவிடு / விட்டேன் / விட்டுள்ளேன்,झुकना / झुका / झुक चुका,1. Farmers yield crops. // 2. He yielded to pressure. // 3. The investment has yielded profit.,1. விவசாயிகள் பயிர்களை விளைவிக்கிறார்கள். // 2. அவர் அழுத்தத்திற்குப் பணிந்தார். // 3. முதலீடு லாபத்தைத் தந்துள்ளது (விளைவித்துள்ளது).,1. किसान फसल पैदा करते हैं। // 2. वह दबाव के आगे झुक गया। // 3. निवेश ने लाभ दिया है।
Zip / Zipped / Zipped,Day 53,Beginner,ஜிப் போடு / போட்டேன் / போட்டுள்ளேன்,ज़िप लगाना / लगाई / लगा चुका,1. I zip my jacket. // 2. She zipped her bag. // 3. I have zipped the parcel.,1. நான் என் ஜாக்கெட்டை ஜிப் செய்கிறேன். // 2. அவள் தன் பையை ஜிப் செய்தாள். // 3. நான் பார்சலை ஜிப் செய்துள்ளேன்.,1. मैं अपनी जैकेट की ज़िप लगाता हूँ। // 2. उसने अपने बैग की ज़िप लगाई। // 3. मैंने पार्सल की ज़िप लगा दी है।
Zoom / Zoomed / Zoomed,Day 53,Beginner,விரைந்து செல் / சென்றேன் / சென்றுள்ளேன்,तेज़ी से जाना / गया / जा चुका,1. Planes zoom past. // 2. The car zoomed by. // 3. I have zoomed the image.,1. விமானங்கள் வேகமாகச் செல்கின்றன. // 2. கார் வேகமாகச் சென்றது. // 3. நான் படத்தை பெரிதாக்கியுள்ளேன் (zoom).,1. विमान तेज़ी से गुज़रते हैं। // 2. कार तेज़ी से निकल गई। // 3. मैंने इमेज को ज़ूम कर दिया है।
Absorb / Absorbed / Absorbed,Day 53,Beginner,உறிஞ்சு / உறிஞ்சினேன் / உறிஞ்சியுள்ளேன்,सोखना / सोखा / सोख चुका,1. Sponges absorb water. // 2. The soil absorbed the rain. // 3. I have absorbed the info.,1. ஸ்பாஞ்ச்கள் நீரை உறிஞ்சுகின்றன. // 2. மண் மழையை உறிஞ்சியது. // 3. நான் தகவலை உள்வாங்கிக் கொண்டேன்.,1. स्पंज पानी सोख लेते हैं। // 2. मिट्टी ने बारिश सोख ली। // 3. मैंने जानकारी को आत्मसात कर लिया है।
Accompany / Accompanied / Accompanied,Day 53,Beginner,கூடச் செல் / சென்றேன் / சென்றுள்ளேன்,साथ देना / दिया / दे चुका,1. I accompany her. // 2. He accompanied me. // 3. I have accompanied them home.,1. நான் அவளுடன் கூடச் செல்கிறேன். // 2. அவர் என்னுடன் கூட வந்தார். // 3. நான் அவர்களை வீட்டிற்கு அழைத்துச் சென்றுள்ளேன்.,1. मैं उसके साथ जाता हूँ। // 2. वह मेरे साथ आया। // 3. मैं उन्हें घर तक साथ ले गया हूँ।
Accuse / Accused / Accused,Day 54,Beginner,குற்றம் சாட்டு / சாட்டினேன் / சாட்டியுள்ளேன்,आरोप लगाना / लगाया / लगा चुका,1. I accuse no one. // 2. She accused him of theft. // 3. They have accused me.,1. நான் யாரையும் குற்றம் சாட்டவில்லை. // 2. அவள் அவன் மீது திருட்டு குற்றம் சாட்டினாள். // 3. அவர்கள் என் மீது குற்றம் சாட்டியுள்ளனர்.,1. मैं किसी पर आरोप नहीं लगाता। // 2. उसने उस पर चोरी का आरोप लगाया। // 3. उन्होंने मुझ पर आरोप लगाया है।
Accustom / Accustomed / Accustomed,Day 54,Beginner,பழக்கப்படுத்து / படுத்தினேன் / படுத்தியுள்ளேன்,अभ्यस्त होना / हुआ / हो चुका,1. I accustom myself to it. // 2. He accustomed to the heat. // 3. I have accustomed to this.,1. நான் இதற்குப் பழகிக்கொள்கிறேன். // 2. அவர் வெப்பத்திற்குப் பழகினார். // 3. நான் இதற்குப் பழகிவிட்டேன்.,1. मैं खुद को इसका अभ्यस्त बनाता हूँ। // 2. उसे गर्मी की आदत हो गई। // 3. मैं इसका अभ्यस्त हो चुका हूँ।
Ache / Ached / Ached,Day 54,Beginner,வலி / வலித்தது / வலித்திருக்கிறது,दर्द होना / हुआ / हो चुका,1. My muscles ache. // 2. My head ached all day. // 3. My back has ached lately.,1. என் தசைகள் வலிக்கின்றன. // 2. நாள் முழுவதும் எனக்குத் தலைவலித்தது. // 3. சமீபத்தில் என் முதுகு வலித்தது.,1. मेरी मांसपेशियों में दर्द होता है। // 2. सारा दिन मेरे सिर में दर्द हुआ। // 3. पिछले कुछ समय से मेरी पीठ में दर्द है।
Achieve / Achieved / Achieved,Day 54,Beginner,சாதி / சாதித்தேன் / சாதித்துள்ளேன்,हासिल करना / किया / कर चुका,1. I achieve my goals. // 2. He achieved success. // 3. I have achieved a lot.,1. நான் எனது இலக்குகளை அடைகிறேன். // 2. அவர் வெற்றியை அடைந்தார். // 3. நான் நிறைய சாதித்துள்ளேன்.,1. मैं अपने लक्ष्यों को प्राप्त करता हूँ। // 2. उसने सफलता हासिल की। // 3. मैंने बहुत कुछ हासिल किया है।
Act / Acted / Acted,Day 54,Beginner,நடி / நடித்தேன் / நடித்துள்ளேன்,अभिनय करना / किया / कर चुका,1. I act in plays. // 2. He acted bravely. // 3. She has acted in movies.,1. நான் நாடகங்களில் நடிக்கிறேன். // 2. அவர் தைரியமாகச் செயல்பட்டார். // 3. அவள் படங்களில் நடித்துள்ளாள்.,1. मैं नाटकों में अभिनय करता हूँ। // 2. उसने बहादुरी से काम किया। // 3. उसने फिल्मों में काम किया है।
Address / Addressed / Addressed,Day 55,Beginner,உரையாற்று / ஆற்றினேன் / ஆற்றியுள்ளேன்,संबोधित करना / किया / कर चुका,1. I address the crowd. // 2. He addressed the issue. // 3. I have addressed the letter.,1. நான் கூட்டத்தில் உரையாற்றுகிறேன். // 2. அவர் பிரச்சனையைத் தீர்த்தார் (அணுகினார்). // 3. நான் கடிதத்தில் முகவரி எழுதியுள்ளேன்.,1. मैं भीड़ को संबोधित करता हूँ। // 2. उसने मुद्दे को सुलझाया। // 3. मैंने पत्र पर पता लिख दिया है।
Adjust / Adjusted / Adjusted,Day 55,Beginner,சரிசெய் / செய்தேன் / செய்துள்ளேன்,तालमेल बिठाना / बिठाया / चुका,1. I adjust the chair. // 2. He adjusted the mirror. // 3. I have adjusted the price.,1. நான் நாற்காலியைச் சரிசெய்கிறேன். // 2. அவர் கண்ணாடியைச் சரிசெய்தார். // 3. நான் விலையைச் சரிசெய்துள்ளேன்.,1. मैं कुर्सी को एडजस्ट करता हूँ। // 2. उसने शीशे को ठीक किया। // 3. मैंने कीमत को समायोजित किया है।
Admire / Admired / Admired,Day 55,Beginner,பாராட்டு / பாராட்டினேன் / பாராட்டியுள்ளேன்,प्रशंसा करना / की / कर चुका,1. I admire your work. // 2. She admired the view. // 3. I have admired him for years.,1. நான் உங்கள் வேலையைப் பாராட்டுகிறேன். // 2. அவள் காட்சியை ரசித்தாள். // 3. நான் பல ஆண்டுகளாக அவரை மதித்து வருகிறேன்.,1. मैं आपके काम की प्रशंसा करता हूँ। // 2. उसने दृश्य की प्रशंसा की। // 3. मैंने सालों से उसकी प्रशंसा की है।
Admit / Admitted / Admitted,Day 55,Beginner,ஒப்புக்கொள் / கொண்டேன் / கொண்டுள்ளேன்,स्वीकार करना / किया / कर चुका,1. I admit my mistake. // 2. He admitted his guilt. // 3. I have admitted him to hospital.,1. நான் என் தவறை ஒப்புக்கொள்கிறேன். // 2. அவர் தன் குற்றத்தை ஒப்புக்கொண்டார். // 3. நான் அவரை மருத்துவமனையில் சேர்த்துள்ளேன்.,1. मैं अपनी गलती स्वीकार करता हूँ। // 2. उसने अपना गुनाह कबूल किया। // 3. मैंने उसे अस्पताल में भर्ती कराया है।
Advise / Advised / Advised,Day 55,Beginner,அறிவுரை கூறு / கூறினேன் / கூறியுள்ளேன்,सलाह देना / दी / दे चुका,1. I advise students. // 2. He advised me to wait. // 3. I have advised him.,1. நான் மாணவர்களுக்கு அறிவுரை கூறுகிறேன். // 2. அவர் என்னைக் காத்திருக்கச் சொன்னார். // 3. நான் அவருக்கு அறிவுரை வழங்கியுள்ளேன்.,1. मैं छात्रों को सलाह देता हूँ। // 2. उसने मुझे इंतज़ार करने की सलाह दी। // 3. मैंने उसे सलाह दी है।
Afford / Afforded / Afforded,Day 56,Beginner,வசதி இரு / இருந்தது / இருந்திருக்கிறது,सामर्थ्य होना / था / हो चुका,1. I afford this car. // 2. He afforded a luxury trip. // 3. I have afforded a new house.,1. என்னால் இந்த காரை வாங்க முடியும். // 2. அவரால் ஒரு விலையுயர்ந்த பயணம் செய்ய முடிந்தது. // 3. நான் ஒரு புதிய வீட்டை வாங்கியுள்ளேன்.,1. मैं यह कार खरीद सकता हूँ। // 2. वह एक लग्जरी ट्रिप का खर्च उठा सका। // 3. मैंने एक नए घर का खर्च उठाया है।
Aim / Aimed / Aimed,Day 56,Beginner,குறிவை / வைத்தேன் / வைத்துள்ளேன்,लक्ष्य साधना / साधा / साध चुका,1. I aim for the target. // 2. He aimed the gun. // 3. I have aimed high.,1. நான் இலக்கை நோக்கி குறி வைக்கிறேன். // 2. அவர் துப்பாக்கியால் குறி வைத்தார். // 3. நான் உயர்ந்த இலக்கை வைத்துள்ளேன்.,1. मैं लक्ष्य पर निशाना लगाता हूँ। // 2. उसने बंदूक तानी। // 3. मैंने ऊँचा लक्ष्य रखा है।
Amuse / Amused / Amused,Day 56,Beginner,மகிழ்வி / மகிழ்வித்தேன் / மகிழ்வித்துள்ளேன்,मन बहलाना / बहलाया / चुका,1. I amuse the kids. // 2. It amused me. // 3. He has amused the crowd.,1. நான் குழந்தைகளை மகிழ்விக்கிறேன். // 2. அது எனக்கு வேடிக்கையாக இருந்தது. // 3. அவர் கூட்டத்தை மகிழ்வித்தார்.,1. मैं बच्चों का मनोरंजन करता हूँ। // 2. इसने मुझे मनोरंजन दिया। // 3. उसने भीड़ का मनोरंजन किया है।
Analyze / Analyzed / Analyzed,Day 56,Beginner,பகுப்பாய்வு செய் / செய்தேன் / செய்துள்ளேன்,विश्लेषण करना / किया / कर चुका,1. I analyze data. // 2. He analyzed the blood. // 3. I have analyzed the result.,1. நான் தரவை ஆய்வு செய்கிறேன். // 2. அவர் இரத்தத்தை ஆய்வு செய்தார். // 3. நான் முடிவை ஆய்வு செய்துள்ளேன்.,1. मैं डेटा का विश्लेषण करता हूँ। // 2. उसने खून की जाँच (विश्लेषण) की। // 3. मैंने परिणाम का विश्लेषण किया है।
Announce / Announced / Announced,Day 56,Beginner,அறிவி / அறிவித்தேன் / அறிவித்துள்ளேன்,घोषणा करना / की / कर चुका,1. I announce the winner. // 2. He announced his plans. // 3. They have announced the date.,1. நான் வெற்றியாளரை அறிவிக்கிறேன். // 2. அவர் தனது திட்டங்களை அறிவித்தார். // 3. அவர்கள் தேதியை அறிவித்துள்ளனர்.,1. मैं विजेता की घोषणा करता हूँ। // 2. उसने अपनी योजनाओं की घोषणा की। // 3. उन्होंने तारीख की घोषणा कर दी है।
Annoy / Annoyed / Annoyed,Day 57,Beginner,எரிச்சலூட்டு / ஊட்டினேன் / ஊட்டியுள்ளேன்,चिढ़ाना / चिढ़ाया / चिढ़ा चुका,1. I annoy my brother. // 2. It annoyed her. // 3. He has annoyed everyone.,1. நான் என் சகோதரனை எரிச்சலூட்டுகிறேன். // 2. அது அவளுக்கு எரிச்சலை ஏற்படுத்தியது. // 3. அவர் எல்லாரையும் எரிச்சலடையச் செய்தார்.,1. मैं अपने भाई को परेशान करता हूँ। // 2. इसने उसे चिढ़ा दिया। // 3. उसने सबको परेशान कर दिया है।
Applaud / Applauded / Applauded,Day 57,Beginner,கைதட்டு / தட்டினேன் / தட்டியுள்ளேன்,तालियाँ बजाना / बजाई / चुका,1. I applaud the show. // 2. They applauded loudly. // 3. I have applauded his effort.,1. நான் நிகழ்ச்சியைப் பாராட்டி கைதட்டுகிறேன். // 2. அவர்கள் சத்தமாக கைதட்டினார்கள். // 3. நான் அவரது முயற்சியைப் பாராட்டியுள்ளேன்.,1. मैं शो की सराहना करता हूँ। // 2. उन्होंने ज़ोर से तालियाँ बजाईं। // 3. मैंने उसके प्रयास की सराहना की है।
Appoint / Appointed / Appointed,Day 57,Beginner,நியமி / நியமித்தேன் / நியமித்துள்ளேன்,नियुक्त करना / किया / कर चुका,1. I appoint a leader. // 2. He appointed a manager. // 3. I have appointed him.,1. நான் ஒரு தலைவரை நியமிக்கிறேன். // 2. அவர் ஒரு மேலாளரை நியமித்தார். // 3. நான் அவரை நியமித்துள்ளேன்.,1. मैं एक नेता नियुक्त करता हूँ। // 2. उसने एक मैनेजर नियुक्त किया। // 3. मैंने उसे नियुक्त किया है।
Appreciate / Appreciated / Appreciated,Day 57,Beginner,மதி / மதித்தேன் / மதித்துள்ளேன்,सराहना करना / की / कर चुका,1. I appreciate beauty. // 2. He appreciated the gift. // 3. I have appreciated your help.,1. நான் அழகைப் ரசிக்கிறேன். // 2. அவர் பரிசைப் பாராட்டினார். // 3. உங்கள் உதவியை நான் மதிக்கிறேன் (பாராட்டியுள்ளேன்).,1. मैं सुंदरता की सराहना करता हूँ। // 2. उसने उपहार की सराहना की। // 3. मैंने आपकी मदद की सराहना की है।
Approve / Approved / Approved,Day 57,Beginner,அங்கீகரி / அங்கீகரித்தேன் / அங்கீகரித்துள்ளேன்,मंज़ूरी देना / दी / दे चुका,1. I approve the plan. // 2. He approved the loan. // 3. I have approved the request.,1. நான் திட்டத்தை அங்கீகரிக்கிறேன். // 2. அவர் கடனுக்கு ஒப்புதல் அளித்தார். // 3. நான் கோரிக்கையை அங்கீகரித்துள்ளேன்.,1. मैं योजना को मंजूरी देता हूँ। // 2. उसने ऋण मंजूर कर लिया। // 3. मैंने अनुरोध को मंजूरी दे दी है।
Argue / Argued / Argued,Day 58,Beginner,விவாதி / விவாதித்தேன் / விவாதித்துள்ளேன்,बहस करना / की / कर चुका,1. I argue for truth. // 2. They argued about money. // 3. I have argued with him.,1. நான் உண்மைக்காக வாதிடுகிறேன். // 2. அவர்கள் பணத்திற்காக விவாதித்தனர் (சண்டையிட்டனர்). // 3. நான் அவரிடம் வாதிட்டுள்ளேன்.,1. मैं सच्चाई के लिए बहस करता हूँ। // 2. उन्होंने पैसों को लेकर बहस की। // 3. मैंने उससे बहस की है।
Arrange / Arranged / Arranged,Day 58,Beginner,ஏற்பாடு செய் / செய்தேன் / செய்துள்ளேன்,व्यवस्था करना / की / कर चुका,1. I arrange the books. // 2. He arranged a meeting. // 3. I have arranged everything.,1. நான் புத்தகங்களை அடுக்குகிறேன். // 2. அவர் ஒரு கூட்டத்திற்கு ஏற்பாடு செய்தார். // 3. நான் எல்லாவற்றையும் ஏற்பாடு செய்துள்ளேன்.,1. मैं किताबें व्यवस्थित करता हूँ। // 2. उसने एक मीटिंग की व्यवस्था की। // 3. मैंने सब कुछ व्यवस्थित कर दिया है।
Arrest / Arrested / Arrested,Day 58,Beginner,கைது செய் / செய்தேன் / செய்துள்ளேன்,गिरफ्तार करना / किया / कर चुका,1. Police arrest thieves. // 2. He was arrested. // 3. They have arrested the killer.,1. போலீசார் திருடர்களைக் கைது செய்கிறார்கள். // 2. அவர் கைது செய்யப்பட்டார். // 3. அவர்கள் கொலையாளியைக் கைது செய்துள்ளனர்.,1. पुलिस चोरों को गिरफ्तार करती है। // 2. उसे गिरफ्तार कर लिया गया। // 3. उन्होंने कातिल को गिरफ्तार कर लिया है।
Assemble / Assembled / Assembled,Day 58,Beginner,ஒன்றிணை / இணைத்தேன் / இணைந்துள்ளேன்,इकट्ठा करना / किया / कर चुका,1. I assemble the parts. // 2. They assembled in hall. // 3. I have assembled the toys.,1. நான் பாகங்களை ஒன்றிணைக்கிறேன். // 2. அவர்கள் மண்டபத்தில் கூடினர். // 3. நான் பொம்மைகளை ஒன்றாகச் சேர்த்துள்ளேன்.,1. मैं पुर्जों को इकट्ठा (असेम्बल) करता हूँ। // 2. वे हॉल में इकट्ठे हुए। // 3. मैंने खिलौने जोड़ लिए हैं।
Assist / Assisted / Assisted,Day 58,Beginner,உதவி செய் / செய்தேன் / செய்துள்ளேன்,सहायता करना / की / कर चुका,1. I assist the blind. // 2. He assisted me at work. // 3. I have assisted the doctor.,1. நான் பார்வையற்றவர்களுக்கு உதவுகிறேன். // 2. அவர் எனக்கு வேலையில் உதவினார். // 3. நான் மருத்துவருக்கு உதவியுள்ளேன்.,1. मैं अंधों की सहायता करता हूँ। // 2. उसने काम में मेरी सहायता की। // 3. मैंने डॉक्टर की सहायता की है।
Assure / Assured / Assured,Day 59,Beginner,உறுதி அளி / அளித்தேன் / அளித்துள்ளேன்,आश्वासन देना / दिया / दे चुका,1. I assure you success. // 2. He assured me safety. // 3. I have assured the team.,1. நான் உங்களுக்கு வெற்றியை உறுதி அளிக்கிறேன். // 2. அவர் எனக்குப் பாதுகாப்பை உறுதி செய்தார். // 3. நான் குழுவிற்கு உறுதி அளித்துள்ளேன்.,1. मैं आपको सफलता का आश्वासन देता हूँ। // 2. उसने मुझे सुरक्षा का आश्वासन दिया। // 3. मैंने टीम को आश्वासन दिया है।
Attach / Attached / Attached,Day 59,Beginner,இணை / இணைத்தேன் / இணைத்துள்ளேன்,जोड़ना / जोड़ा / जोड़ चुका,1. I attach the file. // 2. She attached a photo. // 3. I have attached the label.,1. நான் கோப்பை இணைக்கிறேன். // 2. அவள் ஒரு புகைப்படத்தை இணைத்தாள். // 3. நான் லேபிளை இணைத்துள்ளேன்.,1. मैं फाइल संलग्न करता हूँ। // 2. उसने एक फोटो संलग्न की। // 3. मैंने लेबल लगा दिया है।
Attack / Attacked / Attacked,Day 59,Beginner,தாக்கு / தாக்கினேன் / தாக்கியுள்ளேன்,हमला करना / किया / कर चुका,1. Dogs attack strangers. // 2. He attacked the fort. // 3. I have attacked the problem.,1. நாய்கள் அந்நியர்களைத் தாக்குகின்றன. // 2. அவர் கோட்டையைத் தாக்கினார். // 3. நான் பிரச்சனையைத் தாக்கினேன் (தீர்வு காண முயன்றேன்).,1. कुत्ते अजनबियों पर हमला करते हैं। // 2. उसने किले पर हमला किया। // 3. मैंने समस्या पर हमला किया (हल करने की कोशिश की)।
Attempt / Attempted / Attempted,Day 59,Beginner,முயற்சி செய் / செய்தேன் / செய்துள்ளேன்,प्रयास करना / किया / कर चुका,1. I attempt the test. // 2. He attempted a jump. // 3. I have attempted the exam.,1. நான் தேர்வை முயற்சி செய்கிறேன். // 2. அவர் குதிக்க முயன்றார். // 3. நான் தேர்வை எழுதியுள்ளேன் (முயற்சித்துள்ளேன்).,1. मैं टेस्ट का प्रयास करता हूँ। // 2. उसने कूदने का प्रयास किया। // 3. मैंने परीक्षा का प्रयास किया है।
Attend / Attended / Attended,Day 59,Beginner,கலந்து கொள் / கொண்டேன் / கொண்டுள்ளேன்,उपस्थित होना / हुआ / हो चुका,1. I attend classes. // 2. He attended the party. // 3. I have attended the meeting.,1. நான் வகுப்புகளில் கலந்து கொள்கிறேன். // 2. அவர் விருந்தில் கலந்து கொண்டார். // 3. நான் கூட்டத்தில் கலந்து கொண்டுள்ளேன்.,1. मैं कक्षाओं में उपस्थित होता हूँ। // 2. वह पार्टी में शामिल हुआ। // 3. मैं मीटिंग में शामिल हो चुका हूँ।
Attract / Attracted / Attracted,Day 60,Beginner,கவர் / கவர்ந்தேன் / கவர்ந்துள்ளேன்,आकर्षित करना / किया / कर चुका,1. Flowers attract bees. // 2. She attracted him. // 3. I have attracted investors.,1. பூக்கள் தேனீக்களை ஈர்க்கின்றன. // 2. அவள் அவரை ஈர்த்தாள். // 3. நான் முதலீட்டாளர்களை ஈர்த்துள்ளேன்.,1. फूल मधुमक्खियों को आकर्षित करते हैं। // 2. उसने उसे आकर्षित किया। // 3. मैंने निवेशकों को आकर्षित किया है।
Awake / Awoke / Awoken,Day 60,Beginner,விழி / விழித்தேன் / விழித்துள்ளேன்,जागना / जागा / जाग चुका,1. I awake at dawn. // 2. He awoke at noon. // 3. I have awoken early.,1. நான் வைகறையில் விழிக்கிறேன். // 2. அவர் நண்பகலில் விழித்தார். // 3. நான் சீக்கிரம் விழித்துவிட்டேன்.,1. मैं भोर में जागता हूँ। // 2. वह दोपहर में जागा। // 3. मैं जल्दी जाग चुका हूँ।
Bake / Baked / Baked,Day 60,Beginner,சுடு / சுட்டேன் / சுட்டுள்ளேன்,पकाना (सेंकना) / पकाया / चुका,1. I bake bread. // 2. She baked a cake. // 3. I have baked cookies.,1. நான் ரொட்டி சுடுகிறேன் (bake). // 2. அவள் ஒரு கேக் சுட்டாள். // 3. நான் குக்கீஸ்களைச் சுட்டுள்ளேன்.,1. मैं ब्रेड बनाता (बेक करता) हूँ। // 2. उसने केक बनाया। // 3. मैंने कुकीज़ बेक की हैं।
Balance / Balanced / Balanced,Day 60,Beginner,சமநிலைப்படுத்து / படுத்தினேன் / படுத்தியுள்ளேன்,संतुलन बनाना / बनाया / चुका,1. I balance my life. // 2. He balanced on one leg. // 3. I have balanced the books.,1. நான் என் வாழ்க்கையைச் சமநிலைப்படுத்துகிறேன். // 2. அவர் ஒரு காலில் சமநிலைப்படுத்தினார். // 3. நான் கணக்குகளைச் சமன் செய்துள்ளேன்.,1. मैं अपने जीवन को संतुलित करता हूँ। // 2. उसने एक पैर पर संतुलन बनाया। // 3. मैंने हिसाब-किताब संतुलित कर लिया है।
Ban / Banned / Banned,Day 60,Beginner,தடை செய் / செய்தேன் / செய்துள்ளேன்,रोक लगाना / लगाई / लगा चुका,1. I ban plastic. // 2. They banned the book. // 3. The govt has banned smoke.,1. நான் நெகிழியினைத் தடை செய்கிறேன். // 2. அவர்கள் அந்தப் புத்தகத்தைத் தடை செய்தனர். // 3. அரசு புகைப்பிடித்தலைத் தடை செய்துள்ளது.,1. मैं प्लास्टिक पर प्रतिबंध लगाता हूँ। // 2. उन्होंने किताब पर प्रतिबंध लगा दिया। // 3. सरकार ने धुएं पर प्रतिबंध लगा दिया है।
Bang / Banged / Banged,Day 61,Beginner,தட்டு / தட்டினேன் / தட்டியுள்ளேன்,ज़ोर से मारना / मारा / चुका,1. I bang the drum. // 2. He banged the door. // 3. I have banged my head.,1. நான் மேளத்தை அடிக்கிறேன். // 2. அவர் கதவை ஓங்கி அடித்தார். // 3. நான் என் தலையை முட்டிக்கொண்டேன்.,1. मैं ड्रम बजाता हूँ। // 2. उसने दरवाजा ज़ोर से बंद किया। // 3. मैंने अपना सिर दे मारा है।
Bare / Bared / Bared,Day 61,Beginner,வெளிப்படுத்து / படுத்தினேன் / படுத்தியுள்ளேன்,उघाड़ना / उघाड़ा / उघाड़ चुका,1. Lions bare teeth. // 2. He bared his soul. // 3. I have bared the wires.,1. சிங்கங்கள் பற்களைக் காட்டுகின்றன. // 2. அவர் தனது உள்ளத்தைத் திறந்தார் (காட்டினார்). // 3. நான் கம்பிகளை உரித்துள்ளேன்.,1. शेर दाँत दिखाते हैं। // 2. उसने अपना दिल खोलकर रख दिया। // 3. मैंने तार छील दिए हैं।
Bark / Barked / Barked,Day 61,Beginner,குறை / குறைத்தது / குறைத்திருக்கிறது,भौंकना / भौंका / भौंक चुका,1. Dogs bark at night. // 2. The dog barked at me. // 3. It has barked all day.,1. நாய்கள் இரவில் குறைக்கின்றன. // 2. நாய் என்னைப் பார்த்து குறைத்தது. // 3. அது நாள் முழுவதும் குறைத்தது.,1. कुत्ते रात में भौंकते हैं। // 2. कुत्ता मुझ पर भौंका। // 3. यह सारा दिन भौंकता रहा है।
Base / Based / Based,Day 61,Beginner,அடிப்படையாகக் கொள் / கொண்டேன் / கொண்டுள்ளேன்,आधारित होना / था / हो चुका,1. I base it on facts. // 2. He based his story on me. // 3. I have based my choice.,1. நான் உண்மைகளின் அடிப்படையில் இதைச் செய்கிறேன். // 2. அவர் தனது கதையை என்னை வைத்து உருவாக்கினார். // 3. நான் எனது விருப்பத்தை ஒரு அடிப்படையில் எடுத்துள்ளேன்.,1. मैं इसे तथ्यों पर आधारित करता हूँ। // 2. उसने अपनी कहानी मुझ पर आधारित की। // 3. मैंने अपनी पसंद का आधार तय किया है।
Bathe / Bathed / Bathed,Day 61,Beginner,குளி / குளித்தேன் / குளித்துள்ளேன்,नहाना / नहाया / नहा चुका,1. I bathe daily. // 2. He bathed in the sea. // 3. I have bathed the baby.,1. நான் தினமும் குளிக்கிறேன். // 2. அவர் கடலில் குளித்தார். // 3. நான் குழந்தையைக் குளிப்பாட்டியுள்ளேன்.,1. मैं रोज़ नहाता हूँ। // 2. वह समुद्र में नहाया। // 3. मैंने बच्चे को नहला दिया है।
Battle / Battled / Battled,Day 62,Beginner,போராடு / போராடினேன் / போராடியுள்ளேன்,लड़ना / लड़ा / लड़ चुका,1. I battle for justice. // 2. They battled hard. // 3. I have battled illness.,1. நான் நீதிக்காகப் போராடுகிறேன். // 2. அவர்கள் கடுமையாகப் போராடினர். // 3. நான் நோயுடன் போராடியுள்ளேன்.,1. मैं न्याय के लिए लड़ता हूँ। // 2. उन्होंने कड़ी मेहनत से लड़ाई लड़ी। // 3. मैंने बीमारी से लड़ाई लड़ी है।
Beam / Beamed / Beamed,Day 62,Beginner,பிரகாசி / பிரகாசித்தேன் / பிரகாசித்துள்ளேன்,चमकना / चमका / चमक चुका,1. I beam with joy. // 2. She beamed at me. // 3. Lights have beamed down.,1. நான் மகிழ்ச்சியில் பிரகாசிக்கிறேன். // 2. அவள் என்னைப் பார்த்துப் புன்னகைத்தாள் (பிரகாசித்தாள்). // 3. விளக்குகள் ஒளியைப் பாய்ச்சியுள்ளன.,1. मैं खुशी से झूम उठता हूँ। // 2. वह मुझे देखकर मुस्कुराई। // 3. रोशनी नीचे की ओर चमक रही है।
Bear / Bore / Borne,Day 62,Beginner,தாங்கு / தாங்கினேன் / தாங்கியுள்ளேன்,सहना / सहा / सह चुका,1. I bear the weight. // 2. She bore a child. // 3. I have borne the cost.,1. நான் எடையைச் சுமக்கிறேன். // 2. அவள் குழந்தையைப் பெற்றெடுத்தாள். // 3. நான் செலவைச் சுமந்துள்ளேன் (ஏற்றுக்கொண்டேன்).,1. मैं भार सहन करता हूँ। // 2. उसने एक बच्चे को जन्म दिया। // 3. मैंने खर्च वहन किया है।
Beat / Beat / Beaten,Day 62,Beginner,அடி / அடித்தேன் / அடித்துள்ளேன்,पीटना / पीटा / पीट चुका,1. I beat the eggs. // 2. He beat the drum. // 3. I have beaten the record.,1. நான் முட்டைகளை அடிக்கிறேன். // 2. அவர் மேளத்தை அடித்தார். // 3. நான் சாதனையை முறியடித்துள்ளேன்.,1. मैं अंडे फेंटता हूँ। // 2. उसने ड्रम बजाया। // 3. मैंने रिकॉर्ड तोड़ दिया है।
Become / Became / Become,Day 62,Beginner,ஆகு / ஆனேன் / ஆகியுள்ளேன்,बनना / बना / बन चुका,1. I become a doctor. // 2. He became angry. // 3. It has become cold.,1. நான் மருத்துவராகிறேன். // 2. அவர் கோபமடைந்தார். // 3. அது குளிர்ச்சியாகிவிட்டது.,1. मैं डॉक्टर बनता हूँ। // 2. वह गुस्सा हो गया। // 3. ठंड हो गई है।
Beg / Begged / Begged,Day 63,Beginner,கெஞ்சு / கெஞ்சினேன் / கெஞ்சியுள்ளேன்,भीख माँगना / माँगी / माँग चुका,1. I beg for mercy. // 2. He begged for food. // 3. I have begged him to stay.,1. நான் கருணைக்காகக் கெஞ்சுகிறேன். // 2. அவர் உணவுக்காகப் பிச்சை எடுத்தார். // 3. நான் அவரைத் தங்குமாறு கெஞ்சினேன்.,1. मैं दया की भीख माँगता हूँ। // 2. उसने खाने की भीख माँगी। // 3. मैंने उससे रुकने के लिए विनती की है।
Behave / Behaved / Behaved,Day 63,Beginner,நடந்துகொள் / கொண்டேன் / கொண்டுள்ளேன்,व्यवहार करना / किया / कर चुका,1. I behave well. // 2. He behaved badly. // 3. Have you behaved?,1. நான் நன்றாக நடந்து கொள்கிறேன். // 2. அவர் மோசமாக நடந்து கொண்டார். // 3. நீ ஒழுங்காக நடந்து கொண்டாயா?,1. मैं अच्छा व्यवहार करता हूँ। // 2. उसने बुरा व्यवहार किया। // 3. क्या तुमने अच्छा व्यवहार किया?
Behold / Beheld / Beheld,Day 63,Beginner,பார் / பார்த்தேன் / பார்த்துள்ளேன்,देखना / देखा / देख चुका,1. I behold the moon. // 2. He beheld a miracle. // 3. I have beheld beauty.,1. நான் நிலவைப் பார்க்கிறேன் (behold). // 2. அவர் ஒரு அதிசயத்தைக் கண்டார். // 3. நான் அழகைக் கண்டுள்ளேன்.,1. मैं चंद्रमा को देखता हूँ। // 2. उसने एक चमत्कार देखा। // 3. मैंने सुंदरता को देखा है।
Belong / Belonged / Belonged,Day 63,Beginner,உரிமையாதல் / இருந்தது / இருந்திருக்கிறது,संबंधित होना / था / हो चुका,1. I belong here. // 2. It belonged to me. // 3. I have belonged to the club.,1. நான் இங்கே சேர்ந்தவன். // 2. அது எனக்குச் சொந்தமானது. // 3. நான் இந்த கிளப்பில் உறுப்பினராக இருந்துள்ளேன்.,1. मैं यहाँ का हूँ। // 2. यह मेरा था। // 3. मैं क्लब का सदस्य रहा हूँ।
Bend / Bent / Bent,Day 63,Beginner,வளை / வளைத்தேன் / வளைந்துள்ளேன்,झुकना / झुका / झुक चुका,1. I bend the stick. // 2. He bent the iron. // 3. I have bent the rules.,1. நான் குச்சியை வளைக்கிறேன். // 2. அவர் இரும்பை வளைத்தார். // 3. நான் விதிகளில் சில விலக்குகள் செய்துள்ளேன் (வளைத்துள்ளேன்).,1. मैं छड़ी मोड़ता हूँ। // 2. उसने लोहे को मोड़ दिया। // 3. मैंने नियमों को मरोड़ा है।
Benefit / Benefited / Benefited,Day 64,Beginner,பயனடை / அடைந்தேன் / அடைந்துள்ளேன்,लाभ उठाना / उठाया / उठा चुका,1. I benefit from yoga. // 2. He benefited from it. // 3. I have benefited.,1. நான் யோகாவால் பயனடைகிறேன். // 2. அவர் அதனால் பயனடைந்தார். // 3. நான் பயனடைந்துள்ளேன்.,1. मुझे योग से लाभ होता है। // 2. उसे इससे लाभ हुआ। // 3. मुझे लाभ हुआ है।
Bet / Bet / Bet,Day 64,Beginner,பந்தயம் கட்டு / கட்டினேன் / கட்டியுள்ளேன்,शर्त लगाना / लगाई / लगा चुका,1. I bet 100 rupees. // 2. He bet on the horse. // 3. I have bet my life.,1. நான் 100 ரூபாய் பந்தயம் கட்டுகிறேன். // 2. அவர் குதிரை மீது பந்தயம் கட்டினார். // 3. நான் எனது வாழ்க்கையையே பந்தயமாக வைத்துள்ளேன்.,1. मैं 100 रुपये की शर्त लगाता हूँ। // 2. उसने घोड़े पर दांव लगाया। // 3. मैंने अपनी जान की बाजी लगा दी है।
Betray / Betrayed / Betrayed,Day 64,Beginner,துரோகம் செய் / செய்தேன் / செய்துள்ளேன்,धोखा देना / दिया / दे चुका,1. I betray no one. // 2. He betrayed my trust. // 3. They have betrayed us.,1. நான் யாரையும் காட்டிக் கொடுப்பதில்லை. // 2. அவர் எனது நம்பிக்கையைத் துரோகம் செய்தார். // 3. அவர்கள் எங்களை ஏமாற்றிவிட்டார்கள்.,1. मैं किसी को धोखा नहीं देता। // 2. उसने मेरा विश्वास तोड़ा। // 3. उन्होंने हमें धोखा दिया है।
Bias / Biased / Biased,Day 64,Beginner,பாரபட்சம் காட்டு / காட்டினேன் / காட்டியுள்ளேன்,पक्षपात करना / किया / कर चुका,1. I bias the result. // 2. He was biased. // 3. I have biased the judge.,1. நான் முடிவில் ஒரு சார்பு காட்டுகிறேன். // 2. அவர் ஒருதலைப்பட்சமாக இருந்தார். // 3. நான் நீதிபதியை ஒரு சார்புடையவராக ஆக்கினேன்.,1. मैं परिणाम को पक्षपाती बनाता हूँ। // 2. वह पक्षपाती था। // 3. मैंने जज को प्रभावित (पक्षपाती) किया है।
Bid / Bid / Bid,Day 64,Beginner,ஏலம் எடு / எடுத்தேன் / எடுத்துள்ளேன்,बोली लगाना / लगाई / लगा चुका,1. I bid for the house. // 2. He bid farewell. // 3. I have bid highest.,1. நான் வீட்டிற்கு ஏலம் கேட்கிறேன். // 2. அவர் பிரியாவிடை கூறினார். // 3. நான் அதிக ஏலம் கேட்டுள்ளேன்.,1. मैं घर के लिए बोली लगाता हूँ। // 2. उसने विदाई दी। // 3. मैंने सबसे ऊंची बोली लगाई है।
Bind / Bound / Bound,Day 65,Beginner,கட்டு / கட்டினேன் / கட்டியுள்ளேன்,बाँधना / बाँधा / बाँध चुका,1. I bind the books. // 2. He bound my hands. // 3. I have bound the deal.,1. நான் புத்தகங்களைக் கட்டுகிறேன். // 2. அவர் என் கைகளைக் கட்டினார். // 3. நான் ஒப்பந்தத்தை உறுதி செய்துள்ளேன் (கட்டியுள்ளேன்).,1. मैं किताबें बाँधता हूँ। // 2. उसने मेरे हाथ बाँध दिए। // 3. मैंने सौदे को पक्का (बाँध) कर लिया है।
Bite / Bit / Bitten,Day 65,Beginner,கடி / கடித்தேன் / கடித்துள்ளேன்,काटना / काटा / काट चुका,1. Dogs bite strangers. // 2. He bit the apple. // 3. I have bitten my tongue.,1. நாய்கள் அந்நியர்களைக் கடிக்கின்றன. // 2. அவர் ஆப்பிளைக் கடித்தார். // 3. நான் என் நாக்கைக் கடித்துக்கொண்டேன்.,1. कुत्ते अजनबियों को काटते हैं। // 2. उसने सेब काटा। // 3. मैंने अपनी जीभ काट ली है।
Blame / Blamed / Blamed,Day 65,Beginner,குறை சொல் / சொன்னேன் / சொல்லியுள்ளேன்,दोष देना / दिया / दे चुका,1. I blame no one. // 2. He blamed me. // 3. I have blamed myself.,1. நான் யாரையும் குற்றம் சொல்லவில்லை. // 2. அவர் என் மீது பழி போட்டார். // 3. நான் என்னையே நொந்து கொண்டேன்.,1. मैं किसी को दोष नहीं देता। // 2. उसने मुझे दोष दिया। // 3. मैंने खुद को दोष दिया है।
Blast / Blasted / Blasted,Day 65,Beginner,வெடி / வெடித்தது / வெடித்திருக்கிறது,विस्फोट होना / हुआ / हो चुका,1. I blast the music. // 2. They blasted the rock. // 3. I have blasted the target.,1. நான் இசையை ஓங்கி ஒலிக்கச் செய்கிறேன். // 2. அவர்கள் பாறையை வெடிக்கச் செய்தார்கள். // 3. நான் இலக்கை அழித்துள்ளேன்.,1. मैं ज़ोर से संगीत बजाता हूँ। // 2. उन्होंने चट्टान को उड़ा दिया। // 3. मैंने लक्ष्य को तबाह कर दिया है।
Bleed / Bled / Bled,Day 65,Beginner,இரத்தம் வடி / வடிந்தது / வடிந்திருக்கிறது,खून बहना / बहा / बह चुका,1. Wounds bleed fast. // 2. He bled all night. // 3. I have bled for this.,1. காயங்களிலிருந்து இரத்தம் வேகமாக வெளியேறும். // 2. அவருக்கு இரவு முழுவதும் இரத்தம் கசிந்தது. // 3. இதற்காக நான் இரத்தம் சிந்தியிருக்கிறேன்.,1. घावों से तेज़ी से खून बहता है। // 2. उसका रात भर खून बहा। // 3. मैंने इसके लिए खून बहाया है।
Bless / Blessed / Blessed,Day 66,Beginner,ஆசீர்வதி / ஆசீர்வதித்தேன் / ஆசீர்வதித்துள்ளேன்,आशीर्वाद देना / दिया / दे चुका,1. I bless the food. // 2. He blessed the child. // 3. I have been blessed.,1. நான் உணவை ஆசீர்வதிக்கிறேன். // 2. அவர் குழந்தையை ஆசீர்வதித்தார். // 3. நான் ஆசீர்வதிக்கப்பட்டுள்ளேன்.,1. मैं भोजन को आशीर्वाद देता हूँ। // 2. उसने बच्चे को आशीर्वाद दिया। // 3. मुझे आशीर्वाद मिला है।
Blind / Blinded / Blinded,Day 66,Beginner,கண்மறை / மறைத்தேன் / மறைத்துள்ளேன்,अंधा करना / किया / कर चुका,1. Lights blind me. // 2. He was blinded. // 3. Love has blinded him.,1. விளக்குகள் என் கண்ணைப் பறிக்கின்றன (குருடாக்குகின்றன). // 2. அவர் கண்பார்வையற்றவர் ஆனார். // 3. காதல் அவனைக் குருடாக்கிவிட்டது.,1. रोशनी मुझे अंधा कर देती है। // 2. वह अंधा हो गया था। // 3. प्यार ने उसे अंधा कर दिया है।
Blink / Blinked / Blinked,Day 66,Beginner,கண் சிமிட்டு / சிமிட்டினேன் / சிமிட்டியுள்ளேன்,पलक झपकना / झपकी / झपक चुका,1. I blink my eyes. // 2. She blinked at me. // 3. Stars have blinked.,1. நான் கண்களைச் சிமிட்டுகிறேன். // 2. அவள் என்னைப் பார்த்து கண் சிமிட்டினாள். // 3. நட்சத்திரங்கள் மினுமினுத்தன.,1. मैं अपनी आँखें झपकाता हूँ। // 2. उसने मुझे देखकर आँख झपकाई। // 3. तारे टिमटिमाए हैं।
Block / Blocked / Blocked,Day 66,Beginner,தடு / தடுத்தேன் / தடுத்துள்ளேன்,रोकना / रोका / रोक चुका,1. I block the way. // 2. He blocked my number. // 3. I have blocked the road.,1. நான் வழியைத் தடுக்கிறேன். // 2. அவர் என் எண்ணைத் தடுத்தார் (block). // 3. நான் சாலையைத் தடுத்துள்ளேன்.,1. मैं रास्ता रोकता हूँ। // 2. उसने मेरा नंबर ब्लॉक कर दिया। // 3. मैंने सड़क जाम कर दी है।
Bloom / Bloomed / Bloomed,Day 66,Beginner,மலர் / மலர்ந்தது / மலர்ந்திருக்கிறது,खिलना / खिला / खिल चुका,1. Flowers bloom now. // 2. Roses bloomed in May. // 3. Love has bloomed.,1. பூக்கள் இப்போது மலர்கின்றன. // 2. ரோஜாக்கள் மே மாதத்தில் மலர்ந்தன. // 3. காதல் மலர்ந்துள்ளது.,1. फूल अब खिलते हैं। // 2. मई में गुलाब खिले। // 3. प्यार परवान चढ़ा (खिला) है।
Blush / Blushed / Blushed,Day 67,Beginner,நாணமடை / அடைந்தேன் / அடைந்துள்ளேன்,शरमाना / शर्माया / शर्मा चुका,1. I blush with shame. // 2. She blushed at him. // 3. I have blushed.,1. நான் வெட்கத்தில் சிவக்கிறேன். // 2. அவள் அவனைப் பார்த்து வெட்கப்பட்டாள். // 3. நான் வெட்கப்பட்டுள்ளேன்.,1. मैं शर्म से लाल हो जाता हूँ। // 2. वह उसे देखकर शरमा गई। // 3. मैं शरमा गया हूँ।
Board / Boarded / Boarded,Day 67,Beginner,ஏறு (வண்டி) / ஏறினேன் / ஏறியுள்ளேன்,सवार होना / हुआ / हो चुका,1. I board the bus. // 2. He boarded the flight. // 3. I have boarded the train.,1. நான் பேருந்தில் ஏறுகிறேன். // 2. அவர் விமானத்தில் ஏறினார். // 3. நான் ரயிலில் ஏறிவிட்டேன்.,1. मैं बस में चढ़ता हूँ। // 2. वह फ्लाइट में चढ़ा। // 3. मैं ट्रेन में चढ़ चुका हूँ।
Boast / Boasted / Boasted,Day 67,Beginner,தற்பெருமை பேசு / பேசினேன் / பேசியுள்ளேன்,डींग मारना / मारी / मार चुका,1. I boast of success. // 2. He boasted about it. // 3. I have boasted too much.,1. நான் வெற்றியைப் பற்றி தற்பெருமை பேசுகிறேன். // 2. அவர் அதைப் பற்றிப் பெருமையாகப் பேசினார். // 3. நான் அதிகமாகத் தற்பெருமை பேசிவிட்டேன்.,1. मैं सफलता की डींग मारता हूँ। // 2. उसने इसके बारे में डींग मारी। // 3. मैंने बहुत ज़्यादा डींगें मारी हैं।
Boil / Boiled / Boiled,Day 67,Beginner,கொதிக்கவை / வைத்தேன் / வைத்துள்ளேன்,उबालना / उबाला / उबाल चुका,1. I boil the water. // 2. She boiled the eggs. // 3. I have boiled the milk.,1. நான் தண்ணீரை வேக வைக்கிறேன் (கொதிக்க வைக்கிறேன்). // 2. அவள் முட்டைகளை வேக வைத்தாள். // 3. நான் பாலைக் காய்ச்சினேன்.,1. मैं पानी उबालता हूँ। // 2. उसने अंडे उबाले। // 3. मैंने दूध उबाल लिया है।
Book / Booked / Booked,Day 67,Beginner,முன்பதிவு செய் / செய்தேன் / செய்துள்ளேன்,आरक्षित करना / किया / कर चुका,1. I book the tickets. // 2. He booked a room. // 3. I have booked the slot.,1. நான் டிக்கெட்டுகளை முன்பதிவு செய்கிறேன். // 2. அவர் ஒரு அறையை முன்பதிவு செய்தார். // 3. நான் நேரத்தை முன்பதிவு செய்துள்ளேன்.,1. मैं टिकट बुक करता हूँ। // 2. उसने एक कमरा बुक किया। // 3. मैंने स्लॉट बुक कर लिया है।
Borrow / Borrowed / Borrowed,Day 68,Beginner,கடன் வாங்கு / வாங்கினேன் / வாங்கியுள்ளேன்,उधार लेना / लिया / ले चुका,1. I borrow money. // 2. He borrowed my pen. // 3. I have borrowed a book.,1. நான் பணம் கடன் வாங்குகிறேன். // 2. அவர் என் பேனாவை இரவல் வாங்கினார். // 3. நான் ஒரு புத்தகத்தை இரவல் வாங்கியுள்ளேன்.,1. मैं पैसे उधार लेता हूँ। // 2. उसने मेरा पेन उधार लिया। // 3. मैंने एक किताब उधार ली है।
Bounce / Bounced / Bounced,Day 68,Beginner,குதி / குதித்தது / குதித்திருக்கிறது,उछलना / उछला / उछल चुका,1. Balls bounce high. // 2. The ball bounced away. // 3. The check has bounced.,1. பந்துகள் உயரமாகத் துள்ளுகின்றன. // 2. பந்து துள்ளிச் சென்றது. // 3. காசோலை திரும்பிவிட்டது (bounce).,1. गेंदें ऊँची उछलती हैं। // 2. गेंद उछलकर दूर चली गई। // 3. चेक बाउंस हो गया है।
Bow / Bowed / Bowed,Day 68,Beginner,வணங்கு / வணங்கினேன் / வணங்கியுள்ளேன்,झुकना / झुका / झुक चुका,1. I bow to you. // 2. He bowed his head. // 3. I have bowed to fate.,1. நான் உங்களுக்கு தலைவணங்குகிறேன். // 2. அவர் தலை குனிந்தார். // 3. நான் விதிக்கு தலைவணங்கினேன்.,1. मैं आपको नमन करता हूँ। // 2. उसने अपना सिर झुकाया। // 3. मैंने भाग्य के आगे सिर झुकाया है।
Box / Boxed / Boxed,Day 68,Beginner,பெட்டியில் அடை / அடைந்தேன் / அடைந்துள்ளேன்,डिब्बे में बंद करना / किया / चुका,1. I box the items. // 2. He boxed my ear. // 3. I have boxed the toys.,1. நான் பொருட்களைப் பெட்டியில் அடுக்குகிறேன். // 2. அவர் என் காதில் ஒரு குத்து விட்டார். // 3. நான் பொம்மைகளைப் பெட்டியில் போட்டுள்ளேன்.,1. मैं सामान डिब्बे में पैक करता हूँ। // 2. उसने मेरे कान पर मुक्का मारा। // 3. मैंने खिलौने डिब्बे में बंद कर दिए हैं।
Brake / Braked / Braked,Day 68,Beginner,தடை போடு / போட்டேன் / போட்டுள்ளேன்,ब्रेक लगाना / लगाया / लगा चुका,1. I brake the car. // 2. He braked suddenly. // 3. I have braked in time.,1. நான் காரை நிறுத்துகிறேன் (பிரேக்). // 2. அவர் திடீரென பிரேக் பிடித்தார். // 3. நான் சரியான நேரத்தில் பிரேக் பிடித்தேன்.,1. मैं कार की ब्रेक लगाता हूँ। // 2. उसने अचानक ब्रेक लगाई। // 3. मैंने समय पर ब्रेक लगा दी है।
Branch / Branched / Branched,Day 69,Beginner,கிளை விடு / விட்டது / விட்டுள்ளது,शाखा निकलना / निकली / निकल चुकी,1. Rivers branch out. // 2. The road branched off. // 3. My business has branched.,1. ஆறுகள் கிளைகளாகப் பிரிகின்றன. // 2. சாலை கிளைகளாகப் பிரிந்தது. // 3. எனது தொழில் கிளை பரப்பியுள்ளது.,1. नदियाँ शाखाओं में बँट जाती हैं। // 2. सड़क अलग दिशा में मुड़ गई। // 3. मेरा व्यवसाय फैल (शाखाएँ) गया है।
Breathe / Breathed / Breathed,Day 69,Beginner,சுவாசி / சுவாசித்தேன் / சுவாசித்துள்ளேன்,सांस लेना / ली / ले चुका,1. I breathe fresh air. // 2. He breathed hard. // 3. I have breathed deeply.,1. நான் சுத்தமான காற்றைச் சுவாசிக்கிறேன். // 2. அவர் பலமாகச் சுவாசித்தார். // 3. நான் ஆழமாகச் சுவாசித்துள்ளேன்.,1. मैं ताज़ी हवा में सांस लेता हूँ। // 2. उसने ज़ोर से सांस ली। // 3. मैंने गहरी सांस ली है।
Brighten / Brightened / Brightened,Day 69,Beginner,பிரகாசமாக்கு / ஆக்கினேன் / ஆக்கியுள்ளேன்,चमकाना / चमकाया / चमका चुका,1. Lights brighten up. // 2. Sun brightened the sky. // 3. Hope has brightened life.,1. விளக்குகள் பிரகாசிக்கின்றன. // 2. சூரியன் வானத்தைப் பிரகாசமாக்கியது. // 3. நம்பிக்கை வாழ்க்கையைப் பிரகாசமாக்கியுள்ளது.,1. रोशनी चमकती है। // 2. सूरज ने आसमान को रोशन कर दिया। // 3. आशा ने जीवन को रोशन कर दिया है।
Brush / Brushed / Brushed,Day 69,Beginner,துலக்கு / துலக்கினேன் / துலக்கியுள்ளேன்,ब्रश करना / किया / कर चुका,1. I brush my teeth. // 2. She brushed her hair. // 3. I have brushed the coat.,1. நான் என் பற்களைத் துலக்குகிறேன். // 2. அவள் தலை வாரினாள் (துலக்கினாள்). // 3. நான் கோட்டைத் துடைத்துள்ளேன்.,1. मैं अपने दाँत ब्रश करता हूँ। // 2. उसने अपने बाल ब्रश किए। // 3. मैंने कोट को ब्रश कर दिया है।
Bubble / Bubbled / Bubbled,Day 69,Beginner,குமிழிடு / இட்டது / இட்டுள்ளது,बुलबुले उठना / उठे / उठ चुके,1. Soups bubble up. // 2. It bubbled on stove. // 3. Ideas have bubbled.,1. சூப் கொதிக்கிறது (குமிழிகள்). // 2. அது அடுப்பில் கொதித்தது. // 3. யோசனைகள் தோன்றியுள்ளன.,1. सूप में बुलबुले उठते हैं। // 2. यह चूल्हे पर उबला। // 3. विचार मन में उमड़ (बुलबुले) रहे हैं।
Bump / Bumped / Bumped,Day 70,Beginner,மோது / மோதினேன் / மோதியுள்ளேன்,टकराना / टकराया / टकरा चुका,1. I bump into friends. // 2. He bumped the car. // 3. I have bumped my knee.,1. நான் நண்பர்களை எதேச்சையாகச் சந்திக்கிறேன். // 2. அவர் காரை முட்டினார். // 3. நான் என் முழங்காலை முட்டிக்கொண்டேன்.,1. मैं दोस्तों से टकराता हूँ। // 2. उसने कार ठोक दी। // 3. मेरा घुटना टकरा गया है।
Burn / Burnt / Burnt,Day 70,Beginner,எரி / எரித்தேன் / எரித்துள்ளேன்,जलना / जला / जल चुका,1. Fires burn wood. // 2. I burnt the toast. // 3. The city has burnt down.,1. நெருப்பு விறகை எரிக்கிறது. // 2. நான் ரொட்டியைச் தீய்த்தேன். // 3. நகரம் எரிந்து சாம்பலாகிவிட்டது.,1. आग लकड़ी जलाती है। // 2. मैंने टोस्ट जला दिया। // 3. शहर जलकर खाक हो गया है।
Bury / Buried / Buried,Day 70,Beginner,புதை / புதைத்தேன் / புதைத்துள்ளேன்,दफनाना / दफनाया / दफना चुका,1. Ants bury food. // 2. They buried the cat. // 3. I have buried the past.,1. எறும்புகள் உணவைப் புதைக்கின்றன. // 2. அவர்கள் பூனையைப் புதைத்தனர். // 3. நான் கடந்த காலத்தைப் புதைத்துவிட்டேன்.,1. चींटियाँ भोजन दफन करती हैं। // 2. उन्होंने बिल्ली को दफना दिया। // 3. मैंने अतीत को दफन कर दिया है।
Buzz / Buzzed / Buzzed,Day 70,Beginner,ரீங்காரமிடு / இட்டது / இட்டுள்ளது,भिनभिनाना / भिनभिनाया / चुका,1. Bees buzz around. // 2. My head buzzed. // 3. The phone has buzzed.,1. தேனீக்கள் ரீங்காரமிடுகின்றன. // 2. என் தலை கிறுகிறுத்தது. // 3. போன் அதிர்ந்தது (buzz).,1. मधुमक्खियाँ भिनभिनाती हैं। // 2. मेरा सिर चकरा गया। // 3. फोन वाइब्रेट (बज) हुआ है।
Calculate / Calculated / Calculated,Day 70,Beginner,கணக்கிடு / இட்டேன் / இட்டுள்ளேன்,गणना करना / की / कर चुका,1. I calculate the tax. // 2. He calculated the risk. // 3. I have calculated the sum.,1. நான் வரியைக் கணக்கிடுகிறேன். // 2. அவர் ஆபத்தைக் கணக்கிட்டார். // 3. நான் தொகையைக் கணக்கிட்டுள்ளேன்.,1. मैं टैक्स की गणना करता हूँ। // 2. उसने जोखिम का अनुमान लगाया। // 3. मैंने योग की गणना कर ली है।
Camp / Camped / Camped,Day 71,Beginner,முகாம் இடு / இட்டேன் / இட்டுள்ளேன்,शिविर लगाना / लगाया / लगा चुका,1. I camp in forest. // 2. They camped by river. // 3. I have camped outside.,1. நான் காட்டில் முகாம் இடுகிறேன். // 2. அவர்கள் ஆற்றோரம் முகாம் இட்டனர். // 3. நான் வெளியே முகாம் இட்டுள்ளேன்.,1. मैं जंगल में कैंप लगाता हूँ। // 2. उन्होंने नदी के किनारे कैंप लगाया। // 3. मैंने बाहर कैंप लगाया है।
Care / Cared / Cared,Day 71,Beginner,கவனி / கவனித்தேன் / கவனித்துள்ளேன்,परवाह करना / की / कर चुका,1. I care for you. // 2. She cared for her pet. // 3. I have always cared.,1. நான் உன்னை அக்கறையுடன் கவனித்துக் கொள்கிறேன். // 2. அவள் தன் செல்லப்பிராணியைக் கவனித்தாள். // 3. நான் எப்போதும் அக்கறையுடன் இருந்திருக்கிறேன்.,1. मैं तुम्हारी परवाह करता हूँ। // 2. उसने अपने पालतू जानवर की देखभाल की। // 3. मैंने हमेशा परवाह की है।
Carve / Carved / Carved,Day 71,Beginner,செதுக்கு / செதுக்கினேன் / செதுக்கியுள்ளேன்,नक्काशी करना / की / कर चुका,1. I carve the wood. // 2. He carved a statue. // 3. I have carved my name.,1. நான் மரத்தைச் செதுக்குகிறேன். // 2. அவர் ஒரு சிலையைச் செதுக்கினார். // 3. நான் என் பெயரைச் செதுக்கியுள்ளேன்.,1. मैं लकड़ी पर नक्काशी करता हूँ। // 2. उसने एक मूर्ति तराशी। // 3. मैंने अपना नाम उकेरा है।
Cash / Cashed / Cashed,Day 71,Beginner,காசாக்கு / ஆக்கினேன் / ஆக்கியுள்ளேன்,भुनाना (नकद) / भुनाया / चुका,1. I cash the check. // 2. He cashed out. // 3. I have cashed my bonus.,1. நான் காசோலையைப் பணமாக்குகிறேன். // 2. அவர் பணத்தைப் பெற்றுக்கொண்டார். // 3. நான் எனது போனஸைப் பணமாக்கினேன்.,1. मैं चेक भुनाता हूँ। // 2. उसने पैसे निकाल लिए। // 3. मैंने अपना बोनस भुना लिया है।
Cast / Cast / Cast,Day 71,Beginner,வீசு / வீசினேன் / வீசியுள்ளேன்,डालना / डाला / डाल चुका,1. I cast the net. // 2. He cast a vote. // 3. I have cast the shadow.,1. நான் வலையை வீசுகிறேன். // 2. அவர் வாக்களித்தார். // 3. நான் நிழலைப் பாய்ச்சியுள்ளேன்.,1. मैं जाल फेंकता हूँ। // 2. उसने वोट डाला। // 3. मैंने परछाई डाली है।
Cause / Caused / Caused,Day 72,Beginner,உண்டாக்கு / ஆக்கினேன் / ஆக்கியுள்ளேன்,कारण होना / था / हो चुका,1. Germs cause flu. // 2. It caused a mess. // 3. Smoke has caused fire.,1. கிருமிகள் காய்ச்சலை உண்டாக்குகின்றன. // 2. அது குழப்பத்தை உண்டாக்கியது. // 3. புகை நெருப்பை உண்டாக்கியுள்ளது.,1. कीटाणु फ्लू का कारण बनते हैं। // 2. इसने गड़बड़ी पैदा की। // 3. धुएं से आग लगी है।
Celebrate / Celebrated / Celebrated,Day 72,Beginner,கொண்டாடு /ாடினேன் /ாடியுள்ளேன்,उत्सव मनाना / मनाया / मना चुका,1. I celebrate Diwali. // 2. We celebrated victory. // 3. I have celebrated today.,1. நான் தீபாவளியைக் கொண்டாடுகிறேன். // 2. நாங்கள் வெற்றியைக் கொண்டாடினோம். // 3. நான் இன்று கொண்டாடினேன்.,1. मैं दिवाली मनाता हूँ। // 2. हमने जीत का जश्न मनाया। // 3. मैंने आज जश्न मनाया है।
Center / Centered / Centered,Day 72,Beginner,மையப்படுத்து / படுத்தினேன் / படுத்தியுள்ளேன்,केंद्रित करना / किया / कर चुका,1. I center the table. // 2. He centered the text. // 3. I have centered my life.,1. நான் மேசையை மையப்படுத்துகிறேன். // 2. அவர் உரையை மையப்படுத்தினார். // 3. நான் என் வாழ்க்கையை ஒருமுகப்படுத்தியுள்ளேன்.,1. मैं टेबल को बीच में रखता हूँ। // 2. उसने टेक्स्ट को बीच में किया। // 3. मैंने अपना जीवन केंद्रित कर लिया है।
Challenge / Challenged / Challenged,Day 72,Beginner,சவால் விடு / விட்டேன் / விட்டுள்ளேன்,चुनौती देना / दी / दे चुका,1. I challenge him. // 2. She challenged me. // 3. I have challenged the rule.,1. நான் அவருக்குச் சவால் விடுகிறேன். // 2. அவள் எனக்குச் சவால் விட்டாள். // 3. நான் அந்த விதியை எதிர்த்துள்ளேன் (சவால் விடுத்துள்ளேன்).,1. मैं उसे चुनौती देता हूँ। // 2. उसने मुझे चुनौती दी। // 3. मैंने नियम को चुनौती दी है।
Charge / Charged / Charged,Day 72,Beginner,வசூலி / வசூலித்தேன் / வசூலித்துள்ளேன்,शुल्क लेना / लिया / ले चुका,1. I charge the phone. // 2. He charged too much. // 3. I have charged my battery.,1. நான் போனுக்கு மின்னேற்றம் (charge) செய்கிறேன். // 2. அவர் அதிக விலை வசூலித்தார். // 3. நான் எனது பேட்டரியை சார்ஜ் செய்துள்ளேன்.,1. मैं फोन चार्ज करता हूँ। // 2. उसने बहुत ज़्यादा पैसे लिए। // 3. मैंने अपनी बैटरी चार्ज कर ली है।
Chase / Chased / Chased,Day 73,Beginner,துரத்து / துரத்தினேன் / துரத்தியுள்ளேன்,पीछा करना / किया / कर चुका,1. Cats chase mice. // 2. He chased the bus. // 3. I have chased my dream.,1. பூனைகள் எலிகளைத் துரத்துகின்றன. // 2. அவர் பேருந்தைத் துரத்தினார். // 3. நான் எனது கனவைத் துரத்தியுள்ளேன்.,1. बिल्लियाँ चूहों का पीछा करती हैं। // 2. उसने बस का पीछा किया। // 3. मैंने अपने सपने का पीछा किया है।
Chat / Chatted / Chatted,Day 73,Beginner,அரட்டை அடி / அடித்தேன் / அடித்துள்ளேன்,गपशप करना / की / कर चुका,1. I chat with friends. // 2. We chatted for hours. // 3. I have chatted with him.,1. நான் நண்பர்களுடன் அரட்டையடிக்கிறேன். // 2. நாங்கள் மணிக்கணக்காகப் பேசினோம். // 3. நான் அவருடன் பேசியிருக்கிறேன்.,1. मैं दोस्तों के साथ बातचीत करता हूँ। // 2. हमने घंटों बातें कीं। // 3. मैंने उससे बात की है।
Cheat / Cheated / Cheated,Day 73,Beginner,ஏமாற்று / ஏமாற்றினேன் / ஏமாற்றியுள்ளேன்,धोखा देना / दिया / दे चुका,1. Don't cheat in exams. // 2. He cheated me. // 3. They have cheated the bank.,1. தேர்வில் ஏமாற்றாதே. // 2. அவன் என்னை ஏமாற்றினான். // 3. அவர்கள் வங்கியை ஏமாற்றிவிட்டார்கள்.,1. परीक्षा में नकल मत करो। // 2. उसने मुझे धोखा दिया। // 3. उन्होंने बैंक को धोखा दिया है।
Cheer / Cheered / Cheered,Day 73,Beginner,உற்சாகப்படுத்து / படுத்தினேன் / படுத்தியுள்ளேன்,प्रोत्साहित करना / किया / चुका,1. I cheer for my team. // 2. The crowd cheered. // 3. I have cheered her up.,1. நான் என் குழுவிற்காக உற்சாகப்படுத்துகிறேன். // 2. கூட்டம் ஆரவாரம் செய்தது. // 3. நான் அவளை உற்சாகப்படுத்தினேன்.,1. मैं अपनी टीम का उत्साह बढ़ाता हूँ। // 2. भीड़ ने जयकार की। // 3. मैंने उसे खुश कर दिया है।
Chew / Chewed / Chewed,Day 73,Beginner,மெல்லு / மென்றேன் / மென்றுள்ளேன்,चबाना / चबाया / चबा चुका,1. I chew my food well. // 2. He chewed the gum. // 3. The dog has chewed the shoe.,1. நான் உணவை நன்றாக மெல்லுகிறேன். // 2. அவன் கமி மென்றான். // 3. நாய் ஷூவை மென்றுவிட்டது.,1. मैं अपना खाना अच्छे से चबाता हूँ। // 2. उसने गम चबाई। // 3. कुत्ते ने जूता चबा लिया है।
Choke / Choked / Choked,Day 74,Beginner,மூச்சுத்திணறு / திணறினேன் / திணறியுள்ளேன்,दम घुटना / घुटा / घुट चुका,1. Smoke can choke you. // 2. He choked on a bone. // 3. The dust has choked the pipe.,1. புகை உங்கள் மூச்சைத் திணறடிக்கும். // 2. எலும்பு அவன் தொண்டையில் சிக்கித் திணறடித்தது. // 3. தூசி குழாயை அடைத்துள்ளது.,1. धुआं आपका दम घोंट सकता है। // 2. हड्डी उसके गले में फंस गई। // 3. धूल ने पाइप को जाम कर दिया है।
Chop / Chopped / Chopped,Day 74,Beginner,நறுக்கு / நறுக்கினேன் / நறுக்கியுள்ளேன்,काटना / काटा / काट चुका,1. I chop the onions. // 2. He chopped the wood. // 3. I have chopped the meat.,1. நான் வெங்காயத்தை நறுக்குகிறேன். // 2. அவர் விறகை வெட்டினார். // 3. நான் இறைச்சியை நறுக்கியுள்ளேன்.,1. मैं प्याज काटता हूँ। // 2. उसने लकड़ी काटी। // 3. मैंने मांस काट लिया है।
Claim / Claimed / Claimed,Day 74,Beginner,உரிமை கோரு / கோரினேன் / கோரியுள்ளேன்,दावा करना / किया / कर चुका,1. I claim my prize. // 2. He claimed he was rich. // 3. I have claimed the insurance.,1. நான் என் பரிசை உரிமை கோருகிறேன். // 2. தான் பணக்காரன் என்று அவன் கூறினான். // 3. நான் காப்பீட்டைப் பெற்றுள்ளேன் (claim).,1. मैं अपने इनाम का दावा करता हूँ। // 2. उसने दावा किया कि वह अमीर है। // 3. मैंने बीमा का दावा किया है।
Clap / Clapped / Clapped,Day 74,Beginner,கைதட்டு / தட்டினேன் / தட்டியுள்ளேன்,ताली बजाना / बजाई / बजा चुका,1. I clap for him. // 2. Everyone clapped. // 3. I have clapped many times.,1. நான் அவனுக்காகக் கைதட்டுகிறேன். // 2. அனைவரும் கைதட்டினார்கள். // 3. நான் பலமுறை கைதட்டியிருக்கிறேன்.,1. मैं उसके लिए ताली बजाता हूँ। // 2. सबने तालियाँ बजाईं। // 3. मैं कई बार तालियाँ बजा चुका हूँ।
Classify / Classified / Classified,Day 74,Beginner,வகைப்படுத்து / படுத்தினேன் / படுத்தியுள்ளேன்,वर्गीकृत करना / किया / कर चुका,1. I classify the files. // 2. He classified the plants. // 3. These are classified documents.,1. நான் கோப்புகளை வகைப்படுத்துகிறேன். // 2. அவர் தாவரங்களை வகைப்படுத்தினார். // 3. இவை ரகசியமான (வகைப்படுத்தப்பட்ட) ஆவணங்கள்.,1. मैं फाइलों को वर्गीकृत करता हूँ। // 2. उसने पौधों का वर्गीकरण किया। // 3. ये वर्गीकृत (गुप्त) दस्तावेज़ हैं।
Clear / Cleared / Cleared,Day 75,Beginner,தெளிவாக்கு / ஆக்கினேன் / ஆக்கியுள்ளேன்,साफ़ करना / किया / कर चुका,1. I clear the table. // 2. He cleared the exam. // 3. The sky has cleared.,1. நான் மேசையைச் சுத்தம் செய்கிறேன். // 2. அவர் தேர்வில் தேர்ச்சி பெற்றார். // 3. வானம் மேகங்கள் நீங்கித் தெளிவாகியுள்ளது.,1. मैं मेज साफ करता हूँ। // 2. उसने परीक्षा पास कर ली। // 3. आसमान साफ हो गया है।
Click / Clicked / Clicked,Day 75,Beginner,கிளிக் செய் / செய்தேன் / செய்துள்ளேன்,क्लिक करना / किया / कर चुका,1. I click the mouse. // 2. He clicked a picture. // 3. I have clicked the link.,1. நான் மவுஸை கிளிக் செய்கிறேன். // 2. அவர் ஒரு புகைப்படம் எடுத்தார். // 3. நான் இணைப்பை கிளிக் செய்துள்ளேன்.,1. मैं माउस क्लिक करता हूँ। // 2. उसने एक तस्वीर खींची। // 3. मैंने लिंक पर क्लिक कर दिया है।
Cling / Clung / Clung,Day 75,Beginner,ஒட்டிக்கொள் / கொண்டேன் / கொண்டுள்ளேன்,चिपकना / चिपका / चिपक चुका,1. Babies cling to mothers. // 2. He clung to hope. // 3. Dust has clung to the wall.,1. குழந்தைகள் தாயை ஒட்டிக்கொள்கிறார்கள். // 2. அவர் நம்பிக்கையைப் பற்றிக்கொண்டார். // 3. தூசி சுவரில் ஒட்டிக்கொண்டுள்ளது.,1. बच्चे माँ से चिपक जाते हैं। // 2. वह उम्मीद से चिपका रहा। // 3. धूल दीवार से चिपक गई है।
Coach / Coached / Coached,Day 75,Beginner,பயிற்சியளி / அளித்தேன் / அளித்துள்ளேன்,प्रशिक्षण देना / दिया / दे चुका,1. I coach the team. // 2. He coached me in math. // 3. I have coached many kids.,1. நான் குழுவிற்குப் பயிற்சியளிக்கிறேன். // 2. அவர் எனக்குக் கணிதத்தில் பயிற்சியளித்தார். // 3. நான் பல குழந்தைகளுக்குப் பயிற்சியளித்துள்ளேன்.,1. मैं टीम को कोचिंग देता हूँ। // 2. उसने मुझे गणित सिखाया। // 3. मैंने कई बच्चों को प्रशिक्षित किया है।
Coil / Coiled / Coiled,Day 75,Beginner,சுருட்டு / சுருட்டினேன் / சுருட்டியுள்ளேன்,लपेटना / लपेटा / लपेट चुका,1. Snakes coil up. // 2. He coiled the rope. // 3. I have coiled the wire.,1. பாம்புகள் சுருண்டு கொள்கின்றன. // 2. அவர் கயிற்றைச் சுருட்டினார். // 3. நான் கம்பியைச் சுருட்டியுள்ளேன்.,1. सांप कुंडली मारते हैं। // 2. उसने रस्सी लपेटी। // 3. मैंने तार लपेट दिया है।
Color / Colored / Colored,Day 76,Beginner,வண்ணம் பூசு / பூசினேன் / பூசியுள்ளேன்,रंगना / रंगा / रंग चुका,1. I color the picture. // 2. She colored her hair. // 3. I have colored the walls.,1. நான் படத்திற்கு வண்ணம் தீட்டுகிறேன். // 2. அவள் தன் முடிக்கு வண்ணம் பூசினாள். // 3. நான் சுவர்களுக்கு வண்ணம் பூசியுள்ளேன்.,1. मैं चित्र में रंग भरता हूँ। // 2. उसने अपने बाल रंगे। // 3. मैंने दीवारों पर रंग कर दिया है।
Comb / Combed / Combed,Day 76,Beginner,சீவு (தலை) / சீவினேன் / சீவியுள்ளேன்,कंघी करना / की / कर चुका,1. I comb my hair. // 2. She combed her hair. // 3. I have combed the area.,1. நான் தலை சீவுகிறேன். // 2. அவள் தலை வாரினாள். // 3. நான் அந்த இடத்தைத் தேடிவிட்டேன் (சீவிப் பார்த்தேன்).,1. मैं अपने बाल संवारता हूँ। // 2. उसने अपने बाल काढ़े। // 3. मैंने इलाके की तलाशी ली है।
Combine / Combined / Combined,Day 76,Beginner,இணை / இணைத்தேன் / இணைத்துள்ளேன்,मिलाना / मिलाया / मिला चुका,1. I combine the ingredients. // 2. They combined forces. // 3. I have combined the files.,1. நான் பொருட்களை ஒன்றிணைக்கிறேன். // 2. அவர்கள் படைகளை ஒன்றிணைத்தனர். // 3. நான் கோப்புகளை இணைத்துள்ளேன்.,1. मैं सामग्री मिलाता हूँ। // 2. उन्होंने सेनाएँ मिला दीं। // 3. मैंने फाइलों को जोड़ दिया है।
Comfort / Comforted / Comforted,Day 76,Beginner,ஆறுதல் கூறு / கூறினேன் / கூறியுள்ளேன்,सांत्वना देना / दी / दे चुका,1. I comfort the child. // 2. He comforted me. // 3. I have comforted the family.,1. நான் குழந்தையைத் தேற்றுகிறேன். // 2. அவர் எனக்குத் ஆறுதல் கூறினார். // 3. நான் அந்த குடும்பத்திற்கு ஆறுதல் கூறினேன்.,1. मैं बच्चे को दिलासा देता हूँ। // 2. उसने मुझे सांत्वना दी। // 3. मैंने परिवार को दिलासा दिया है।
Command / Commanded / Commanded,Day 76,Beginner,கட்டளையிடு / இட்டேன் / இட்டுள்ளேன்,आदेश देना / दिया / दे चुका,1. I command you to go. // 2. He commanded the army. // 3. I have commanded respect.,1. நான் உன்னைச் செல்லக் கட்டளையிடுகிறேன். // 2. அவர் ராணுவத்தை வழிநடத்தினார் (கட்டளையிட்டார்). // 3. நான் மரியாதையைப் பெற்றுள்ளேன்.,1. मैं तुम्हें जाने का आदेश देता हूँ। // 2. उसने सेना की कमान संभाली। // 3. मैंने सम्मान अर्जित किया है।
Communicate / Communicated / Communicated,Day 77,Beginner,தொடர்பு கொள் / கொண்டேன் / கொண்டுள்ளேன்,संचार करना / किया / कर चुका,1. I communicate well. // 2. We communicated via mail. // 3. I have communicated the news.,1. நான் நன்றாகத் தொடர்பு கொள்கிறேன். // 2. நாங்கள் அஞ்சல் மூலம் தொடர்பு கொண்டோம். // 3. நான் செய்தியைத் தெரிவித்துவிட்டேன்.,1. मैं अच्छी तरह संवाद करता हूँ। // 2. हमने मेल के जरिए बात की। // 3. मैंने खबर पहुँचा दी है।
Compete / Competed / Competed,Day 77,Beginner,போட்டியிடு / இட்டேன் / இட்டுள்ளேன்,प्रतिस्पर्धा करना / की / चुका,1. I compete in sports. // 2. They competed for the prize. // 3. I have competed with him.,1. நான் விளையாட்டுகளில் போட்டியிடுகிறேன். // 2. அவர்கள் பரிசுக்காகப் போட்டியிட்டனர். // 3. நான் அவருடன் போட்டியிட்டுள்ளேன்.,1. मैं खेलों में प्रतिस्पर्धा करता हूँ। // 2. उन्होंने इनाम के लिए मुकाबला किया। // 3. मैंने उसके साथ मुकाबला किया है।
Complete / Completed / Completed,Day 77,Beginner,முடி / முடித்தேன் / முடித்துள்ளேன்,पूरा करना / किया / कर चुका,1. I complete my work. // 2. He completed the task. // 3. I have completed the course.,1. நான் என் வேலையை முடிக்கிறேன். // 2. அவர் பணியை முடித்தார். // 3. நான் படிப்பை முடித்துவிட்டேன்.,1. मैं अपना काम पूरा करता हूँ। // 2. उसने काम पूरा किया। // 3. मैंने कोर्स पूरा कर लिया है।
Concentrate / Concentrated / Concentrated,Day 77,Beginner,கவனி / கவனித்தேன் / கவனித்துள்ளேன்,ध्यान केंद्रित करना / किया / चुका,1. I concentrate on study. // 2. He concentrated hard. // 3. I have concentrated the liquid.,1. நான் படிப்பில் கவனம் செலுத்துகிறேன். // 2. அவர் தீவிரமாகக் கவனம் செலுத்தினார். // 3. நான் திரவத்தைச் செறிவூட்டியுள்ளேன்.,1. मैं पढ़ाई पर ध्यान केंद्रित करता हूँ। // 2. उसने बहुत ध्यान लगाया। // 3. मैंने तरल को गाढ़ा कर दिया है।
Concern / Concerned / Concerned,Day 77,Beginner,கவலைப்படு / பட்டேன் / பட்டுள்ளேன்,चिंतित होना / हुआ / हो चुका,1. This concerns you. // 2. It concerned my health. // 3. I have concerned myself.,1. இது உன்னைப் பற்றியது (உனக்குத் தொடர்புடையது). // 2. அது என் ஆரோக்கியத்தைப் பற்றியது. // 3. நான் அக்கறை கொண்டுள்ளேன்.,1. यह आपसे संबंधित है। // 2. यह मेरे स्वास्थ्य से संबंधित था। // 3. मैंने खुद को चिंतित किया है।
Conclude / Concluded / Concluded,Day 78,Beginner,முடிவு செய் / செய்தேன் / செய்துள்ளேன்,निष्कर्ष निकालना / निकाला / चुका,1. I conclude the meeting. // 2. He concluded his speech. // 3. I have concluded that he is right.,1. நான் கூட்டத்தை நிறைவு செய்கிறேன். // 2. அவர் தனது உரையை முடித்தார். // 3. அவர் சொல்வது சரி என்று நான் முடிவெடுத்துள்ளேன்.,1. मैं मीटिंग समाप्त करता हूँ। // 2. उसने अपना भाषण समाप्त किया। // 3. मैंने निष्कर्ष निकाला है कि वह सही है।
Condition / Conditioned / Conditioned,Day 78,Beginner,நிபந்தனையிடு / இட்டேன் / இட்டுள்ளேன்,शर्त रखना / रखी / रख चुका,1. I condition my hair. // 2. He conditioned the air. // 3. I have conditioned myself.,1. நான் என் கூந்தலைப் பராமரிக்கிறேன் (condition). // 2. அவர் காற்றைக் கட்டுப்படுத்தினார் (AC). // 3. நான் என்னைப் பழக்கப்படுத்திக் கொண்டேன்.,1. मैं अपने बालों को कंडीशन करता हूँ। // 2. उसने हवा को अनुकूलित किया। // 3. मैंने खुद को तैयार कर लिया है।
Conduct / Conducted / Conducted,Day 78,Beginner,நடத்து / நடத்தினேன் / நடத்தியுள்ளேன்,संचालन करना / किया / कर चुका,1. I conduct an experiment. // 2. He conducted the orchestra. // 3. I have conducted a survey.,1. நான் ஒரு பரிசோதனையை நடத்துகிறேன். // 2. அவர் இசைக்குழுவை வழிநடத்தினார். // 3. நான் ஒரு கணக்கெடுப்பை நடத்தியுள்ளேன்.,1. मैं एक प्रयोग करता हूँ। // 2. उसने ऑर्केस्ट्रा का संचालन किया। // 3. मैंने एक सर्वेक्षण किया है।
Confess / Confessed / Confessed,Day 78,Beginner,ஒப்புக்கொள் / கொண்டேன் / கொண்டுள்ளேன்,स्वीकार करना / किया / कर चुका,1. I confess my love. // 2. He confessed to the crime. // 3. I have confessed everything.,1. நான் என் அன்பை ஒப்புக்கொள்கிறேன். // 2. அவர் குற்றத்தை ஒப்புக்கொண்டார். // 3. நான் அனைத்தையும் ஒப்புக்கொண்டேன்.,1. मैं अपना प्यार कबूल करता हूँ। // 2. उसने अपराध स्वीकार कर लिया। // 3. मैंने सब कुछ सच बता दिया है।
Confine / Confined / Confined,Day 78,Beginner,எல்லைப்படுத்து / படுத்தினேன் / படுத்தியுள்ளேன்,सीमित करना / किया / कर चुका,1. I confine him to the room. // 2. She was confined to bed. // 3. I have confined the search.,1. நான் அவனை அறைக்குள் அடைத்து வைக்கிறேன். // 2. அவள் படுக்கையிலேயே இருக்கும்படி நேர்ந்தது. // 3. நான் தேடுதலைக் கட்டுப்படுத்தியுள்ளேன்.,1. मैं उसे कमरे तक सीमित करता हूँ। // 2. वह बिस्तर तक ही सीमित रह गई। // 3. मैंने खोज को सीमित कर दिया है।
Confuse / Confused / Confused,Day 79,Beginner,குழப்பு / குழப்பினேன் / குழப்பியுள்ளேன்,भ्रमित करना / किया / कर चुका,1. You confuse me. // 2. He confused the names. // 3. I have been confused.,1. நீங்கள் என்னைக் குழப்புகிறீர்கள். // 2. அவர் பெயர்களைக் குழப்பிக்கொண்டார். // 3. நான் குழப்பமடைந்துள்ளேன்.,1. तुम मुझे भ्रमित करते हो। // 2. उसने नामों में उलझन कर दी। // 3. मैं उलझन में हूँ।
Congratulate / Congratulated / Congratulated,Day 79,Beginner,வாழ்த்து / வாழ்த்தினேன் / வாழ்த்தியுள்ளேன்,बधाई देना / दी / दे चुका,1. I congratulate you. // 2. He congratulated me. // 3. I have congratulated the team.,1. நான் உன்னைப் பாராட்டுகிறேன் (வாழ்த்துகிறேன்). // 2. அவர் எனக்கு வாழ்த்து கூறினார். // 3. நான் குழுவை வாழ்த்தியுள்ளேன்.,1. मैं आपको बधाई देता हूँ। // 2. उसने मुझे बधाई दी। // 3. मैंने टीम को बधाई दी है।
Consider / Considered / Considered,Day 79,Beginner,பரிசீலி / பரிசீலித்தேன் / பரிசீலித்துள்ளேன்,विचार करना / किया / कर चुका,1. I consider your request. // 2. He considered it done. // 3. I have considered all options.,1. நான் உங்கள் கோரிக்கையைப் பரிசீலிக்கிறேன். // 2. அவர் அது முடிந்துவிட்டதாகக் கருதினார். // 3. நான் எல்லா வழிகளையும் யோசித்துள்ளேன்.,1. मैं आपके अनुरोध पर विचार करता हूँ। // 2. उसने इसे पूरा मान लिया। // 3. मैंने सभी विकल्पों पर विचार किया है।
Consist / Consisted / Consisted,Day 79,Beginner,அடங்கியிரு / இருந்தது / இருந்திருக்கிறது,शामिल होना / था / हो चुका,1. It consists of milk. // 2. The team consisted of five. // 3. Life has consisted of joy.,1. இது பாலைக் கொண்டுள்ளது. // 2. குழுவில் ஐந்து பேர் இருந்தனர். // 3. வாழ்க்கை மகிழ்ச்சியைக் கொண்டிருந்தது.,1. इसमें दूध होता है। // 2. टीम में पाँच लोग थे। // 3. जीवन खुशियों से भरा रहा है।
Construct / Constructed / Constructed,Day 79,Beginner,கட்டு / கட்டினேன் / கட்டியுள்ளேன்,निर्माण करना / किया / कर चुका,1. I construct a building. // 2. He constructed a bridge. // 3. I have constructed a plan.,1. நான் ஒரு கட்டிடத்தைக் கட்டுகிறேன். // 2. அவர் ஒரு பாலத்தைக் கட்டினார். // 3. நான் ஒரு திட்டத்தை உருவாக்கியுள்ளேன்.,1. मैं एक इमारत बनाता हूँ। // 2. उसने एक पुल बनाया। // 3. मैंने एक योजना बनाई है।
Consult / Consulted / Consulted,Day 80,Beginner,கலந்தாலோசி / ஆலோசித்தேன் / ஆலோசித்துள்ளேன்,परामर्श करना / किया / कर चुका,1. I consult a doctor. // 2. He consulted the map. // 3. I have consulted my lawyer.,1. நான் மருத்துவரை அணுகுகிறேன் (ஆலோசிக்கிறேன்). // 2. அவர் வரைபடத்தைப் பார்த்தார் (ஆலோசித்தார்). // 3. நான் என் வழக்கறிஞரிடம் ஆலோசனை பெற்றுள்ளேன்.,1. मैं डॉक्टर से सलाह लेता हूँ। // 2. उसने मानचित्र देखा। // 3. मैंने अपने वकील से सलाह ली है।
Contain / Contained / Contained,Day 80,Beginner,கொண்டிரு / கொண்டிருந்தேன் / கொண்டுள்ளேன்,समाहित होना / था / हो चुका,1. The box contains eggs. // 2. It contained water. // 3. I have contained my anger.,1. பெட்டியில் முட்டைகள் உள்ளன. // 2. அதில் தண்ணீர் இருந்தது. // 3. நான் என் கோபத்தைக் கட்டுப்படுத்தினேன்.,1. डिब्बे में अंडे हैं। // 2. इसमें पानी था। // 3. मैंने अपने गुस्से पर काबू पा लिया है।
Control / Controlled / Controlled,Day 80,Beginner,கட்டுப்படுத்து / படுத்தினேன் / படுத்தியுள்ளேன்,नियंत्रण करना / किया / कर चुका,1. I control the car. // 2. He controlled the crowd. // 3. I have controlled the speed.,1. நான் காரைக் கட்டுப்படுத்துகிறேன். // 2. அவர் கூட்டத்தைக் கட்டுப்படுத்தினார். // 3. நான் வேகத்தைக் கட்டுப்படுத்தியுள்ளேன்.,1. मैं कार को नियंत्रित करता हूँ। // 2. उसने भीड़ को नियंत्रित किया। // 3. मैंने गति पर नियंत्रण कर लिया है।
Convert / Converted / Converted,Day 80,Beginner,மாற்று / மாற்றினேன் / மாற்றியுள்ளேன்,बदलना / बदला / बदल चुका,1. I convert files. // 2. He converted to Islam. // 3. I have converted the currency.,1. நான் கோப்புகளை மாற்றுகிறேன். // 2. அவர் இஸ்லாத்திற்கு மாறினார். // 3. நான் நாணயத்தை மாற்றியுள்ளேன்.,1. मैं फाइलों को बदलता (कन्वर्ट) हूँ। // 2. उसने इस्लाम धर्म अपना लिया। // 3. मैंने मुद्रा बदल ली है।
Convince / Convinced / Convinced,Day 80,Beginner,சம்மதிக்கவை / வைத்தேன் / வைத்துள்ளேன்,मनाना / मनाया / मना चुका,1. I convince him. // 2. She convinced me. // 3. I have convinced my parents.,1. நான் அவனைச் சம்மதிக்க வைக்கிறேன். // 2. அவள் என்னை நம்ப வைத்தாள். // 3. நான் என் பெற்றோரைச் சம்மதிக்க வைத்துள்ளேன்.,1. मैं उसे मना लेता हूँ। // 2. उसने मुझे मना लिया। // 3. मैंने अपने माता-पिता को मना लिया है।
Cool / Cooled / Cooled,Day 81,Beginner,குளிரவை / வைத்தேன் / வைத்துள்ளேன்,ठंडा करना / किया / कर चुका,1. I cool the soup. // 2. The weather cooled. // 3. I have cooled down.,1. நான் சூப்பை ஆற வைக்கிறேன். // 2. வானிலை குளிர்ந்தது. // 3. நான் அமைதியாகிவிட்டேன் (குளிர்ந்துவிட்டேன்).,1. मैं सूप ठंडा करता हूँ। // 2. मौसम ठंडा हो गया। // 3. मैं शांत हो गया हूँ।
Cooperate / Cooperated / Cooperated,Day 81,Beginner,ஒத்துழை / ஒத்துழைத்தேன் / ஒத்துழைத்துள்ளேன்,सहयोग करना / किया / कर चुका,1. I cooperate with you. // 2. They cooperated well. // 3. I have cooperated with police.,1. நான் உன்னுடன் ஒத்துழைக்கிறேன். // 2. அவர்கள் நன்றாக ஒத்துழைத்தார்கள். // 3. நான் போலீசாருடன் ஒத்துழைத்துள்ளேன்.,1. मैं आपके साथ सहयोग करता हूँ। // 2. उन्होंने अच्छा सहयोग किया। // 3. मैंने पुलिस के साथ सहयोग किया है।
Cope / Coped / Coped,Day 81,Beginner,சமாளி / சமாளித்தேன் / சமாளித்துள்ளேன்,सामना करना / किया / कर चुका,1. I cope with stress. // 2. He coped with the loss. // 3. I have coped well.,1. நான் மன அழுத்தத்தைச் சமாளிக்கிறேன். // 2. அவர் இழப்பைச் சமாளித்தார். // 3. நான் நன்றாகச் சமாளித்துவிட்டேன்.,1. मैं तनाव का सामना करता हूँ। // 2. उसने नुकसान को संभाला। // 3. मैंने अच्छी तरह से सामना किया है।
Correct / Corrected / Corrected,Day 81,Beginner,திருத்து / திருத்தினேன் / திருத்தியுள்ளேன்,सुधारना / सुधारा / सुधार चुका,1. I correct the mistakes. // 2. He corrected me. // 3. I have corrected the paper.,1. நான் தவறுகளைத் திருத்துகிறேன். // 2. அவர் என்னைத் திருத்தினார். // 3. நான் தாளைத் திருத்தியுள்ளேன்.,1. मैं गलतियाँ सुधारता हूँ। // 2. उसने मुझे सुधारा। // 3. मैंने पेपर चेक कर लिया है।
Cough / Coughed / Coughed,Day 81,Beginner,இருமு / இருமினேன் / இருமியுள்ளேன்,खाँसना / खाँसा / खाँस चुका,1. I cough a lot. // 2. He coughed loudly. // 3. I have coughed all night.,1. நான் நிறைய இருமுகிறேன். // 2. அவர் சத்தமாக இருமினார். // 3. நான் இரவு முழுவதும் இருமினேன்.,1. मुझे बहुत खांसी आती है। // 2. वह ज़ोर से खाँसा। // 3. मुझे रात भर खांसी हुई है।
Couple / Coupled / Coupled,Day 82,Beginner,இணை / இணைத்தேன் / இணைத்துள்ளேன்,जोड़ना / जोड़ा / जोड़ चुका,1. I couple the train cars. // 2. They coupled together. // 3. I have coupled the wires.,1. நான் ரயில் பெட்டிகளை இணைக்கிறேன். // 2. அவர்கள் ஜோடி சேர்ந்தனர். // 3. நான் கம்பிகளை இணைத்துள்ளேன்.,1. मैं ट्रेन के डिब्बों को जोड़ता हूँ। // 2. वे साथ जुड़ गए। // 3. मैंने तारों को जोड़ दिया है।
Cover / Covered / Covered,Day 82,Beginner,மூடு / மூடினேன் / மூடியுள்ளேன்,ढकना / ढका / ढक चुका,1. I cover the food. // 2. Snow covered the road. // 3. I have covered the topic.,1. நான் உணவை மூடுகிறேன். // 2. பனி சாலையை மூடியது. // 3. நான் தலைப்பை விளக்கிவிட்டேன் (cover).,1. मैं खाना ढकता हूँ। // 2. बर्फ ने सड़क को ढँक दिया। // 3. मैंने विषय को कवर कर लिया है।
Crack / Cracked / Cracked,Day 82,Beginner,வெடி / வெடித்தது / வெடித்திருக்கிறது,दरार पड़ना / पड़ी / पड़ चुकी,1. I crack the nuts. // 2. He cracked a joke. // 3. The glass has cracked.,1. நான் கொட்டைகளை உடைக்கிறேன். // 2. அவர் ஒரு ஜோக் சொன்னார். // 3. கண்ணாடி விரிசல் விட்டுள்ளது.,1. मैं अखरोट तोड़ता हूँ। // 2. उसने एक चुटकुला सुनाया। // 3. कांच चटक गया है।
Crash / Crashed / Crashed,Day 82,Beginner,மோது / மோதியது / மோதியிருக்கிறது,टकराना / टकराया / टकरा चुका,1. I crash the car. // 2. The plane crashed. // 3. I have crashed the system.,1. நான் காரை மோதச் செய்கிறேன். // 2. விமானம் விபத்துக்குள்ளானது. // 3. நான் கணினியைச் செயலிழக்கச் செய்தேன்.,1. मैं कार टकरा देता हूँ। // 2. विमान दुर्घटनाग्रस्त हो गया। // 3. मैंने सिस्टम क्रैश कर दिया है।
Crawl / Crawled / Crawled,Day 82,Beginner,ஊர்ந்து செல் / சென்றேன் / சென்றுள்ளேன்,रेंगना / रेंग / रेंग चुका,1. Babies crawl. // 2. He crawled under the bed. // 3. The insect has crawled.,1. குழந்தைகள் தவழ்கின்றன. // 2. அவன் கட்டிலுக்கு அடியில் தவழ்ந்து சென்றான். // 3. பூச்சி ஊர்ந்து சென்றுவிட்டது.,1. बच्चे रेंगते (घुटनों के बल) हैं। // 2. वह बिस्तर के नीचे रेंग कर गया। // 3. कीड़ा रेंग चुका है।
Creep / Crept / Crept,Day 83,Beginner,ஊர்ந்து செல் / சென்றேன் / சென்றுள்ளேன்,रेंगना / रेंगा / रेंग चुका,1. Insects creep. // 2. He crept into the room. // 3. Fear has crept in.,1. பூச்சிகள் ஊர்ந்து செல்கின்றன. // 2. அவன் அறைக்குள் மெதுவாக நுழைந்தான். // 3. பயம் மெதுவாகப் பரவியுள்ளது.,1. कीड़े रेंगते हैं। // 2. वह कमरे में दबे पाँव घुसा। // 3. डर समा गया है।
Cross / Crossed / Crossed,Day 83,Beginner,கடந்து செல் / சென்றேன் / சென்றுள்ளேன்,पार करना / किया / कर चुका,1. I cross the road. // 2. He crossed the line. // 3. I have crossed the limit.,1. நான் சாலையைக் கடக்கிறேன். // 2. அவர் எல்லையைத் தாண்டினார். // 3. நான் வரம்பைத் தாண்டிவிட்டேன்.,1. मैं सड़क पार करता हूँ। // 2. उसने रेखा पार की। // 3. मैंने सीमा पार कर ली है।
Crush / Crushed / Crushed,Day 83,Beginner,நசுக்கு / நசுக்கினேன் / நசுக்கியுள்ளேன்,कुचलना / कुचला / कुचल चुका,1. I crush the ice. // 2. He crushed my hopes. // 3. I have crushed the enemy.,1. நான் பனிக்கட்டியை நசுக்குகிறேன். // 2. அவர் என் நம்பிக்கையைத் தகர்த்தார். // 3. நான் எதிரியை அழித்துவிட்டேன்.,1. मैं बर्फ कुचलता हूँ। // 2. उसने मेरी उम्मीदें तोड़ दीं। // 3. मैंने दुश्मन को कुचल दिया है।
Cry / Cried / Cried,Day 83,Beginner,அழு / அழுதேன் / அழுதுள்ளேன்,रोना / रोया / रो चुका,1. I cry for help. // 2. She cried yesterday. // 3. I have cried a lot.,1. நான் உதவிக்காக அழுகிறேன் (அலறுகிறேன்). // 2. அவள் நேற்று அழுதாள். // 3. நான் நிறைய அழுதுவிட்டேன்.,1. मैं मदद के लिए चिल्लाता हूँ। // 2. वह कल रोई थी। // 3. मैं बहुत रोया हूँ।
Cure / Cured / Cured,Day 83,Beginner,குணப்படுத்து / படுத்தினேன் / படுத்தியுள்ளேன்,ठीक करना / किया / कर चुका,1. Doctors cure patients. // 2. He cured my illness. // 3. I have cured the leather.,1. மருத்துவர்கள் நோயாளிகளைக் குணப்படுத்துகிறார்கள். // 2. அவர் என் நோயைக் குணப்படுத்தினார். // 3. நான் தோலைப் பதப்படுத்தியுள்ளேன் (cure).,1. डॉक्टर मरीजों का इलाज करते हैं। // 2. उसने मेरी बीमारी ठीक कर दी। // 3. मैंने चमड़े को उपचारित किया है।
Curl / Curled / Curled,Day 84,Beginner,சுருட்டு / சுருட்டினேன் / சுருட்டியுள்ளேன்,घुमाना / घुमाया / घुमा चुका,1. I curl my hair. // 2. She curled her lips. // 3. I have curled the paper.,1. நான் என் முடியைச் சுருட்டுகிறேன். // 2. அவள் தன் உதடுகளைச் சுளித்தாள். // 3. நான் காகிதத்தைச் சுருட்டியுள்ளேன்.,1. मैं अपने बाल घुंघराले करता हूँ। // 2. उसने अपने होंठ सिकोड़े। // 3. मैंने कागज मोड़ दिया है।
Curve / Curved / Curved,Day 84,Beginner,வளை / வளைத்தேன் / வளைந்துள்ளேன்,मुड़ना / मुड़ा / मुड़ चुका,1. I curve the wire. // 2. The road curved left. // 3. I have curved the line.,1. நான் கம்பியை வளைக்கிறேன். // 2. சாலை இடதுபுறமாக வளைந்தது. // 3. நான் கோட்டை வளைத்துள்ளேன்.,1. मैं तार को मोड़ता हूँ। // 2. सड़क बाईं ओर मुड़ी। // 3. मैंने रेखा को वक्र (टेढ़ा) कर दिया है।
Cycle / Cycled / Cycled,Day 84,Beginner,மிதிவண்டி ஓட்டு / ஓட்டினேன் / ஓட்டியுள்ளேன்,साइकिल चलाना / चलाई / चला चुका,1. I cycle to work. // 2. He cycled 10 km. // 3. I have cycled all day.,1. நான் வேலைக்கு மிதிவண்டியில் செல்கிறேன். // 2. அவர் 10 கி.மீ மிதிவண்டி ஓட்டினார். // 3. நான் நாள் முழுவதும் மிதிவண்டி ஓட்டியுள்ளேன்.,1. मैं साइकिल से काम पर जाता हूँ। // 2. उसने 10 किमी साइकिल चलाई। // 3. मैंने दिन भर साइकिल चलाई है।
Damage / Damaged / Damaged,Day 84,Beginner,சேதப்படுத்து / படுத்தினேன் / படுத்தியுள்ளேன்,नुकसान पहुँचाना / पहुँचाया / पहुँचा चुका,1. I damage the car. // 2. It damaged the crops. // 3. I have damaged my phone.,1. நான் காரைச் சேதப்படுத்துகிறேன். // 2. அது பயிர்களைச் சேதப்படுத்தியது. // 3. நான் என் போனைப் பாழாக்கிவிட்டேன்.,1. मैं कार को नुकसान पहुँचाता हूँ। // 2. इसने फसलों को नुकसान पहुँचाया। // 3. मैंने अपना फोन खराब कर लिया है।
Dare / Dared / Dared,Day 84,Beginner,துணி / துணிந்தேன் / துணிந்துள்ளேன்,हिम्मत करना / की / कर चुका,1. I dare you to jump. // 2. He dared to speak. // 3. I have dared to dream.,1. உன்னால் குதிக்க முடியுமா என்று நான் சவால் விடுகிறேன். // 2. அவர் பேசத் துணிந்தார். // 3. நான் கனவு காணத் துணிந்துள்ளேன்.,1. मैं तुम्हें कूदने की चुनौती देता हूँ। // 2. उसने बोलने की हिम्मत की। // 3. मैंने सपना देखने की हिम्मत की है।
Dash / Dashed / Dashed,Day 85,Beginner,விரைந்து செல் / சென்றேன் / சென்றுள்ளேன்,तेज़ी से दौड़ना / दौड़ा / दौड़ चुका,1. I dash to school. // 2. He dashed the glass. // 3. I have dashed his hopes.,1. நான் பள்ளிக்கு வேகமாகச் செல்கிறேன். // 2. அவர் கண்ணாடியை மோதச் செய்தார் (உடைத்தார்). // 3. நான் அவர் நம்பிக்கையைத் தகர்த்தேன்.,1. मैं स्कूल की ओर दौड़ता हूँ। // 2. उसने गिलास पटक दिया। // 3. मैंने उसकी उम्मीदें तोड़ दी हैं।
Dazzle / Dazzled / Dazzled,Day 85,Beginner,கண் கூசவை / வைத்தேன் / வைத்துள்ளேன்,चकाचौंध करना / की / कर चुका,1. Lights dazzle me. // 2. She dazzled everyone. // 3. I have been dazzled.,1. விளக்குகள் என் கண்களைக் கூசச் செய்கின்றன. // 2. அவள் அனைவரையும் வியப்பில் ஆழ்த்தினாள். // 3. நான் பிரமித்துப் போனேன்.,1. रोशनी मुझे चकाचौंध कर देती है। // 2. उसने सबको मंत्रमुग्ध कर दिया। // 3. मैं चकाचौंध हो गया हूँ।
Deal / Dealt / Dealt,Day 85,Beginner,விவஹாரம் செய் / செய்தேன் / செய்துள்ளேன்,सौदा करना / किया / कर चुका,1. I deal in spices. // 2. He dealt with the problem. // 3. I have dealt with him.,1. நான் வாசனைப் பொருட்கள் வியாபாரம் செய்கிறேன். // 2. அவர் பிரச்சனையைச் சமாளித்தார். // 3. நான் அவரிடம் பேசியிருக்கிறேன் (சமாளித்திருக்கிறேன்).,1. मैं मसालों का व्यापार करता हूँ। // 2. उसने समस्या का समाधान किया। // 3. मैंने उससे निपट लिया है।
Decay / Decayed / Decayed,Day 85,Beginner,அழுகு / அழுகியது / அழுகியுள்ளது,सड़ना / सड़ा / सड़ चुका,1. Food decays fast. // 2. The wood decayed. // 3. Teeth have decayed.,1. உணவு சீக்கிரம் அழுகும். // 2. மரம் மக்கிப் போனது. // 3. பற்கள் சொத்தையாகிவிட்டன (அழுகிவிட்டன).,1. भोजन जल्दी सड़ता है। // 2. लकड़ी सड़ गई। // 3. दाँत सड़ चुके हैं।
Deceive / Deceived / Deceived,Day 85,Beginner,ஏமாற்று / ஏமாற்றினேன் / ஏமாற்றியுள்ளேன்,धोखा देना / दिया / दे चुका,1. I deceive no one. // 2. He deceived his wife. // 3. I have been deceived.,1. நான் யாரையும் ஏமாற்றுவதில்லை. // 2. அவர் தன் மனைவியை ஏமாற்றினார். // 3. நான் ஏமாற்றப்பட்டேன்.,1. मैं किसी को धोखा नहीं देता। // 2. उसने अपनी पत्नी को धोखा दिया। // 3. मुझे धोखा दिया गया है।
Decorate / Decorated / Decorated,Day 86,Beginner,அலங்கரி / அலங்கரித்தேன் / அலங்கரித்துள்ளேன்,सजाना / सजाया / सजा चुका,1. I decorate the room. // 2. She decorated the cake. // 3. I have decorated the house.,1. நான் அறையை அலங்கரிக்கிறேன். // 2. அவள் கேக்கை அலங்கரித்தாள். // 3. நான் வீட்டை அலங்கரித்துள்ளேன்.,1. मैं कमरा सजाता हूँ। // 2. उसने केक सजाया। // 3. मैंने घर सजा लिया है।
Decrease / Decreased / Decreased,Day 86,Beginner,குறை / குறைத்தேன் / குறைத்துள்ளேன்,घटाना / घटाया / घटा चुका,1. I decrease the sound. // 2. Prices decreased. // 3. I have decreased the cost.,1. நான் ஒலியைக் குறைக்கிறேன். // 2. விலைகள் குறைந்தன. // 3. நான் செலவைக் குறைத்துள்ளேன்.,1. मैं आवाज़ कम करता हूँ। // 2. कीमतें कम हो गईं। // 3. मैंने खर्च कम कर दिया है।
Dedicate / Dedicated / Dedicated,Day 86,Beginner,அர்ப்பணி / பணித்தேன் / பணித்துள்ளேன்,समर्पित करना / किया / कर चुका,1. I dedicate this book. // 2. He dedicated his life. // 3. I have dedicated the song.,1. நான் இந்தப் புத்தகத்தை அர்ப்பணிக்கிறேன். // 2. அவர் தன் வாழ்க்கையை அர்ப்பணித்தார். // 3. நான் இந்தப் பாடலை அர்ப்பணித்துள்ளேன்.,1. मैं यह किताब समर्पित करता हूँ। // 2. उसने अपना जीवन समर्पित कर दिया। // 3. मैंने गाना समर्पित किया है।
Delay / Delayed / Delayed,Day 86,Beginner,தாமதப்படுத்து / படுத்தினேன் / படுத்தியுள்ளேன்,देरी करना / की / कर चुका,1. I delay the meeting. // 2. The flight delayed. // 3. I have delayed my trip.,1. நான் கூட்டத்தைத் தாமதப்படுத்துகிறேன். // 2. விமானம் தாமதமானது. // 3. நான் என் பயணத்தைத் தள்ளிப்போட்டுள்ளேன்.,1. मैं मीटिंग में देरी करता हूँ। // 2. फ्लाइट में देरी हुई। // 3. मैंने अपनी यात्रा टाल दी है।
Delete / Deleted / Deleted,Day 86,Beginner,அழி / அழித்தேன் / அழித்துள்ளேன்,मिटाना / मिटाया / मिटा चुका,1. I delete the file. // 2. He deleted the mail. // 3. I have deleted the photo.,1. நான் கோப்பை நீக்குகிறேன் (delete). // 2. அவர் அஞ்சலை நீக்கினார். // 3. நான் புகைப்படத்தை நீக்கிவிட்டேன்.,1. मैं फाइल हटाता (डिलीट) हूँ। // 2. उसने मेल डिलीट कर दिया। // 3. मैंने फोटो डिलीट कर दी है।
Delight / Delighted / Delighted,Day 87,Beginner,மகிழ்ச்சியூட்டு / ஊட்டினேன் / ஊட்டியுள்ளேன்,प्रसन्न करना / किया / कर चुका,1. I delight the kids. // 2. It delighted me. // 3. I have been delighted.,1. நான் குழந்தைகளை மகிழ்விக்கிறேன். // 2. அது எனக்கு மகிழ்ச்சி அளித்தது. // 3. நான் மகிழ்ச்சியடைந்தேன்.,1. मैं बच्चों को खुश करता हूँ। // 2. इसने मुझे प्रसन्न किया। // 3. मैं बहुत खुश हुआ हूँ।
Demand / Demanded / Demanded,Day 87,Beginner,கோரு / கோரினேன் / கோரியுள்ளேன்,माँग करना / की / कर चुका,1. I demand help. // 2. He demanded money. // 3. I have demanded an answer.,1. நான் உதவி கேட்கிறேன் (வற்புறுத்துகிறேன்). // 2. அவர் பணம் கேட்டார். // 3. நான் ஒரு பதிலைக் கோரியுள்ளேன்.,1. मैं मदद की मांग करता हूँ। // 2. उसने पैसे मांगे। // 3. मैंने जवाब की मांग की है।
Demonstrate / Demonstrated / Demonstrated,Day 87,Beginner,செய்துகாட்டு / காட்டினேன் / காட்டியுள்ளேன்,प्रदर्शन करना / किया / कर चुका,1. I demonstrate yoga. // 2. He demonstrated the machine. // 3. I have demonstrated it.,1. நான் யோகாவைக் செய்து காட்டுகிறேன் (demonstrate). // 2. அவர் இயந்திரத்தை இயக்கிக் காட்டினார். // 3. நான் அதை விளக்கியுள்ளேன்.,1. मैं योग का प्रदर्शन करता हूँ। // 2. उसने मशीन चलाकर दिखाई। // 3. मैंने इसका प्रदर्शन किया है।
Depend / Depended / Depended,Day 87,Beginner,சார்ந்திரு / சார்ந்திருந்தேன் / சார்ந்துள்ளேன்,निर्भर होना / था / हो चुका,1. I depend on you. // 2. It depended on weather. // 3. I have depended on them.,1. நான் உன்னைச் சார்ந்து இருக்கிறேன். // 2. அது வானிலையைப் பொறுத்திருந்தது. // 3. நான் அவர்களைச் சார்ந்திருந்தேன்.,1. मैं आप पर निर्भर हूँ। // 2. यह मौसम पर निर्भर था। // 3. मैं उन पर निर्भर रहा हूँ।
Deposit / Deposited / Deposited,Day 87,Beginner,வைப்பு செய் / செய்தேன் / செய்துள்ளேன்,जमा करना / किया / कर चुका,1. I deposit money. // 2. He deposited the check. // 3. I have deposited the amount.,1. நான் பணம் டெபாசிட் செய்கிறேன். // 2. அவர் காசோலையைச் செலுத்தினார். // 3. நான் தொகையைச் செலுத்தியுள்ளேன்.,1. मैं पैसे जमा करता हूँ। // 2. उसने चेक जमा किया। // 3. मैंने राशि जमा कर दी है।
Depress / Depressed / Depressed,Day 88,Beginner,மனச்சோர்வடை / அடைந்தேன் / அடைந்துள்ளேன்,उदास करना / किया / कर चुका,1. I depress the button. // 2. It depressed me. // 3. I have been depressed.,1. நான் பொத்தானை அழுத்துகிறேன். // 2. அது எனக்கு மனச்சோர்வை ஏற்படுத்தியது. // 3. நான் மனச்சோர்வடைந்துள்ளேன்.,1. मैं बटन दबाता हूँ। // 2. इसने मुझे उदास कर दिया। // 3. मैं उदास (डिप्रेशन में) हूँ।
Derive / Derived / Derived,Day 88,Beginner,பெறு / பெற்றேன் / பெற்றுள்ளேன்,प्राप्त करना / किया / कर चुका,1. I derive the formula. // 2. He derived joy from it. // 3. I have derived the result.,1. நான் சூத்திரத்தை வருவிக்கிறேன். // 2. அவர் அதிலிருந்து மகிழ்ச்சி பெற்றார். // 3. நான் முடிவைப் பெற்றுள்ளேன்.,1. मैं सूत्र (फॉर्मूला) निकालता हूँ। // 2. उसे इससे खुशी मिली। // 3. मैंने परिणाम निकाला है।
Deserve / Deserved / Deserved,Day 88,Beginner,தகுதியாயிரு / இருந்தேன் / இருந்துள்ளேன்,लायक होना / था / हो चुका,1. I deserve this. // 2. He deserved to win. // 3. I have deserved the award.,1. நான் இதற்குத் தகுதியானவன். // 2. அவர் வெற்றி பெறத் தகுதியானவர். // 3. நான் இந்த விருதிற்குத் தகுதியுடையவன்.,1. मैं इसका हकदार हूँ। // 2. वह जीतने का हकदार था। // 3. मैं पुरस्कार का हकदार रहा हूँ।
Desire / Desired / Desired,Day 88,Beginner,விரும்பு / விரும்பினேன் / விரும்பியுள்ளேன்,इच्छा करना / की / कर चुका,1. I desire peace. // 2. He desired a car. // 3. I have desired this for long.,1. நான் அமைதியை விரும்புகிறேன். // 2. அவர் ஒரு காரை விரும்பினார். // 3. நான் இதை நீண்ட நாட்களாக விரும்பினேன்.,1. मैं शांति चाहता हूँ। // 2. वह एक कार चाहता था। // 3. मैंने लंबे समय से इसकी इच्छा की है।
Detach / Detached / Detached,Day 88,Beginner,பிரி / பிரித்தேன் / பிரித்துள்ளேன்,अलग करना / किया / कर चुका,1. I detach the parts. // 2. He detached the key. // 3. I have detached myself.,1. நான் பாகங்களைப் பிரிக்கிறேன் (detach). // 2. அவர் சாவியைப் பிரித்தார். // 3. நான் என்னைத் தனிமைப்படுத்திக் கொண்டேன்.,1. मैं पुर्जों को अलग करता हूँ। // 2. उसने चाबी अलग कर दी। // 3. मैंने खुद को अलग कर लिया है।
Detect / Detected / Detected,Day 89,Beginner,கண்டுபிடி / பிடித்தேன் / பிடித்துள்ளேன்,पता लगाना / लगाया / लगा चुका,1. I detect a smell. // 2. He detected a lie. // 3. I have detected the error.,1. நான் ஒரு மணத்தைக் கண்டறிகிறேன். // 2. அவர் பொய்யைக் கண்டுபிடித்தார். // 3. நான் பிழையைக் கண்டுபிடித்துள்ளேன்.,1. मैं गंध का पता लगाता हूँ। // 2. उसने झूठ पकड़ लिया। // 3. मैंने गलती का पता लगा लिया है।
Determine / Determined / Determined,Day 89,Beginner,தீர்மானி / தீர்மானித்தேன் / தீர்மானித்துள்ளேன்,निर्धारित करना / किया / कर चुका,1. I determine the cost. // 2. He determined to go. // 3. I have determined the truth.,1. நான் செலவைத் தீர்மானிக்கிறேன். // 2. அவர் செல்லத் தீர்மானித்தார். // 3. நான் உண்மையைக் கண்டறிந்துள்ளேன்.,1. मैं लागत निर्धारित करता हूँ। // 2. उसने जाने का फैसला किया। // 3. मैंने सच्चाई का पता लगा लिया है।
Develop / Developed / Developed,Day 89,Beginner,வளர் / வளர்ந்தேன் / வளர்ந்துள்ளேன்,विकसित करना / किया / कर चुका,1. I develop an app. // 2. He developed a habit. // 3. I have developed the skill.,1. நான் ஒரு செயலியை உருவாக்குகிறேன் (develop). // 2. அவர் ஒரு பழக்கத்தை ஏற்படுத்திக் கொண்டார். // 3. நான் திறமையை வளர்த்துக் கொண்டுள்ளேன்.,1. मैं एक ऐप विकसित करता हूँ। // 2. उसने एक आदत बना ली। // 3. मैंने कौशल विकसित कर लिया है।
Devote / Devoted / Devoted,Day 89,Beginner,அர்ப்பணி / பணித்தேன் / பணித்துள்ளேன்,समर्पित करना / किया / कर चुका,1. I devote time to study. // 2. He devoted his life. // 3. I have devoted myself.,1. நான் படிப்பிற்கு நேரம் ஒதுக்குகிறேன். // 2. அவர் தன் வாழ்க்கையை அர்ப்பணித்தார். // 3. நான் என்னை அர்ப்பணித்துள்ளேன்.,1. मैं पढ़ाई के लिए समय देता हूँ। // 2. उसने अपना जीवन समर्पित कर दिया। // 3. मैंने खुद को समर्पित कर दिया है।
Dial / Dialed / Dialed,Day 89,Beginner,எண்களை அழுத்து / அழுத்தினேன் / அழுத்திலுள்ளேன்,डायल करना / किया / कर चुका,1. I dial the number. // 2. She dialed the police. // 3. I have dialed him.,1. நான் எண்ணைச் சுழற்றுகிறேன் (dial). // 2. அவள் போலீசை அழைத்தாள். // 3. நான் அவரை அழைத்துள்ளேன்.,1. मैं नंबर डायल करता हूँ। // 2. उसने पुलिस को फोन किया। // 3. मैंने उसे डायल किया है।
Dictate / Dictated / Dictated,Day 90,Beginner,சொல்லிக்கொடு / கொடுத்தேன் / கொடுத்துள்ளேன்,बोलकर लिखाना / लिखाया / लिखा चुका,1. I dictate the notes. // 2. He dictated the rules. // 3. I have dictated a letter.,1. நான் குறிப்புகளைச் சொல்லித்தருகிறேன் (dictate). // 2. அவர் விதிகளைக் கட்டளையிட்டார். // 3. நான் ஒரு கடிதத்தை எழுதச் சொன்னேன்.,1. मैं नोट्स बोलकर लिखवाता हूँ। // 2. उसने नियम तय किए (डिक्टेट किए)। // 3. मैंने एक पत्र लिखवाया है।
Dig / Dug / Dug,Day 90,Beginner,தோண்டு / தோண்டினேன் / தோண்டியுள்ளேன்,खोदना / खोदा / खोद चुका,1. I dig a hole. // 2. He dug the garden. // 3. I have dug a well.,1. நான் ஒரு பள்ளம் தோண்டுகிறேன். // 2. அவர் தோட்டத்தைத் தோண்டினார். // 3. நான் ஒரு கிணறு தோண்டியுள்ளேன்.,1. मैं गड्ढा खोदता हूँ। // 2. उसने बगीचा खोदा। // 3. मैंने एक कुआँ खोदा है।
Digest / Digested / Digested,Day 90,Beginner,செரிமானம் செய் / செய்தேன் / செய்துள்ளேன்,पचाना / पचाया / पचा चुका,1. I digest my food. // 2. He digested the news. // 3. I have digested the lesson.,1. நான் உணவைச் செரிக்கிறேன். // 2. அவர் செய்தியை உள்வாங்கினார் (செரித்தார்). // 3. நான் பாடத்தைப் புரிந்து கொண்டேன் (செரித்தேன்).,1. मैं अपना खाना पचाता हूँ। // 2. उसने खबर को पचा लिया (समझ लिया)। // 3. मैंने पाठ को समझ (पचा) लिया है।
Dim / Dimmed / Dimmed,Day 90,Beginner,மங்கலாக்கு / ஆக்கினேன் / ஆக்கியுள்ளேன்,धुंधला करना / किया / कर चुका,1. I dim the lights. // 2. The lights dimmed. // 3. I have dimmed the screen.,1. நான் விளக்குகளின் ஒளியைக் குறைக்கிறேன். // 2. விளக்குகள் மங்கின. // 3. நான் திரையின் வெளிச்சத்தைக் குறைத்துள்ளேன்.,1. मैं रोशनी कम करता हूँ। // 2. रोशनी धीमी हो गई। // 3. मैंने स्क्रीन की रोशनी कम कर दी है।
Dip / Dipped / Dipped,Day 90,Beginner,நனை / நனைத்தேன் / நனைத்துள்ளேன்,डुबोना / डुबोया / डुबो चुका,1. I dip the bread. // 2. He dipped his hand. // 3. I have dipped the cloth.,1. நான் ரொட்டியைத் தோய்க்கிறேன். // 2. அவர் கையைத் தோய்த்தார். // 3. நான் துணியை நனைத்துள்ளேன்.,1. मैं ब्रेड डुबोता हूँ। // 2. उसने अपना हाथ डुबोया। // 3. मैंने कपड़ा डुबो दिया है।
Direct / Directed / Directed,Day 91,Beginner,வழிநடத்து / நடத்தினேன் / நடத்தியுள்ளேன்,निर्देशित करना / किया / कर चुका,1. I direct the film. // 2. He directed me to school. // 3. I have directed the flow.,1. நான் படத்தை இயக்குகிறேன். // 2. அவர் எனக்குப் பள்ளிக்கு வழி காட்டினார். // 3. நான் ஓட்டத்தை ஒழுங்குபடுத்தினேன்.,1. मैं फिल्म निर्देशित करता हूँ। // 2. उसने मुझे स्कूल का रास्ता दिखाया। // 3. मैंने प्रवाह को निर्देशित किया है।
Disagree / Disagreed / Disagreed,Day 91,Beginner,உடன்படாதிரு / பட்டேன் / பட்டுள்ளேன்,असहमत होना / हुआ / हो चुका,1. I disagree with you. // 2. They disagreed. // 3. I have disagreed before.,1. நான் உன்னுடன் உடன்படவில்லை. // 2. அவர்கள் உடன்படவில்லை. // 3. நான் முன்பே மறுத்திருக்கிறேன்.,1. मैं आपसे असहमत हूँ। // 2. वे असहमत थे। // 3. मैं पहले भी असहमत रहा हूँ।
Disappear / Disappeared / Disappeared,Day 91,Beginner,மறை / மறைந்தேன் / மறைந்துள்ளேன்,गायब होना / हुआ / हो चुका,1. Stars disappear. // 2. He disappeared. // 3. My pen has disappeared.,1. நட்சத்திரங்கள் மறைகின்றன. // 2. அவர் மறைந்துவிட்டார். // 3. என் பேனா காணாமல் போய்விட்டது.,1. तारे गायब हो जाते हैं। // 2. वह गायब हो गया। // 3. मेरा पेन गायब हो गया है।
Disappoint / Disappointed / Disappointed,Day 91,Beginner,ஏமாற்றமடை / அடைந்தேன் / அடைந்துள்ளேன்,निराश करना / किया / कर चुका,1. I disappoint no one. // 2. He disappointed me. // 3. I have been disappointed.,1. நான் யாரையும் ஏமாற்றுவதில்லை (மனம் நோகச் செய்வதில்லை). // 2. அவர் என்னை ஏமாற்றினார் (வருத்தமடையச் செய்தார்). // 3. நான் ஏமாற்றமடைந்தேன்.,1. मैं किसी को निराश नहीं करता। // 2. उसने मुझे निराश किया। // 3. मैं निराश हुआ हूँ।
Discharge / Discharged / Discharged,Day 91,Beginner,விடுவி / விடுவித்தேன் / விடுவித்துள்ளேன்,मुक्त करना / किया / कर चुका,1. I discharge my duty. // 2. He was discharged. // 3. I have discharged the debt.,1. நான் என் கடமையைச் செய்கிறேன். // 2. அவர் விடுவிக்கப்பட்டார். // 3. நான் கடனைத் தீர்த்துவிட்டேன்.,1. मैं अपना कर्तव्य निभाता हूँ। // 2. उसे छुट्टी (डिस्चार्ज) मिल गई। // 3. मैंने कर्ज चुका दिया है।
Dislike / Disliked / Disliked,Day 92,Beginner,வெறு / வெறுத்தேன் / வெறுத்துள்ளேன்,नापसंद करना / किया / कर चुका,1. I dislike bitter gourd. // 2. He disliked the movie. // 3. I have disliked him.,1. எனக்குப் பாகற்காய் பிடிக்காது. // 2. அவருக்குப் படம் பிடிக்கவில்லை. // 3. நான் அவரை வெறுத்திருக்கிறேன்.,1. मुझे करेला नापसंद है। // 2. उसे फिल्म पसंद नहीं आई। // 3. मैं उसे नापसंद करता रहा हूँ।
Dismiss / Dismissed / Dismissed,Day 92,Beginner,நீக்கு / நீக்கினேன் / நீக்கியுள்ளேன்,खारिज करना / किया / कर चुका,1. I dismiss the class. // 2. He dismissed the idea. // 3. I have been dismissed.,1. நான் வகுப்பை முடிக்கிறேன் (கலைக்கிறேன்). // 2. அவர் யோசனையை நிராகரித்தார். // 3. நான் வேலையிலிருந்து நீக்கப்பட்டேன்.,1. मैं कक्षा बर्खास्त करता हूँ। // 2. उसने विचार को खारिज कर दिया। // 3. मुझे बर्खास्त कर दिया गया है।
Display / Displayed / Displayed,Day 92,Beginner,காட்சிப்படுத்து / படுத்தினேன் / படுத்தியுள்ளேன்,प्रदर्शित करना / किया / कर चुका,1. I display my work. // 2. He displayed anger. // 3. I have displayed the flags.,1. நான் என் வேலையைக் காண்பிக்கிறேன் (display). // 2. அவர் கோபத்தை வெளிப்படுத்தினார். // 3. நான் கொடிகளைக் காட்சிப்படுத்தியுள்ளேன்.,1. मैं अपना काम प्रदर्शित करता हूँ। // 2. उसने गुस्सा दिखाया। // 3. मैंने झंडे प्रदर्शित किए हैं।
Displease / Displeased / Displeased,Day 92,Beginner,அதிருப்தியூட்டு / ஊட்டினேன் / ஊட்டியுள்ளேன்,अप्रसन्न करना / किया / कर चुका,1. I displease no one. // 2. He displeased his boss. // 3. I have been displeased.,1. நான் யாரையும் வருத்தப்படுத்துவதில்லை. // 2. அவர் தன் மேலதிகாரியை வருத்தப்படுத்தினார். // 3. நான் அதிருப்தியடைந்தேன்.,1. मैं किसी को नाखुश नहीं करता। // 2. उसने अपने बॉस को नाखुश किया। // 3. मैं अप्रसन्न हुआ हूँ।
Dispute / Disputed / Disputed,Day 92,Beginner,விவாதி / விவாதித்தேன் / விவாதித்துள்ளேன்,विवाद करना / किया / कर चुका,1. I dispute the bill. // 2. They disputed the land. // 3. I have disputed the claim.,1. நான் பில்லில் உள்ள கணக்கை மறுக்கிறேன் (தர்க்கம் செய்கிறேன்). // 2. அவர்கள் நிலத்திற்காகத் தகராறு செய்தனர். // 3. நான் கோரிக்கையை எதிர்த்துள்ளேன்.,1. मैं बिल पर विवाद करता हूँ। // 2. उन्होंने जमीन को लेकर विवाद किया। // 3. मैंने दावे पर विवाद किया है।
Dissolve / Dissolved / Dissolved,Day 93,Beginner,கரை / கரைத்தேன் / கரைத்துள்ளேன்,घोलना / घोला / घोल चुका,1. Sugar dissolves in tea. // 2. It dissolved fast. // 3. I have dissolved the team.,1. சர்க்கரை தேநீரில் கரையும். // 2. அது வேகமாகத் கரைந்தது. // 3. நான் குழுவைக் கலைத்துவிட்டேன்.,1. चीनी चाय में घुल जाती है। // 2. यह जल्दी घुल गया। // 3. मैंने टीम को भंग कर दिया है।
Distinguish / Distinguished / Distinguished,Day 93,Beginner,வேறுபடுத்து / படுத்தினேன் / படுத்தியுள்ளேன்,अंतर करना / किया / कर चुका,1. I distinguish colors. // 2. He distinguished the twin. // 3. I have distinguished the facts.,1. நான் நிறங்களை வேறுபடுத்துகிறேன். // 2. அவர் இரட்டையர்களை அடையாளம் கண்டார். // 3. நான் உண்மைகளை வேறுபடுத்திப் பார்த்துள்ளேன்.,1. मैं रंगों में अंतर करता हूँ। // 2. उसने जुड़वा बच्चों को पहचाना। // 3. मैंने तथ्यों में अंतर स्पष्ट कर दिया है।
Distribute / Distributed / Distributed,Day 93,Beginner,விநியோகி / விநியோகித்தேன் / விநியோகித்துள்ளேன்,वितरित करना / किया / कर चुका,1. I distribute books. // 2. He distributed sweets. // 3. I have distributed the flyers.,1. நான் புத்தகங்களை விநியோகிக்கிறேன். // 2. அவர் இனிப்புகளை வழங்கினார். // 3. நான் துண்டுப் பிரசுரங்களை விநியோகித்துள்ளேன்.,1. मैं किताबें बाँटता हूँ। // 2. उसने मिठाइयाँ बाँटीं। // 3. मैंने पर्चे बाँट दिए हैं।
Dive / Dived / Dived,Day 93,Beginner,நீரில் குதி / குதித்தேன் / குதித்துள்ளேன்,गोता लगाना / लगाया / लगा चुका,1. I dive into the pool. // 2. He dived deep. // 3. I have dived before.,1. நான் குளத்தில் குதிக்கிறேன் (dive). // 2. அவர் ஆழமாக மூழ்கினார். // 3. நான் முன்பே நீரில் மூழ்கிக் குதித்திருக்கிறேன்.,1. मैं पूल में गोता लगाता हूँ। // 2. उसने गहरी डुबकी लगाई। // 3. मैंने पहले गोता लगाया है।
Do / Did / Done,Day 93,Beginner,செய் / செய்தேன் / செய்துள்ளேன்,करना / किया / कर चुका,1. I do my homework. // 2. He did a great job. // 3. I have done it.,1. நான் வீட்டுப்பாடம் செய்கிறேன். // 2. அவர் சிறப்பாகச் செய்தார். // 3. நான் அதைச் செய்து முடித்தேன்.,1. मैं अपना होमवर्क करता हूँ। // 2. उसने बहुत अच्छा काम किया। // 3. मैंने यह कर लिया है।
Donate / Donated / Donated,Day 94,Beginner,தானம் செய் / செய்தேன் / செய்துள்ளேன்,दान करना / किया / कर चुका,1. I donate blood. // 2. She donated money. // 3. I have donated clothes.,1. நான் ரத்த தானம் செய்கிறேன். // 2. அவள் பணம் வழங்கினாள் (தானம்). // 3. நான் துணிகளை தானமாக வழங்கியுள்ளேன்.,1. मैं रक्तदान करता हूँ। // 2. उसने पैसे दान किए। // 3. मैंने कपड़े दान किए हैं।
Drag / Dragged / Dragged,Day 94,Beginner,இழு / இழுத்தேன் / இழுத்துள்ளேன்,घसीटना / घसीटा / घसीट चुका,1. I drag the chair. // 2. He dragged the bag. // 3. Time has dragged on.,1. நான் நாற்காலியை இழுக்கிறேன். // 2. அவர் பையை இழுத்துச் சென்றார். // 3. காலம் மெதுவாகக் கடந்துவிட்டது.,1. मैं कुर्सी खींचता हूँ। // 2. उसने बैग घसीटा। // 3. समय बहुत धीरे बीता है।
Drain / Drained / Drained,Day 94,Beginner,வடிகட்டு / கட்டினேன் / கட்டியுள்ளேன்,निकालना (पानी) / निकाला / निकाल चुका,1. I drain the water. // 2. Work drained me. // 3. I have drained the tank.,1. நான் நீரை வெளியேற்றுகிறேன் (வடிக்கிறேன்). // 2. வேலை என்னைச் சோர்வடையச் செய்தது. // 3. நான் தொட்டியை காலி செய்துள்ளேன்.,1. मैं पानी निकालता (निकासी) हूँ। // 2. काम ने मुझे थका दिया। // 3. मैंने टैंक खाली कर दिया है।
Dread / Dreaded / Dreaded,Day 94,Beginner,அஞ்சு / அஞ்சினேன் / அஞ்சியுள்ளேன்,डरना / डरा / डर चुका,1. I dread exams. // 2. He dreaded the day. // 3. I have dreaded this talk.,1. நான் தேர்வைக் கண்டு அஞ்சுகிறேன். // 2. அவர் அந்த நாளைக் கண்டு பயந்தார். // 3. நான் இந்தப் பேச்சை நினைத்துப் பயந்திருந்தேன்.,1. मैं परीक्षा से डरता हूँ। // 2. वह उस दिन से डरता था। // 3. मैं इस बातचीत से डरता रहा हूँ।
Dress / Dressed / Dressed,Day 94,Beginner,ஆடை அணி / அணிந்தேன் / அணிந்துள்ளேன்,कपड़े पहनना / पहने / पहन चुका,1. I dress for work. // 2. She dressed quickly. // 3. I have dressed the wound.,1. நான் வேலைக்குத் தயாராகிறேன் (உடை அணிதல்). // 2. அவள் வேகமாக உடை அணிந்தாள். // 3. நான் காயத்திற்கு மருந்துக்கட்டு போட்டுள்ளேன்.,1. मैं काम के लिए तैयार होता हूँ। // 2. उसने जल्दी से कपड़े पहने। // 3. मैंने घाव पर पट्टी कर दी है।
Drift / Drifted / Drifted,Day 95,Beginner,மிதந்து செல் / சென்றேன் / சென்றுள்ளேன்,बहना / बहा / बह चुका,1. Clouds drift away. // 2. The boat drifted. // 3. I have drifted from him.,1. மேகங்கள் மெதுவாக நகர்கின்றன. // 2. படகு மிதந்து சென்றது. // 3. நான் அவரிடமிருந்து விலகிவிட்டேன்.,1. बादल बहते हैं। // 2. नाव बह गई। // 3. मैं उससे दूर हो गया हूँ।
Drill / Drilled / Drilled,Day 95,Beginner,துளையிடு / இட்டேன் / இட்டுள்ளேன்,छेद करना / किया / कर चुका,1. I drill a hole. // 2. He drilled the team. // 3. I have drilled into wood.,1. நான் துளையிடுகிறேன். // 2. அவர் குழுவிற்குப் பயிற்சியளித்தார் (drill). // 3. நான் மரத்தில் துளையிட்டுள்ளேன்.,1. मैं छेद करता हूँ। // 2. उसने टीम को ड्रिल कराई। // 3. मैंने लकड़ी में छेद कर दिया है।
Drip / Dripped / Dripped,Day 95,Beginner,சொட்டு / சொட்டியது / சொட்டியுள்ளது,टपकना / टपका / टपक चुका,1. Taps drip water. // 2. It dripped all night. // 3. Sweat has dripped.,1. குழாயிலிருந்து நீர் சொட்டுகிறது. // 2. அது இரவு முழுவதும் சொட்டியது. // 3. வேர்வை சொட்டியது.,1. नल से पानी टपकता है। // 2. यह रात भर टपका। // 3. पसीना टपक चुका है।
Drop / Dropped / Dropped,Day 95,Beginner,கீழே போடு / போட்டேன் / போட்டுள்ளேன்,गिराना / गिराया / गिरा चुका,1. I drop the glass. // 2. He dropped me home. // 3. Prices have dropped.,1. நான் கண்ணாடியைக் கீழே விடுகிறேன். // 2. அவர் என்னை வீட்டில் விட்டார். // 3. விலைகள் குறைந்துள்ளன.,1. मैं गिलास गिरा देता हूँ। // 2. उसने मुझे घर छोड़ दिया। // 3. कीमतें गिर गई हैं।
Drown / Drowned / Drowned,Day 95,Beginner,நீரில் மூழ்கு / மூழ்கினேன் / மூழ்கியுள்ளேன்,डूबना / डूबा / डूब चुका,1. Don't drown in sorrow. // 2. He nearly drowned. // 3. The noise has drowned him.,1. துயரத்தில் மூழ்கிவிடாதே. // 2. அவர் கிட்டத்தட்ட நீரில் மூழ்கினார். // 3. சத்தம் அவரை மூழ்கடித்தது (மறைத்தது).,1. दुःख में मत डूबो। // 2. वह लगभग डूब गया था। // 3. शोर ने उसकी आवाज़ दबा दी।
Dry / Dried / Dried,Day 96,Beginner,உலரவை / வைத்தேன் / வைத்துள்ளேன்,सुखाना / सुखाया / सुखा चुका,1. I dry my hands. // 2. She dried the cloth. // 3. The river has dried up.,1. நான் கைகளை உலர்த்துகிறேன். // 2. அவள் துணியைக் காயவைத்தாள். // 3. ஆறு வற்றிவிட்டது.,1. मैं अपने हाथ सुखाता हूँ। // 2. उसने कपड़ा सुखाया। // 3. नदी सूख गई है।
Dump / Dumped / Dumped,Day 96,Beginner,கொட்டு / கொட்டினேன் / கொட்டியுள்ளேன்,फेंकना (ढेर) / फेंका / फेंक चुका,1. I dump the trash. // 2. He dumped her. // 3. They have dumped waste.,1. நான் குப்பைகளைக் கொட்டுகிறேன். // 2. அவர் அவளுடனான உறவைத் துண்டித்தார். // 3. அவர்கள் கழிவுகளைக் கொட்டியுள்ளனர்.,1. मैं कूड़ा फेंकता हूँ। // 2. उसने उसे छोड़ दिया (डंप किया)। // 3. उन्होंने कचरा फेंक दिया है।
Dust / Dusted / Dusted,Day 96,Beginner,தூசி தட்டு / தட்டினேன் / தட்டியுள்ளேன்,धूल झाड़ना / झाड़ी / झाड़ चुका,1. I dust the shelf. // 2. She dusted the room. // 3. I have dusted my coat.,1. நான் அலமாரியில் உள்ள தூசியைத் துடைக்கிறேன். // 2. அவள் அறையைத் துடைத்துச் சுத்தம் செய்தாள். // 3. நான் என் கோட்டைத் தட்டியுள்ளேன்.,1. मैं अलमारी झाड़ता हूँ। // 2. उसने कमरा साफ किया। // 3. मैंने अपना कोट झाड़ लिया है।
Dwell / Dwelt / Dwelt,Day 96,Beginner,வசி / வசித்தேன் / வசித்துள்ளேன்,निवास करना / किया / कर चुका,1. Poets dwell on beauty. // 2. He dwelt in a cave. // 3. I have dwelt here long.,1. கவிஞர்கள் அழகைப் பற்றி அதிகம் நினைக்கிறார்கள். // 2. அவர் குகையில் வசித்தார். // 3. நான் இங்கே நீண்ட காலம் வசித்துள்ளேன்.,1. कवि सुंदरता पर विचार करते हैं। // 2. वह एक गुफा में रहता था। // 3. मैं यहाँ लंबे समय तक रहा हूँ।
Ease / Eased / Eased,Day 96,Beginner,எளிதாக்கு / ஆக்கினேன் / ஆக்கியுள்ளேன்,आराम देना / दिया / दे चुका,1. I ease the pain. // 2. He eased the car. // 3. Tension has eased.,1. நான் வலியைக் குறைக்கிறேன். // 2. அவர் காரை மெதுவாக நகர்த்தினார். // 3. பதற்றம் குறைந்துள்ளது.,1. मैं दर्द कम करता हूँ। // 2. उसने गाड़ी धीरे से निकाली। // 3. तनाव कम हो गया है।
Echo / Echoed / Echoed,Day 97,Beginner,எதிரொலி / ஒலித்தது / ஒலித்திருக்கிறது,गूँजना / गूँजा / गूँज चुका,1. Caves echo sounds. // 2. My voice echoed. // 3. Words have echoed.,1. குகைகளில் சத்தம் எதிரொலிக்கிறது. // 2. என் குரல் எதிரொலித்தது. // 3. வார்த்தைகள் எதிரொலித்தன.,1. गुफाओं में आवाज़ गूँजती है। // 2. मेरी आवाज़ गूँजी। // 3. शब्द गूँज उठे हैं।
Edit / Edited / Edited,Day 97,Beginner,திருத்து / திருத்தினேன் / திருத்தியுள்ளேன்,संपादन करना / किया / कर चुका,1. I edit the video. // 2. He edited the book. // 3. I have edited my post.,1. நான் வீடியோவைத் தொகுக்கிறேன் (edit). // 2. அவர் புத்தகத்தைத் திருத்தினார். // 3. நான் என் பதிவைத் திருத்தியுள்ளேன்.,1. मैं वीडियो एडिट करता हूँ। // 2. उसने किताब संपादित की। // 3. मैंने अपनी पोस्ट एडिट कर ली है।
Educate / Educated / Educated,Day 97,Beginner,கல்வி கற்பி / கற்பித்தேன் / கற்பித்துள்ளேன்,शिक्षित करना / किया / कर चुका,1. Schools educate kids. // 2. He educated me. // 3. I have been educated.,1. பள்ளிகள் குழந்தைகளுக்குக் கல்வியளிக்கின்றன. // 2. அவர் எனக்குக் கற்பித்தார். // 3. நான் கல்வி பெற்றுள்ளேன்.,1. स्कूल बच्चों को शिक्षित करते हैं। // 2. उसने मुझे शिक्षित किया। // 3. मैं शिक्षित हूँ।
Effect / Effected / Effected,Day 97,Beginner,விளைவை ஏற்படுத்து / படுத்தினேன் / படுத்தியுள்ளேன்,प्रभाव डालना / डाला / डाल चुका,1. I effect a change. // 2. It effected my mood. // 3. We have effected laws.,1. நான் மாற்றத்தை ஏற்படுத்துகிறேன். // 2. அது என் மனநிலையை மாற்றியது (விளைவை ஏற்படுத்தியது). // 3. நாங்கள் சட்டங்களைச் செயல்படுத்தியுள்ளோம்.,1. मैं बदलाव लाता हूँ। // 2. इसने मेरे मूड पर असर डाला। // 3. हमने कानून लागू कर दिए हैं।
Elect / Elected / Elected,Day 97,Beginner,தேர்ந்தெடு / எடுத்தேன் / எடுத்துள்ளேன்,चुनना (चुनाव) / चुना / चुन चुका,1. People elect leaders. // 2. He was elected. // 3. They have elected him.,1. மக்கள் தலைவர்களைத் தேர்ந்தெடுக்கிறார்கள் (தேர்தல்). // 2. அவர் தேர்ந்தெடுக்கப்பட்டார். // 3. அவர்கள் அவரைத் தேர்ந்தெடுத்துள்ளனர்.,1. लोग नेता चुनते हैं। // 2. उसे चुना गया। // 3. उन्होंने उसे चुन लिया है।
Eliminate / Eliminated / Eliminated,Day 98,Beginner,நீக்கு / நீக்கினேன் / நீக்கியுள்ளேன்,हटाना / हटाया / हटा चुका,1. I eliminate waste. // 2. He eliminated him. // 3. I have eliminated errors.,1. நான் கழிவுகளை அகற்றுகிறேன். // 2. அவர் அவரைப் போட்டியிலிருந்து நீக்கினார். // 3. நான் பிழைகளை நீக்கியுள்ளேன்.,1. मैं कचरा हटाता हूँ। // 2. उसने उसे बाहर कर दिया। // 3. मैंने गलतियाँ हटा दी हैं।
Embarrass / Embarrassed / Embarrassed,Day 98,Beginner,சங்கடப்படுத்து / படுத்தினேன் / படுத்தியுள்ளேன்,शर्मिंदा करना / किया / कर चुका,1. Jokes embarrass me. // 2. He embarrassed her. // 3. I have been embarrassed.,1. நகைச்சுவைகள் என்னைச் சங்கடப்படுத்துகின்றன. // 2. அவர் அவளைச் சங்கடப்படுத்தினார். // 3. நான் சங்கடமடைந்தேன்.,1. चुटकुले मुझे शर्मिंदा करते हैं। // 2. उसने उसे शर्मिंदा किया। // 3. मैं शर्मिंदा हुआ हूँ।
Embrace / Embraced / Embraced,Day 98,Beginner,தழுவு / தழுவினேன் / தழுவியுள்ளேன்,गले लगाना / लगाया / लगा चुका,1. I embrace you. // 2. They embraced joyfully. // 3. I have embraced change.,1. நான் உன்னைக் கட்டியணைக்கிறேன் (தழுவுகிறேன்). // 2. அவர்கள் மகிழ்ச்சியுடன் தழுவினர். // 3. நான் மாற்றத்தை ஏற்றுக்கொண்டேன்.,1. मैं तुम्हें गले लगाता हूँ। // 2. वे खुशी से गले मिले। // 3. मैंने बदलाव को स्वीकार कर लिया है।
Emerge / Emerged / Emerged,Day 98,Beginner,வெளிப்படு / பட்டேன் / பட்டுள்ளேன்,उभरना / उभरा / उभर चुका,1. Problems emerge. // 2. He emerged as a hero. // 3. Truth has emerged.,1. பிரச்சனைகள் தோன்றுகின்றன. // 2. அவர் நாயகனாக வெளிப்பட்டார். // 3. உண்மை வெளிவந்துள்ளது.,1. समस्याएँ उभरती हैं। // 2. वह एक नायक के रूप में उभरा। // 3. सच्चाई सामने आ गई है।
Emphasize / Emphasized / Emphasized,Day 98,Beginner,வலியுறுத்து / படுத்தினேன் / படுத்தியுள்ளேன்,ज़ोर देना / दिया / दे चुका,1. I emphasize this point. // 2. He emphasized speed. // 3. I have emphasized it.,1. நான் இந்த விஷயத்தை வலியுறுத்துகிறேன். // 2. அவர் வேகத்தை வலியுறுத்தினார். // 3. நான் அதை வலியுறுத்தியுள்ளேன்.,1. मैं इस बिंदु पर ज़ोर देता हूँ। // 2. उसने गति पर ज़ोर दिया। // 3. मैंने इस पर ज़ोर दिया है।
Employ / Employed / Employed,Day 99,Beginner,வேலைக்கு வை / வைத்தேன் / வைத்துள்ளேன்,काम पर रखना / रखा / रख चुका,1. I employ workers. // 2. He employed a cook. // 3. I have employed a trick.,1. நான் தொழிலாளர்களைப் பணியமர்த்துகிறேன். // 2. அவர் ஒரு சமையல்காரரை வேலைக்கு வைத்தார். // 3. நான் ஒரு தந்திரத்தைப் பயன்படுத்தினேன்.,1. मैं कामगारों को काम पर रखता हूँ। // 2. उसने एक रसोइया रखा। // 3. मैंने एक तरकीब अपनाई है।
Enable / Enabled / Enabled,Day 99,Beginner,செயல்படுத்து / படுத்தினேன் / படுத்தியுள்ளேன்,सक्षम करना / किया / कर चुका,1. Tools enable work. // 2. He enabled the app. // 3. I have enabled it.,1. கருவிகள் வேலையைச் சாத்தியமாக்குகின்றன. // 2. அவர் செயலியைச் செயல்படுத்தினார் (enable). // 3. நான் அதைச் செயல்படுத்தியுள்ளேன்.,1. उपकरण काम को सक्षम बनाते हैं। // 2. उसने ऐप चालू (इनेबल) किया। // 3. मैंने इसे सक्षम कर दिया है।
Encourage / Encouraged / Encouraged,Day 99,Beginner,ஊக்குவி / வித்தேன் / வித்துள்ளேன்,प्रोत्साहित करना / किया / कर चुका,1. I encourage him. // 2. She encouraged me. // 3. I have encouraged her.,1. நான் அவரை ஊக்குவிக்கிறேன். // 2. அவள் என்னை ஊக்கப்படுத்தினாள். // 3. நான் அவளை ஊக்கப்படுத்தியுள்ளேன்.,1. मैं उसे प्रोत्साहित करता हूँ। // 2. उसने मुझे प्रोत्साहित किया। // 3. मैंने उसे बढ़ावा दिया है।
End / Ended / Ended,Day 99,Beginner,முடி / முடித்தேன் / முடித்துள்ளேன்,समाप्त करना / किया / कर चुका,1. I end the call. // 2. The movie ended. // 3. I have ended the task.,1. நான் அழைப்பை முடிக்கிறேன். // 2. படம் முடிந்தது. // 3. நான் பணியை முடித்துவிட்டேன்.,1. मैं कॉल समाप्त करता हूँ। // 2. फिल्म खत्म हो गई। // 3. मैंने काम खत्म कर दिया है।
Endure / Endured / Endured,Day 99,Beginner,தாங்கு / தாங்கினேன் / தாங்கியுள்ளேன்,सहना / सहा / सह चुका,1. I endure pain. // 2. He endured the cold. // 3. I have endured enough.,1. நான் வலியைப் பொறுத்துக்கொள்கிறேன். // 2. அவர் குளிரைத் தாங்கினார். // 3. நான் போதுமான அளவு சகித்துக்கொண்டேன்.,1. मैं दर्द सहता हूँ। // 2. उसने ठंड सहन की। // 3. मैंने बहुत कुछ सहा है।
Engage / Engaged / Engaged,Day 100,Beginner,ஈடுபடு / பட்டேன் / பட்டுள்ளேன்,शामिल होना / हुआ / हो चुका,1. I engage in talk. // 2. He engaged a lawyer. // 3. We are engaged.,1. நான் பேச்சில் ஈடுபடுகிறேன். // 2. அவர் ஒரு வழக்கறிஞரை நியமித்தார். // 3. எங்களுக்கு நிச்சயம் (நிச்சயதார்த்தம்) முடிந்துவிட்டது.,1. मैं बातचीत में शामिल होता हूँ। // 2. उसने एक वकील को काम पर रखा। // 3. हमारी सगाई हो गई है।
Enlarge / Enlarged / Enlarged,Day 100,Beginner,பெரிதாக்கு / ஆக்கினேன் / ஆக்கியுள்ளேன்,बड़ा करना / किया / कर चुका,1. I enlarge the photo. // 2. He enlarged the house. // 3. I have enlarged the text.,1. நான் புகைப்படத்தைப் பெரிதாக்குகிறேன். // 2. அவர் வீட்டை விரிவுபடுத்தினார். // 3. நான் உரையைப் பெரிதாக்கியுள்ளேன்.,1. मैं फोटो बड़ी करता हूँ। // 2. उसने घर का विस्तार किया। // 3. मैंने टेक्स्ट बड़ा कर दिया है।
Enlighten / Enlightened / Enlightened,Day 100,Beginner,தெளிவுபடுத்து / படுத்தினேன் / படுத்தியுள்ளேன்,स्पष्ट करना / किया / कर चुका,1. I enlighten you. // 2. It enlightened me. // 3. Buddha was enlightened.,1. நான் உனக்குத் தெளிவுபடுத்துகிறேன். // 2. அது எனக்கு ஞானம் அளித்தது. // 3. புத்தர் ஞானம் பெற்றார்.,1. मैं तुम्हें जागरूक करता हूँ। // 2. इसने मुझे ज्ञान दिया। // 3. बुद्ध को ज्ञान प्राप्त हुआ।
Entertain / Entertained / Entertained,Day 100,Beginner,மகிழ்வி / வித்தேன் / வித்துள்ளேன்,मनोरंजन करना / किया / कर चुका,1. I entertain guests. // 2. He entertained us. // 3. I have entertained the idea.,1. நான் விருந்தினர்களை உபசரிக்கிறேன். // 2. அவர் எங்களை மகிழ்வித்தார். // 3. நான் அந்த யோசனையைச் சிந்தித்துப் பார்த்தேன்.,1. मैं मेहमानों का मनोरंजन करता हूँ। // 2. उसने हमारा मनोरंजन किया। // 3. मैंने इस विचार पर गौर किया है।
Envy / Envied / Envied,Day 100,Beginner,பொறாமைப்படு / பட்டேன் / பட்டுள்ளேன்,ईर्ष्या करना / की / कर चुका,1. I envy no one. // 2. He envied my car. // 3. I have envied him.,1. நான் யாரையும் பார்த்துப் பொறாமைப்படுவதில்லை. // 2. அவர் என் காரைப் பார்த்துப் பொறாமைப்பட்டார். // 3. நான் அவரைப் பார்த்துப் பொறாமைப்பட்டுள்ளேன்.,1. मैं किसी से ईर्ष्या नहीं करता। // 2. वह मेरी कार से जलता था। // 3. मैंने उससे ईर्ष्या की है।
Equip / Equipped / Equipped,Day 101,Beginner,தயார்படுத்து / படுத்தினேன் / படுத்தியுள்ளேன்,सुसज्जित करना / किया / कर चुका,1. I equip the lab. // 2. He equipped himself. // 3. I have equipped the team.,1. நான் ஆய்வகத்தைச் சித்தப்படுத்துகிறேன். // 2. அவர் தன்னைத் தயார்படுத்திக் கொண்டார். // 3. நான் குழுவிற்குத் தேவையான உபகரணங்களை வழங்கியுள்ளேன்.,1. मैं लैब को सुसज्जित करता हूँ। // 2. उसने खुद को तैयार किया। // 3. मैंने टीम को उपकरणों से लैस किया है।
Erase / Erased / Erased,Day 101,Beginner,அழி / அழித்தேன் / அழித்துள்ளேன்,मिटाना / मिटाया / मिटा चुका,1. I erase the board. // 2. He erased the file. // 3. I have erased the memory.,1. நான் பலகையை அழிக்கிறேன். // 2. அவர் கோப்பை அழித்தார். // 3. நான் நினைவை அழித்துவிட்டேன்.,1. मैं बोर्ड मिटाता हूँ। // 2. उसने फाइल मिटा दी। // 3. मैंने यादें मिटा दी हैं।
Establish / Established / Established,Day 101,Beginner,நிறுவு / நிறுவினேன் / நிறுவியுள்ளேன்,स्थापित करना / किया / कर चुका,1. I establish a shop. // 2. He established truth. // 3. I have established a goal.,1. நான் ஒரு கடையை நிறுவுகிறேன். // 2. அவர் உண்மையை உறுதிப்படுத்தினார். // 3. நான் ஒரு இலக்கை நிர்ணயித்துள்ளேன்.,1. मैं एक दुकान स्थापित करता हूँ। // 2. उसने सच्चाई स्थापित की। // 3. मैंने एक लक्ष्य निर्धारित किया है।
Estimate / Estimated / Estimated,Day 101,Beginner,மதிப்பிடு / இட்டேன் / இட்டுள்ளேன்,अनुमान लगाना / लगाया / लगा चुका,1. I estimate the cost. // 2. He estimated the time. // 3. I have estimated correctly.,1. நான் செலவைக் கணக்கிடுகிறேன் (மதிப்பிடுகிறேன்). // 2. அவர் நேரத்தைக் கணித்தார். // 3. நான் சரியாக மதிப்பிட்டுள்ளேன்.,1. मैं लागत का अनुमान लगाता हूँ। // 2. उसने समय का अनुमान लगाया। // 3. मैंने सही अनुमान लगाया है।
Evaluate / Evaluated / Evaluated,Day 101,Beginner,மதிப்பீடு செய் / செய்தேன் / செய்துள்ளேன்,मूल्यांकन करना / किया / कर चुका,1. I evaluate the risk. // 2. He evaluated the test. // 3. I have evaluated him.,1. நான் ஆபத்தை மதிப்பிடுகிறேன். // 2. அவர் தேர்வை மதிப்பீடு செய்தார். // 3. நான் அவரை மதிப்பீடு செய்துள்ளேன்.,1. मैं जोखिम का मूल्यांकन करता हूँ। // 2. उसने टेस्ट का मूल्यांकन किया। // 3. मैंने उसका मूल्यांकन किया है।
Exaggerate / Exaggerated / Exaggerated,Day 102,Beginner,மிகைப்படுத்து / படுத்தினேன் / படுத்தியுள்ளேன்,बढ़ा-चढ़ाकर कहना / कहा / कह चुका,1. Don't exaggerate. // 2. He exaggerated it. // 3. I have exaggerated nothing.,1. மிகைப்படுத்தாதே. // 2. அவர் அதை மிகைப்படுத்திக் கூறினார். // 3. நான் எதையும் மிகைப்படுத்தவில்லை.,1. बढ़ा-चढ़ाकर मत बोलो। // 2. उसने इसे बढ़ा-चढ़ाकर बताया। // 3. मैंने कुछ भी बढ़ा-चढ़ाकर नहीं कहा है।
Examine / Examined / Examined,Day 102,Beginner,ஆய்வு செய் / செய்தேன் / செய்துள்ளேன்,जाँच करना / की / कर चुका,1. I examine the eye. // 2. He examined the car. // 3. I have examined it.,1. நான் கண்ணைப் பரிசோதிக்கிறேன். // 2. அவர் காரைப் பரிசோதித்தார். // 3. நான் அதை ஆய்வு செய்துள்ளேன்.,1. मैं आँख की जाँच करता हूँ। // 2. उसने कार की जाँच की। // 3. मैंने इसका परीक्षण किया है।
Exchange / Exchanged / Exchanged,Day 102,Beginner,பரிமாறிக்கொள் / கொண்டேன் / கொண்டுள்ளேன்,विनिमय करना / किया / कर चुका,1. I exchange the gift. // 2. They exchanged seats. // 3. I have exchanged ideas.,1. நான் பரிசை மாற்றிக்கொள்கிறேன். // 2. அவர்கள் இருக்கைகளை மாற்றிக்கொண்டனர். // 3. நான் கருத்துக்களைப் பரிமாறிக் கொண்டுள்ளேன்.,1. मैं उपहार बदलता हूँ। // 2. उन्होंने सीटें बदल लीं। // 3. मैंने विचारों का आदान-प्रदान किया है।
Excite / Excited / Excited,Day 102,Beginner,உற்சாகப்படுத்து / படுத்தினேன் / படுத்தியுள்ளேன்,उत्साहित करना / किया / कर चुका,1. Toys excite kids. // 2. He excited me. // 3. I have been excited.,1. பொம்மைகள் குழந்தைகளை உற்சாகப்படுத்துகின்றன. // 2. அவர் என்னை உற்சாகப்படுத்தினார். // 3. நான் உற்சாகமடைந்தேன்.,1. खिलौने बच्चों को उत्साहित करते हैं। // 2. उसने मुझे उत्साहित किया। // 3. मैं उत्साहित हूँ।
Exclude / Excluded / Excluded,Day 102,Beginner,விலக்கு / விலக்கினேன் / விலக்கியுள்ளேன்,निकालना / निकाला / निकाल चुका,1. I exclude sugar. // 2. He excluded me. // 3. I have excluded meat.,1. நான் சர்க்கரையைத் தவிர்க்கிறேன் (நீக்குகிறேன்). // 2. அவர் என்னைச் சேர்க்கவில்லை (ஒதுக்கினார்). // 3. நான் இறைச்சியைத் தவிர்த்துவிட்டேன்.,1. मैं चीनी को बाहर रखता हूँ (परहेज करता हूँ)। // 2. उसने मुझे निकाल दिया। // 3. मैंने मांस को बाहर रखा है।
Excuse / Excused / Excused,Day 103,Beginner,மன்னிப்பு அளி / அளித்தேன் / அளித்துள்ளேன்,क्षमा करना / की / कर चुका,1. Excuse me. // 2. He excused himself. // 3. I have excused him.,1. என்னை மன்னியுங்கள். // 2. அவர் அனுமதி பெற்றுச் சென்றார். // 3. நான் அவரை மன்னித்துவிட்டேன்.,1. मुझे क्षमा करें। // 2. उसने अनुमति ली। // 3. मैंने उसे माफ कर दिया है।
Execute / Executed / Executed,Day 103,Beginner,நிறைவேற்று / ஏற்றினேன் / ஏற்றியுள்ளேன்,निष्पादित करना / किया / कर चुका,1. I execute the plan. // 2. He was executed. // 3. I have executed the task.,1. நான் திட்டத்தைச் செயல்படுத்துகிறேன். // 2. அவர் தூக்கிலிடப்பட்டார் (தண்டனை நிறைவேற்றப்பட்டது). // 3. நான் பணியை நிறைவேற்றியுள்ளேன்.,1. मैं योजना को क्रियान्वित करता हूँ। // 2. उसे फांसी दी गई। // 3. मैंने काम पूरा कर लिया है।
Exhibit / Exhibited / Exhibited,Day 103,Beginner,காட்சிப்படுத்து / படுத்தினேன் / படுத்தியுள்ளேன்,प्रदर्शित करना / किया / कर चुका,1. I exhibit my art. // 2. He exhibited talent. // 3. I have exhibited there.,1. நான் எனது கலையைக் காட்சிப்படுத்துகிறேன். // 2. அவர் திறமையை வெளிப்படுத்தினார். // 3. நான் அங்கே காட்சிப்படுத்தியுள்ளேன்.,1. मैं अपनी कला का प्रदर्शन करता हूँ। // 2. उसने प्रतिभा दिखाई। // 3. मैंने वहाँ प्रदर्शन किया है।
Exist / Existed / Existed,Day 103,Beginner,இரு / இருந்தது / இருந்திருக்கிறது,अस्तित्व में होना / था / हो चुका,1. I exist. // 2. Dinosaurs existed. // 3. I have existed peacefully.,1. நான் இருக்கிறேன். // 2. டைனோசர்கள் இருந்தன. // 3. நான் நிம்மதியாக வாழ்ந்திருக்கிறேன்.,1. मेरा अस्तित्व है। // 2. डायनासोर अस्तित्व में थे। // 3. मैं शांति से रहा हूँ।
Expand / Expanded / Expanded,Day 103,Beginner,விரிவுபடுத்து / படுத்தினேன் / படுத்தியுள்ளேன்,विस्तार करना / किया / कर चुका,1. I expand my shop. // 2. It expanded fast. // 3. I have expanded the list.,1. நான் என் கடையை விரிவுபடுத்துகிறேன். // 2. அது வேகமாக விரிவடைந்தது. // 3. நான் பட்டியலை விரிவுபடுத்தியுள்ளேன்.,1. मैं अपनी दुकान बढ़ाता हूँ। // 2. यह तेज़ी से फैला। // 3. मैंने सूची का विस्तार किया है।
Expel / Expelled / Expelled,Day 104,Beginner,வெளியேற்று / ஏற்றினேன் / ஏற்றியுள்ளேன்,बाहर निकालना / निकाला / निकाल चुका,1. Schools expel bad kids. // 2. He was expelled. // 3. I have expelled the air.,1. பள்ளிகள் கெட்ட குழந்தைகளை வெளியேற்றுகின்றன. // 2. அவர் வெளியேற்றப்பட்டார். // 3. நான் காற்றை வெளியேற்றினேன்.,1. स्कूल बुरे बच्चों को निकाल देते हैं। // 2. उसे निकाल दिया गया। // 3. मैंने हवा बाहर निकाल दी है।
Experience / Experienced / Experienced,Day 104,Beginner,அனுபவி / அனுபவித்தேன் / அனுபவித்துள்ளேன்,अनुभव करना / किया / कर चुका,1. I experience joy. // 2. He experienced pain. // 3. I have experienced it.,1. நான் மகிழ்ச்சியை அனுபவிக்கிறேன். // 2. அவர் வலியை அனுபவித்தார். // 3. நான் அதை அனுபவித்துள்ளேன்.,1. मैं खुशी का अनुभव करता हूँ। // 2. उसने दर्द महसूस किया। // 3. मैंने इसका अनुभव किया है।
Explode / Exploded / Exploded,Day 104,Beginner,வெடி / வெடித்தது / வெடித்திருக்கிறது,फटना / फटा / फट चुका,1. Bombs explode. // 2. He exploded in anger. // 3. It has exploded.,1. வெடிகுண்டுகள் வெடிக்கின்றன. // 2. அவர் கோபத்தில் வெடித்தார். // 3. அது வெடித்துவிட்டது.,1. बम फटते हैं। // 2. वह गुस्से में फट पड़ा। // 3. यह फट चुका है।
Explore / Explored / Explored,Day 104,Beginner,ஆராய் / ஆராய்ந்தேன் / ஆராய்ந்துள்ளேன்,खोजना / खोजा / खोज चुका,1. I explore the cave. // 2. He explored the city. // 3. I have explored all ways.,1. நான் குகையை ஆராய்கிறேன். // 2. அவர் நகரத்தைச் சுற்றிப் பார்த்தார் (ஆராய்ந்தார்). // 3. நான் எல்லா வழிகளையும் ஆராய்ந்துள்ளேன்.,1. मैं गुफा की खोज करता हूँ। // 2. उसने शहर का भ्रमण किया। // 3. मैंने सभी तरीकों की खोज की है।
Export / Exported / Exported,Day 104,Beginner,ஏற்றுமதி செய் / செய்தேன் / செய்துள்ளேன்,निर्यात करना / किया / कर चुका,1. I export tea. // 2. They exported rice. // 3. I have exported goods.,1. நான் தேயிலையை ஏற்றுமதி செய்கிறேன். // 2. அவர்கள் அரிசியை ஏற்றுமதி செய்தனர். // 3. நான் பொருட்களை ஏற்றுமதி செய்துள்ளேன்.,1. मैं चाय निर्यात करता हूँ। // 2. उन्होंने चावल का निर्यात किया। // 3. मैंने सामान निर्यात किया है।
Expose / Exposed / Exposed,Day 105,Beginner,வெளிப்படுத்து / படுத்தினேன் / படுத்தியுள்ளேன்,उजागर करना / किया / कर चुका,1. I expose the lie. // 2. He was exposed. // 3. I have exposed the truth.,1. நான் பொய்யை வெளிப்படுத்துகிறேன். // 2. அவர் அம்பலமானார். // 3. நான் உண்மையை வெளிச்சத்திற்குக் கொண்டு வந்தேன்.,1. मैं झूठ का पर्दाफाश करता हूँ। // 2. उसका पर्दाफाश हो गया। // 3. मैंने सच्चाई सामने ला दी है।
Express / Expressed / Expressed,Day 105,Beginner,வெளிப்படுத்து / படுத்தினேன் / படுத்தியுள்ளேன்,व्यक्त करना / किया / कर चुका,1. I express my love. // 2. He expressed doubt. // 3. I have expressed milk.,1. நான் என் அன்பை வெளிப்படுத்துகிறேன். // 2. அவர் சந்தேகத்தை வெளிப்படுத்தினார். // 3. நான் பாலைப் பிழிந்தெடுத்தேன்.,1. मैं अपना प्यार व्यक्त करता हूँ। // 2. उसने संदेह व्यक्त किया। // 3. मैंने दूध निकाला है।
Extend / Extended / Extended,Day 105,Beginner,நீட்டி / நீட்டினேன் / நீட்டியுள்ளேன்,बढ़ाना / बढ़ाया / बढ़ा चुका,1. I extend my hand. // 2. He extended the date. // 3. I have extended the visa.,1. நான் என் கையை நீட்டுகிறேன். // 2. அவர் தேதியை நீட்டித்தார். // 3. நான் விசாவை நீட்டித்துள்ளேன்.,1. मैं अपना हाथ बढ़ाता हूँ। // 2. उसने तारीख बढ़ा दी। // 3. मैंने वीजा बढ़वा लिया है।
Extract / Extracted / Extracted,Day 105,Beginner,பிரித்தெடு / எடுத்தேன் / எடுத்துள்ளேன்,निकालना / निकाला / निकाल चुका,1. I extract juice. // 2. He extracted the tooth. // 3. I have extracted info.,1. நான் சாறு எடுக்கிறேன் (பிழிகிறேன்). // 2. அவர் பல்லைப் பிடுங்கினார். // 3. நான் தகவலைப் பிரித்தெடுத்துள்ளேன்.,1. मैं रस निकालता हूँ। // 2. उसने दाँत निकाला। // 3. मैंने जानकारी निकाली है।
Face / Faced / Faced,Day 105,Beginner,எதிர்நோக்கு / நோக்கினேன் / நோக்கியுள்ளேன்,सामना करना / किया / कर चुका,1. I face the sun. // 2. He faced the truth. // 3. I have faced many problems.,1. நான் சூரியனைப் பார்க்கிறேன் (எதிர்கொள்கிறேன்). // 2. அவர் உண்மையை எதிர்கொண்டார். // 3. நான் பல பிரச்சனைகளை எதிர்கொண்டுள்ளேன்.,1. मैं सूरज की ओर देखता हूँ। // 2. उसने सच्चाई का सामना किया। // 3. मैंने कई समस्याओं का सामना किया है।
Fade / Faded / Faded,Day 106,Beginner,மங்கு / மங்கியது / மங்கியுள்ளது,फीका पड़ना / पड़ा / पड़ चुका,1. Colors fade. // 2. The music faded. // 3. Hope has faded.,1. நிறங்கள் மங்குகின்றன. // 2. இசை மெதுவாகக் குறைந்தது. // 3. நம்பிக்கை மங்கிவிட்டது.,1. रंग फीके पड़ जाते हैं। // 2. संगीत धीमा हो गया। // 3. उम्मीद धुंधली पड़ गई है।
Faint / Fainted / Fainted,Day 106,Beginner,மயக்கமடை / அடைந்தேன் / அடைந்துள்ளேன்,बेहोश होना / हुआ / हो चुका,1. I faint from heat. // 2. She fainted. // 3. I have never fainted.,1. நான் வெப்பத்தால் மயக்கமடைகிறேன். // 2. அவள் மயங்கி விழுந்தாள். // 3. நான் ஒருபோதும் மயக்கமடைந்ததில்லை.,1. मैं गर्मी से बेहोश हो जाता हूँ। // 2. वह बेहोश हो गई। // 3. मैं कभी बेहोश नहीं हुआ हूँ।
Fancy / Fancied / Fancied,Day 106,Beginner,கற்பனை செய் / செய்தேன் / செய்துள்ளேன்,कल्पना करना / की / कर चुका,1. I fancy a coffee. // 2. He fancied her. // 3. I have fancied this car.,1. நான் காபியை விரும்புகிறேன். // 2. அவர் அவளை விரும்பினார். // 3. நான் இந்த காரை விரும்பியிருக்கிறேன்.,1. मैं कॉफी पीना चाहता हूँ। // 2. वह उसे पसंद करता था। // 3. मैंने इस कार की कल्पना (पसंद) की है।
Fasten / Fastened / Fastened,Day 106,Beginner,இறுக்கிக் கட்டு / கட்டினேன் / கட்டியுள்ளேன்,बाँधना / बाँधा / बाँध चुका,1. I fasten the belt. // 2. He fastened the door. // 3. I have fastened the wire.,1. நான் பெல்ட்டைப் பூட்டுகிறேன் (fasten). // 2. அவர் கதவை மூடினார். // 3. நான் கம்பியைக் கட்டியுள்ளேன்.,1. मैं बेल्ट बाँधता हूँ। // 2. उसने दरवाजा बंद किया। // 3. मैंने तार बाँध दिया है।
Fear / Feared / Feared,Day 106,Beginner,பயப்படு / பயந்தேன் / பயந்துள்ளேன்,डरना / डरा / डर चुका,1. I fear ghosts. // 2. He feared death. // 3. I have always feared this.,1. நான் பேய்களுக்குப் பயப்படுகிறேன். // 2. அவர் மரணத்திற்குப் பயந்தார். // 3. நான் எப்போதும் இதைப் பார்த்துப் பயந்துள்ளேன்.,1. मैं भूतों से डरता हूँ। // 2. उसे मौत का डर था। // 3. मैं हमेशा इससे डरता रहा हूँ।
Fetch / Fetched / Fetched,Day 107,Beginner,கொண்டு வா / வந்தேன் / வந்துள்ளேன்,जाकर लाना / लाया / ला चुका,1. I fetch water. // 2. He fetched the ball. // 3. I have fetched the kids.,1. நான் தண்ணீர் எடுத்து வருகிறேன். // 2. அவர் பந்தை எடுத்து வந்தார். // 3. நான் குழந்தைகளை அழைத்து வந்தேன்.,1. मैं पानी लाता हूँ। // 2. वह गेंद लेकर आया। // 3. मैं बच्चों को ले आया हूँ।
Fight / Fought / Fought,Day 107,Beginner,சண்டையிடு / இட்டேன் / இட்டுள்ளேன்,लड़ना / लड़ा / लड़ चुका,1. I fight for justice. // 2. They fought bravely. // 3. I have fought the flu.,1. நான் நீதிக்காகப் போராடுகிறேன். // 2. அவர்கள் வீரமாகப் போரிட்டனர். // 3. நான் காய்ச்சலுடன் போராடினேன்.,1. मैं न्याय के लिए लड़ता हूँ। // 2. वे बहादुरी से लड़े। // 3. मैंने फ्लू से लड़ाई लड़ी है।
File / Filed / Filed,Day 107,Beginner,கோப்பிடு / இட்டேன் / இட்டுள்ளேன்,फाइल करना / किया / कर चुका,1. I file the papers. // 2. He filed a case. // 3. I have filed the report.,1. நான் தாள்களைக் கோப்பில் அடுக்குகிறேன். // 2. அவர் வழக்குத் தொடர்ந்தார். // 3. நான் அறிக்கையைச் சமர்ப்பித்துள்ளேன் (file).,1. मैं कागजात फाइल करता हूँ। // 2. उसने केस दर्ज किया। // 3. मैंने रिपोर्ट फाइल कर दी है।
Film / Filmed / Filmed,Day 107,Beginner,படம்பிடி / பிடித்தேன் / பிடித்துள்ளேன்,फिल्म बनाना / बनाई / बना चुका,1. I film the show. // 2. He filmed the scene. // 3. I have filmed it.,1. நான் நிகழ்ச்சியைப் படமெடுக்கிறேன். // 2. அவர் காட்சியைப் படமாக்கினார். // 3. நான் அதைப் படமெடுத்துள்ளேன்.,1. मैं शो की फिल्म बनाता हूँ। // 2. उसने दृश्य फिल्माया। // 3. मैंने इसे फिल्माया है।
Finance / Financed / Financed,Day 107,Beginner,நிதியுதவி செய் / செய்தேன் / செய்துள்ளேன்,वित्त पोषण करना / किया / कर चुका,1. I finance the project. // 2. He financed the car. // 3. I have financed many.,1. நான் திட்டத்திற்குப் நிதியளிக்கிறேன். // 2. அவர் காருக்குப் பண உதவி (finance) செய்தார். // 3. நான் பலருக்கு நிதியுதவி செய்துள்ளேன்.,1. मैं प्रोजेक्ट के लिए वित्त (पैसा) देता हूँ। // 2. उसने कार के लिए पैसा दिया। // 3. मैंने कई लोगों को वित्तपोषित किया है।
Fire / Fired / Fired,Day 108,Beginner,சுடு / சுட்டேன் / சுட்டுள்ளேன்,आग लगाना (या नौकरी से निकालना) / किया,1. I fire the gun. // 2. He fired the boss. // 3. I have fired the clerk.,1. நான் துப்பாக்கியால் சுடுகிறேன். // 2. அவர் மேலதிகாரியை வேலையிலிருந்து நீக்கினார் (பிழை: usually boss fires employee). // 3. நான் கிளார்க்கை வேலையிலிருந்து நீக்கிவிட்டேன்.,1. मैं बंदूक चलाता हूँ। // 2. उसने क्लर्क को नौकरी से निकाल दिया। // 3. मैंने क्लर्क को निकाल दिया है।
Fit / Fitted / Fitted,Day 108,Beginner,பொருத்து / பொருத்தினேன் / பொருத்திலுள்ளேன்,फिट होना / हुआ / हो चुका,1. These shoes fit. // 2. He fitted the pipe. // 3. I have fitted the lock.,1. இந்த ஷூக்கள் சரியாகப் பொருந்துகின்றன. // 2. அவர் குழாயைப் பொருத்தினார். // 3. நான் பூட்டைப் பொருத்தியுள்ளேன்.,1. ये जूते फिट आते हैं। // 2. उसने पाइप लगाया। // 3. मैंने ताला लगा दिया है।
Fix / Fixed / Fixed,Day 108,Beginner,சரிசெய் / செய்தேன் / செய்துள்ளேன்,ठीक करना / किया / कर चुका,1. I fix the car. // 2. He fixed the date. // 3. I have fixed the lunch.,1. நான் காரைச் சரிசெய்கிறேன். // 2. அவர் தேதியை முடிவு செய்தார். // 3. நான் மதிய உணவைத் தயாரித்துவிட்டேன்.,1. मैं कार ठीक करता हूँ। // 2. उसने तारीख तय की। // 3. मैंने लंच तैयार कर लिया है।
Flap / Flapped / Flapped,Day 108,Beginner,படபட / அடித்தது / அடித்துள்ளது,फड़फड़ाना / फड़फड़ाया / चुका,1. Birds flap wings. // 2. It flapped in wind. // 3. I have flapped the rug.,1. பறவைகள் சிறகடிக்கின்றன. // 2. அது காற்றில் படபடத்தது. // 3. நான் கம்பளத்தைத் தட்டியுள்ளேன்.,1. पक्षी पंख फड़फड़ाते हैं। // 2. यह हवा में फड़फड़ाया। // 3. मैंने कालीन झटक दिया है।
Flash / Flashed / Flashed,Day 108,Beginner,மின்னு / மின்னியது / மின்னியுள்ளது,चमकना / चमका / चमक चुका,1. Lights flash. // 2. He flashed a smile. // 3. I have flashed the light.,1. விளக்குகள் மின்னுகின்றன. // 2. அவர் ஒரு புன்னகையை வீசினார். // 3. நான் ஒளியைப் பாய்ச்சினேன்.,1. लाइटें चमकती हैं। // 2. वह मुस्कुराया। // 3. मैंने लाइट जलाई है।
Flatten / Flattened / Flattened,Day 109,Beginner,சமமாக்கு / ஆக்கினேன் / ஆக்கியுள்ளேன்,चपटा करना / किया / कर चुका,1. I flatten the box. // 2. He flattened the dough. // 3. I have flattened it.,1. நான் பெட்டியைத் தட்டையாக்குகிறேன். // 2. அவர் மாவைத் தட்டையாக்கினார். // 3. நான் அதைத் தட்டையாக்கியுள்ளேன்.,1. मैं डिब्बे को चपटा करता हूँ। // 2. उसने आटा चपटा किया। // 3. मैंने इसे चपटा कर दिया है।
Flatter / Flattered / Flattered,Day 109,Beginner,புகழ் / புகழ்ந்தேன் / புகழ்ந்துள்ளேன்,चापलूसी करना / की / कर चुका,1. Don't flatter me. // 2. He flattered her. // 3. I have been flattered.,1. என்னை முகஸ்துதி செய்யாதே (ஐஸ் வைக்காதே). // 2. அவர் அவளைப் புகழ்ந்து பேசினார். // 3. நான் புகழப்பட்டேன்.,1. मेरी चापलूसी मत करो। // 2. उसने उसकी चापलूसी की। // 3. मेरी प्रशंसा की गई है।
Flee / Fled / Fled,Day 109,Beginner,தப்பியோடிடு / ஓடினேன் / ஓடியுள்ளேன்,भाग जाना / भाग गया / भाग चुका,1. Thieves flee. // 2. He fled the country. // 3. I have fled the scene.,1. திருடர்கள் தப்பி ஓடுகிறார்கள். // 2. அவர் நாட்டை விட்டுத் தப்பியோடினார். // 3. நான் அந்த இடத்திலிருந்து தப்பிவிட்டேன்.,1. चोर भाग जाते हैं। // 2. वह देश छोड़कर भाग गया। // 3. मैं घटनास्थल से भाग गया हूँ।
Float / Floated / Floated,Day 109,Beginner,மித / மிதந்தேன் / மிதந்துள்ளேன்,तैरना (पानी पर) / तैरा / तैर चुका,1. Logs float on water. // 2. It floated away. // 3. I have floated the idea.,1. மரக்கட்டைகள் நீரில் மிதக்கின்றன. // 2. அது மிதந்து சென்றது. // 3. நான் ஒரு யோசனையை முன்வைத்தேன்.,1. लकड़ी पानी पर तैरती है। // 2. यह बह गया। // 3. मैंने विचार रखा है।
Flood / Flooded / Flooded,Day 109,Beginner,வெள்ளம் பெருக்கெடு / எடுத்தது / எடுத்துள்ளது,बाढ़ आना / आई / आ चुकी,1. Rivers flood. // 2. It flooded my house. // 3. I have flooded the field.,1. ஆறுகளில் வெள்ளம் பெருகுகிறது. // 2. அது என் வீட்டிற்குள் வெள்ளத்தைப் புகுத்தியது. // 3. நான் வயலில் நீரைப் பாய்ச்சியுள்ளேன்.,1. नदियों में बाढ़ आती है। // 2. मेरे घर में बाढ़ आ गई। // 3. मैंने खेत में पानी भर दिया है।
Flow / Flowed / Flowed,Day 110,Beginner,பாய் / பாய்ந்தது / பாய்ந்துள்ளது,बहना / बहा / बह चुका,1. Rivers flow. // 2. Blood flowed. // 3. Cash has flowed in.,1. ஆறுகள் ஓடுகின்றன. // 2. ரத்தம் ஓடியது. // 3. பணம் வந்து சேர்ந்துள்ளது.,1. नदियाँ बहती हैं। // 2. खून बहा। // 3. पैसा आया है।
Flower / Flowered / Flowered,Day 110,Beginner,பூ / பூத்தது / பூத்துள்ளது,फूल खिलना / खिला / खिल चुका,1. Plants flower. // 2. It flowered in spring. // 3. Art has flowered here.,1. செடிகள் பூக்கின்றன. // 2. அது வசந்த காலத்தில் பூத்தது. // 3. கலை இங்கே செழித்தோங்கியுள்ளது.,1. पौधों पर फूल आते हैं। // 2. यह वसंत में खिला। // 3. कला यहाँ फली-फूली है।
Focus / Focused / Focused,Day 110,Beginner,கவனி / கவனித்தேன் / கவனித்துள்ளேன்,ध्यान केंद्रित करना / किया / चुका,1. I focus on work. // 2. He focused the lens. // 3. I have focused.,1. நான் வேலையில் கவனம் செலுத்துகிறேன். // 2. அவர் லென்ஸை ஒருமுகப்படுத்தினார். // 3. நான் கவனம் செலுத்தியுள்ளேன்.,1. मैं काम पर ध्यान देता हूँ। // 2. उसने लेंस फोकस किया। // 3. मैंने ध्यान केंद्रित किया है।
Fold / Folded / Folded,Day 110,Beginner,மடி / மடித்தேன் / மடித்துள்ளேன்,मोड़ना / मोड़ा / मोड़ चुका,1. I fold the cloth. // 2. He folded the paper. // 3. I have folded my hands.,1. நான் துணியை மடிக்கிறேன். // 2. அவர் காகிதத்தை மடித்தார். // 3. நான் கைகளைக் கட்டியுள்ளேன்.,1. मैं कपड़ा तह करता हूँ। // 2. उसने कागज मोड़ा। // 3. मैंने हाथ जोड़ लिए हैं।
Fool / Fooled / Fooled,Day 110,Beginner,ஏமாற்று / ஏமாற்றினேன் / ஏமாற்றியுள்ளேன்,मूर्ख बनाना / बनाया / बना चुका,1. Don't fool me. // 2. He fooled them. // 3. I have been fooled.,1. என்னை ஏமாற்றாதே (முட்டாளாக்காதே). // 2. அவர் அவர்களை ஏமாற்றினார். // 3. நான் ஏமாற்றப்பட்டேன்.,1. मुझे मूर्ख मत बनाओ। // 2. उसने उन्हें मूर्ख बनाया। // 3. मुझे मूर्ख बनाया गया है।
Force / Forced / Forced,Day 111,Beginner,கட்டாயப்படுத்து / படுத்தினேன் / படுத்தியுள்ளேன்,मजबूर करना / किया / कर चुका,1. I force the door. // 2. He forced me to go. // 3. I have forced it open.,1. நான் கதவை வலுக்கட்டாயமாகத் திறக்கிறேன். // 2. அவர் என்னைச் செல்ல வற்புறுத்தினார். // 3. நான் அதை வலுக்கட்டாயமாகத் திறந்துள்ளேன்.,1. मैं दरवाजे पर ज़ोर लगाता हूँ। // 2. उसने मुझे जाने के लिए मजबूर किया। // 3. मैंने इसे ज़बरदस्ती खोला है।
Forecast / Forecast / Forecast,Day 111,Beginner,முன்னறிவிப்பு செய் / செய்தேன் / செய்துள்ளேன்,भविष्यवाणी करना / की / कर चुका,1. I forecast rain. // 2. He forecast the sale. // 3. It has forecast a storm.,1. நான் மழையை முன்னறிவிக்கிறேன். // 2. அவர் விற்பனையைக் கணித்தார். // 3. அது புயலை முன்னறிவித்துள்ளது.,1. मैं बारिश की भविष्यवाणी करता हूँ। // 2. उसने बिक्री का अनुमान लगाया। // 3. इसने तूफान की भविष्यवाणी की है।
Form / Formed / Formed,Day 111,Beginner,உருவாக்கு / ஆக்கினேன் / ஆக்கியுள்ளேன்,बनाना / बनाया / बना चुका,1. I form a circle. // 2. They formed a club. // 3. Habits have formed.,1. நான் ஒரு வட்டத்தை உருவாக்குகிறேன். // 2. அவர்கள் ஒரு கிளப்பை உருவாக்கினார்கள். // 3. பழக்கங்கள் உருவாகியுள்ளன.,1. मैं एक घेरा बनाता हूँ। // 2. उन्होंने एक क्लब बनाया। // 3. आदतें बन गई हैं।
Found / Founded / Founded,Day 111,Beginner,நிறுவு / நிறுவினேன் / நிறுவியுள்ளேன்,स्थापित करना / किया / कर चुका,1. I found a school. // 2. He founded the city. // 3. I have founded a trust.,1. நான் ஒரு பள்ளியை நிறுவுகிறேன். // 2. அவர் நகரத்தை நிறுவினார். // 3. நான் ஒரு அறக்கட்டளையை நிறுவியுள்ளேன்.,1. मैं एक स्कूल की स्थापना करता हूँ। // 2. उसने शहर की स्थापना की। // 3. मैंने एक ट्रस्ट की स्थापना की है।
Frame / Framed / Framed,Day 111,Beginner,வடிவமை / வடிவமைத்தேன் / வடிவமைத்துள்ளேன்,ढाँचा बनाना / बनाया / बना चुका,1. I frame the photo. // 2. He framed me. // 3. I have framed the art.,1. நான் புகைப்படத்திற்குச் சட்டமிடுகிறேன். // 2. அவர் என் மீது பழி சுமத்தினார் (சதி செய்தார்). // 3. நான் கலையைச் சட்டமிட்டுள்ளேன்.,1. मैं फोटो फ्रेम करता हूँ। // 2. उसने मुझे फँसाया। // 3. मैंने कलाकृति को फ्रेम किया है।
Free / Freed / Freed,Day 112,Beginner,விடுவி / விடுவித்தேன் / விடுவித்துள்ளேன்,आज़ाद करना / किया / कर चुका,1. I free the bird. // 2. He freed the slave. // 3. I have freed my time.,1. நான் பறவையை விடுவிக்கிறேன். // 2. அவர் அடிமையை விடுவித்தார். // 3. நான் என் நேரத்தை ஒதுக்கியுள்ளேன் (விடுவித்துள்ளேன்).,1. मैं पक्षी को आज़ाद करता हूँ। // 2. उसने गुलाम को आज़ाद किया। // 3. मैंने अपना समय निकाल लिया है।
Freeze / Froze / Frozen,Day 112,Beginner,உறை / உறைந்தேன் / உறைந்துள்ளேன்,जमना / जमा / जम चुका,1. Lakes freeze. // 2. It froze last night. // 3. I have frozen the meat.,1. ஏரிகள் உறைகின்றன. // 2. நேற்று இரவு உறைந்தது. // 3. நான் இறைச்சியை உறைய வைத்துள்ளேன்.,1. झीलें जम जाती हैं। // 2. कल रात ठंड जम गई। // 3. मैंने मांस फ्रीज़ कर दिया है।
Frighten / Frightened / Frightened,Day 112,Beginner,பயமுறுத்து / படுத்தினேன் / படுத்தியுள்ளேன்,डराना / डराया / डरा चुका,1. Masks frighten me. // 2. He frightened her. // 3. I have been frightened.,1. முகமூடிகள் என்னைப் பயமுறுத்துகின்றன. // 2. அவர் அவளைப் பயமுறுத்தினார். // 3. நான் பயந்துபோனேன்.,1. मुखौटे मुझे डराते हैं। // 2. उसने उसे डरा दिया। // 3. मैं डर गया हूँ।
Fry / Fried / Fried,Day 112,Beginner,வறு / வறுத்தேன் / வறுத்துள்ளேன்,तलना / तला / तल चुका,1. I fry the fish. // 2. She fried eggs. // 3. I have fried the rice.,1. நான் மீனை வறுக்கிறேன். // 2. அவள் முட்டைகளை வறுத்தால். // 3. நான் சோற்றை வறுத்துள்ளேன்.,1. मैं मछली तलता हूँ। // 2. उसने अंडे तले। // 3. मैंने चावल फ्राई किए हैं।
Fulfill / Fulfilled / Fulfilled,Day 112,Beginner,நிறைவேற்று / ஏற்றினேன் / ஏற்றியுள்ளேன்,पूरा करना / किया / कर चुका,1. I fulfill my duty. // 2. He fulfilled the dream. // 3. I have fulfilled it.,1. நான் என் கடமையை நிறைவேற்றுகிறேன். // 2. அவர் கனவை நனவாக்கினார் (நிறைவேற்றினார்). // 3. நான் அதை நிறைவேற்றியுள்ளேன்.,1. मैं अपना कर्तव्य पूरा करता हूँ। // 2. उसने सपना पूरा किया। // 3. मैंने इसे पूरा कर लिया है।
Gain / Gained / Gained,Day 113,Beginner,லாபம் பெறு / பெற்றேன் / பெற்றுள்ளேன்,लाभ पाना / पाया / पा चुका,1. I gain weight. // 2. He gained speed. // 3. I have gained knowledge.,1. நான் எடை அதிகரிக்கிறேன். // 2. அவர் வேகத்தை அதிகரித்தார். // 3. நான் அறிவைப் பெற்றுள்ளேன்.,1. मेरा वजन बढ़ता है। // 2. उसने गति पकड़ी। // 3. मैंने ज्ञान प्राप्त किया है।
Gamble / Gambled / Gambled,Day 113,Beginner,சூதாடு /ாடினேன் /ாடியுள்ளேன்,जुआ खेलना / खेला / खेल चुका,1. Don't gamble. // 2. He gambled all day. // 3. I have never gambled.,1. சூதாடாதே. // 2. அவர் நாள் முழுவதும் சூதாடினார். // 3. நான் ஒருபோதும் சூதாடியதில்லை.,1. जुआ मत खेलो। // 2. उसने दिन भर जुआ खेला। // 3. मैंने कभी जुआ नहीं खेला है।
Gaze / Gazed / Gazed,Day 113,Beginner,உற்றுப்பார் / பார்த்தேன் / பார்த்துள்ளேன்,घूरना / घूरा / घूर चुका,1. I gaze at stars. // 2. She gazed at him. // 3. I have gazed for hours.,1. நான் நட்சத்திரங்களை உற்றுப் பார்க்கிறேன். // 2. அவள் அவனை உற்று நோக்கினாள். // 3. நான் மணிக்கணக்காக உற்றுப் பார்த்திருக்கிறேன்.,1. मैं तारों को निहारता हूँ। // 2. उसने उसे टकटकी लगाकर देखा। // 3. मैंने घंटों निहारा है।
Generalize / Generalized / Generalized,Day 113,Beginner,பொதுமைப்படுத்து / படுத்தினேன் / படுத்தியுள்ளேன்,सामान्यीकरण करना / किया / चुका,1. Don't generalize. // 2. He generalized it. // 3. I have generalized the rule.,1. பொதுப்படையாக்காதே. // 2. அவர் அதைப் பொதுப்படையாக்கினார். // 3. நான் விதியைப் பொதுப்படையாக்கினேன்.,1. सामान्यीकरण मत करो। // 2. उसने इसका सामान्यीकरण किया। // 3. मैंने नियम को सामान्य बनाया है।
Generate / Generated / Generated,Day 113,Beginner,உருவாக்கு / ஆக்கினேன் / ஆக்கியுள்ளேன்,उत्पन्न करना / किया / कर चुका,1. Motors generate power. // 2. It generated heat. // 3. I have generated a bill.,1. மோட்டார்கள் மின்சாரத்தை உருவாக்குகின்றன. // 2. அது வெப்பத்தை உருவாக்கியது. // 3. நான் ஒரு பில்லை உருவாக்கியுள்ளேன்.,1. मोटर बिजली पैदा करती है। // 2. इसने गर्मी पैदा की। // 3. मैंने बिल जनरेट कर लिया है।
Get / Got / Gotten,Day 114,Beginner,பெறு / பெற்றேன் / பெற்றுள்ளேன்,प्राप्त करना / किया / कर चुका,1. I get a gift. // 2. He got a job. // 3. I have gotten better.,1. எனக்கு ஒரு பரிசு கிடைக்கிறது. // 2. அவருக்கு வேலை கிடைத்தது. // 3. நான் முன்னேற்றம் அடைந்துள்ளேன்.,1. मुझे उपहार मिलता है। // 2. उसे नौकरी मिल गई। // 3. मेरी हालत में सुधार हुआ है।
Glance / Glanced / Glanced,Day 114,Beginner,லேசாகப் பார் / பார்த்தேன் / பார்த்துள்ளேன்,एक नज़र देखना / देखा / देख चुका,1. I glance at the clock. // 2. He glanced back. // 3. I have glanced at it.,1. நான் கடிகாரத்தை மேலோட்டமாகப் பார்க்கிறேன். // 2. அவர் திரும்பிப் பார்த்தார். // 3. நான் அதைப் பார்த்திருக்கிறேன்.,1. मैं घड़ी पर नज़र डालता हूँ। // 2. उसने पीछे मुड़कर देखा। // 3. मैंने इस पर नज़र डाली है।
Glow / Glowed / Glowed,Day 114,Beginner,பிரகாசி / பிரகாசித்தது / பிரகாசித்துள்ளது,चमकना / चमका / चमक चुका,1. Stars glow. // 2. Her face glowed. // 3. The light has glowed.,1. நட்சத்திரங்கள் ஒளிர்கின்றன. // 2. அவள் முகம் ஜொலித்தது. // 3. விளக்கு ஒளிர்ந்தது.,1. तारे चमकते हैं। // 2. उसका चेहरा चमक उठा। // 3. रोशनी चमक चुकी है।
Glue / Glued / Glued,Day 114,Beginner,ஒட்டு / ஒட்டினேன் / ஒட்டியுள்ளேன்,चिपकाना / चिपकाया / चिपका चुका,1. Glue the paper. // 2. He glued the parts. // 3. I have glued it.,1. காகிதத்தை ஒட்டு. // 2. அவர் பாகங்களை ஒட்டினார். // 3. நான் அதை ஒட்டியுள்ளேன்.,1. कागज चिपकाओ। // 2. उसने हिस्सों को चिपका दिया। // 3. मैंने इसे चिपका दिया है।
Go / Went / Gone,Day 114,Beginner,போ / போனேன் / போயுள்ளேன்,जाना / गया / जा चुका,1. I go home. // 2. He went to work. // 3. She has gone out.,1. நான் வீட்டிற்குச் செல்கிறேன். // 2. அவர் வேலைக்குச் சென்றார். // 3. அவள் வெளியே சென்றுவிட்டாள்.,1. मैं घर जाता हूँ। // 2. वह काम पर गया। // 3. वह बाहर चली गई है।
Govern / Governed / Governed,Day 115,Beginner,ஆட்சி செய் / செய்தேன் / செய்துள்ளேன்,शासन करना / किया / कर चुका,1. Kings govern nations. // 2. He governed well. // 3. I have governed this.,1. அரசர்கள் நாடுகளை ஆளுகிறார்கள். // 2. அவர் நன்றாக ஆட்சி செய்தார். // 3. நான் இதை நிர்வகித்துள்ளேன்.,1. राजा देशों पर शासन करते हैं। // 2. उसने अच्छा शासन किया। // 3. मैंने इसे नियंत्रित किया है।
Grab / Grabbed / Grabbed,Day 115,Beginner,பிடி / பிடித்தேன் / பிடித்துள்ளேன்,लपकना / लपका / लपक चुका,1. Grab your bag. // 2. He grabbed my hand. // 3. I have grabbed a bite.,1. உன் பையை எடுத்துக்கொள். // 2. அவர் என் கையைப் பிடித்தார். // 3. நான் ஏதோ கொஞ்சம் சாப்பிட்டேன்.,1. अपना बैग पकड़ो। // 2. उसने मेरा हाथ पकड़ा। // 3. मैंने थोड़ा खाना खा लिया है।
See / Saw / Seen,Day 115,Beginner,பார் / பார்த்தேன் / பார்த்துள்ளேன்,देखना / देखा / देख चुका,1. I see a bird. // 2. I saw a movie. // 3. I have seen him.,1. நான் ஒரு பறவையைப் பார்க்கிறேன். // 2. நான் ஒரு படம் பார்த்தேன். // 3. நான் அவரைப் பார்த்திருக்கிறேன்.,1. मैं एक पक्षी देखता हूँ। // 2. मैंने एक फिल्म देखी। // 3. मैंने उसे देखा है।
Say / Said / Said,Day 115,Beginner,சொல் / சொன்னேன் / சொல்லியுள்ளேன்,कहना / कहा / कह चुका,1. Say something. // 2. He said hello. // 3. I have said enough.,1. ஏதாவது சொல். // 2. அவர் வணக்கம் சொன்னார். // 3. நான் போதுமான அளவு சொல்லிவிட்டேன்.,1. कुछ कहो। // 2. उसने नमस्ते कहा। // 3. मैंने काफी कह दिया है।
Have / Had / Had,Day 115,Beginner,வைத்திரு / வைத்திருந்தேன் / வைத்துள்ளேன்,पास होना / पास था / पास हो चुका,1. I have a pen. // 2. I had lunch. // 3. I have had a busy day.,1. என்னிடம் பேனா இருக்கிறது. // 2. நான் மதிய உணவு சாப்பிட்டேன். // 3. எனக்கு இன்று பிஸியான நாளாக இருந்தது.,1. मेरे पास एक पेन है। // 2. मैंने दोपहर का भोजन किया। // 3. मेरा दिन बहुत व्यस्त रहा है।
Select / Selected / Selected,Day 116,Beginner,தேர்ந்தெடு / தேர்ந்தெடுத்தேன் / தேர்ந்தெடுத்துள்ளேன்,चुनना / चुना / चुन चुका,1. Select a color. // 2. He selected a book. // 3. I have selected you.,1. ஒரு நிறத்தைத் தேர்ந்தெடு. // 2. அவர் ஒரு புத்தகத்தைத் தேர்ந்தெடுத்தார். // 3. நான் உன்னைத் தேர்ந்தெடுத்துள்ளேன்.,1. एक रंग चुनें। // 2. उसने एक किताब चुनी। // 3. मैंने आपको चुन लिया है।
Review / Reviewed / Reviewed,Day 116,Beginner,மறுஆய்வு செய் / செய்தேன் / செய்துள்ளேன்,समीक्षा करना / समीक्षा की / समीक्षा कर चुका,1. Review the lesson. // 2. He reviewed the file. // 3. I have reviewed it.,1. பாடத்தை மதிப்பாய்வு செய். // 2. அவர் கோப்பை ஆய்வு செய்தார். // 3. நான் அதை மதிப்பாய்வு செய்துள்ளேன்.,1. पाठ की समीक्षा करें। // 2. उसने फ़ाइल की समीक्षा की। // 3. मैंने इसकी समीक्षा की है।
Organize / Organized / Organized,Day 116,Beginner,ஏற்பாடு செய் / செய்தேன் / செய்துள்ளேன்,व्यवस्थित करना / व्यवस्थित किया / व्यवस्थित कर चुका,1. Organize the room. // 2. He organized the trip. // 3. I have organized it.,1. அறையை ஒழுங்குபடுத்து. // 2. அவர் பயணத்தை ஏற்பாடு செய்தார். // 3. நான் அதை ஒழுங்குபடுத்தியுள்ளேன்.,1. कमरा व्यवस्थित करें। // 2. उसने यात्रा का आयोजन किया। // 3. मैंने इसे व्यवस्थित किया है।
Recommend / Recommended / Recommended,Day 116,Beginner,பரிந்துரை / பரிந்துரைத்தேன் / பரிந்துரைத்துள்ளேன்,सिफारिश करना / सिफारिश की / सिफारिश कर चुका,1. I recommend this. // 2. He recommended me. // 3. I have recommended it.,1. நான் இதைப் பரிந்துரைக்கிறேன். // 2. அவர் என்னை பரிந்துரைத்தார். // 3. நான் அதைப் பரிந்துரைத்துள்ளேன்.,1. मैं इसकी सिफारिश करता हूँ। // 2. उसने मेरी सिफारिश की। // 3. मैंने इसकी सिफारिश की है।
Upload / Uploaded / Uploaded,Day 116,Beginner,பதிவேற்று / பதிவேற்றினேன் / பதிவேற்றியுள்ளேன்,अपलोड करना / अपलोड किया / अपलोड कर चुका,1. Upload photos. // 2. He uploaded a video. // 3. I have uploaded it.,1. புகைப்படங்களைப் பதிவேற்று. // 2. அவர் வீடியோவைப் பதிவேற்றினார். // 3. நான் அதை பதிவேற்றியுள்ளேன்.,1. फोटो अपलोड करें। // 2. उसने वीडियो अपलोड किया। // 3. मैंने इसे अपलोड कर दिया है।
Cancel / Canceled / Canceled,Day 117,Beginner,ரத்து செய் / ரத்து செய்தேன் / ரத்து செய்துள்ளேன்,रद्द करना / रद्द किया / रद्द कर चुका,1. Cancel the trip. // 2. He canceled the order. // 3. I have canceled it.,1. பயணத்தை ரத்து செய். // 2. அவர் ஆர்டரை ரத்து செய்தார். // 3. நான் அதை ரத்து செய்துள்ளேன்.,1. यात्रा रद्द करें। // 2. उसने ऑर्डर रद्द कर दिया। // 3. मैंने इसे रद्द कर दिया है।
Defend / Defended / Defended,Day 117,Beginner,தற்காத்துக்கொள் / தற்காத்தேன் / தற்காத்துள்ளேன்,रक्षा करना / रक्षा की / रक्षा कर चुका,1. Defend the goal. // 2. He defended himself. // 3. I have defended it.,1. இலக்கைப் பாதுகாக்கவும். // 2. அவர் தன்னைத் தற்காத்துக் கொண்டார். // 3. நான் அதைப் பாதுகாத்துள்ளேன்.,1. लक्ष्य की रक्षा करें। // 2. उसने अपना बचाव किया। // 3. मैंने इसका बचाव किया है।
Ignore / Ignored / Ignored,Day 117,Beginner,புறக்கணி / புறக்கணித்தேன் / புறக்கணித்துள்ளேன்,अनदेखा करना / अनदेखा किया / अनदेखा कर चुका,1. Don't ignore me. // 2. He ignored the call. // 3. I have ignored him.,1. என்னைப் புறக்கணிக்காதே. // 2. அவர் அழைப்பைப் புறக்கணித்தார். // 3. நான் அவரைப் புறக்கணித்துவிட்டேன்.,1. मुझे अनदेखा न करें। // 2. उसने कॉल को अनदेखा किया। // 3. मैंने उसे अनदेखा कर दिया है।
Participate / Participated / Participated,Day 117,Beginner,பங்கேற்க / பங்கேற்றேன் / பங்கேற்றுள்ளேன்,भाग लेना / भाग लिया / भाग ले चुका,1. I participate daily. // 2. He participated. // 3. I have participated.,1. நான் தினமும் பங்கேற்கிறேன். // 2. அவர் பங்கேற்றார். // 3. நான் பங்கேற்றுள்ளேன்.,1. मैं रोज हिस्सा लेता हूँ। // 2. उसने भाग लिया। // 3. मैंने भाग लिया है।
Mean / Meant / Meant,Day 117,Beginner,கருது / கருதினேன் / கருதியுள்ளேன்,मतलब होना / मतलब था / मतलब हो चुका,1. I mean it. // 2. He meant well. // 3. I have meant to ask.,1. நான் அதைத் தான் சொல்கிறேன். // 2. அவர் நல்ல எண்ணத்தோடு சொன்னார். // 3. நான் கேட்க நினைத்தேன்.,1. मेरा यही मतलब है। // 2. उसका इरादा अच्छा था। // 3. मेरा पूछने का इरादा था।
Let / Let / Let,Day 118,Beginner,அனுமதி / அனுமதித்தேன் / அனுமதித்துள்ளேன்,देना (अनुमति) / दिया / दे चुका,1. Let it be. // 2. He let me go. // 3. I have let them in.,1. அது அப்படியே இருக்கட்டும். // 2. அவர் என்னைச் செல்ல அனுமதித்தார். // 3. நான் அவர்களை உள்ளே அனுமதித்தேன்.,1. इसे रहने दो। // 2. उसने मुझे जाने दिया। // 3. मैंने उन्हें अंदर आने दिया है।
Seem / Seemed / Seemed,Day 118,Beginner,தோன்று / தோன்றியது / தோன்றியுள்ளது,लगना / लगा / लग चुका,1. You seem happy. // 2. He seemed sad. // 3. It has seemed easy.,1. நீங்கள் மகிழ்ச்சியாகத் தெரிகிறீர்கள். // 2. அவர் சோகமாகத் தெரிந்தார். // 3. இது எளிதாகத் தெரிந்தது.,1. तुम खुश लग रहे हो। // 2. वह उदास लग रहा था। // 3. यह आसान लगा है।
Include / Included / Included,Day 118,Beginner,அடக்கு / அடக்கினேன் / அடக்கியுள்ளேன்,शामिल करना / शामिल किया / शामिल कर चुका,1. Include me. // 2. He included a note. // 3. I have included it.,1. என்னையும் சேர்த்துக்கொள். // 2. அவர் ஒரு குறிப்பைச் சேர்த்தார். // 3. நான் அதைச் சேர்த்துள்ளேன்.,1. मुझे शामिल करें। // 2. उसने एक नोट शामिल किया। // 3. मैंने इसे शामिल कर लिया है।
Set / Set / Set,Day 118,Beginner,அமை / அமைத்தேன் / அமைத்துள்ளேன்,सेट करना / सेट किया / सेट कर चुका,1. Set the table. // 2. He set the time. // 3. I have set a goal.,1. மேசையைத் தயார் செய். // 2. அவர் நேரத்தை நிர்ணயித்தார். // 3. நான் ஒரு இலக்கை நிர்ணயித்துள்ளேன்.,1. मेज सेट करो। // 2. उसने समय तय किया। // 3. मैंने एक लक्ष्य निर्धारित किया है।
Grow / Grew / Grown,Day 118,Beginner,வளர் / வளர்ந்தேன் / வளர்ந்துள்ளேன்,बढ़ना / बढ़ा / बढ़ चुका,1. Plants grow. // 2. He grew tall. // 3. I have grown vegetables.,1. செடிகள் வளரும். // 2. அவர் உயரமாக வளர்ந்தார். // 3. நான் காய்கறிகளை வளர்த்துள்ளேன்.,1. पौधे बढ़ते हैं। // 2. वह लंबा हो गया। // 3. मैंने सब्जियां उगाई हैं।
Offer / Offered / Offered,Day 119,Beginner,வழங்கு / வழங்கினேன் / வழங்கியுள்ளேன்,प्रस्ताव देना / प्रस्ताव दिया / प्रस्ताव दे चुका,1. I offer help. // 2. He offered a seat. // 3. I have offered lunch.,1. நான் உதவி வழங்குகிறேன். // 2. அவர் ஒரு இருக்கையை வழங்கினார். // 3. நான் மதிய உணவு வழங்கியுள்ளேன்.,1. मैं मदद की पेशकश करता हूँ। // 2. उसने सीट दी। // 3. मैंने लंच ऑफर किया है।
Remember / Remembered / Remembered,Day 119,Beginner,நினைவுகூர் / நினைவுகூர்ந்தேன் / நினைவுகூர்ந்துள்ளேன்,याद करना / याद किया / याद कर चुका,1. I remember you. // 2. He remembered. // 3. I have remembered it.,1. எனக்கு உங்களை நினைவிருக்கிறது. // 2. அவருக்கு நினைவு வந்தது. // 3. நான் அதை நினைவில் வைத்துள்ளேன்.,1. मुझे तुम याद हो। // 2. उसे याद आया। // 3. मैंने इसे याद रखा है।
Appear / Appeared / Appeared,Day 119,Beginner,தோன்று / தோன்றினேன் / தோன்றியுள்ளேன்,प्रकट होना / प्रकट हुआ / प्रकट हो चुका,1. Stars appear. // 2. He appeared tired. // 3. I have appeared for exams.,1. நட்சத்திரங்கள் தோன்றுகின்றன. // 2. அவர் சோர்வாகத் தெரிந்தார். // 3. நான் தேர்வுகள் எழுதியுள்ளேன் (தோன்றினேன்).,1. तारे दिखाई देते हैं। // 2. वह थका हुआ लग रहा था। // 3. मैं परीक्षा में बैठा हूँ।
Build / Built / Built,Day 119,Beginner,கட்டு / கட்டினேன் / கட்டியுள்ளேன்,बनाना (निर्माण) / बनाया / बना चुका,1. I build houses. // 2. He built a wall. // 3. I have built a career.,1. நான் வீடுகளைக் கட்டுகிறேன். // 2. அவர் ஒரு சுவரைக் கட்டினார். // 3. நான் ஒரு வாழ்க்கையை உருவாக்கியுள்ளேன்.,1. मैं घर बनाता हूँ। // 2. उसने एक दीवार बनाई। // 3. मैंने करियर बनाया है।
Remain / Remained / Remained,Day 119,Beginner,மீதமிரு / மீதமிருந்தது / மீதமிருக்கிறது,शेष रहना / शेष रहा / शेष रह चुका,1. I remain calm. // 2. He remained silent. // 3. It has remained same.,1. நான் அமைதியாக இருக்கிறேன். // 2. அவர் மௌனமாக இருந்தார். // 3. அது அப்படியே இருந்தது.,1. मैं शांत रहता हूँ। // 2. वह चुप रहा। // 3. यह वैसा ही रहा है।
Raise / Raised / Raised,Day 120,Beginner,உயர்த்து / உயர்த்தினேன் / உயர்த்தியுள்ளேன்,उठाना / उठाया / उठा चुका,1. Raise your hand. // 2. He raised a kid. // 3. I have raised the issue.,1. கையை உயர்த்து. // 2. அவர் ஒரு குழந்தையை வளர்த்தார். // 3. நான் பிரச்சனையை எழுப்பியுள்ளேன்.,1. अपना हाथ उठाओ। // 2. उसने एक बच्चा पाला। // 3. मैंने मुद्दा उठाया है।
Report / Reported / Reported,Day 120,Beginner,புகாரளி / புகாரளித்தேன் / புகாரளித்துள்ளேன்,रिपोर्ट करना / रिपोर्ट की / रिपोर्ट कर चुका,1. Report the news. // 2. He reported it. // 3. I have reported duty.,1. செய்தியைத் தெரிவி. // 2. அவர் அதைத் தெரிவித்தார். // 3. நான் வேலையில் சேர்ந்தேன் (reported).,1. खबर की रिपोर्ट करें। // 2. उसने इसकी सूचना दी। // 3. मैंने ड्यूटी पर रिपोर्ट कर दी है।
Break / Broke / Broken,Day 120,Beginner,உடை / உடைத்தேன் / உடைத்துள்ளேன்,तोड़ना / तोड़ा / तोड़ चुका,1. Don't break it. // 2. He broke the cup. // 3. I have broken records.,1. அதை உடைக்காதே. // 2. அவர் கோப்பையை உடைத்தார். // 3. நான் சாதனைகளை முறியடித்துள்ளேன்.,1. इसे मत तोड़ो। // 2. उसने कप तोड़ दिया। // 3. मैंने रिकॉर्ड तोड़ दिया है।
Hit / Hit / Hit,Day 120,Beginner,அடி / அடித்தேன் / அடித்துள்ளேன்,मारना (चोट) / मारा / मार चुका,1. Hit the ball. // 2. He hit me. // 3. I have hit the target.,1. பந்தை அடி. // 2. அவர் என்னை அடித்தார். // 3. நான் இலக்கை அடைந்துவிட்டேன் (hit).,1. गेंद को मारो। // 2. उसने मुझे मारा। // 3. मैंने लक्ष्य साध लिया है।
Produce / Produced / Produced,Day 120,Beginner,தயாரி / தயாரித்தேன் / தயாரித்துள்ளேன்,उत्पादन करना / उत्पादन किया / उत्पादन कर चुका,1. I produce film. // 2. He produced proof. // 3. I have produced crops.,1. நான் படம் தயாரிக்கிறேன். // 2. அவர் ஆதாரத்தைக் காட்டினார். // 3. நான் பயிர்களை உற்பத்தி செய்துள்ளேன்.,1. मैं फिल्म बनाता हूँ। // 2. उसने सबूत पेश किया। // 3. मैंने फसलें पैदा की हैं।
Remove / Removed / Removed,Day 121,Beginner,நீக்கு / நீக்கினேன் / நீக்கியுள்ளேன்,हटाना / हटाया / हटा चुका,1. Remove the dirt. // 2. He removed the file. // 3. I have removed it.,1. அழுக்கை அகற்று. // 2. அவர் கோப்பை நீக்கினார். // 3. நான் அதை நீக்கிவிட்டேன்.,1. गंदगी हटाओ। // 2. उसने फ़ाइल हटा दी। // 3. मैंने इसे हटा दिया है।
Put / Put / Put,Day 121,Beginner,வை / வைத்தேன் / வைத்துள்ளேன்,रखना / रखा / रख चुका,1. Put it down. // 2. He put the keys. // 3. I have put it away.,1. அதைக் கீழே வை. // 2. அவர் சாவிகளை வைத்தார். // 3. நான் அதை எடுத்து வைத்துவிட்டேன்.,1. इसे नीचे रखो। // 2. उसने चाबियाँ रखीं। // 3. मैंने इसे अलग रख दिया है।
Hurt / Hurt / Hurt,Day 121,Beginner,காயப்படுத்து / காயப்படுத்தினேன் / காயப்படுத்தியுள்ளேன்,चोट पहुँचाना / चोट पहुँचाई / चोट पहुँचा चुका,1. Does it hurt? // 2. He hurt his arm. // 3. I have hurt my knee.,1. வலிக்கிறதா? // 2. அவர் கையில் காயம் ஏற்பட்டது. // 3. நான் முழங்காலில் காயம் அடைந்தேன்.,1. क्या दर्द हो रहा है? // 2. उसके हाथ में चोट लग गई। // 3. मेरे घुटने में चोट लगी है।
Shut / Shut / Shut,Day 121,Beginner,மூடு / மூடினேன் / மூடியுள்ளேன்,बंद करना / बंद किया / बंद कर चुका,1. Shut the door. // 2. He shut his eyes. // 3. The shop has shut.,1. கதவை மூடு. // 2. அவர் கண்களை மூடினார். // 3. கடை மூடப்பட்டுவிட்டது.,1. दरवाजा बंद करो। // 2. उसने अपनी आँखें बंद कर लीं। // 3. दुकान बंद हो गई है।
Quit / Quit / Quit,Day 121,Beginner,விலகு / விலகினேன் / விலகியுள்ளேன்,छोड़ना / छोड़ा / छोड़ चुका,1. Never quit. // 2. He quit the job. // 3. I have quit smoking.,1. ஒருபோதும் விட்டுவிடாதே. // 2. அவர் வேலையை விட்டார். // 3. நான் புகைப்பிடிப்பதை நிறுத்திவிட்டேன்.,1. कभी मत छोड़ो। // 2. उसने नौकरी छोड़ दी। // 3. मैंने धूम्रपान छोड़ दिया है।
Split / Split / Split,Day 122,Beginner,பிரி / பிரித்தேன் / பிரித்துள்ளேன்,विभाजित करना / विभाजित किया / विभाजित कर चुका,1. Split the cake. // 2. He split the wood. // 3. We have split up.,1. கேக்கை பிரி (பகிர்). // 2. அவர் மரத்தைப் பிளந்தார். // 3. நாங்கள் பிரிந்துவிட்டோம்.,1. केक बाँट लो। // 2. उसने लकड़ी फाड़ दी। // 3. हम अलग हो गए हैं।
Shoot / Shot / Shot,Day 122,Beginner,சுடு / சுட்டேன் / சுட்டுள்ளேன்,गोली मारना / गोली मारी / गोली मार चुका,1. Shoot the ball. // 2. He shot an arrow. // 3. I have shot a video.,1. பந்தை அடி (shoot). // 2. அவர் அம்பு எய்தார். // 3. நான் ஒரு வீடியோ எடுத்துள்ளேன்.,1. गेंद मारो। // 2. उसने तीर चलाया। // 3. मैंने वीडियो बनाया है।
Hang / Hung / Hung,Day 122,Beginner,தொங்கவிடு / தொங்கவிட்டேன் / தொங்கவிட்டுள்ளேன்,टांगना / टांगा / टांग चुका,1. Hang the coat. // 2. He hung a picture. // 3. I have hung the keys.,1. கோட்டைத் தொங்கவிடு. // 2. அவர் ஒரு படத்தை மாட்டினார். // 3. நான் சாவிகளைத் தொங்கவிட்டுள்ளேன்.,1. कोट टांगो। // 2. उसने एक तस्वीर टांगी। // 3. मैंने चाबियाँ टांग दी हैं।
Own / Owned / Owned,Day 122,Beginner,சொந்தமாக வைத்திரு / வைத்திருந்தேன் / வைத்துள்ளேன்,मालिक होना / मालिक था / मालिक हो चुका,1. I own a car. // 2. He owned a shop. // 3. I have owned this.,1. என்னிடம் கார் உள்ளது. // 2. அவருக்கு ஒரு கடை இருந்தது. // 3. நான் இதை வைத்துள்ளேன் (சொந்தமாக).,1. मेरे पास कार है। // 2. उसकी एक दुकान थी। // 3. मैं इसका मालिक रहा हूँ।
Like / Liked / Liked,Day 122,Beginner,விரும்பு / விரும்பினேன் / விரும்பியுள்ளேன்,पसंद करना / पसंद किया / पसंद कर चुका,1. I like apples. // 2. He liked the gift. // 3. I have liked it.,1. எனக்கு ஆப்பிள் பிடிக்கும். // 2. அவருக்கு பரிசு பிடித்திருந்தது. // 3. எனக்கு அது பிடித்துள்ளது.,1. मुझे सेब पसंद हैं। // 2. उसे उपहार पसंद आया। // 3. मैंने इसे पसंद किया है।
Hate / Hated / Hated,Day 123,Beginner,வெறு / வெறுத்தேன் / வெறுத்துள்ளேன்,नफरत करना / नफरत की / नफरत कर चुका,1. I hate lies. // 2. He hated the food. // 3. I have hated this.,1. நான் பொய்களை வெறுக்கிறேன். // 2. அவர் உணவை வெறுத்தார். // 3. நான் இதை வெறுத்துள்ளேன்.,1. मुझे झूठ से नफरत है। // 2. उसे खाने से नफरत थी। // 3. मैंने इससे नफरत की है।
Hug / Hugged / Hugged,Day 123,Beginner,கட்டிப்பிடி / கட்டிப்பிடித்தேன் / கட்டிப்பிடித்துள்ளேன்,गले लगाना / गले लगाया / गले लगा चुका,1. Hug your mom. // 2. He hugged me. // 3. I have hugged them.,1. அம்மாவைக் கட்டியணைக்கவும். // 2. அவர் என்னைக் கட்டியணைத்தார். // 3. நான் அவர்களைக் கட்டியணைத்துள்ளேன்.,1. माँ को गले लगाओ। // 2. उसने मुझे गले लगाया। // 3. मैंने उन्हें गले लगाया है।
Kick / Kicked / Kicked,Day 123,Beginner,உதை / உதைத்தேன் / உதைத்துள்ளேன்,लात मारना / लात मारी / लात मार चुका,1. Kick the ball. // 2. He kicked me. // 3. I have kicked the habit.,1. பந்தை உதை. // 2. அவர் என்னை உதைத்தார். // 3. நான் அந்தப் பழக்கத்தை விட்டுவிட்டேன்.,1. गेंद मारो। // 2. उसने मुझे लात मारी। // 3. मैंने आदत छोड़ दी है।
Knock / Knocked / Knocked,Day 123,Beginner,தட்டு / தட்டினேன் / தட்டியுள்ளேன்,खटखटाना / खटखटाया / खटखटा चुका,1. Knock the door. // 2. He knocked twice. // 3. I have knocked.,1. கதவைத் தட்டு. // 2. அவர் இரண்டு முறை தட்டினார். // 3. நான் தட்டியுள்ளேன்.,1. दरवाजा खटखटाओ। // 2. उसने दो बार खटखटाया। // 3. मैंने खटखटाया है।
Lay / Laid / Laid,Day 123,Beginner,கிடத்து / கிடத்தினேன் / கிடத்தியுள்ளேன்,लेटना / लेटा / लेट चुका,1. Lay the baby. // 2. He laid the tiles. // 3. I have laid it down.,1. குழந்தையைத் தூங்கவை. // 2. அவர் ஓடுகளைப் பதித்தார். // 3. நான் அதைக் கீழே வைத்தேன்.,1. बच्चे को लिटाओ। // 2. उसने टाइलें बिछाईं। // 3. मैंने इसे नीचे रख दिया है।
Lean / Leaned / Leaned,Day 124,Beginner,சாய் / சாய்ந்தேன் / சாய்ந்துள்ளேன்,झुकना / झुका / झुक चुका,1. Don't lean. // 2. He leaned back. // 3. I have leaned on it.,1. சாயாதே. // 2. அவர் பின்னால் சாய்ந்தார். // 3. நான் அதன் மேல் சாய்ந்துள்ளேன்.,1. झुको मत। // 2. वह पीछे झुक गया। // 3. मैं इस पर झुका हूँ।
Lick / Licked / Licked,Day 124,Beginner,நக்கு / நக்கினேன் / நக்கியுள்ளேன்,चाटना / चाटा / चाट चुका,1. Lick the ice. // 2. The dog licked me. // 3. I have licked it.,1. பனியை நக்கு. // 2. நாய் என்னை நக்கியது. // 3. நான் அதை நக்கியுள்ளேன்.,1. बर्फ चाटो। // 2. कुत्ते ने मुझे चाटा। // 3. मैंने इसे चाटा है।
Load / Loaded / Loaded,Day 124,Beginner,ஏற்று / ஏற்றினேன் / ஏற்றியுள்ளேன்,लादना / लादा / लाद चुका,1. Load the truck. // 2. He loaded the gun. // 3. I have loaded files.,1. லாரியில் ஏற்றவும். // 2. அவர் துப்பாக்கியில் தோட்டா ஏற்றினார். // 3. நான் கோப்புகளை ஏற்றியுள்ளேன்.,1. ट्रक लोड करो। // 2. उसने बंदूक भरी। // 3. मैंने फाइलें लोड कर ली हैं।
Manage / Managed / Managed,Day 124,Beginner,நிர்வகி / நிர்வகித்தேன் / நிர்வகித்துள்ளேன்,प्रबंध करना / प्रबंध किया / प्रबंध कर चुका,1. Manage the work. // 2. He managed well. // 3. I have managed it.,1. வேலையை நிர்வகி. // 2. அவர் நன்றாகச் சமாளித்தார். // 3. நான் அதைச் சமாளித்துள்ளேன்.,1. काम संभालो। // 2. उसने अच्छी तरह संभाला। // 3. मैंने इसे संभाल लिया है।
Marry / Married / Married,Day 124,Beginner,திருமணம் செய் / செய்தேன் / செய்துள்ளேன்,शादी करना / शादी की / शादी कर चुका,1. Marry me. // 2. They married late. // 3. She has married him.,1. என்னை மணப்பாயா. // 2. அவர்கள் தாமதமாகத் திருமணம் செய்தனர். // 3. அவள் அவனைக் கல்யாணம் செய்தாள்.,1. मुझसे शादी करो। // 2. उन्होंने देर से शादी की। // 3. उसने उससे शादी कर ली है।
Match / Matched / Matched,Day 125,Beginner,பொருத்து / பொருத்தினேன் / பொருத்தியுள்ளேன்,मिलाना / मिलाया / मिला चुका,1. Match the socks. // 2. It matched well. // 3. I have matched it.,1. காலுறைகளைப் பொருத்து. // 2. அது நன்றாகப் பொருந்தியது. // 3. நான் அதைப் பொருத்தியுள்ளேன்.,1. मोजे मिलाओ। // 2. यह अच्छी तरह मेल खाता था। // 3. मैंने इसे मिला लिया है।
Melt / Melted / Melted,Day 125,Beginner,உருகு / உருகினேன் / உருகியுள்ளேன்,पिघलना / पिघला / पिघल चुका,1. Ice melts. // 2. It melted fast. // 3. I have melted wax.,1. பனிக்கட்டி உருகும். // 2. அது வேகமாக உருகியது. // 3. நான் மெழுகை உருக்கியுள்ளேன்.,1. बर्फ पिघलती है। // 2. यह तेजी से पिघला। // 3. मैंने मोम पिघला लिया है।
Miss / Missed / Missed,Day 125,Beginner,தவறவிடு / தவறவிட்டேன் / தவறவிட்டுள்ளேன்,याद करना / याद किया / याद कर चुका,1. Miss the bus. // 2. He missed me. // 3. I have missed you.,1. பேருந்தைத் தவறவிடு. // 2. அவர் என்னைத் தவறவிட்டார். // 3. நான் உன்னை மிஸ் செய்தேன்.,1. बस छूट जाना। // 2. उसने मुझे याद किया। // 3. मैंने तुम्हें याद किया है।
Name / Named / Named,Day 125,Beginner,பெயரிடு / பெயரிட்டேன் / பெயரிட்டுள்ளேன்,नाम रखना / नाम रखा / नाम रख चुका,1. Name the fruit. // 2. They named him Raj. // 3. I have named the dog.,1. பழத்தின் பெயரைக் கூறு. // 2. அவர்கள் அவருக்கு ராஜ் எனப் பெயரிட்டனர். // 3. நான் நாய்க்குப் பெயரிட்டேன்.,1. फल का नाम बताओ। // 2. उन्होंने उसका नाम राज रखा। // 3. मैंने कुत्ते का नाम रखा है।
Nod / Nodded / Nodded,Day 125,Beginner,தலையாட்டு / தலையாட்டினேன் / தலையாட்டியுள்ளேன்,सिर हिलाना / सिर हिलाया / सिर हिला चुका,1. Nod your head. // 2. He nodded yes. // 3. I have nodded once.,1. தலையசை. // 2. அவர் 'ஆம்' எனத் தலையசைத்தார். // 3. நான் ஒருமுறை தலையசைத்தேன்.,1. सिर हिलाओ। // 2. उसने हाँ में सिर हिलाया। // 3. मैंने एक बार सिर हिलाया है।
Note / Noted / Noted,Day 126,Beginner,குறிப்பெடு / குறிப்பெடுத்தேன் / குறிப்பெடுத்துள்ளேன்,नोट करना / नोट किया / नोट कर चुका,1. Note this. // 2. He noted it down. // 3. I have noted changes.,1. இதைக் குறித்துக்கொள். // 2. அவர் அதைக் குறித்துக்கொண்டார். // 3. நான் மாற்றங்களைக் கவனித்தேன்.,1. इसे नोट करें। // 2. उसने इसे नोट कर लिया। // 3. मैंने बदलाव नोट किए हैं।
Occur / Occurred / Occurred,Day 126,Beginner,நிகழ் / நிகழ்ந்தது / நிகழ்ந்துள்ளது,घटित होना / घटित हुआ / घटित हो चुका,1. Ideas occur. // 2. It occurred today. // 3. Has it occurred?,1. எண்ணங்கள் தோன்றும். // 2. அது இன்று நிகழ்ந்தது. // 3. அது நடந்ததா?,1. विचार आते हैं। // 2. यह आज हुआ। // 3. क्या यह हुआ है?
Offend / Offended / Offended,Day 126,Beginner,புண்படுத்து / புண்படுத்தினேன் / புண்படுத்தியுள்ளேன்,अपमान करना / अपमान किया / अपमान कर चुका,1. Don't offend. // 2. He offended her. // 3. I have been offended.,1. புண்படுத்தாதே. // 2. அவர் அவளைப் புண்படுத்தினார். // 3. நான் புண்படுத்தப்பட்டேன்.,1. अपमान मत करो। // 2. उसने उसका अपमान किया। // 3. मेरा अपमान हुआ है।
Operate / Operated / Operated,Day 126,Beginner,இயக்கு / இயக்கினேன் / இயக்கியுள்ளேன்,संचालित करना / संचालित किया / संचालित कर चुका,1. Operate the lift. // 2. He operated on me. // 3. I have operated this.,1. லிப்டை இயக்கு. // 2. அவர் எனக்கு அறுவை சிகிச்சை செய்தார். // 3. நான் இதை இயக்கியுள்ளேன்.,1. लिफ्ट चलाओ। // 2. उसने मेरा ऑपरेशन किया। // 3. मैंने इसे चलाया है।
Oppose / Opposed / Opposed,Day 126,Beginner,எதிர்த்து நில் / நின்றேன் / நின்றுள்ளேன்,विरोध करना / विरोध किया / विरोध कर चुका,1. Oppose wrong. // 2. He opposed me. // 3. I have opposed it.,1. தவறை எதிர்ப்போம். // 2. அவர் என்னை எதிர்த்தார். // 3. நான் அதை எதிர்த்துள்ளேன்.,1. गलत का विरोध करें। // 2. उसने मेरा विरोध किया। // 3. मैंने इसका विरोध किया है।
Pack / Packed / Packed,Day 127,Beginner,பேக் செய் / செய்தேன் / செய்துள்ளேன்,पैक करना / पैक किया / पैक कर चुका,1. Pack your bags. // 2. He packed up. // 3. I have packed lunch.,1. பைகளை அடுக்கி வை. // 2. அவர் பேக் செய்தார். // 3. நான் மதிய உணவைப் பேக் செய்தேன்.,1. अपना सामान पैक करो। // 2. उसने पैक कर लिया। // 3. मैंने लंच पैक कर लिया है।
Pause / Paused / Paused,Day 127,Beginner,இடைநிறுத்து / இடைநிறுத்தினேன் / இடைநிறுத்தியுள்ளேன்,रोकना / रोका / रोक चुका,1. Pause the film. // 2. He paused to talk. // 3. I have paused it.,1. படத்தை நிறுத்திவை. // 2. அவர் பேச நின்றார். // 3. நான் அதை நிறுத்திவைத்துள்ளேன்.,1. फिल्म रोकें। // 2. वह बात करने के लिए रुका। // 3. मैंने इसे रोक दिया है।
Peel / Peeled / Peeled,Day 127,Beginner,தோல் உரி / உரித்தேன் / உரித்துள்ளேன்,छीलना / छीला / छील चुका,1. Peel the potato. // 2. She peeled it. // 3. I have peeled skin.,1. உருளைக்கிழங்கை உரி. // 2. அவள் அதை உரித்தாள். // 3. நான் தோலை உரித்தேன்.,1. आलू छीलो। // 2. उसने इसे छील दिया। // 3. मैंने छिलका उतार दिया है।
Perform / Performed / Performed,Day 127,Beginner,செயல்படு / செயல்பட்டேன் / செயல்பட்டுள்ளேன்,प्रदर्शन करना / प्रदर्शन किया / प्रदर्शन कर चुका,1. I perform well. // 2. He performed live. // 3. I have performed.,1. நான் நன்றாகச் செய்கிறேன். // 2. அவர் நேரலையில் நடித்தார். // 3. நான் நிகழ்த்தியுள்ளேன்.,1. मैं अच्छा प्रदर्शन करता हूँ। // 2. उसने लाइव प्रदर्शन किया। // 3. मैंने प्रदर्शन किया है।
Permit / Permitted / Permitted,Day 127,Beginner,அனுமதி / அனுமதித்தேன் / அனுமதித்துள்ளேன்,अनुमति देना / अनुमति दी / अनुमति दे चुका,1. Permit entry. // 2. He permitted me. // 3. I have permitted it.,1. நுழைய அனுமதி. // 2. அவர் என்னை அனுமதித்தார். // 3. நான் அதை அனுமதித்தேன்.,1. प्रवेश की अनुमति दें। // 2. उसने मुझे अनुमति दी। // 3. मैंने अनुमति दे दी है।
Phone / Phoned / Phoned,Day 128,Beginner,தொலைபேசி / தொலைபேசினேன் / தொலைபேசியுள்ளேன்,फोन करना / फोन किया / फोन कर चुका,1. Phone him now. // 2. He phoned me. // 3. I have phoned her.,1. அவருக்கு போன் செய். // 2. அவர் எனக்கு போன் செய்தார். // 3. நான் அவளுக்கு போன் செய்தேன்.,1. उसे अभी फोन करो। // 2. उसने मुझे फोन किया। // 3. मैंने उसे फोन किया है।
Place / Placed / Placed,Day 128,Beginner,வை / வைத்தேன் / வைத்துள்ளேன்,रखना / रखा / रख चुका,1. Place it here. // 2. He placed an order. // 3. I have placed the cup.,1. இங்கே வை. // 2. அவர் ஆர்டர் செய்தார். // 3. நான் கோப்பையை வைத்தேன்.,1. इसे यहाँ रखें। // 2. उसने ऑर्डर दिया। // 3. मैंने कप रख दिया है।
Plan / Planned / Planned,Day 128,Beginner,திட்டமிடு / திட்டமிட்டேன் / திட்டமிட்டுள்ளேன்,योजना बनाना / योजना बनाई / योजना बना चुका,1. Plan for it. // 2. He planned a trip. // 3. I have planned.,1. இதற்காகத் திட்டமிடு. // 2. அவர் பயணத் திட்டம் போட்டார். // 3. நான் திட்டமிட்டுள்ளேன்.,1. इसकी योजना बनाएं। // 2. उसने यात्रा की योजना बनाई। // 3. मैंने योजना बना ली है।
Please / Pleased / Pleased,Day 128,Beginner,மகிழ்வி / மகிழ்வித்தேன் / மகிழ்வித்துள்ளேன்,खुश करना / खुश किया / खुश कर चुका,1. Please help. // 2. It pleased him. // 3. I have been pleased.,1. தயவுசெய்து உதவுங்கள். // 2. அது அவருக்கு மகிழ்ச்சி அளித்தது. // 3. நான் மகிழ்ச்சியடைந்தேன்.,1. कृपया मदद करें। // 2. इससे वह खुश हुआ। // 3. मैं खुश हुआ हूँ।
Plug / Plugged / Plugged,Day 128,Beginner,செருகு / செருகினேன் / செருகியுள்ளேன்,प्लग लगाना / प्लग लगाया / प्लग लगा चुका,1. Plug in the TV. // 2. He plugged the hole. // 3. I have plugged it in.,1. டிவியை பிளக் செய்யவும். // 2. அவர் துளையை அடைத்தார். // 3. நான் அதை பிளக் செய்துள்ளேன்.,1. टीवी प्लग इन करें। // 2. उसने छेद बंद कर दिया। // 3. मैंने इसे प्लग इन कर दिया है।
Point / Pointed / Pointed,Day 129,Beginner,சுட்டிக்காட்டு / சுட்டிக்காட்டினேன் / சுட்டிக்காட்டியுள்ளேன்,इशारा करना / इशारा किया / इशारा कर चुका,1. Point at the map. // 2. He pointed to the door. // 3. I have pointed it out.,1. வரைபடத்தைச் சுட்டிக்காட்டு. // 2. அவர் கதவைக் காட்டினார். // 3. நான் அதைச் சுட்டிக்காட்டியுள்ளேன்.,1. मानचित्र की ओर इशारा करें। // 2. उसने दरवाजे की ओर इशारा किया। // 3. मैंने इसकी ओर इशारा किया है।
Polish / Polished / Polished,Day 129,Beginner,மெருகூட்டு / மெருகூட்டினேன் / மெருகூட்டியுள்ளேன்,चमकाना / चमकाया / चमका चुका,1. I polish my shoes. // 2. He polished the car. // 3. I have polished the floor.,1. நான் என் காலணிகளைப் மெருகூட்டுகிறேன். // 2. அவர் காரை மெருகூட்டினார். // 3. நான் தரையை மெருகூட்டியுள்ளேன்.,1. मैं अपने जूते पॉलिश करता हूँ। // 2. उसने कार पॉलिश की। // 3. मैंने फर्श पॉलिश कर दिया है।
Pop / Popped / Popped,Day 129,Beginner,வெடி / வெடித்தேன் / வெடித்துள்ளேன்,फोड़ना / फोड़ा / फोड़ चुका,1. Corns pop in heat. // 2. He popped the balloon. // 3. Ideas have popped up.,1. சோளம் வெப்பத்தில் வெடிக்கும். // 2. அவர் பலூனை உடைத்தார். // 3. யோசனைகள் தோன்றியுள்ளன.,1. मकई गर्मी में फूटती है। // 2. उसने गुब्बारा फोड़ दिया। // 3. विचार मन में आए हैं।
Pour / Poured / Poured,Day 129,Beginner,ஊற்று / ஊற்றினேன் / ஊற்றியுள்ளேன்,डालना / डाला / डाल चुका,1. Pour some water. // 2. She poured the tea. // 3. Rain has poured down.,1. சிறிது தண்ணீர் ஊற்றவும். // 2. அவள் தேநீர் ஊற்றினாள். // 3. மழை கொட்டியது.,1. थोड़ा पानी डालो। // 2. उसने चाय डाली। // 3. बारिश जोर से हुई है।
Practice / Practiced / Practiced,Day 129,Beginner,பயிற்சி செய் / செய்தேன் / செய்துள்ளேன்,अभ्यास करना / अभ्यास किया / अभ्यास कर चुका,1. Practice every day. // 2. He practiced law. // 3. I have practiced typing.,1. தினமும் பயிற்சி செய். // 2. அவர் சட்டம் பயின்றார். // 3. நான் டைப்பிங் பயிற்சி செய்துள்ளேன்.,1. हर दिन अभ्यास करें। // 2. उसने वकालत की। // 3. मैंने टाइपिंग का अभ्यास किया है।
Praise / Praised / Praised,Day 130,Beginner,பாராட்டு / பாராட்டினேன் / பாராட்டியுள்ளேன்,तारीफ करना / तारीफ की / तारीफ कर चुका,1. I praise your work. // 2. He praised the kid. // 3. I have praised God.,1. நான் உன் வேலையைப் பாராட்டுகிறேன். // 2. அவர் குழந்தையைப் பாராட்டினார். // 3. நான் இறைவனைத் துதித்துள்ளேன்.,1. मैं आपके काम की प्रशंसा करता हूँ। // 2. उसने बच्चे की तारीफ की। // 3. मैंने भगवान की स्तुति की है।
Prefer / Preferred / Preferred,Day 130,Beginner,முன்னுரிமை அளி / அளித்தேன் / அளித்துள்ளேன்,पसंद करना / पसंद किया / पसंद कर चुका,1. I prefer coffee. // 2. He preferred tea. // 3. I have preferred this style.,1. நான் காபியை விரும்புகிறேன். // 2. அவர் தேநீரை விரும்பினார். // 3. நான் இந்த பாணியையே விரும்பியுள்ளேன்.,1. मैं कॉफी पसंद करता हूँ। // 2. उसने चाय को प्राथमिकता दी। // 3. मैंने इस शैली को पसंद किया है।
Present / Presented / Presented,Day 130,Beginner,சமர்ப்பி / சமர்ப்பித்தேன் / சமர்ப்பித்துள்ளேன்,प्रस्तुत करना / प्रस्तुत किया / प्रस्तुत कर चुका,1. Present the data. // 2. He presented a gift. // 3. I have presented the news.,1. தரவைச் சமர்ப்பிக்கவும். // 2. அவர் ஒரு பரிசு வழங்கினார். // 3. நான் செய்தியை வழங்கியுள்ளேன்.,1. डेटा प्रस्तुत करें। // 2. उसने एक उपहार भेंट किया। // 3. मैंने समाचार प्रस्तुत किया है।
Press / Pressed / Pressed,Day 130,Beginner,அழுத்து / அழுத்தினேன் / அழுத்தியுள்ளேன்,दबाना / दबाया / दबा चुका,1. Press the button. // 2. He pressed my hand. // 3. I have pressed the suit.,1. பட்டனை அழுத்து. // 2. அவர் என் கையை அழுத்தினார். // 3. நான் உடையை அயர்ன் (press) செய்துள்ளேன்.,1. बटन दबाओ। // 2. उसने मेरा हाथ दबाया। // 3. मैंने सूट प्रेस कर लिया है।
Pretend / Pretended / Pretended,Day 130,Beginner,நடி / நடித்தேன் / நடித்துள்ளேன்,नाटक करना / नाटक किया / नाटक कर चुका,1. Don't pretend. // 2. He pretended to sleep. // 3. I have pretended before.,1. நடிக்காதே (பாவனை செய்யாதே). // 2. அவர் தூங்குவது போல் நடித்தார். // 3. நான் முன்பே அப்படி நடித்திருக்கிறேன்.,1. दिखावा मत करो। // 2. उसने सोने का नाटक किया। // 3. मैंने पहले नाटक किया है।
Prevent / Prevented / Prevented,Day 131,Beginner,தடு / தடுத்தேன் / தடுத்துள்ளேன்,रोकना / रोका / रोक चुका,1. Prevent accidents. // 2. He prevented a fight. // 3. I have prevented the loss.,1. விபத்துகளைத் தவிர். // 2. அவர் ஒரு சண்டையைத் தடுத்தார். // 3. நான் இழப்பைத் தடுத்துள்ளேன்.,1. दुर्घटनाओं को रोकें। // 2. उसने लड़ाई को रोका। // 3. मैंने नुकसान को रोका है।
Print / Printed / Printed,Day 131,Beginner,அச்சிடு / அச்சிட்டேன் / அச்சிட்டுள்ளேன்,छापना / छापा / छाप चुका,1. Print the document. // 2. He printed the book. // 3. I have printed the ticket.,1. ஆவணத்தை அச்சிடு. // 2. அவர் புத்தகத்தை அச்சிட்டார். // 3. நான் டிக்கெட்டை அச்சிட்டுள்ளேன்.,1. दस्तावेज़ प्रिंट करें। // 2. उसने किताब छापी। // 3. मैंने टिकट प्रिंट कर लिया है।
Race / Raced / Raced,Day 131,Beginner,பந்தயத்தில் ஓடு / ஓடினேன் / ஓடியுள்ளேன்,दौड़ना / दौड़ा / दौड़ चुका,1. They race horses. // 2. He raced to the gate. // 3. I have raced with him.,1. அவர்கள் குதிரைப்பந்தயம் நடத்துகிறார்கள். // 2. அவர் கேட் நோக்கி ஓடினார். // 3. நான் அவருடன் பந்தயத்தில் ஓடியுள்ளேன்.,1. वे घोड़ों की दौड़ लगाते हैं। // 2. वह गेट की ओर दौड़ा। // 3. मैंने उसके साथ दौड़ लगाई है।
Realize / Realized / Realized,Day 131,Beginner,உணர் / உணர்ந்தேன் / உணர்ந்துள்ளேன்,एहसास करना / एहसास किया / एहसास कर चुका,1. Realize your dream. // 2. He realized his fault. // 3. I have realized it now.,1. உன் கனவை நனவாக்கு. // 2. அவர் தன் தவறை உணர்ந்தார். // 3. நான் இப்போது அதை உணர்ந்துள்ளேன்.,1. अपने सपने को साकार करें। // 2. उसे अपनी गलती का एहसास हुआ। // 3. मुझे अब इसका एहसास हुआ है।
Recall / Recalled / Recalled,Day 131,Beginner,நினைவுகூர் / நினைவுகூர்ந்தேன் / நினைவுகூர்ந்துள்ளேன்,याद करना / याद किया / याद कर चुका,1. Recall the event. // 2. He recalled the name. // 3. I have recalled the items.,1. நிகழ்வை நினைவு கூர். // 2. அவர் பெயரை நினைவுபடுத்தினார். // 3. நான் பொருட்களைத் திரும்பப் பெற்றுள்ளேன் (recall).,1. घटना को याद करें। // 2. उसने नाम याद किया। // 3. मैंने वस्तुओं को वापस बुला लिया है।
Recognize / Recognized / Recognized,Day 132,Beginner,அடையாளம் காண் / கண்டேன் / கண்டுள்ளேன்,पहचानना / पहचाना / पहचान चुका,1. Recognize the face. // 2. He recognized me. // 3. I have recognized him.,1. முகத்தை அடையாளம் காண். // 2. அவர் என்னை அடையாளம் கண்டார். // 3. நான் அவரை அடையாளம் கண்டுள்ளேன்.,1. चेहरा पहचानो। // 2. उसने मुझे पहचान लिया। // 3. मैंने उसे पहचान लिया है।
Record / Recorded / Recorded,Day 132,Beginner,பதிவு செய் / செய்தேன் / செய்துள்ளேன்,रिकॉर्ड करना / रिकॉर्ड किया / रिकॉर्ड कर चुका,1. Record the voice. // 2. He recorded a song. // 3. I have recorded the call.,1. குரலைப் பதிவு செய். // 2. அவர் ஒரு பாடலைப் பதிவு செய்தார். // 3. நான் அந்த அழைப்பைப் பதிவு செய்துள்ளேன்.,1. आवाज रिकॉर्ड करें। // 2. उसने एक गाना रिकॉर्ड किया। // 3. मैंने कॉल रिकॉर्ड कर ली है।
Reduce / Reduced / Reduced,Day 132,Beginner,குறை / குறைத்தேன் / குறைத்துள்ளேன்,कम करना / कम किया / कम कर चुका,1. Reduce the price. // 2. He reduced the speed. // 3. I have reduced weight.,1. விலையைக் குறை. // 2. அவர் வேகத்தைக் குறைத்தார். // 3. நான் எடையைக் குறைத்துள்ளேன்.,1. कीमत कम करें। // 2. उसने गति कम कर दी। // 3. मैंने वजन कम कर लिया है।
Refer / Referred / Referred,Day 132,Beginner,குறிப்பிடு / குறிப்பிட்டேன் / குறிப்பிட்டுள்ளேன்,उल्लेख करना / उल्लेख किया / उल्लेख कर चुका,1. Refer to the book. // 2. He referred me to you. // 3. I have referred the case.,1. புத்தகத்தைப் பார் (refer). // 2. அவர் என்னை உன்னிடம் அனுப்பினார். // 3. நான் வழக்கை பரிந்துரைத்துள்ளேன்.,1. पुस्तक का संदर्भ लें। // 2. उसने मुझे आपके पास भेजा। // 3. मैंने मामले को रेफर कर दिया है।
Reject / Rejected / Rejected,Day 132,Beginner,நிராகரி / நிராகரித்தேன் / நிராகரித்துள்ளேன்,अस्वीकार करना / अस्वीकार किया / अस्वीकार कर चुका,1. Reject the offer. // 2. He rejected the plan. // 3. I have rejected it.,1. சலுகையை நிராகரி. // 2. அவர் திட்டத்தை நிராகரித்தார். // 3. நான் அதை நிராகரித்துவிட்டேன்.,1. प्रस्ताव ठुकरा दें। // 2. उसने योजना को खारिज कर दिया। // 3. मैंने इसे अस्वीकार कर दिया है।
Remind / Reminded / Reminded,Day 133,Beginner,நினைவூட்டு / நினைவூட்டினேன் / நினைவூட்டியுள்ளேன்,याद दिलाना / याद दिलाया / याद दिला चुका,1. Remind me later. // 2. She reminded me. // 3. I have reminded him.,1. பிறகு நினைவூட்டு. // 2. அவள் எனக்கு நினைவூட்டினாள். // 3. நான் அவருக்கு நினைவூட்டியுள்ளேன்.,1. मुझे बाद में याद दिलाना। // 2. उसने मुझे याद दिलाया। // 3. मैंने उसे याद दिला दिया है।
Rent / Rented / Rented,Day 133,Beginner,வாடகைக்கு எடு / எடுத்தேன் / எடுத்துள்ளேன்,किराये पर लेना / किराये पर लिया / किराये पर ले चुका,1. I rent an attic. // 2. He rented a car. // 3. I have rented the house.,1. நான் ஒரு மாடியை வாடகைக்கு எடுக்கிறேன். // 2. அவர் ஒரு காரை வாடகைக்கு எடுத்தார். // 3. நான் வீட்டை வாடகைக்கு எடுத்துள்ளேன்.,1. मैं अटारी किराए पर लेता हूँ। // 2. उसने कार किराए पर ली। // 3. मैंने घर किराए पर ले लिया है।
Request / Requested / Requested,Day 133,Beginner,வேண்டுகோள் விடு / விடுத்தேன் / விடுத்துள்ளேன்,अनुरोध करना / अनुरोध किया / अनुरोध कर चुका,1. Request for help. // 2. He requested time. // 3. I have requested a meeting.,1. உதவி கோரவும். // 2. அவர் நேரம் கேட்டார். // 3. நான் ஒரு சந்திப்பைக் கோரியுள்ளேன்.,1. मदद के लिए अनुरोध करें। // 2. उसने समय मांगा। // 3. मैंने मीटिंग का अनुरोध किया है।
Rescue / Rescued / Rescued,Day 133,Beginner,காப்பாற்று / காப்பாற்றினேன் / காப்பாற்றியுள்ளேன்,बचाना / बचाया / बचा चुका,1. Rescue the cat. // 2. They rescued him. // 3. I have rescued many.,1. பூனையைக் காப்பாற்று. // 2. அவர்கள் அவரைக் காப்பாற்றினார்கள். // 3. நான் பலரைக் காப்பாற்றியுள்ளேன்.,1. बिल्ली को बचाओ। // 2. उन्होंने उसे बचाया। // 3. मैंने कई लोगों को बचाया है।
Respect / Respected / Respected,Day 133,Beginner,மதி / மதித்தேன் / மதித்துள்ளேன்,सम्मान करना / सम्मान किया / सम्मान कर चुका,1. Respect your elders. // 2. He respected my wish. // 3. I have respected him.,1. பெரியவர்களுக்கு மரியாதை கொடு. // 2. அவர் என் விருப்பத்தை மதித்தார். // 3. நான் அவரை மதித்துள்ளேன்.,1. बड़ों का सम्मान करें। // 2. उसने मेरी इच्छा का सम्मान किया। // 3. मैंने उनका सम्मान किया है।
Retire / Retired / Retired,Day 134,Beginner,ஓய்வு பெறு / பெற்றேன் / பெற்றுள்ளேன்,रिटायर होना / रिटायर हुआ / रिटायर हो चुका,1. I retire at 60. // 2. He retired last year. // 3. She has retired early.,1. நான் 60 வயதில் ஓய்வு பெறுகிறேன். // 2. அவர் கடந்த ஆண்டு ஓய்வு பெற்றார். // 3. அவள் சீக்கிரம் ஓய்வு பெற்றுவிட்டாள்.,1. मैं 60 साल में रिटायर होता हूँ। // 2. वह पिछले साल रिटायर हुआ। // 3. वह जल्दी रिटायर हो गई है।
Risk / Risked / Risked,Day 134,Beginner,துணிந்து செய் / செய்தேன் / செய்துள்ளேன்,जोखिम लेना / जोखिम लिया / जोखिम ले चुका,1. Don't risk it. // 2. He risked his life. // 3. I have risked everything.,1. அபாயம் எடுக்காதே. // 2. அவர் தனது உயிரைப் பணயம் வைத்தார். // 3. நான் அனைத்தையும் பணயம் வைத்துள்ளேன்.,1. जोखिम मत लो। // 2. उसने अपनी जान जोखिम में डाली। // 3. मैंने सब कुछ दांव पर लगा दिया है।
Rob / Robbed / Robbed,Day 134,Beginner,கொள்ளையடி / கொள்ளையடித்தேன் / கொள்ளையடித்துள்ளேன்,लूटना / लूटा / लूट चुका,1. They rob banks. // 2. He robbed a store. // 3. I have been robbed.,1. அவர்கள் வங்கிகளைக் கொள்ளையடிக்கிறார்கள். // 2. அவர் ஒரு கடையைக் கொள்ளையடித்தார். // 3. நான் கொள்ளையடிக்கப்பட்டேன்.,1. वे बैंक लूटते हैं। // 2. उसने एक दुकान लूटी। // 3. मुझे लूट लिया गया है।
Roll / Rolled / Rolled,Day 134,Beginner,உருட்டு / உருட்டினேன் / உருட்டியுள்ளேன்,लुढ़कना / लुढ़का / लुढ़क चुका,1. Wheels roll fast. // 2. He rolled the dice. // 3. I have rolled the mat.,1. சக்கரங்கள் வேகமாக உருளும். // 2. அவர் பகடையை உருட்டினார். // 3. நான் பாயைச் சுருட்டியுள்ளேன்.,1. पहिए तेजी से लुढ़कते हैं। // 2. उसने पासा फेंका। // 3. मैंने चटाई लपेट दी है।
Rub / Rubbed / Rubbed,Day 134,Beginner,தேய் / தேய்த்தேன் / தேய்த்துல்ளேன்,रगड़ना / रगड़ा / रगड़ चुका,1. Rub your hands. // 2. He rubbed his eyes. // 3. I have rubbed the stain.,1. கைகளைத் தேய்க்கவும். // 2. அவர் கண்களைத் தேய்த்தார். // 3. நான் கறையைத் தேய்த்துள்ளேன்.,1. अपने हाथ रगड़ें। // 2. उसने अपनी आँखें रगड़ीं। // 3. मैंने दाग रगड़ दिया है।
Rush / Rushed / Rushed,Day 135,Beginner,விரைந்து செல் / சென்றேன் / சென்றுள்ளேன்,जल्दबाजी करना / जल्दबाजी की / जल्दबाजी कर चुका,1. Don't rush me. // 2. He rushed to hospital. // 3. I have rushed the work.,1. என்னை அவசரப்படுத்தாதே. // 2. அவர் மருத்துவமனைக்கு விரைந்தார். // 3. நான் வேலையை அவசரமாகச் செய்தேன்.,1. मुझे जल्दी मत कराओ। // 2. वह अस्पताल भागा। // 3. मैंने काम में जल्दबाजी की है।
Sail / Sailed / Sailed,Day 135,Beginner,பயணம் செய் (கடல்) / செய்தேன் / செய்துள்ளேன்,नाव चलाना / नाव चलाई / नाव चला चुका,1. Ships sail today. // 2. He sailed the ocean. // 3. I have sailed before.,1. கப்பல்கள் இன்று பயணிக்கின்றன. // 2. அவர் கடலில் பயணம் செய்தார். // 3. நான் முன்பு பயணம் செய்திருக்கிறேன்.,1. जहाज आज रवाना होते हैं। // 2. उसने समुद्र की यात्रा की। // 3. मैंने पहले यात्रा की है।
Satisfy / Satisfied / Satisfied,Day 135,Beginner,திருப்திப்படுத்து / திருப்திப்படுத்தினேன் / திருப்திப்படுத்தியுள்ளேன்,संतुष्ट करना / संतुष्ट किया / संतुष्ट कर चुका,1. I satisfy customers. // 2. It satisfied me. // 3. I have satisfied him.,1. நான் வாடிக்கையாளர்களைத் திருப்திப்படுத்துகிறேன். // 2. அது எனக்குத் திருப்தி அளித்தது. // 3. நான் அவரைத் திருப்திப்படுத்தியுள்ளேன்.,1. मैं ग्राहकों को संतुष्ट करता हूँ। // 2. इसने मुझे संतुष्ट किया। // 3. मैंने उसे संतुष्ट कर दिया है।
Scare / Scared / Scared,Day 135,Beginner,பயமுறுத்து / பயமுறுத்தினேன் / பயமுறுத்தியுள்ளேன்,डराना / डराया / डरा चुका,1. Don't scare me. // 2. He scared the cat. // 3. You have scared them.,1. என்னைப் பயமுறுத்தாதே. // 2. அவர் பூனையைப் பயமுறுத்தினார். // 3. நீங்கள் அவர்களைப் பயமுறுத்திவிட்டீர்கள்.,1. मुझे डराओ मत। // 2. उसने बिल्ली को डरा दिया। // 3. तुमने उन्हें डरा दिया है।
Scream / Screamed / Screamed,Day 135,Beginner,அலறு / அலறினேன் / அலறியுள்ளேன்,चिल्लाना / चिल्लाया / चिल्ला चुका,1. I scream in fear. // 2. She screamed loud. // 3. I have screamed enough.,1. நான் பயத்தில் அலறுகிறேன். // 2. அவள் சத்தமாக அலறினாள். // 3. நான் போதுமான அளவு அலறிவிட்டேன்.,1. मैं डर के मारे चिल्लाता हूँ। // 2. वह जोर से चिल्लाई। // 3. मैं काफी चिल्ला चुका हूँ।
Screw / Screwed / Screwed,Day 136,Beginner,திருகு / திருகினேன் / திருகியுள்ளேன்,पेंच कसना / पेंच कसा / पेंच कस चुका,1. Screw the lid. // 2. He screwed the bolt. // 3. I have screwed it tight.,1. மூடியைத் திருகு. // 2. அவர் போல்ட்டைத் திருகினார். // 3. நான் அதை இறுக்கமாகத் திருகியுள்ளேன்.,1. ढक्कन घुमाओ। // 2. उसने बोल्ट लगाया। // 3. मैंने इसे कस दिया है।
Seal / Sealed / Sealed,Day 136,Beginner,முத்திரையிடு / முத்திரையிட்டேன் / முத்திரையிட்டுள்ளேன்,सील करना / सील किया / सील कर चुका,1. Seal the envelope. // 2. He sealed the deal. // 3. I have sealed the box.,1. உறையை மூடி முத்திரையிடு. // 2. அவர் ஒப்பந்தத்தை உறுதி செய்தார். // 3. நான் பெட்டியை மூடி முத்திரையிட்டேன்.,1. लिफाफा सील करें। // 2. उसने सौदा पक्का कर लिया। // 3. मैंने डिब्बा सील कर दिया है।
Settle / Settled / Settled,Day 136,Beginner,குடியேறு / குடியேறினேன் / குடியேறியுள்ளேன்,बसना / बसा / बस चुका,1. Settle the bill. // 2. They settled here. // 3. I have settled the debt.,1. பில்லைத் தீர்த்துவிடு. // 2. அவர்கள் இங்கே குடியேறினார்கள். // 3. நான் கடனைத் தீர்த்துவிட்டேன்.,1. बिल का भुगतान करें। // 2. वे यहाँ बस गए। // 3. मैंने कर्ज चुका दिया है।
Sew / Sewed / Sewn,Day 136,Beginner,தை / தைத்தேன் / தைத்துள்ளேன்,सिलाई करना / सिलाई की / सिलाई कर चुका,1. I sew clothes. // 2. She sewed the button. // 3. I have sewn the dress.,1. நான் துணி தைக்கிறேன். // 2. அவள் பட்டனைத் தைத்தாள். // 3. நான் உடையைத் தைத்துள்ளேன்.,1. मैं कपड़े सिलता हूँ। // 2. उसने बटन सिला। // 3. मैंने ड्रेस सिल ली है।
Shave / Shaved / Shaved,Day 136,Beginner,சவரம் செய் / செய்தேன் / செய்துள்ளேன்,हजामत बनाना / हजामत बनाई / हजामत बना चुका,1. I shave daily. // 2. He shaved his beard. // 3. I have shaved today.,1. நான் தினமும் சவரம் செய்கிறேன். // 2. அவர் தாடியைச் சவரம் செய்தார். // 3. நான் இன்று சவரம் செய்துள்ளேன்.,1. मैं रोज शेव करता हूँ। // 2. उसने अपनी दाढ़ी काट ली। // 3. मैंने आज शेव कर ली है।
Shift / Shifted / Shifted,Day 137,Beginner,இடமாற்று / இடமாற்றினேன் / இடமாற்றியுள்ளேன்,स्थानांतरित करना / स्थानांतरित किया / स्थानांतरित कर चुका,1. Shift the chair. // 2. He shifted his home. // 3. I have shifted the focus.,1. நாற்காலியை நகர்த்து. // 2. அவர் வீட்டை மாற்றினார். // 3. நான் கவனத்தைத் திசைதிருப்பியுள்ளேன்.,1. कुर्सी खिसकाओ। // 2. उसने अपना घर बदल लिया। // 3. मैंने ध्यान हटा लिया है।
Shine / Shone / Shone,Day 137,Beginner,ஒளிர் / ஒளிர்ந்தேன் / ஒளிர்ந்துள்ளேன்,चमकना / चमका / चमक चुका,1. Stars shine. // 2. The sun shone. // 3. My shoes have shone.,1. நட்சத்திரங்கள் ஒளிர்கின்றன. // 2. சூரியன் பிரகாசித்தது. // 3. என் காலணிகள் மின்னின.,1. तारे चमकते हैं। // 2. सूरज चमका। // 3. मेरे जूते चमक उठे हैं।
Shock / Shocked / Shocked,Day 137,Beginner,அதிர்ச்சியூட்டு / அதிர்ச்சியூட்டினேன் / அதிர்ச்சியூட்டியுள்ளேன்,हैरान करना / हैरान किया / हैरान कर चुका,1. It shocks me. // 2. The news shocked him. // 3. I have been shocked.,1. இது எனக்கு அதிர்ச்சியளிக்கிறது. // 2. செய்தி அவருக்கு அதிர்ச்சியளித்தது. // 3. நான் அதிர்ச்சியடைந்தேன்.,1. यह मुझे चौंका देता है। // 2. खबर ने उसे चौंका दिया। // 3. मुझे गहरा धक्का लगा है।
Apply / Applied / Applied,Day 137,Beginner,விண்ணப்பி / விண்ணப்பித்தேன் / விண்ணப்பித்துள்ளேன்,आवेदन करना / आवेदन किया / आवेदन कर चुका,1. Apply for a visa. // 2. He applied oil. // 3. I have applied logic.,1. விசாவிற்கு விண்ணப்பிக்கவும். // 2. அவர் எண்ணெய் தேய்த்தார். // 3. நான் தர்க்கத்தைப் பயன்படுத்தியுள்ளேன்.,1. वीजा के लिए आवेदन करें। // 2. उसने तेल लगाया। // 3. मैंने तर्क लागू किया है।
Affect / Affected / Affected,Day 137,Beginner,பாதி / பாதித்தேன் / பாதித்துள்ளேன்,प्रभाव डालना / प्रभाव डाला / प्रभाव डाल चुका,1. Weather affects crops. // 2. It affected health. // 3. Smoke has affected eyes.,1. வானிலை பயிர்களைப் பாதிக்கிறது. // 2. அது ஆரோக்கியத்தைப் பாதித்தது. // 3. புகை கண்களைப் பாதித்துள்ளது.,1. मौसम फसलों को प्रभावित करता है। // 2. इसने स्वास्थ्य को प्रभावित किया। // 3. धुएं ने आँखों को प्रभावित किया है।
Alert / Alerted / Alerted,Day 138,Beginner,எச்சரி / எச்சரித்தேன் / எச்சரித்துள்ளேன்,सतर्क करना / सतर्क किया / सतर्क कर चुका,1. Alert the police. // 2. He alerted us. // 3. I have alerted the staff.,1. போலீசாருக்குத் தகவல் தெரிவிக்கவும். // 2. அவர் எங்களை எச்சரித்தார். // 3. நான் ஊழியர்களை எச்சரித்துள்ளேன்.,1. पुलिस को सतर्क करें। // 2. उसने हमें सतर्क किया। // 3. मैंने कर्मचारियों को सतर्क कर दिया है।
Alter / Altered / Altered,Day 138,Beginner,மாறுதல் செய் / செய்தேன் / செய்துள்ளேன்,बदलना / बदला / बदल चुका,1. Alter the plan. // 2. She altered the dress. // 3. I have altered the text.,1. திட்டத்தை மாற்று. // 2. அவள் உடையை மாற்றியமைத்தாள். // 3. நான் உரையை மாற்றியுள்ளேன்.,1. योजना बदलें। // 2. उसने ड्रेस बदल दी। // 3. मैंने टेक्स्ट बदल दिया है।
Appeal / Appealed / Appealed,Day 138,Beginner,முறையிடு / முறையிட்டேன் / முறையிட்டுள்ளேன்,अपील करना / अपील की / अपील कर चुका,1. I appeal to you. // 2. He appealed in court. // 3. They have appealed.,1. நான் உங்களிடம் கோருகிறேன். // 2. அவர் நீதிமன்றத்தில் முறையிட்டார். // 3. அவர்கள் மேல்முறையீடு செய்துள்ளனர்.,1. मैं आपसे अपील करता हूँ। // 2. उसने कोर्ट में अपील की। // 3. उन्होंने अपील की है।
Approach / Approached / Approached,Day 138,Beginner,அணுகு / அணுகினேன் / அணுகியுள்ளேன்,संपर्क करना / संपर्क किया / संपर्क कर चुका,1. I approach the gate. // 2. He approached me. // 3. Winter has approached.,1. நான் கேட்டை அணுகுகிறேன். // 2. அவர் என்னை அணுகினார். // 3. குளிர் காலம் வந்துவிட்டது.,1. मैं गेट के पास जाता हूँ। // 2. उसने मुझसे संपर्क किया। // 3. सर्दी आ गई है।
Arise / Arose / Arisen,Day 138,Beginner,எழு / எழுந்தேன் / எழுந்துள்ளேன்,उठना / उठा / उठ चुका,1. Problems arise. // 2. A doubt arose. // 3. Questions have arisen.,1. பிரச்சனைகள் எழுகின்றன. // 2. ஒரு சந்தேகம் எழுந்தது. // 3. கேள்விகள் எழுந்துள்ளன.,1. समस्याएँ उत्पन्न होती हैं। // 2. एक संदेह पैदा हुआ। // 3. सवाल खड़े हो गए हैं।
Attain / Attained / Attained,Day 139,Beginner,அடை / அடைந்தேன் / அடைந்துள்ளேன்,प्राप्त करना / प्राप्त किया / प्राप्त कर चुका,1. Attain success. // 2. He attained goals. // 3. I have attained peace.,1. வெற்றியை அடை. // 2. அவர் இலக்குகளை அடைந்தார். // 3. நான் அமைதியை அடைந்துள்ளேன்.,1. सफलता प्राप्त करें। // 2. उसने लक्ष्य हासिल किए। // 3. मुझे शांति मिल गई है।
Award / Awarded / Awarded,Day 139,Beginner,விருது வழங்கு / வழங்கினேன் / வழங்கியுள்ளேன்,पुरस्कार देना / पुरस्कार दिया / पुरस्कार दे चुका,1. Award a prize. // 2. They awarded him. // 3. I have awarded points.,1. பரிசு வழங்கவும். // 2. அவர்கள் அவருக்கு விருது வழங்கினர். // 3. நான் புள்ளிகளை வழங்கியுள்ளேன்.,1. पुरस्कार दें। // 2. उन्होंने उसे सम्मानित किया। // 3. मैंने अंक दे दिए हैं।
Greet / Greeted / Greeted,Day 139,Beginner,வாழ்த்து / வாழ்த்தினேன் / வாழ்த்தியுள்ளேன்,अभिनंदन करना / अभिनंदन किया / अभिनंदन कर चुका,1. Greet the guests. // 2. He greeted me. // 3. I have greeted them.,1. விருந்தினர்களை வரவேற்கவும். // 2. அவர் என்னை வாழ்த்தினார். // 3. நான் அவர்களை வாழ்த்தினேன்.,1. मेहमानों का अभिवादन करें। // 2. उसने मेरा स्वागत किया। // 3. मैंने उनका अभिवादन किया है।
Back / Backed / Backed,Day 139,Beginner,பின்வாங்கு / பின்வாங்கினேன் / பின்வாங்கியுள்ளேன்,पीछे हटना / पीछे हटा / पीछे हट चुका,1. Back the car. // 2. He backed the project. // 3. I have backed up.,1. காரைப் பின்னால் எடு. // 2. அவர் திட்டத்தை ஆதரித்தார். // 3. நான் பேக்-அப் எடுத்துள்ளேன்.,1. कार पीछे लें। // 2. उसने प्रोजेक्ट का समर्थन किया। // 3. मैंने बैकअप ले लिया है।
Guide / Guided / Guided,Day 139,Beginner,வழிகாட்டு / வழிகாட்டினேன் / வழிகாட்டியுள்ளேன்,मार्गदर्शन करना / मार्गदर्शन किया / मार्गदर्शन कर चुका,1. Guide the students. // 2. He guided us. // 3. I have guided many.,1. மாணவர்களுக்கு வழிகாட்டுங்கள். // 2. அவர் எங்களுக்கு வழிகாட்டினார். // 3. நான் பலருக்கு வழிகாட்டியுள்ளேன்.,1. छात्रों का मार्गदर्शन करें। // 2. उसने हमारा मार्गदर्शन किया। // 3. मैंने कई लोगों को रास्ता दिखाया है।
Bar / Barred / Barred,Day 140,Beginner,தடு / தடுத்தேன் / தடுத்துள்ளேன்,रोकना / रोका / रोक चुका,1. Bar the entrance. // 2. They barred him. // 3. Entry has been barred.,1. நுழைவாயிலைத் தடு. // 2. அவர்கள் அவரைத் தடுத்தார்கள். // 3. நுழைவு தடுக்கப்பட்டுள்ளது.,1. प्रवेश द्वार बंद करें। // 2. उन्होंने उसे रोक दिया। // 3. प्रवेश वर्जित कर दिया गया है।
Blend / Blended / Blended,Day 140,Beginner,கல / கலந்தேன் / கலந்துள்ளேன்,मिलाना / मिलाया / मिला चुका,1. Blend the fruits. // 2. He blended in. // 3. I have blended spices.,1. பழங்களை ஒன்றாகக் கலக்கவும். // 2. அவர் கூட்டத்தோடு கலந்தார். // 3. நான் மசாலாக்களைக் கலந்துள்ளேன்.,1. फलों को मिलाएं। // 2. वह घुलमिल गया। // 3. मैंने मसाले मिला दिए हैं।
Blow / Blew / Blown,Day 140,Beginner,ஊது / ஊதினேன் / ஊதியுள்ளேன்,फूँकना / फूँका / फूँक चुका,1. Blow the candle. // 2. Winds blew hard. // 3. I have blown the horn.,1. மெழுகுவர்த்தியை ஊது. // 2. காற்று பலமாக வீசியது. // 3. நான் ஹார்ன் அடித்துள்ளேன்.,1. मोमबत्ती बुझाओ। // 2. हवाएं तेज चलीं। // 3. मैंने हॉर्न बजाया है।
Blur / Blurred / Blurred,Day 140,Beginner,மங்கலாக்கு / மங்கலாக்கினேன் / மங்கலாக்கியுள்ளேன்,धुंधला करना / धुंधला किया / धुंधला कर चुका,1. Dust blurs vision. // 2. It blurred out. // 3. The image has blurred.,1. தூசி பார்வையை மங்கலாக்குகிறது. // 2. அது மங்கலாகத் தெரிந்தது. // 3. படம் மங்கலாகிவிட்டது.,1. धूल से दृष्टि धुंधली हो जाती है। // 2. यह धुंधला हो गया। // 3. तस्वीर धुंधली हो गई है।
Boost / Boosted / Boosted,Day 140,Beginner,ஊக்கப்படுத்து / ஊக்கப்படுத்தினேன் / ஊக்கப்படுத்தியுள்ளேன்,बढ़ावा देना / बढ़ावा दिया / बढ़ावा दे चुका,1. Boost the signal. // 2. He boosted morale. // 3. Sales have boosted.,1. சிக்னலை அதிகப்படுத்து. // 2. அவர் மன உறுதியைத் தூண்டினார். // 3. விற்பனை அதிகரித்துள்ளது.,1. सिग्नल बढ़ाएं। // 2. उसने मनोबल बढ़ाया। // 3. बिक्री बढ़ गई है।
Bother / Bothered / Bothered,Day 141,Beginner,தொந்தரவு செய் / செய்தேன் / செய்துள்ளேன்,परेशान करना / परेशान किया / परेशान कर चुका,1. Don't bother me. // 2. It bothered him. // 3. I have been bothered.,1. என்னைத் தொந்தரவு செய்யாதே. // 2. அது அவரை வருத்தியது. // 3. நான் தொந்தரவு செய்யப்பட்டேன்.,1. मुझे परेशान मत करो। // 2. इसने उसे परेशान किया। // 3. मुझे परेशानी हुई है।
Brand / Branded / Branded,Day 141,Beginner,முத்திரையிடு / முத்திரையிட்டேன் / முத்திரையிட்டுள்ளேன்,छाप लगाना / छाप लगाई / छाप लगा चुका,1. Brand the product. // 2. He branded the cattle. // 3. I have branded it.,1. பொருளுக்கு முத்திரையிடு. // 2. அவர் கால்நடைகளுக்கு முத்திரையிட்டார். // 3. நான் அதை பிராண்ட் செய்துள்ளேன்.,1. उत्पाद को ब्रांड करें। // 2. उसने मवेशियों पर निशान लगाया। // 3. मैंने इसे ब्रांड कर दिया है।
Hand / Handed / Handed,Day 141,Beginner,கையில் கொடு / கொடுத்தேன் / கொடுத்துள்ளேன்,सौंपना / सौंपा / सौंप चुका,1. Hand it to me. // 2. He handed the keys. // 3. I have handed the note.,1. அதை என்னிடம் கொடு. // 2. அவர் சாவிகளை ஒப்படைத்தார். // 3. நான் குறிப்பை வழங்கினேன்.,1. इसे मुझे सौंप दो। // 2. उसने चाबियाँ थमा दीं। // 3. मैंने नोट दे दिया है।
Handle / Handled / Handled,Day 141,Beginner,கையாளு / கையாண்டேன் / கையாண்டுள்ளேன்,संभालना / संभाला / संभाल चुका,1. Handle with care. // 2. He handled the crisis. // 3. I have handled it.,1. கவனமாகக் கையாளுங்கள். // 2. அவர் நெருக்கடியைச் சமாளித்தார். // 3. நான் அதைக் கையாண்டுள்ளேன்.,1. सावधानी से संभालें। // 2. उसने संकट को संभाला। // 3. मैंने इसे संभाल लिया है।
Broadcast / Broadcast / Broadcast,Day 141,Beginner,ஒளிபரப்பு / ஒளிபரப்பினேன் / ஒளிபரப்பியுள்ளேன்,प्रसारित करना / प्रसारित किया / प्रसारित कर चुका,1. I broadcast news. // 2. He broadcast the show. // 3. It has broadcast live.,1. நான் செய்திகளை ஒளிபரப்புகிறேன். // 2. அவர் நிகழ்ச்சியை ஒளிபரப்பினார். // 3. அது நேரலையாக ஒளிபரப்பப்பட்டது.,1. मैं समाचार प्रसारित करता हूँ। // 2. उसने शो प्रसारित किया। // 3. यह लाइव प्रसारित हुआ है।
Burst / Burst / Burst,Day 142,Beginner,வெடி / வெடித்தேன் / வெடித்துள்ளேன்,फटना / फटा / फट चुका,1. Balloons burst. // 2. The pipe burst. // 3. It has burst open.,1. பலூன்கள் வெடிக்கும். // 2. குழாய் வெடித்தது. // 3. அது வெடித்துத் திறந்தது.,1. गुब्बारे फट जाते हैं। // 2. पाइप फट गया। // 3. यह फट कर खुल गया है।
Harm / Harmed / Harmed,Day 142,Beginner,தீங்கு விளைவி / விளைவித்தேன் / விளைவித்துள்ளேன்,नुकसान पहुँचाना / नुकसान पहुँचाया / नुकसान पहुँचा चुका,1. Don't harm trees. // 2. It harmed nobody. // 3. I have harmed no one.,1. மரங்களுக்குத் தீங்கு செய்யாதே. // 2. அது யாருக்கும் தீங்கு செய்யவில்லை. // 3. நான் யாருக்கும் தீங்கு செய்யவில்லை.,1. पेड़ों को नुकसान न पहुँचाएं। // 2. इसने किसी को नुकसान नहीं पहुँचाया। // 3. मैंने किसी को चोट नहीं पहुँचाई है।
Button / Buttoned / Buttoned,Day 142,Beginner,பொத்தானை இடு / இட்டேன் / இட்டுள்ளேன்,बटन लगाना / बटन लगाया / बटन लगा चुका,1. Button the shirt. // 2. He buttoned up. // 3. I have buttoned it.,1. சட்டையின் பொத்தானைப் போடு. // 2. அவர் பொத்தான் போட்டார். // 3. நான் பொத்தான் போட்டுள்ளேன்.,1. शर्ट के बटन लगाओ। // 2. उसने बटन बंद किए। // 3. मैंने बटन लगा लिए हैं।
Calm / Calmed / Calmed,Day 142,Beginner,அமைதிப்படுத்து / அமைதிப்படுத்தினேன் / அமைதிப்படுத்தியுள்ளேன்,शांत करना / शांत किया / शांत कर चुका,1. Calm the baby. // 2. He calmed down. // 3. I have calmed the crowd.,1. குழந்தையை அமைதிப்படுத்து. // 2. அவர் அமைதியடைந்தார். // 3. நான் கூட்டத்தை அமைதிப்படுத்தினேன்.,1. बच्चे को शांत करें। // 2. वह शांत हो गया। // 3. मैंने भीड़ को शांत कर दिया है।
Capture / Captured / Captured,Day 142,Beginner,கைப்பற்று / கைப்பற்றினேன் / கைப்பற்றியுள்ளேன்,पकड़ना / पकड़ा / पकड़ चुका,1. Capture the moment. // 2. He captured the bird. // 3. I have captured photos.,1. தருணத்தைச் சேமி (capture). // 2. அவர் பறவையைப் பிடித்தார். // 3. நான் புகைப்படங்களை எடுத்துள்ளேன்.,1. पल को कैद करें। // 2. उसने पक्षी को पकड़ लिया। // 3. मैंने फोटो खींच लिए हैं।
Heat / Heated / Heated,Day 143,Beginner,சூடாக்கு / சூடாக்கினேன் / சூடாக்கியுள்ளேன்,गरम करना / गरम किया / गरम कर चुका,1. Heat the milk. // 2. He heated the pan. // 3. I have heated the water.,1. பாலைச் சூடாக்கு. // 2. அவர் பாத்திரத்தைச் சூடாக்கினார். // 3. நான் தண்ணீரைச் சூடாக்கியுள்ளேன்.,1. दूध गर्म करें। // 2. उसने पैन गर्म किया। // 3. मैंने पानी गर्म कर लिया है।
Hire / Hired / Hired,Day 143,Beginner,வேலைக்கு எடு / எடுத்தேன் / எடுத்துள்ளேன்,काम पर रखना / रखा / रख चुका,1. Hire a taxi. // 2. They hired him. // 3. I have hired help.,1. டாக்ஸியை வாடகைக்கு எடு. // 2. அவர்கள் அவரை வேலைக்கு எடுத்தனர். // 3. நான் உதவிக்கு ஆள் எடுத்துள்ளேன்.,1. टैक्सी किराए पर लें। // 2. उन्होंने उसे काम पर रखा। // 3. मैंने मदद के लिए आदमी रखा है।
Cite / Cited / Cited,Day 143,Beginner,மேற்கோள் காட்டு / காட்டினேன் / காட்டியுள்ளேன்,हवाला देना / हवाला दिया / हवाला दे चुका,1. Cite the source. // 2. He cited a poem. // 3. I have cited your name.,1. ஆதாரத்தைக் குறிப்பிடு. // 2. அவர் ஒரு கவிதையை மேற்கோள் காட்டினார். // 3. நான் உங்கள் பெயரைக் குறிப்பிட்டுள்ளேன்.,1. स्रोत का हवाला दें। // 2. उसने एक कविता उद्धृत की। // 3. मैंने आपके नाम का उल्लेख किया है।
Clarify / Clarified / Clarified,Day 143,Beginner,தெளிவுபடுத்து / தெளிவுபடுத்தினேன் / தெளிவுபடுத்தியுள்ளேன்,स्पष्ट करना / स्पष्ट किया / स्पष्ट कर चुका,1. Clarify the doubt. // 2. He clarified the rule. // 3. I have clarified it.,1. சந்தேகத்தைத் தெளிவுபடுத்து. // 2. அவர் விதியை விளக்கினார். // 3. நான் அதைத் தெளிவுபடுத்தினேன்.,1. संदेह स्पष्ट करें। // 2. उसने नियम स्पष्ट किया। // 3. मैंने इसे स्पष्ट कर दिया है।
Clash / Clashed / Clashed,Day 143,Beginner,மோது / மோதினேன் / மோதியுள்ளேன்,टकराना / टकराया / टकरा चुका,1. Opinions clash. // 2. They clashed today. // 3. We have clashed before.,1. கருத்துக்கள் மோதிக் கொள்கின்றன. // 2. அவர்கள் இன்று மோதினார்கள். // 3. நாங்கள் முன்பே மோதியிருக்கிறோம்.,1. राय टकराती हैं। // 2. वे आज भिड़ गए। // 3. हम पहले भी भिड़ चुके हैं।
Clip / Clipped / Clipped,Day 144,Beginner,நறுக்கு / நறுக்கினேன் / நறுக்கியுள்ளேன்,काटना / काटा / काट चुका,1. Clip the papers. // 2. He clipped the wire. // 3. I have clipped the hair.,1. காகிதங்களை ஒன்றாக இணை (clip). // 2. அவர் கம்பியை வெட்டினார். // 3. நான் முடியை வெட்டியுள்ளேன்.,1. कागजों को क्लिप करें। // 2. उसने तार काट दिया। // 3. मैंने बाल काट लिए हैं।
Hunt / Hunted / Hunted,Day 144,Beginner,வேட்டையாடு / வேட்டையாடினேன் / வேட்டையாடியுள்ளேன்,शिकार करना / शिकार किया / शिकार कर चुका,1. They hunt lions. // 2. He hunted deer. // 3. I have hunted for a job.,1. அவர்கள் சிங்கங்களை வேட்டையாடுகிறார்கள். // 2. அவர் மான் வேட்டையாடினார். // 3. நான் வேலை தேடி அலைந்தேன் (hunt).,1. वे शेरों का शिकार करते हैं। // 2. उसने हिरण का शिकार किया। // 3. मैंने नौकरी की तलाश की है।
Collapse / Collapsed / Collapsed,Day 144,Beginner,சரிந்து விழு / விழுந்தேன் / விழுந்துள்ளேன்,ढहना / ढहा / ढह चुका,1. Buildings collapse. // 2. He collapsed today. // 3. The bridge has collapsed.,1. கட்டிடங்கள் இடிந்து விழும். // 2. அவர் இன்று மயங்கி விழுந்தார். // 3. பாலம் இடிந்து விழுந்தது.,1. इमारतें ढह जाती हैं। // 2. वह आज बेहोश होकर गिर पड़ा। // 3. पुल ढह गया है।
Combat / Combated / Combated,Day 144,Beginner,போராடு / போராடினேன் / போராடியுள்ளேன்,मुकाबला करना / मुकाबला किया / मुकाबला कर चुका,1. Combat the virus. // 2. They combated evil. // 3. I have combated fear.,1. வைரஸை எதிர்த்துப் போராடு. // 2. அவர்கள் தீமையை எதிர்த்தனர். // 3. நான் பயத்தை வென்றுள்ளேன்.,1. वायरस से लड़ें। // 2. उन्होंने बुराई का मुकाबला किया। // 3. मैंने डर का मुकाबला किया है।
Comment / Commented / Commented,Day 144,Beginner,கருத்து கூறு / கூறினேன் / கூறியுள்ளேன்,टिप्पणी करना / टिप्पणी की / टिप्पणी कर चुका,1. Comment on it. // 2. He commented well. // 3. I have commented.,1. இதைப் பற்றி கருத்துச் சொல். // 2. அவர் நன்றாகக் கருத்துத் தெரிவித்தார். // 3. நான் கருத்துத் தெரிவித்துள்ளேன்.,1. इस पर टिप्पणी करें। // 2. उसने अच्छी टिप्पणी की। // 3. मैंने टिप्पणी कर दी है।
Commit / Committed / Committed,Day 145,Beginner,ஒப்படை / ஒப்படைத்தேன் / ஒப்படைத்துள்ளேன்,प्रतिबद्ध होना / प्रतिबद्ध हुआ / प्रतिबद्ध हो चुका,1. Commit to work. // 2. He committed a crime. // 3. I have committed.,1. வேலையில் உறுதியாக இரு. // 2. அவர் ஒரு குற்றம் செய்தார். // 3. நான் உறுதி கொடுத்துள்ளேன்.,1. काम के प्रति समर्पित रहें। // 2. उसने अपराध किया। // 3. मैंने वादा किया है।
Compel / Compelled / Compelled,Day 145,Beginner,கட்டாயப்படுத்து / கட்டாயப்படுத்தினேன் / கட்டாயப்படுத்தியுள்ளேன்,मजबूर करना / मजबूर किया / मजबूर कर चुका,1. Don't compel me. // 2. It compelled him. // 3. I have been compelled.,1. என்னை வற்புறுத்தாதே. // 2. அது அவரைத் தூண்டியது (வற்புறுத்தியது). // 3. நான் வற்புறுத்தப்பட்டேன்.,1. मुझे मजबूर मत करो। // 2. इसने उसे मजबूर किया। // 3. मुझे मजबूर किया गया है।
Compensate / Compensated / Compensated,Day 145,Beginner,ஈடுசெய் / செய்தேன் / செய்துள்ளேன்,भरपाई करना / भरपाई की / भरपाई कर चुका,1. Compensate the loss. // 2. He compensated me. // 3. I have compensated.,1. இழப்பீடு வழங்கு. // 2. அவர் எனக்கு ஈடுசெய்தார். // 3. நான் ஈடுசெய்துள்ளேன்.,1. नुकसान की भरपाई करें। // 2. उसने मुझे मुआवजा दिया। // 3. मैंने भरपाई कर दी है।
Compose / Composed / Composed,Day 145,Beginner,இயற்று / இயற்றினேன் / இயற்றியுள்ளேன்,रचना करना / रचना की / रचना कर चुका,1. Compose a song. // 2. He composed a letter. // 3. I have composed puja.,1. ஒரு பாடலை உருவாக்கு. // 2. அவர் ஒரு கடிதம் எழுதினார். // 3. நான் பூஜையை நடத்தினேன் (composed).,1. एक गाना लिखें। // 2. उसने एक पत्र लिखा। // 3. मैंने पूजा संपन्न की है।
Compute / Computed / Computed,Day 145,Beginner,கணக்கிடு / கணக்கிட்டேன் / கணக்கிட்டுள்ளேன்,गणना करना / गणना की / गणना कर चुका,1. Compute the sum. // 2. He computed the tax. // 3. I have computed all.,1. தொகையைக் கணக்கிடு. // 2. அவர் வரியைக் கணக்கிட்டார். // 3. நான் அனைத்தையும் கணக்கிட்டுள்ளேன்.,1. योग की गणना करें। // 2. उसने टैक्स की गणना की। // 3. मैंने सब कुछ गिन लिया है।
Conceal / Concealed / Concealed,Day 146,Beginner,மறை / மறைத்தேன் / மறைத்துள்ளேன்,छिपाना / छिपाया / छिपा चुका,1. Conceal the truth. // 2. He concealed weapons. // 3. I have concealed it.,1. உண்மையை மறை. // 2. அவர் ஆயுதங்களை மறைத்து வைத்தார். // 3. நான் அதை மறைத்துள்ளேன்.,1. सच मत छुपाओ। // 2. उसने हथियार छुपाए। // 3. मैंने इसे छुपा लिया है।
Import / Imported / Imported,Day 146,Beginner,இறக்குமதி செய் / செய்தேன் / செய்துள்ளேன்,आयात करना / आयात किया / आयात कर चुका,1. I import cars. // 2. He imported silk. // 3. We have imported data.,1. நான் கார்களை இறக்குமதி செய்கிறேன். // 2. அவர் பட்டு இறக்குமதி செய்தார். // 3. நாங்கள் தரவை இறக்குமதி செய்துள்ளோம்.,1. मैं कार आयात करता हूँ। // 2. उसने रेशम आयात किया। // 3. हमने डेटा आयात किया है।
Conflict / Conflicted / Conflicted,Day 146,Beginner,முரண்படு / முரண்பட்டேன் / முரண்பட்டுள்ளேன்,संघर्ष करना / संघर्ष किया / संघर्ष कर चुका,1. Ideas conflict. // 2. Dates conflicted. // 3. We have conflicted.,1. கருத்துக்கள் முரண்படுகின்றன. // 2. தேதிகள் ஒன்றோடொன்று மோதின. // 3. நாங்கள் முரண்பட்டுள்ளோம்.,1. विचार आपस में टकराते हैं। // 2. तारीखों में टकराव था। // 3. हमारा विवाद हुआ है।
Confront / Confronted / Confronted,Day 146,Beginner,எதிர்கொள் / எதிர்கொண்டேன் / எதிர்கொண்டுள்ளேன்,सामना करना / सामना किया / सामना कर चुका,1. Confront the enemy. // 2. He confronted her. // 3. I have confronted it.,1. எதிரியை எதிர்கொள். // 2. அவர் அவளை நேருக்கு நேர் சந்தித்தார். // 3. நான் அதை எதிர்கொண்டுள்ளேன்.,1. दुश्मन का सामना करें। // 2. उसने उसका सामना किया। // 3. मैंने इसका सामना किया है।
Impress / Impressed / Impressed,Day 146,Beginner,கவர் / கவர்ந்தேன் / கவர்ந்துள்ளேன்,प्रभावित करना / प्रभावित किया / प्रभावित कर चुका,1. Impress the boss. // 2. He impressed us. // 3. I have been impressed.,1. மேலதிகாரியை கவரவும் (ஈர்க்கவும்). // 2. அவர் எங்களை ஈர்த்தார். // 3. நான் ஈர்க்கப்பட்டேன்.,1. बॉस को प्रभावित करें। // 2. उसने हमें प्रभावित किया। // 3. मैं प्रभावित हुआ हूँ।
Consent / Consented / Consented,Day 147,Beginner,சம்மதி / சம்மதித்தேன் / சம்மதித்துள்ளேன்,सहमति देना / सहमति दी / सहमति दे चुका,1. I consent. // 2. He consented to go. // 3. She has consented.,1. நான் சம்மதிக்கிறேன். // 2. அவர் செல்லச் சம்மதித்தார். // 3. அவள் சம்மதித்துவிட்டாள்.,1. मैं सहमत हूँ। // 2. वह जाने के लिए राजी हो गया। // 3. उसने सहमति दे दी है।
Conserve / Conserved / Conserved,Day 147,Beginner,பாதுகா / பாதுகாத்தேன் / பாதுகாத்துள்ளேன்,संरक्षण करना / संरक्षण किया / संरक्षण कर चुका,1. Conserve energy. // 2. He conserved water. // 3. We have conserved it.,1. ஆற்றலைச் சேமிக்கவும். // 2. அவர் தண்ணீரைச் சேமித்தார். // 3. நாங்கள் அதைச் சேமித்துள்ளோம்.,1. ऊर्जा बचाएं। // 2. उसने पानी बचाया। // 3. हमने इसे सुरक्षित रखा है।
Console / Consoled / Consoled,Day 147,Beginner,ஆறுதல் கூறு / கூறினேன் / கூறியுள்ளேன்,दिलासा देना / दिलासा दिया / दिलासा दे चुका,1. Console the child. // 2. He consoled me. // 3. I have consoled him.,1. குழந்தைக்கு ஆறுதல் கூறு. // 2. அவர் எனக்கு ஆறுதல் கூறினார். // 3. நான் அவருக்கு ஆறுதல் கூறினேன்.,1. बच्चे को दिलासा दें। // 2. उसने मुझे सांत्वना दी। // 3. मैंने उसे दिलासा दिया है।
Consume / Consumed / Consumed,Day 147,Beginner,நுகர் / நுகர்ந்தேன் / நுகர்ந்துள்ளேன்,उपभोग करना / उपभोग किया / उपभोग कर चुका,1. Consume healthy food. // 2. He consumed alcohol. // 3. I have consumed it.,1. சத்தான உணவை உட்கொள். // 2. அவர் மது அருந்தினார். // 3. நான் அதை உட்கொண்டேன்.,1. स्वस्थ भोजन का सेवन करें। // 2. उसने शराब का सेवन किया। // 3. मैंने इसका सेवन कर लिया है।
Contact / Contacted / Contacted,Day 147,Beginner,தொடர்பு கொள் / கொண்டேன் / கொண்டுள்ளேன்,संपर्क करना / संपर्क किया / संपर्क कर चुका,1. Contact the office. // 2. He contacted me. // 3. I have contacted them.,1. அலுவலகத்தைத் தொடர்புகொள்ளவும். // 2. அவர் என்னைத் தொடர்புகொண்டார். // 3. நான் அவர்களைத் தொடர்புகொண்டேன்.,1. कार्यालय से संपर्क करें। // 2. उसने मुझसे संपर्क किया। // 3. मैंने उनसे संपर्क कर लिया है।
Contend / Contended / Contended,Day 148,Beginner,போராடு / போராடினேன் / போராடியுள்ளேன்,संघर्ष करना / संघर्ष किया / संघर्ष कर चुका,1. I contend that. // 2. He contended well. // 3. We have contended.,1. நான் அதை வாதிடுகிறேன். // 2. அவர் நன்றாகப் போட்டியிட்டார் (வாதிட்டார்). // 3. நாங்கள் போட்டியிட்டோம்.,1. मेरा तर्क है कि। // 2. उसने अच्छा संघर्ष किया। // 3. हमने मुकाबला किया है।
Contest / Contested / Contested,Day 148,Beginner,போட்டியிடு / போட்டியிட்டேன் / போட்டியிட்டுள்ளேன்,चुनाव लड़ना / चुनाव लड़ा / चुनाव लड़ चुका,1. Contest the result. // 2. He contested polls. // 3. I have contested it.,1. முடிவை எதிர்த்துப் போட்டியிடு. // 2. அவர் தேர்தலில் போட்டியிட்டார். // 3. நான் அதை எதிர்த்துள்ளேன்.,1. परिणाम को चुनौती दें। // 2. उसने चुनाव लड़ा। // 3. मैंने इसे चुनौती दी है।
Contract / Contracted / Contracted,Day 148,Beginner,ஒப்பந்தம் செய் / செய்தேன் / செய்துள்ளேன்,अनुबंध करना / अनुबंध किया / अनुबंध कर चुका,1. Metal contracts. // 2. He contracted flu. // 3. I have contracted.,1. உலோகம் சுருங்கும். // 2. அவருக்குக் காய்ச்சல் வந்தது (contracted). // 3. நான் ஒப்பந்தம் செய்துள்ளேன்.,1. धातु सिकुड़ती है। // 2. उसे फ्लू हो गया। // 3. मैंने अनुबंध किया है।
Contrast / Contrasted / Contrasted,Day 148,Beginner,வேறுபடு / வேறுபட்டேன் / வேறுபட்டுள்ளேன்,तुलना करना / तुलना की / तुलना कर चुका,1. Contrast the colors. // 2. It contrasted well. // 3. I have contrasted.,1. வண்ணங்களை வேறுபடுத்திக் காட்டு. // 2. அது நன்றாக வேறுபட்டுத் தெரிந்தது. // 3. நான் ஒப்பிட்டுப் பார்த்தேன்.,1. रंगों की तुलना करें। // 2. इसमें अच्छा अंतर था। // 3. मैंने तुलना की है।
Contribute / Contributed / Contributed,Day 148,Beginner,பங்களி / பங்களித்தேன் / பங்களித்துள்ளேன்,योगदान देना / योगदान दिया / योगदान दे चुका,1. I contribute money. // 2. He contributed time. // 3. I have contributed.,1. நான் பணம் வழங்குகிறேன் (பங்களிக்கிறேன்). // 2. அவர் நேரத்தை ஒதுக்கினார். // 3. நான் பங்களித்துள்ளேன்.,1. मैं पैसा दान करता हूँ। // 2. उसने समय दिया। // 3. मैंने योगदान दिया है।
Convey / Conveyed / Conveyed,Day 149,Beginner,தெரிவி / தெரிவித்தேன் / தெரிவித்துள்ளேன்,पहुँचाना / पहुँचाया / पहुँचा चुका,1. Convey the message. // 2. He conveyed thanks. // 3. I have conveyed info.,1. செய்தியைத் தெரிவி. // 2. அவர் நன்றியைத் தெரிவித்தார். // 3. நான் தகவலைத் தெரிவித்தேன்.,1. संदेश पहुँचाओ। // 2. उसने धन्यवाद दिया। // 3. मैंने सूचना दे दी है।
Inspect / Inspected / Inspected,Day 149,Beginner,ஆய்வு செய் / செய்தேன் / செய்துள்ளேன்,निरीक्षण करना / निरीक्षण किया / निरीक्षण कर चुका,1. Inspect the site. // 2. He inspected files. // 3. I have inspected it.,1. தளத்தைப் பார்வையிடு (ஆய்வு செய்). // 2. அவர் கோப்புகளை ஆய்வு செய்தார். // 3. நான் அதை ஆய்வு செய்தேன்.,1. स्थल का निरीक्षण करें। // 2. उसने फाइलों की जांच की। // 3. मैंने इसका निरीक्षण किया है।
Install / Installed / Installed,Day 149,Beginner,நிறுவு / நிறுவினேன் / நிறுவியுள்ளேன்,स्थापित करना / स्थापित किया / स्थापित कर चुका,1. Install the app. // 2. He installed a fan. // 3. I have installed it.,1. செயலியை நிறுவு (install). // 2. அவர் ஒரு மின்விசிறியைப் பொருத்தினார். // 3. நான் அதை நிறுவியுள்ளேன்.,1. ऐप इंस्टॉल करें। // 2. उसने पंखा लगाया। // 3. मैंने इसे स्थापित कर दिया है।
Counsel / Counseled / Counseled,Day 149,Beginner,ஆலோசனை கூறு / கூறினேன் / கூறியுள்ளேன்,सलाह देना / सलाह दी / सलाह दे चुका,1. Counsel the youth. // 2. He counseled me. // 3. I have counseled him.,1. இளைஞர்களுக்கு ஆலோசனை வழங்கு. // 2. அவர் எனக்கு ஆலோசனை வழங்கினார். // 3. நான் அவருக்கு ஆலோசனை வழங்கினேன்.,1. युवाओं को सलाह दें। // 2. उसने मुझे परामर्श दिया। // 3. मैंने उसे सलाह दी है।
Counter / Countered / Countered,Day 149,Beginner,எதிர்வாதம் செய் / செய்தேன் / செய்துள்ளேன்,विरोध करना / विरोध किया / विरोध कर चुका,1. Counter the attack. // 2. He countered me. // 3. I have countered it.,1. தாக்குதலைத் தற்கா (counter). // 2. அவர் என்னை எதிர்த்துப் பேசினார். // 3. நான் அதைத் தடுத்துவிட்டேன்.,1. हमले का जवाब दें। // 2. उसने मेरा विरोध किया। // 3. मैंने इसका मुकाबला किया है।
Instruct / Instructed / Instructed,Day 150,Beginner,அறிவுறுத்து / அறிவுறுத்தினேன் / அறிவுறுத்தியுள்ளேன்,निर्देश देना / निर्देश दिया / निर्देश दे चुका,1. Instruct the class. // 2. He instructed us. // 3. I have instructed them.,1. வகுப்பிற்கு அறிவுறுத்துங்கள். // 2. அவர் எங்களுக்கு அறிவுறுத்தினார். // 3. நான் அவர்களுக்கு அறிவுறுத்தினேன்.,1. कक्षा को निर्देश दें। // 2. उसने हमें निर्देश दिया। // 3. मैंने उन्हें निर्देश दे दिया है।
Credit / Credited / Credited,Day 150,Beginner,வரவு வை / வைத்தேன் / வைத்துள்ளேன்,जमा करना / जमा किया / जमा कर चुका,1. Credit the amount. // 2. He credited me. // 3. I have credited.,1. தொகையை வரவு வை. // 2. அவர் எனக்குப் பெருமை சேர்த்தார் (credited). // 3. நான் வரவு வைத்துள்ளேன்.,1. राशि जमा करें। // 2. उसने मुझे श्रेय दिया। // 3. मैंने जमा कर दिया है।
Insult / Insulted / Insulted,Day 150,Beginner,அவமதி / அவமதித்தேன் / அவமதித்துள்ளேன்,अपमान करना / अपमान किया / अपमान कर चुका,1. Don't insult him. // 2. He insulted her. // 3. I have been insulted.,1. அவரை அவமதிக்காதே. // 2. அவர் அவளை அவமதித்தார். // 3. நான் அவமதிக்கப்பட்டேன்.,1. उसका अपमान मत करो। // 2. उसने उसका अपमान किया। // 3. मेरा अपमान हुआ है।
Intend / Intended / Intended,Day 150,Beginner,உத்தேசி / உத்தேசித்தேன் / உத்தேசித்துள்ளேன்,इरादा करना / इरादा किया / इरादा कर चुका,1. I intend to go. // 2. He intended help. // 3. I have intended this.,1. நான் செல்ல உத்தேசிக்கிறேன். // 2. அவர் உதவ நினைத்தார். // 3. நான் இதைத் தான் உத்தேசித்தேன்.,1. मेरा जाने का इरादा है। // 2. उसका इरादा मदद करना था। // 3. मेरा यही इरादा था।
Cultivate / Cultivated / Cultivated,Day 150,Beginner,பயிரிடு / பயிரிட்டேன் / பயிரிட்டுள்ளேன்,खेती करना / खेती की / खेती कर चुका,1. Cultivate crops. // 2. He cultivated land. // 3. I have cultivated art.,1. பயிர்களை வளர்ப்போம். // 2. அவர் நிலத்தைப் பயிரிட்டார். // 3. நான் கலையை வளர்த்துள்ளேன்.,1. फसल उगाएं। // 2. उसने भूमि पर खेती की। // 3. मैंने कला विकसित की है।
Interact / Interacted / Interacted,Day 151,Beginner,ஊடாடு / ஊடாடினேன் / ஊடாடியுள்ளேன்,बातचीत करना / बातचीत की / बातचीत कर चुका,1. Interact with all. // 2. He interacted well. // 3. I have interacted.,1. அனைவருடனும் உரையாடு. // 2. அவர் நன்றாக உரையாடினார். // 3. நான் உரையாடியுள்ளேன்.,1. सभी के साथ बातचीत करें। // 2. उसने अच्छी बातचीत की। // 3. मैंने बातचीत की है।
Debate / Debated / Debated,Day 151,Beginner,விவாதி / விவாதித்தேன் / விவாதித்துள்ளேன்,बहस करना / बहस की / बहस कर चुका,1. Debate the topic. // 2. They debated long. // 3. I have debated.,1. தலைப்பைப் பற்றி விவாதி. // 2. அவர்கள் நீண்ட நேரம் விவாதித்தனர். // 3. நான் விவாதித்துள்ளேன்.,1. विषय पर बहस करें। // 2. उन्होंने लंबी बहस की। // 3. मैंने बहस की है।
Declare / Declared / Declared,Day 151,Beginner,அறிவி / அறிவித்தேன் / அறிவித்துள்ளேன்,घोषित करना / घोषित किया / घोषित कर चुका,1. Declare results. // 2. He declared war. // 3. I have declared it.,1. முடிவுகளை அறிவிக்கவும். // 2. அவர் போரை அறிவித்தார். // 3. நான் அதை அறிவித்தேன்.,1. परिणाम घोषित करें। // 2. उसने युद्ध की घोषणा की। // 3. मैंने इसे घोषित कर दिया है।
Interest / Interested / Interested,Day 151,Beginner,ஆர்வம் காட்டு / காட்டினேன் / காட்டியுள்ளேன்,रुचि लेना / रुचि ली / रुचि ले चुका,1. It interests me. // 2. He interested her. // 3. I am interested.,1. இது எனக்கு ஆர்வத்தைத் தருகிறது. // 2. அவர் அவளுக்கு ஆர்வத்தை உண்டாக்கினார். // 3. நான் ஆர்வமாக உள்ளேன்.,1. यह मुझे दिलचस्प लगता है। // 2. उसने उसमें रुचि पैदा की। // 3. मुझे दिलचस्पी है।
Defeat / Defeated / Defeated,Day 151,Beginner,தோற்கடி / தோற்கடித்தேன் / தோற்கடித்துள்ளேன்,हराना / हराया / हरा चुका,1. Defeat the enemy. // 2. He defeated me. // 3. I have defeated fear.,1. எதிரியைத் தோற்கடி. // 2. அவர் என்னைத் தோற்கடித்தார். // 3. நான் பயத்தை வென்றுள்ளேன்.,1. दुश्मन को हराओ। // 2. उसने मुझे हराया। // 3. मैंने डर को हरा दिया है।
Define / Defined / Defined,Day 152,Beginner,வரையறு / வரையறுத்தேன் / வரையறுத்துள்ளேன்,परिभाषित करना / परिभाषित किया / परिभाषित कर चुका,1. Define the word. // 2. He defined the goal. // 3. I have defined it.,1. வார்த்தையை வரையறு. // 2. அவர் இலக்கை வரையறுத்தார். // 3. நான் அதை வரையறுத்துள்ளேன்.,1. शब्द को परिभाषित करें। // 2. उसने लक्ष्य निर्धारित किया। // 3. मैंने इसे परिभाषित किया है।
Deny / Denied / Denied,Day 152,Beginner,மறு / மறுத்தேன் / மறுத்துள்ளேன்,नकारना / नकारा / नकार चुका,1. Don't deny truth. // 2. He denied the gift. // 3. I have denied access.,1. உண்மையை மறுக்காதே. // 2. அவர் பரிசை மறுத்துவிட்டார். // 3. நான் அணுகலை மறுத்துள்ளேன்.,1. सच से इनकार मत करो। // 2. उसने उपहार लेने से इनकार कर दिया। // 3. मैंने अनुमति देने से मना किया है।
Depart / Departed / Departed,Day 152,Beginner,புறப்படு / புறப்பட்டேன் / புறப்பட்டுள்ளேன்,प्रस्थान करना / प्रस्थान किया / प्रस्थान कर चुका,1. Depart at noon. // 2. He departed today. // 3. I have departed.,1. நண்பகலில் புறப்படுங்கள். // 2. அவர் இன்று புறப்பட்டார். // 3. நான் புறப்பட்டுவிட்டேன்.,1. दोपहर में प्रस्थान करें। // 2. वह आज चला गया। // 3. मैं प्रस्थान कर चुका हूँ।
Depict / Depicted / Depicted,Day 152,Beginner,சித்தரி / சித்தரித்தேன் / சித்தரித்துள்ளேன்,चित्रित करना / चित्रित किया / चित्रित कर चुका,1. Depict the scene. // 2. He depicted life. // 3. I have depicted it.,1. காட்சியைச் சித்தரி. // 2. அவர் வாழ்க்கையைச் சித்தரித்தார். // 3. நான் அதைச் சித்தரித்துள்ளேன்.,1. दृश्य का चित्रण करें। // 2. उसने जीवन का चित्रण किया। // 3. मैंने इसका चित्रण किया है।
Interrupt / Interrupted / Interrupted,Day 152,Beginner,இடைமறி / இடைமறித்தேன் / இடைமறித்துள்ளேன்,बाधा डालना / बाधा डाली / बाधा डाल चुका,1. Don't interrupt. // 2. He interrupted me. // 3. I have been interrupted.,1. குறுக்கிடாதே. // 2. அவர் என்னைக் குறுக்கிட்டுப் பேசினார். // 3. நான் இடைமறிக்கப்பட்டேன்.,1. बीच में मत टोको। // 2. उसने मुझे बीच में टोका। // 3. मुझे टोका गया है।
Detail / Detailed / Detailed,Day 153,Beginner,விவரி / விவரித்தேன் / விவரித்துள்ளேன்,विस्तार से बताना / बताया / बता चुका,1. Detail the plan. // 2. He detailed the trip. // 3. I have detailed it.,1. திட்டத்தை விளக்கு. // 2. அவர் பயணத்தை விவரித்தார். // 3. நான் அதை விவரித்துள்ளேன்.,1. योजना का विवरण दें। // 2. उसने यात्रा का विवरण दिया। // 3. मैंने विवरण दे दिया है।
Interview / Interviewed / Interviewed,Day 153,Beginner,நேர்காணல் செய் / செய்தேன் / செய்துள்ளேன்,साक्षात्कार लेना / लिया / ले चुका,1. Interview him. // 2. They interviewed me. // 3. I have interviewed.,1. அவரை நேர்காணல் செய்யுங்கள். // 2. அவர்கள் என்னை நேர்காணல் செய்தனர். // 3. நான் நேர்காணல் செய்துள்ளேன்.,1. उसका साक्षात्कार लें। // 2. उन्होंने मेरा इंटरव्यू लिया। // 3. मैंने इंटरव्यू लिया है।
Differ / Differed / Differed,Day 153,Beginner,மாறுபடு / மாறுபட்டேன் / மாறுபட்டுள்ளேன்,अलग होना / अलग हुआ / अलग हो चुका,1. Views differ. // 2. It differed a lot. // 3. We have differed.,1. பார்வைகள் மாறுபடுகின்றன. // 2. அது மிகவும் மாறுபட்டது. // 3. நாங்கள் மாறுபட்டுள்ளோம்.,1. विचार अलग-अलग होते हैं। // 2. यह बहुत अलग था। // 3. हम असहमत रहे हैं।
Introduce / Introduced / Introduced,Day 153,Beginner,அறிமுகம் செய் / செய்தேன் / செய்துள்ளேன்,परिचय देना / परिचय दिया / परिचय दे चुका,1. Introduce him. // 2. He introduced me. // 3. I have introduced her.,1. அவரை அறிமுகப்படுத்துங்கள். // 2. அவர் என்னை அறிமுகப்படுத்தினார். // 3. நான் அவளை அறிமுகப்படுத்தினேன்.,1. उसका परिचय कराएं। // 2. उसने मेरा परिचय कराया। // 3. मैंने उसका परिचय दिया है।
Discard / Discarded / Discarded,Day 153,Beginner,நிராகரி / நிராகரித்தேன் / நிராகரித்துள்ளேன்,निकाल देना / निकाल दिया / निकाल चुका,1. Discard the waste. // 2. He discarded it. // 3. I have discarded files.,1. கழிவுகளை அகற்று (Discard). // 2. அவர் அதைத் தூக்கி எறிந்தார். // 3. நான் கோப்புகளை நீக்கிவிட்டேன்.,1. कचरा फेंक दो। // 2. उसने इसे त्याग दिया। // 3. मैंने फाइलें हटा दी हैं।
Disclose / Disclosed / Disclosed,Day 154,Beginner,வெளிப்படுத்து / வெளிப்படுத்தினேன் / வெளிப்படுத்தியுள்ளேன்,खुलासा करना / खुलासा किया / खुलासा कर चुका,1. Disclose secrets. // 2. He disclosed info. // 3. I have disclosed it.,1. ரகசியங்களை வெளிப்படுத்து. // 2. அவர் தகவலை வெளியிட்டார். // 3. நான் அதை வெளிப்படுத்தினேன்.,1. राज उजागर करें। // 2. उसने जानकारी दी। // 3. मैंने इसका खुलासा किया है।
Invest / Invested / Invested,Day 154,Beginner,முதலீடு செய் / செய்தேன் / செய்துள்ளேன்,निवेश करना / निवेश किया / निवेश कर चुका,1. Invest money. // 2. He invested today. // 3. I have invested all.,1. பணத்தை முதலீடு செய். // 2. அவர் இன்று முதலீடு செய்தார். // 3. நான் அனைத்தையும் முதலீடு செய்தேன்.,1. पैसा निवेश करें। // 2. उसने आज निवेश किया। // 3. मैंने सब निवेश कर दिया है।
Dispose / Disposed / Disposed,Day 154,Beginner,அப்புறப்படுத்து / அப்புறப்படுத்தினேன் / அப்புறப்படுத்தியுள்ளேன்,निपटाना / निपटाया / निपटा चुका,1. Dispose of dirt. // 2. He disposed trash. // 3. I have disposed it.,1. அழுக்கை அப்புறப்படுத்து. // 2. அவர் குப்பையை அப்புறப்படுத்தினார். // 3. நான் அதை அப்புறப்படுத்தினேன்.,1. गंदगी का निपटान करें। // 2. उसने कचरा फेंक दिया। // 3. मैंने इसका निपटारा कर दिया है।
Involve / Involved / Involved,Day 154,Beginner,ஈடுபடுத்து / ஈடுபடுத்தினேன் / ஈடுபடுத்தியுள்ளேன்,शामिल करना / शामिल किया / शामिल कर चुका,1. Involve everyone. // 2. He involved me. // 3. I have been involved.,1. அனைவரையும் ஈடுபடுத்துங்கள். // 2. அவர் என்னை ஈடுபடுத்தினார். // 3. நான் ஈடுபடுத்தப்பட்டேன்.,1. सभी को शामिल करें। // 2. उसने मुझे शामिल किया। // 3. मैं शामिल रहा हूँ।
Distract / Distracted / Distracted,Day 154,Beginner,திசைதிருப்பு / திசைதிருப்பினேன் / திசைதிருப்பியுள்ளேன்,ध्यान भटकाना / भटकाया / भटका चुका,1. Don't distract me. // 2. It distracted him. // 3. I have been distracted.,1. என் கவனத்தைத் திருப்பாதே. // 2. அது அவர் கவனத்தைத் திசைதிருப்பியது. // 3. என் கவனம் சிதறியது.,1. मेरा ध्यान मत भटकाओ। // 2. इसने उसे विचलित किया। // 3. मेरा ध्यान भटक गया है।
Issue / Issued / Issued,Day 155,Beginner,வழங்கு / வழங்கினேன் / வழங்கியுள்ளேன்,जारी करना / जारी किया / जारी कर चुका,1. Issue an order. // 2. He issued a card. // 3. I have issued a bill.,1. உத்தரவு பிறப்பிக்கவும். // 2. அவர் ஒரு கார்டை வழங்கினார். // 3. நான் பில் வழங்கினேன்.,1. आदेश जारी करें। // 2. उसने कार्ड जारी किया। // 3. मैंने बिल जारी कर दिया है।
Dock / Docked / Docked,Day 155,Beginner,நிறுத்து (கப்பல்) / நிறுத்தினேன் / நிறுத்தியுள்ளேன்,(जहाज) लगाना / लगाया / लगा चुका,1. Dock the boat. // 2. It docked at six. // 3. I have docked the ship.,1. படகினை நிறுத்து (dock). // 2. அது ஆறு மணிக்கு வந்து நின்றது. // 3. நான் கப்பலை நிறுத்தினேன்.,1. नाव को गोदी में लाएं। // 2. यह छह बजे गोदी में लगा। // 3. मैंने जहाज खड़ा कर दिया है।
Jog / Jogged / Jogged,Day 155,Beginner,மெதுவோட்டம் ஓடு / ஓடினேன் / ஓடியுள்ளேன்,धीरे दौड़ना / दौड़ा / दौड़ चुका,1. I jog daily. // 2. He jogged today. // 3. I have jogged 5km.,1. நான் தினமும் மெதுவோட்டம் செய்கிறேன். // 2. அவர் இன்று மெதுவாக ஓடினார். // 3. நான் 5 கிமீ ஓடியுள்ளேன்.,1. मैं रोज जॉगिंग करता हूँ। // 2. उसने आज जॉगिंग की। // 3. मैंने 5 किमी जॉगिंग की है।
Double / Doubled / Doubled,Day 155,Beginner,இரட்டிப்பாக்கு / இரட்டிப்பாக்கினேன் / இரட்டிப்பாக்கியுள்ளேன்,दोगुना करना / दोगुना किया / दोगुना कर चुका,1. Double the profit. // 2. It doubled in size. // 3. I have doubled it.,1. லாபத்தை இரட்டிப்பாக்கு. // 2. அது அளவில் இரட்டிப்பானது. // 3. நான் அதை இரட்டிப்பாக்கினேன்.,1. लाभ दोगुना करें। // 2. यह आकार में दोगुना हो गया। // 3. मैंने इसे दोगुना कर दिया है।
Doubt / Doubted / Doubted,Day 155,Beginner,சந்தேகப்படு / சந்தேகப்பட்டேன் / சந்தேகப்பட்டுள்ளேன்,संदेह करना / संदेह किया / संदेह कर चुका,1. Don't doubt me. // 2. He doubted us. // 3. I have doubted him.,1. என்னைச் சந்தேகப்படாதே. // 2. அவர் எங்களைச் சந்தேகப்பட்டார். // 3. நான் அவரைச் சந்தேகப்பட்டேன்.,1. मुझ पर संदेह मत करो। // 2. उसने हम पर शक किया। // 3. मैंने उस पर संदेह किया है।
Draft / Drafted / Drafted,Day 156,Beginner,வரைவு செய் / செய்தேன் / செய்துள்ளேன்,मसौदा तैयार करना / किया / कर चुका,1. Draft a letter. // 2. He drafted a plan. // 3. I have drafted it.,1. கடிதம் வரைவு செய். // 2. அவர் ஒரு திட்டத்தை வரைந்தார். // 3. நான் வரைவு செய்துள்ளேன்.,1. पत्र का मसौदा तैयार करें। // 2. उसने योजना बनाई। // 3. मैंने मसौदा तैयार कर लिया है।
Judge / Judged / Judged,Day 156,Beginner,தீர்ப்பளி / தீர்ப்பளித்தேன் / தீர்ப்பளித்துள்ளேன்,न्याय करना / न्याय किया / न्याय कर चुका,1. Judge with care. // 2. He judged me. // 3. I have judged him.,1. கவனமாகத் தீர்மானியுங்கள். // 2. அவர் என்னை எடை போட்டார் (judged). // 3. நான் அவரைத் தீர்மானித்தேன்.,1. सावधानी से न्याय करें। // 2. उसने मुझे परखा। // 3. मैंने उसे आंका है।
Land / Landed / Landed,Day 156,Beginner,தரையிறங்கு / தரையிறங்கினேன் / தரையிறங்கியுள்ளேன்,उतरना (जमीन पर) / उतरा / उतर चुका,1. Planes land. // 2. It landed safe. // 3. I have landed today.,1. விமானங்கள் தரையிறங்கும். // 2. அது பாதுகாப்பாகத் தரையிறங்கியது. // 3. நான் இன்று தரை இறங்கினேன்.,1. विमान उतरते हैं। // 2. यह सुरक्षित उतरा। // 3. मैं आज उतरा हूँ।
Launch / Launched / Launched,Day 156,Beginner,தொடங்கு / தொடங்கினேன் / தொடங்கியுள்ளேன்,लॉन्च करना / लॉन्च किया / लॉन्च कर चुका,1. Launch the app. // 2. He launched a boat. // 3. We have launched.,1. செயலியைத் தொடங்கு (launch). // 2. அவர் படகைத் தண்ணீரில் இறக்கினார். // 3. நாங்கள் தொடங்கிவிட்டோம்.,1. ऐप लॉन्च करें। // 2. उसने नाव उतारी। // 3. हमने शुरुआत कर दी है।
Limit / Limited / Limited,Day 156,Beginner,வரம்பிடு / வரம்பிட்டேன் / வரம்பிட்டுள்ளேன்,सीमित करना / सीमित किया / सीमित कर चुका,1. Limit your speed. // 2. He limited his food. // 3. I have limited it.,1. உன் வேகத்தைக் கட்டுப்படுத்து. // 2. அவர் உணவைக் குறைத்துக் கொண்டார். // 3. நான் அதைக் கட்டுப்படுத்தினேன்.,1. अपनी गति सीमित करें। // 2. उसने अपना खाना कम कर दिया। // 3. मैंने इसे सीमित कर दिया है।
Locate / Located / Located,Day 157,Beginner,கண்டுபிடி / கண்டுபிடித்தேன் / கண்டுபிடித்துள்ளேன்,पता लगाना / पता लगाया / पता लगा चुका,1. Locate the shop. // 2. He located the key. // 3. I have located him.,1. கடையைக் கண்டறி. // 2. அவர் சாவியைக் கண்டுபிடித்தார். // 3. நான் அவரைக் கண்டுபிடித்துவிட்டேன்.,1. दुकान ढूंढें। // 2. उसने चाबी ढूंढ ली। // 3. मैंने उसे ढूंढ लिया है।
Link / Linked / Linked,Day 157,Beginner,இணை / இணைத்தேன் / இணைத்துள்ளேன்,जोड़ना / जोड़ा / जोड़ चुका,1. Link the accounts. // 2. He linked them. // 3. I have linked it.,1. கணக்குகளை இணைக்கவும். // 2. அவர் அவற்றை இணைத்தார். // 3. நான் அதை இணைத்துவிட்டேன்.,1. खातों को जोड़ें। // 2. उसने उन्हें जोड़ा। // 3. मैंने इसे जोड़ दिया है।
List / Listed / Listed,Day 157,Beginner,பட்டியலிடு / பட்டியலிட்டேன் / பட்டியலிட்டுள்ளேன்,सूची बनाना / सूची बनाई / सूची बना चुका,1. List the items. // 2. He listed my name. // 3. I have listed all.,1. பொருட்களைப் பட்டியலிடு. // 2. அவர் என் பெயரைப் பட்டியலில் சேர்த்தார். // 3. நான் அனைத்தையும் பட்டியலிட்டேன்.,1. वस्तुओं की सूची बनाएं। // 2. उसने मेरा नाम सूची में रखा। // 3. मैंने सब सूचीबद्ध कर दिया है।
Log / Logged / Logged,Day 157,Beginner,பதிவு செய் / செய்தேன் / செய்துள்ளேன்,दर्ज करना / दर्ज किया / दर्ज कर चुका,1. Log the details. // 2. He logged in. // 3. I have logged it.,1. விவரங்களைப் பதிவு செய். // 2. அவர் உள்ளே நுழைந்தார் (log in). // 3. நான் அதைப் பதிவு செய்தேன்.,1. विवरण दर्ज करें। // 2. उसने लॉग इन किया। // 3. मैंने इसे दर्ज कर लिया है।
Mail / Mailed / Mailed,Day 157,Beginner,தபாலில் அனுப்பு / அனுப்பினேன் / அனுப்பியுள்ளேன்,डाक भेजना / डाक भेजा / डाक भेज चुका,1. Mail the letter. // 2. He mailed it today. // 3. I have mailed him.,1. கடிதத்தை அனுப்பு (mail). // 2. அவர் அதை இன்று அனுப்பினார். // 3. நான் அவருக்கு மின்னஞ்சல் அனுப்பினேன்.,1. पत्र भेजें। // 2. उसने इसे आज भेजा। // 3. मैंने उसे मेल कर दिया है।
Maintain / Maintained / Maintained,Day 158,Beginner,பராமரி / பராமரித்தேன் / பராமரித்துள்ளேன்,बनाए रखना / बनाए रखा / बनाए रख चुका,1. Maintain peace. // 2. He maintained it. // 3. I have maintained.,1. அமைதியைப் பேணவும் (பராமரிக்கவும்). // 2. அவர் அதை அப்படியே வைத்திருந்தார். // 3. நான் பராமரித்து வருகிறேன்.,1. शांति बनाए रखें। // 2. उसने इसे बनाए रखा। // 3. मैंने रखरखाव किया है।
Mark / Marked / Marked,Day 158,Beginner,குறியிடு / குறியிட்டேன் / குறியிட்டுள்ளேன்,निशान लगाना / निशान लगाया / निशान लगा चुका,1. Mark the page. // 2. He marked it red. // 3. I have marked you.,1. பக்கத்தைக் குறிக்கவும். // 2. அவர் சிவப்பு நிறத்தில் குறித்தார். // 3. நான் உன்னைக் கவனித்தேன் (marked).,1. पेज पर निशान लगाएं। // 2. उसने इसे लाल रंग से चिह्नित किया। // 3. मैंने तुम्हें देख लिया है।
Master / Mastered / Mastered,Day 158,Beginner,தேர்ச்சி பெறு / பெற்றேன் / பெற்றுள்ளேன்,महारत हासिल करना / की / कर चुका,1. Master the skill. // 2. He mastered art. // 3. I have mastered it.,1. திறமையில் தேர்ச்சி பெறு. // 2. அவர் கலையில் தேர்ச்சி பெற்றார். // 3. நான் அதில் தேர்ச்சி பெற்றுள்ளேன்.,1. कौशल में महारत हासिल करें। // 2. उसने कला में महारत हासिल की। // 3. मैंने इसमें महारत हासिल कर ली है।
Mend / Mended / Mended,Day 158,Beginner,சரிசெய் / சரிசெய்தேன் / சரிசெய்துள்ளேன்,मरम्मत करना / मरम्मत की / मरम्मत कर चुका,1. Mend the shoes. // 2. He mended a net. // 3. I have mended it.,1. காலணிகளைச் சரிசெய் (தை). // 2. அவர் வலையைச் சரிசெய்தார். // 3. நான் அதைச் சரிசெய்துவிட்டேன்.,1. जूते ठीक करो। // 2. उसने जाल सुधारा। // 3. मैंने इसे ठीक कर दिया है।
Mention / Mentioned / Mentioned,Day 158,Beginner,குறிப்பிடு / குறிப்பிட்டேன் / குறிப்பிட்டுள்ளேன்,उल्लेख करना / उल्लेख किया / उल्लेख कर चुका,1. Mention your name. // 2. He mentioned it. // 3. I have mentioned.,1. உன் பெயரைக் குறிப்பிடு. // 2. அவர் அதைக் குறிப்பிட்டார். // 3. நான் குறிப்பிட்டுள்ளேன்.,1. अपना नाम बताएं। // 2. उसने इसका उल्लेख किया। // 3. मैंने उल्लेख कर दिया है।
Merge / Merged / Merged,Day 159,Beginner,ஒன்றிணை / ஒன்றிணைத்தேன் / ஒன்றிணைத்துள்ளேன்,मिलाना / मिलाया / मिला चुका,1. Merge the cells. // 2. They merged today. // 3. We have merged.,1. கட்டங்களை ஒன்றிணை (merge). // 2. அவர்கள் இன்று ஒன்றிணைந்தனர். // 3. நாங்கள் ஒன்றிணைந்துவிட்டோம்.,1. सेल मिला दें। // 2. वे आज मिल गए। // 3. हम एक हो गए हैं।
Mind / Minded / Minded,Day 159,Beginner,பொருட்படுத்து / பொருட்படுத்தினேன் / பொருட்படுத்தியுள்ளேன்,बुरा मानना / बुरा माना / बुरा मान चुका,1. Mind your head. // 2. He minded us. // 3. I have minded it.,1. உன் தலையைக் கவனி (பார்). // 2. அவர் எங்களைக் கவனித்துக் கொண்டார். // 3. நான் அதைக் கவனித்தேன்.,1. अपने सिर का ध्यान रखें। // 2. उसने हमारी बात मानी। // 3. मैंने ध्यान दिया है।
Misuse / Misused / Misused,Day 159,Beginner,தவறாகப் பயன்படுத்து / பயன்படுத்தினேன் / பயன்படுத்தியுள்ளேன்,दुरुपयोग करना / दुरुपयोग किया / दुरुपयोग कर चुका,1. Don't misuse it. // 2. He misused power. // 3. I have misused time.,1. அதைத் தவறாகப் பயன்படுத்தாதே. // 2. அவர் அதிகாரத்தைத் தவறாகப் பயன்படுத்தினார். // 3. நான் நேரத்தைத் தவறாகப் பயன்படுத்தினேன்.,1. इसका दुरुपयोग न करें। // 2. उसने शक्ति का दुरुपयोग किया। // 3. मैंने समय बर्बाद किया है।
Modify / Modified / Modified,Day 159,Beginner,மாற்றியமை / மாற்றியமைத்தேன் / மாற்றியமைத்துள்ளேன்,संशोधित करना / संशोधित किया / संशोधित कर चुका,1. Modify the file. // 2. He modified plans. // 3. I have modified it.,1. கோப்பை மாற்றியமை. // 2. அவர் திட்டங்களை மாற்றினார். // 3. நான் மாற்றியமைத்துள்ளேன்.,1. फाइल को संशोधित करें। // 2. उसने योजना बदली। // 3. मैंने इसे संशोधित कर दिया है।
Mount / Mounted / Mounted,Day 159,Beginner,பொருத்து / பொருத்தினேன் / பொருத்தியுள்ளேன்,चढ़ाना / चढ़ाया / चढ़ा चुका,1. Mount the horse. // 2. He mounted a wall. // 3. I have mounted it.,1. குதிரை மீது ஏறு. // 2. அவர் சுவரில் ஏறினார். // 3. நான் அதைப் பொருத்திக் கட்டினேன் (mount).,1. घोड़े पर चढ़ो। // 2. वह दीवार पर चढ़ा। // 3. मैंने इसे लगाया है।
Multiply / Multiplied / Multiplied,Day 160,Beginner,பெருக்கு / பெருக்கினேன் / பெருக்கியுள்ளேன்,गुणा करना / गुणा किया / गुणा कर चुका,1. Multiply by two. // 2. It multiplied fast. // 3. I have multiplied it.,1. இரண்டால் பெருக்கு. // 2. அது வேகமாகப் பெருகியது. // 3. நான் அதைப் பெருக்கினேன்.,1. दो से गुणा करें। // 2. यह तेजी से बढ़ा। // 3. मैंने इसे गुणा कर दिया है।
Murder / Murdered / Murdered,Day 160,Beginner,கொலை செய் / செய்தேன் / செய்துள்ளேன்,हत्या करना / हत्या की / हत्या कर चुका,1. Don't murder. // 2. He murdered him. // 3. I have been murdered.,1. கொலை செய்யாதே. // 2. அவர் அவரைக் கொலை செய்தார். // 3. நான் (யாரோ) கொலை செய்யப்பட்டேன்.,1. हत्या मत करो। // 2. उसने उसकी हत्या कर दी। // 3. हत्या हुई है।
Nail / Nailed / Nailed,Day 160,Beginner,ஆணியடி / ஆணியடித்தேன் / ஆணியடித்துள்ளேன்,कील ठोकना / कील ठोकी / कील ठोक चुका,1. Nail the board. // 2. He nailed it down. // 3. I have nailed it.,1. பலகையில் ஆணி அடி. // 2. அவர் ஆணி அடித்து உறுதி செய்தார். // 3. நான் அதைச் சரியாகச் செய்து முடித்தேன் (nailed it).,1. बोर्ड पर कील ठोको। // 2. उसने इसे कील से ठोक दिया। // 3. मैंने इसे पक्का कर दिया है।
Narrate / Narrated / Narrated,Day 160,Beginner,விவரி / விவரித்தேன் / விவரித்துள்ளேன்,वर्णन करना / वर्णन किया / वर्णन कर चुका,1. Narrate the story. // 2. He narrated it. // 3. I have narrated all.,1. கதையைக் கூறு (விவரி). // 2. அவர் அதை விவரித்தார். // 3. நான் அனைத்தையும் கூறிவிட்டேன்.,1. कहानी सुनाओ। // 2. उसने इसे सुनाया। // 3. मैंने सब सुना दिया है।
Neglect / Neglected / Neglected,Day 160,Beginner,அலட்சியம் செய் / செய்தேன் / செய்துள்ளேன்,उपेक्षा करना / उपेक्षा की / उपेक्षा कर चुका,1. Don't neglect duty. // 2. He neglected us. // 3. I have neglected it.,1. கடமையைப் புறக்கணிக்காதே. // 2. அவர் எங்களைப் புறக்கணித்தார். // 3. நான் அதைப் புறக்கணித்துவிட்டேன்.,1. कर्तव्य की उपेक्षा न करें। // 2. उसने हमें नजरअंदाज किया। // 3. मैंने इसकी अनदेखी की है।
Negotiate / Negotiated / Negotiated,Day 161,Beginner,பேரம்பேசு / பேரம்பேசினேன் / பேரம்பேசியுள்ளேன்,मोलभाव करना / मोलभाव किया / मोलभाव कर चुका,1. Negotiate price. // 2. They negotiated. // 3. I have negotiated.,1. விலையை பேரம் பேசுங்கள். // 2. அவர்கள் பேச்சுவார்த்தை நடத்தினர். // 3. நான் பேச்சுவார்த்தை நடத்தினேன்.,1. कीमत पर मोलभाव करें। // 2. उन्होंने बातचीत की। // 3. मैंने मोलभाव किया है।
Nominate / Nominated / Nominated,Day 161,Beginner,முன்மொழி / முன்மொழிந்தேன் / முன்மொழிந்துள்ளேன்,नामजद करना / नामजद किया / नामजद कर चुका,1. Nominate him. // 2. He nominated me. // 3. We have nominated.,1. அவரைப் பரிந்துரை (nominate) செய்யுங்கள். // 2. அவர் என்னைப் பரிந்துரைத்தார். // 3. நாங்கள் பரிந்துரைத்துள்ளோம்.,1. उसे नामांकित करें। // 2. उसने मुझे नामांकित किया। // 3. हमने नामांकन किया है।
Notify / Notified / Notified,Day 161,Beginner,தெரிவி / தெரிவித்தேன் / தெரிவித்துள்ளேன்,सूचित करना / सूचित किया / सूचित कर चुका,1. Notify the police. // 2. He notified us. // 3. I have notified him.,1. போலீசாருக்குத் தெரியப்படுத்து. // 2. அவர் எங்களுக்குத் தெரிவித்தார். // 3. நான் அவருக்குத் தெரிவித்தேன்.,1. पुलिस को सूचित करें। // 2. उसने हमें सूचित किया। // 3. मैंने उसे सूचित कर दिया है।
Number / Numbered / Numbered,Day 161,Beginner,எண்ணிடு / எண்ணிட்டேன் / எண்ணிட்டுள்ளேன்,संख्या डालना / संख्या डाली / संख्या डाल चुका,1. Number the pages. // 2. He numbered them. // 3. I have numbered all.,1. பக்கங்களுக்கு எண் போடு. // 2. அவர் அவற்றுக்கு எண் இட்டார். // 3. நான் அனைத்திற்கும் எண் இட்டேன்.,1. पेजों पर नंबर डालें। // 2. उसने उन पर नंबर डाले। // 3. मैंने सब पर नंबर डाल दिए हैं।
Nurse / Nursed / Nursed,Day 161,Beginner,கவனித்துக்கொள் / கொண்டேன் / கொண்டுள்ளேன்,देखभाल करना / देखभाल की / देखभाल कर चुका,1. Nurse the sick. // 2. She nursed him. // 3. I have nursed many.,1. நோயாளிகளைக் கவனி. // 2. அவள் அவரைப் பராமரித்தாள். // 3. நான் பலரைப் பராமரித்துள்ளேன்.,1. बीमारों की सेवा करें। // 2. उसने उसकी सेवा की। // 3. मैंने कई लोगों की सेवा की है।
Observe / Observed / Observed,Day 162,Beginner,உற்றுநோக்கு / உற்றுநோக்கினேன் / உற்றுநோக்கியுள்ளேன்,निरीक्षण करना / निरीक्षण किया / निरीक्षण कर चुका,1. Observe the birds. // 2. He observed us. // 3. I have observed it.,1. பறவைகளைக் கவனி. // 2. அவர் எங்களைக் கவனித்தார். // 3. நான் அதைக் கவனித்துள்ளேன்.,1. पक्षियों का निरीक्षण करें। // 2. उसने हमें देखा। // 3. मैंने इसे देखा है।
Obtain / Obtained / Obtained,Day 162,Beginner,பெறு / பெற்றேன் / பெற்றுள்ளேன்,प्राप्त करना / प्राप्त किया / प्राप्त कर चुका,1. Obtain permission. // 2. He obtained food. // 3. I have obtained gold.,1. அனுமதி பெறு. // 2. அவர் உணவு பெற்றார். // 3. நான் தங்கம் பெற்றுள்ளேன்.,1. अनुमति प्राप्त करें। // 2. उसने भोजन प्राप्त किया। // 3. मैंने सोना प्राप्त किया है।
Occupy / Occupied / Occupied,Day 162,Beginner,இடத்தைப் பிடி / பிடித்தேன் / பிடித்துள்ளேன்,कब्जा करना / कब्जा किया / कब्जा कर चुका,1. Occupy the seat. // 2. They occupied it. // 3. I have occupied space.,1. இருக்கையை அமர்ந்து கொள் (occupy). // 2. அவர்கள் அதை ஆக்கிரமித்தனர். // 3. நான் இடத்தை ஆக்கிரமித்துள்ளேன்.,1. सीट पर बैठें। // 2. उन्होंने इस पर कब्जा कर लिया। // 3. मैंने जगह घेर ली है।
Omit / Omitted / Omitted,Day 162,Beginner,விடுபடு / விடுபட்டேன் / விடுபட்டுள்ளேன்,छोड़ देना / छोड़ दिया / छोड़ चुका,1. Omit the errors. // 2. He omitted names. // 3. I have omitted it.,1. பிழைகளைத் தவிர் (நீக்கு). // 2. அவர் பெயர்களை விட்டுவிட்டார். // 3. நான் அதை விட்டுவிட்டேன்.,1. गलतियाँ छोड़ दें। // 2. उसने नाम छोड़ दिए। // 3. मैंने इसे छोड़ दिया है।
Outline / Outlined / Outlined,Day 162,Beginner,சுருக்கமாகக் கூறு / கூறினேன் / கூறியுள்ளேன்,रूपरेखा बनाना / बनाई / बना चुका,1. Outline the plan. // 2. He outlined it. // 3. I have outlined.,1. திட்டத்தைச் சுருக்கமாகக் கூறு. // 2. அவர் அதை விவரித்தார். // 3. நான் சுருக்கம் கொடுத்துள்ளேன்.,1. योजना की रूपरेखा बनाएं। // 2. उसने इसकी रूपरेखा दी। // 3. मैंने रूपरेखा तैयार की है।
Overcome / Overcame / Overcome,Day 163,Beginner,வெற்றி கொள் / கொண்டேன் / கொண்டுள்ளேன்,काबू पाना / काबू पाया / काबू पा चुका,1. Overcome fear. // 2. He overcame odds. // 3. I have overcome.,1. பயத்தை வெல். // 2. அவர் தடைகளை வென்றார். // 3. நான் வென்றுவிட்டேன்.,1. डर पर काबू पाएं। // 2. उसने बाधाओं को पार किया। // 3. मैंने जीत हासिल की है।
Overtake / Overtook / Overtaken,Day 163,Beginner,முந்திச் செல் / சென்றேன் / சென்றுள்ளேன்,आगे निकलना / आगे निकला / आगे निकल चुका,1. Overtake them. // 2. He overtook me. // 3. I have overtaken.,1. அவர்களை முந்து. // 2. அவர் என்னை முந்தினார். // 3. நான் முந்திவிட்டேன்.,1. उनसे आगे निकलें। // 2. वह मुझसे आगे निकल गया। // 3. मैं आगे निकल गया हूँ।
Owe / Owed / Owed,Day 163,Beginner,கடன்பட்டிரு / கடன்பட்டிருந்தேன் / கடன்பட்டுள்ளேன்,ऋणी होना / ऋणी था / ऋणी हो चुका,1. I owe you money. // 2. He owed me help. // 3. I have owed him.,1. நான் உனக்குப் பணக்கடன் பட்டிருக்கிறேன். // 2. அவர் எனக்கு உதவி செய்யக் கடமைப்பட்டிருந்தார். // 3. நான் அவருக்குக் கடன்பட்டிருக்கிறேன்.,1. मुझ पर आपका कर्ज है। // 2. वह मेरा ऋणी था। // 3. मैं उसका ऋणी रहा हूँ।
Pace / Paced / Paced,Day 163,Beginner,குறுக்குநடை போடு / போட்டேன் / போட்டுள்ளேன்,चहलकदमी करना / की / कर चुका,1. Pace yourself. // 2. He paced the room. // 3. I have paced 1km.,1. உன் வேகத்தைச் சீராக்கு. // 2. அவர் அறையில் குறுக்கும் நெடுக்குமாக நடந்தார். // 3. நான் ஒரு கிமீ நடை கடந்தேன்.,1. अपनी गति बनाए रखें। // 2. वह कमरे में टहलने लगा। // 3. मैंने 1 किमी की दूरी तय की है।
Panic / Panicked / Panicked,Day 163,Beginner,பதறு / பதறினேன் / பதறியுள்ளேன்,घबराना / घबराया / घबरा चुका,1. Don't panic. // 2. He panicked today. // 3. I have panicked before.,1. பீதியடையாதே. // 2. அவர் இன்று பீதியடைந்தார். // 3. நான் முன்பே பயந்திருக்கிறேன்.,1. घबराओ मत। // 2. वह आज घबरा गया। // 3. मैं पहले भी घबरा चुका हूँ।
Pardon / Pardoned / Pardoned,Day 164,Beginner,மன்னி / மன்னித்தேன் / மன்னித்துள்ளேன்,क्षमा करना / क्षमा किया / क्षमा कर चुका,1. Pardon me. // 2. He pardoned him. // 3. I have been pardoned.,1. என்னை மன்னியுங்கள். // 2. அவர் அவரை மன்னித்தார். // 3. நான் மன்னிக்கப்பட்டேன்.,1. मुझे क्षमा करें। // 2. उसने उसे माफ कर दिया। // 3. मुझे माफ कर दिया गया है।
Part / Parted / Parted,Day 164,Beginner,பிரி / பிரிந்தேன் / பிரிந்துள்ளேன்,अलग होना / अलग हुआ / अलग हो चुका,1. Part ways. // 2. They parted today. // 3. We have parted.,1. பிரிந்து செல். // 2. அவர்கள் இன்று பிரிந்தார்கள். // 3. நாங்கள் பிரிந்துவிட்டோம்.,1. अलग हो जाओ। // 2. वे आज अलग हो गए। // 3. हम अलग हो गए हैं।
Paste / Pasted / Pasted,Day 164,Beginner,ஒட்டு / ஒட்டினேன் / ஒட்டியுள்ளேன்,चिपकाना / चिपकाया / चिपका चुका,1. Paste the picture. // 2. He pasted it here. // 3. I have pasted all.,1. படத்தைச் சுவரில் ஒட்டு. // 2. அவர் அதை இங்கே ஒட்டினார். // 3. நான் அனைத்தையும் ஒட்டிவிட்டேன்.,1. चित्र चिपकाओ। // 2. उसने इसे यहाँ चिपकाया। // 3. मैंने सब चिपका दिया है।
Pat / Patted / Patted,Day 164,Beginner,தட்டிக் கொடு / கொடுத்தேன் / கொடுத்துள்ளேன்,थपथपाना / थपथपाया / थपथपा चुका,1. Pat the dog. // 2. He patted my back. // 3. I have patted him.,1. நாயைத் தட்டிக்கொடு. // 2. அவர் என் முதுகில் தட்டிக் கொடுத்தார். // 3. நான் அவரைத் தட்டினேன்.,1. कुत्ते को थपथपाओ। // 2. उसने मेरी पीठ थपथपाई। // 3. मैंने उसे थपथपाया है।
Patch / Patched / Patched,Day 164,Beginner,ஒட்டு போடு / போட்டேன் / போட்டுள்ளேன்,पैच लगाना / पैच लगाया / पैच लगा चुका,1. Patch the hole. // 2. He patched the tire. // 3. I have patched it.,1. ஓட்டையை அடை (patch). // 2. அவர் டயரைச் சரிசெய்தார். // 3. நான் அதைச் சரிசெய்துவிட்டேன்.,1. छेद को ठीक करें। // 2. उसने टायर को पैच लगाया। // 3. मैंने इसे ठीक कर दिया है।
Patrol / Patrolled / Patrolled,Day 165,Beginner,ரோந்து செல் / சென்றேன் / சென்றுள்ளேன்,गश्त लगाना / गश्त लगाई / गश्त लगा चुका,1. Patrol the area. // 2. They patrolled. // 3. I have patrolled.,1. பகுதியில் ரோந்து செல். // 2. அவர்கள் ரோந்து சென்றனர். // 3. நான் ரோந்து சென்றுள்ளேன்.,1. क्षेत्र में गश्त करें। // 2. उन्होंने गश्त की। // 3. मैंने गश्त की है।
Peck / Pecked / Pecked,Day 165,Beginner,கொத்து / கொத்தினேன் / கொத்தியுள்ளேன்,चोंच मारना / चोंच मारी / चोंच मार चुका,1. Birds peck seeds. // 2. It pecked me. // 3. I have pecked it.,1. பறவைகள் விதைகளைக் கொத்தும். // 2. அது என்னைக் கொத்தியது. // 3. நான் அதைத் தட்டிப் பார்த்தேன்.,1. पक्षी बीज चुगते हैं। // 2. उसने मुझे चोंच मारी। // 3. मैंने इसे चोंच मारी है।
Pedal / Pedaled / Pedaled,Day 165,Beginner,மிதி (சைக்கிள்) / மிதித்தேன் / மிதித்துள்ளேன்,पैडल मारना / पैडल मारा / पैडल मार चुका,1. Pedal the cycle. // 2. He pedaled fast. // 3. I have pedaled 2km.,1. சைக்கிளை மிதி (pedal). // 2. அவர் வேகமாக மிதித்தார். // 3. நான் 2 கிமீ தூரம் மிதித்துச் சென்றேன்.,1. साइकिल चलाओ। // 2. उसने तेजी से पेडल मारा। // 3. मैंने 2 किमी साइकिल चलाई है।
Perceive / Perceived / Perceived,Day 165,Beginner,உணர் / உணர்ந்தேன் / உணர்ந்துள்ளேன்,समझना / समझा / समझ चुका,1. I perceive danger. // 2. He perceived it. // 3. I have perceived change.,1. நான் ஆபத்தை உணர்கிறேன். // 2. அவர் அதை உணர்ந்தார். // 3. நான் மாற்றத்தை உணர்ந்துள்ளேன்.,1. मुझे खतरे का एहसास है। // 2. उसने इसे महसूस किया। // 3. मैंने बदलाव महसूस किया है।
Perfect / Perfected / Perfected,Day 165,Beginner,செம்மைப்படுத்து / செம்மைப்படுத்தினேன் / செம்மைப்படுத்தியுள்ளேன்,उत्तम बनाना / उत्तम बनाया / उत्तम बना चुका,1. Perfect the art. // 2. He perfected it. // 3. I have perfected all.,1. கலையை முழுமைப்படுத்து. // 2. அவர் அதைச் சிறப்பாகச் செய்தார். // 3. நான் அனைத்தையும் கச்சிதமாகச் செய்துள்ளேன்.,1. कला को निखारें। // 2. उसने इसे परिपूर्ण बनाया। // 3. मैंने सब कुछ सही कर लिया है।
Persuade / Persuaded / Persuaded,Day 166,Beginner,இணங்க வை / வைத்தேன் / வைத்துள்ளேன்,राजी करना / राजी किया / राजी कर चुका,1. Persuade him. // 2. She persuaded me. // 3. I have persuaded them.,1. அவரைச் சம்மதிக்க வை. // 2. அவள் என்னைச் சம்மதிக்க வைத்தாள். // 3. நான் அவர்களைச் சம்மதிக்க வைத்தேன்.,1. उसे राजी करो। // 2. उसने मुझे मनाया। // 3. मैंने उन्हें मना लिया है।
Pet / Petted / Petted,Day 166,Beginner,கொஞ்சு / கொஞ்சினேன் / கொஞ்சியுள்ளேன்,दुलारना / दुलारा / दुलार चुका,1. Pet the cat. // 2. He petted the dog. // 3. I have petted it.,1. பூனையைத் தடவிக் கொடு. // 2. அவர் நாயைச் செல்லமாகத் தடவினார். // 3. நான் அதைத் தடவிக் கொடுத்தேன்.,1. बिल्ली को सहलाओ। // 2. उसने कुत्ते को सहलाया। // 3. मैंने इसे सहलाया है।
Photograph / Photographed / Photographed,Day 166,Beginner,புகைப்படம் எடு / எடுத்தேன் / எடுத்துள்ளேன்,तस्वीर लेना / तस्वीर ली / तस्वीर ले चुका,1. Photograph the sun. // 2. He photographed us. // 3. I have photographed.,1. சூரியனைப் படம் பிடி. // 2. அவர் எங்களைப் புகைப்படம் எடுத்தார். // 3. நான் புகைப்படம் எடுத்துள்ளேன்.,1. सूरज की फोटो खींचो। // 2. उसने हमारी फोटो ली। // 3. मैंने फोटो खींच ली है।
Pile / Piled / Piled,Day 166,Beginner,குவித்து வை / வைத்தேன் / வைத்துள்ளேன்,ढेर लगाना / ढेर लगाया / ढेर लगा चुका,1. Pile the wood. // 2. He piled books. // 3. I have piled all.,1. மரங்களை அடுக்கி வை. // 2. அவர் புத்தகங்களை அடுக்கினார். // 3. நான் அனைத்தையும் அடுக்கினேன்.,1. लकड़ी का ढेर लगाओ। // 2. उसने किताबें जमा कीं। // 3. मैंने सब ढेर लगा दिया है।