English (V1/V2/V3),Day (Col B),Difficulty,Tamil (Infinitive/Past/Perfect),Hindi (Infinitive/Past/Perfect),English Examples (V1 // V2 // V3),Tamil Examples (V1 // V2 // V3),Hindi Examples (V1 // V2 // V3)
Abhor / Abhorred / Abhorred,Day 1,Advanced,வெறுத்து ஒதுக்கு / ஒதுக்கினேன் / ஒதுக்கியுள்ளேன்,घृणा करना / की / कर चुका,1. Abhor violence. // 2. He abhorred it. // 3. It is abhorred.,1. வெறு. // 2. அவர் வெறுத்தார். // 3. அது வெறுக்கப்பட்டது.,1. नफरत करना। // 2. उसने नफरत की। // 3. नफरत की गई है।
Abjure / Abjured / Abjured,Day 1,Advanced,சத்தியம் செய்து துற / துறந்தேன் / துறந்துள்ளேன்,शपथपूर्वक त्यागना / त्यागा / चुका,1. Abjure the crown. // 2. He abjured. // 3. It was abjured.,1. துற (சத்தியம் செய்து). // 2. அவர் துறந்தார். // 3. அது துறக்கப்பட்டது.,1. शपथपूर्वक त्यागना। // 2. उसने त्याग दिया। // 3. इसे त्याग दिया गया था।
Abnegate / Abnegated / Abnegated,Day 1,Advanced,மறு / மறுத்தேன் / மறுத்துள்ளேன்,त्याग करना / किया / कर चुका,1. Abnegate power. // 2. He abnegated. // 3. Rights abnegated.,1. விட்டுக்கொடு. // 2. அவர் மறுத்தார். // 3. உரிமைகள் மறுக்கப்பட்டன.,1. अधिकार त्यागना। // 2. उसने त्याग किया। // 3. अधिकार त्यागे गए।
Abominate / Abominated / Abominated,Day 1,Advanced,அருவருப்பாய் வெறு / வெறுத்தேன் / வெறுத்துள்ளேன்,नफरत करना / की / कर चुका,1. Abominate lies. // 2. She abominated it. // 3. It is abominated.,1. அருவருப்பாக வெறு. // 2. அவள் வெறுத்தாள். // 3. அது வெறுக்கப்பட்டது.,1. घृणा करना। // 2. वह नफरत करती थी। // 3. इससे घृणा की जाती है।
Abrogate / Abrogated / Abrogated,Day 1,Advanced,ரத்து செய் (சட்டம்) / செய்தேன் / செய்துள்ளேன்,रद्द करना / किया / कर चुका,1. Abrogate the law. // 2. They abrogated. // 3. It is abrogated.,1. ரத்து செய். // 2. அவர்கள் ரத்து செய்தனர். // 3. அது ரத்து செய்யப்பட்டது.,1. कानून रद्द करना। // 2. उन्होंने रद्द किया। // 3. इसे रद्द कर दिया गया है।
Abscond / Absconded / Absconded,Day 2,Advanced,தலைமறைவாகு / ஆனேன் / ஆகியுள்ளேன்,फरार होना / हुआ / हो चुका,1. Abscond with cash. // 2. He absconded. // 3. He has absconded.,1. ஓடி ஒளி (தலைமறைவு). // 2. அவர் ஓடினார். // 3. அவர் தலைமறைவாகியுள்ளார்.,1. फरार होना। // 2. वह भाग गया। // 3. वह फरार हो चुका है।
Absolve / Absolved / Absolved,Day 2,Advanced,பாவவிமோசனம் அளி / அளித்தேன் / அளித்துள்ளேன்,पापमुक्त करना / किया / कर चुका,1. Absolve all sins. // 2. He absolved me. // 3. I am absolved.,1. பாவம் நீக்கு. // 2. அவர் விடுவித்தார். // 3. நான் விடுவிக்கப்பட்டேன்.,1. पाप मुक्त करना। // 2. उसने मुक्त किया। // 3. मुझे मुक्त किया गया है।
Abstain / Abstained / Abstained,Day 2,Advanced,விலகியிரு / இருந்தேன் / இருந்துள்ளேன்,परहेज करना / किया / कर चुका,1. Abstain from salt. // 2. He abstained. // 3. I have abstained.,1. தவிர்த்து இரு. // 2. அவர் தவிர்த்தார். // 3. நான் தவிர்த்துள்ளேன்.,1. परहेज करना। // 2. वह दूर रहा। // 3. मैंने परहेज किया है।
Accede / Acceded / Acceded,Day 2,Advanced,இணங்கு / இணங்கினேன் / இணங்கியுள்ளேன்,मान लेना / माना / मान चुका,1. Accede to terms. // 2. He acceded. // 3. It is acceded.,1. ஒப்புக்கொள். // 2. அவர் சம்மதித்தார். // 3. அது ஒப்புக்கொள்ளப்பட்டது.,1. मान लेना। // 2. उसने स्वीकार किया। // 3. इसे मान लिया गया है।
Acclimatize / Acclimatized / Acclimatized,Day 2,Advanced,பழக்கப்படுத்து / படுத்தினேன் / படுத்தியுள்ளேன்,अभ्यस्त होना / हुआ / हो चुका,1. Acclimatize to cold. // 2. I acclimatized. // 3. He is acclimatized.,1. பழக்கப்படுத்து. // 2. நான் பழகினேன். // 3. அவர் பழகிவிட்டார்.,1. अभ्यस्त होना। // 2. मैं ढल गया। // 3. वह अभ्यस्त हो चुका है।
Accrue / Accrued / Accrued,Day 3,Advanced,வந்து சேர் / சேர்ந்தது / சேர்ந்துள்ளது,वृद्धि होना / हुई / हो चुका,1. Interest accrues. // 2. It accrued. // 3. It has accrued.,1. வந்தடை (சேரு). // 2. அது சேர்ந்தது. // 3. அது சேர்ந்துள்ளது.,1. जुड़ना (ब्याज)। // 2. यह जुड़ा। // 3. ब्याज जुड़ चुका है।
Acquiesce / Acquiesced / Acquiesced,Day 3,Advanced,மௌனமாக ஒத்துக்கொள் / கொண்டேன் / கொண்டுள்ளேன்,चुपचाप स्वीकार करना / किया / चुका,1. Acquiesce to demands. // 2. He acquiesced. // 3. We have acquiesced.,1. சம்மதி (அமைதியாக). // 2. அவர் சம்மதித்தார். // 3. நாங்கள் சம்மதித்தோம்.,1. चुपचाप स्वीकार करना। // 2. वह मान गया। // 3. हमने मान लिया है।
Acquit / Acquitted / Acquitted,Day 3,Advanced,விடுவி (குற்றச்சாட்டிலிருந்து) / வித்தேன் / வித்துள்ளேன்,बरी करना / किया / कर चुका,1. Acquit the innocent. // 2. Court acquitted. // 3. He is acquitted.,1. விடுதலை செய். // 2. நீதிபதி விடுவித்தார். // 3. அவர் விடுவிக்கப்பட்டார்.,1. बरी करना। // 2. कोर्ट ने बरी किया। // 3. वह बरी हो गया है।
Adjudicate / Adjudicated / Adjudicated,Day 3,Advanced,தீர்ப்பளி / அளித்தேன் / அளித்துள்ளேன்,निर्णय सुनाना / सुनाया / सुना चुका,1. Adjudicate cases. // 2. He adjudicated. // 3. It was adjudicated.,1. தீர்ப்பளி. // 2. அவர் தீர்ப்பளித்தார். // 3. அது தீர்க்கப்பட்டது.,1. निर्णय करना। // 2. उसने फैसला सुनाया। // 3. फैसला सुनाया गया।
Adjure / Adjured / Adjured,Day 3,Advanced,ஆணைப்படியுறுத்து / உறுத்தினேன் / உறுத்தியுள்ளேன்,शपथ दिलाना / दिलाई / दिला चुका,1. Adjure him to speak. // 2. He adjured me. // 3. I am adjured.,1. ஆணையிடு (ஆணையாகக் கேள்). // 2. அவர் கேட்டார். // 3. நான் பணிக்கப்பட்டேன்.,1. शपथ दिलाना/विनती। // 2. उसने कसम दी। // 3. मुझे आदेश दिया गया।
Admonish / Admonished / Admonished,Day 4,Advanced,கண்டி / கண்டித்தேன் / கண்டித்துள்ளேன்,धिक्कारना / धिक्कारा / धिक्कार चुका,1. Admonish the staff. // 2. He admonished. // 3. I was admonished.,1. கண்டி / எச்சரி. // 2. அவர் கண்டித்தார். // 3. நான் கண்டிக்கப்பட்டேன்.,1. डाँटना/चेतावनी देना। // 2. उसने डाँटा। // 3. मुझे चेतावनी दी गई।
Adulterate / Adulterated / Adulterated,Day 4,Advanced,கலப்படம் செய் / செய்தேன் / செய்துள்ளேன்,मिलावट करना / की / कर चुका,1. Adulterate the oil. // 2. He adulterated. // 3. Milk is adulterated.,1. கலப்படம் செய். // 2. அவர் கலப்படம் செய்தார். // 3. பால் கலப்படமானது.,1. मिलावट करना। // 2. उसने मिलावट की। // 3. इसमें मिलावट की गई है।
Adumbrate / Adumbrated / Adumbrated,Day 4,Advanced,நிழலாகக் காட்டு / காட்டினேன் / காட்டியுள்ளேன்,रूपरेखा प्रस्तुत करना / की / चुका,1. Adumbrate the plan. // 2. He adumbrated. // 3. It is adumbrated.,1. மேலோட்டமாக விளக்கு. // 2. அவர் விளக்கினார். // 3. அது விளக்கப்பட்டது.,1. रूपरेखा बताना। // 2. उसने सारांश दिया। // 3. रूपरेखा बताई गई।
Advocate / Advocated / Advocated,Day 4,Advanced,ஆதரித்துப் பேசு / பேசினேன் / பேசியுள்ளேன்,वकालत करना / की / कर चुका,1. Advocate for poor. // 2. He advocated. // 3. Peace is advocated.,1. பரிந்து பேசு. // 2. அவர் ஆதரித்தார். // 3. அமைதி வலியுறுத்தப்பட்டது.,1. समर्थन करना। // 2. उसने वकालत की। // 3. इसका समर्थन किया गया।
Affiliate / Affiliated / Affiliated,Day 4,Advanced,இணை / இணைத்தேன் / இணைத்துள்ளேன்,संबद्ध करना / किया / कर चुका,1. Affiliate the group. // 2. They affiliated. // 3. It is affiliated.,1. இணை (உறுப்பினர் ஆக்கு). // 2. அவர்கள் இணைந்தனர். // 3. அது இணைக்கப்பட்டது.,1. संबद्ध करना। // 2. वे जुड़ गए। // 3. यह संबद्ध है।
Afflict / Afflicted / Afflicted,Day 5,Advanced,துன்புறுத்து / படுத்தினேன் / படுத்தியுள்ளேன்,सताना / सताया / सता चुका,1. Afflict the weak. // 2. It afflicted him. // 3. We are afflicted.,1. வேதனைப்படுத்து. // 2. அது வருத்தியது. // 3. நாங்கள் பாதிக்கப்பட்டோம்.,1. पीड़ा देना। // 2. इसने उसे सताया। // 3. हम पीड़ित हैं।
Aggrandize / Aggrandized / Aggrandized,Day 5,Advanced,உயர்த்து / உயர்த்தினேன் / உயர்த்தியுள்ளேன்,शक्ति बढ़ाना / बढ़ाई / बढ़ा चुका,1. Aggrandize status. // 2. He aggrandized. // 3. It is aggrandized.,1. உயர்த்து (புகழ்). // 2. அவர் உயர்த்தினார். // 3. அது உயர்த்தப்பட்டது.,1. बढ़ाना (शक्ति/पद)। // 2. उसने शक्ति बढ़ाई। // 3. इसे बढ़ाया गया है।
Aggravate / Aggravated / Aggravated,Day 5,Advanced,நிலைமையை மோசமாக்கு / ஆக்கினேன் / ஆக்கியுள்ளேன்,गंभीर बनाना / बनाया / बना चुका,1. Aggravate the situation. // 2. It aggravated. // 3. I am aggravated.,1. நிலைமையை மோசமாக்கு. // 2. அது மோசமானது. // 3. நான் எரிச்சலடைந்தேன்.,1. और बिगाड़ना। // 2. यह बिगड़ गया। // 3. स्थिति बिगड़ चुकी है।
Agitate / Agitated / Agitated,Day 5,Advanced,கிளர்ச்சி செய் / செய்தேன் / செய்துள்ளேன்,उत्तेजित करना / किया / कर चुका,1. Agitate for rights. // 2. They agitated. // 3. Water is agitated.,1. கிளர்ச்சி செய் (கலக்கு). // 2. அவர்கள் போராடினர். // 3. நீர் கலக்கப்பட்டது.,1. आंदोलन करना/हिलाना। // 2. उन्होंने विरोध किया। // 3. पानी हिलाया गया।
Alienate / Alienated / Alienated,Day 5,Advanced,அந்நியப்படுத்து / படுத்தினேன் / படுத்தியுள்ளேன்,अलग करना / किया / कर चुका,1. Alienate family. // 2. He alienated them. // 3. I am alienated.,1. அந்நியப்படுத்து (பிரி). // 2. அவர் பிரித்தார். // 3. நான் பிரிக்கப்பட்டேன்.,1. अलग करना। // 2. उसने अलग कर दिया। // 3. वह अलग हो गया है।
Allege / Alleged / Alleged,Day 6,Advanced,குற்றஞ்சாட்டு / சாட்டினேன் / சாட்டியுள்ளேன்,आरोप लगाना / लगाया / लगा चुका,1. Allege fraud. // 2. He alleged it. // 3. It is alleged.,1. சான்று இல்லாமல் கூறு. // 2. அவர் சொன்னார். // 3. அது சொல்லப்பட்டது.,1. आरोप लगाना। // 2. उसने आरोप लगाया। // 3. आरोप लगाया गया है।
Alleviate / Alleviated / Alleviated,Day 6,Advanced,தணி / தணித்தேன் / தணித்துள்ளேன்,कम करना (दुःख) / किया / चुका,1. Alleviate stress. // 2. It alleviated. // 3. Pain is alleviated.,1. தணி / குறை. // 2. அது தணிந்தது. // 3. வலி குறைந்தது.,1. कम करना/राहत देना। // 2. इसने राहत दी। // 3. तनाव कम हो गया है।
Allocate / Allocated / Allocated,Day 6,Advanced,ஒதுக்கு / ஒதுக்கினேன் / ஒதுக்கியுள்ளேன்,आवंटित करना / किया / कर चुका,1. Allocate resources. // 2. They allocated. // 3. Funds are allocated.,1. ஒதுக்கீடு செய். // 2. அவர்கள் ஒதுக்கினர். // 3. நிதி ஒதுக்கப்பட்டது.,1. आवंटित करना। // 2. उन्होंने बांटा। // 3. पैसे आवंटित किए गए।
Allude / Alluded / Alluded,Day 6,Advanced,ஜாடையாகக் குறிப்பிடு / இட்டேன் / இட்டுள்ளேன்,संकेत देना / दिया / दे चुका,1. Allude to history. // 2. He alluded to it. // 3. I have alluded.,1. குறிப்பாகச் சொல். // 2. அவர் குறிப்பிட்டார். // 3. நான் குறிப்பிட்டுள்ளேன்.,1. संकेत करना। // 2. उसने इशारा किया। // 3. संकेत दिया गया है।
Amalgamate / Amalgamated / Amalgamated,Day 6,Advanced,ஒன்றிணை / இணைத்தேன் / இணைந்துள்ளேன்,मिलाना / मिलाया / मिला चुका,1. Amalgamate banks. // 2. They amalgamated. // 3. It is amalgamated.,1. ஒன்றிணை (கல). // 2. அவை இணைந்தன. // 3. அது இணைக்கப்பட்டது.,1. मिलाना/एक करना। // 2. उन्होंने मिला दिया। // 3. इसे मिला दिया गया है।
Ameliorate / Ameliorated / Ameliorated,Day 7,Advanced,சீர்திருத்து / திருத்தினேன் / திருத்தியுள்ளேன்,सुधारना / सुधारा / सुधार चुका,1. Ameliorate conditions. // 2. It ameliorated. // 3. Life is ameliorated.,1. திருத்து / மேப்படுத்து. // 2. அது மேம்பட்டது. // 3. நிலைமை சீராகியுள்ளது.,1. सुधारना। // 2. सुधार हुआ। // 3. स्थिति सुधर चुकी है।
Amend / Amended / Amended,Day 7,Advanced,திருத்தம் செய் / செய்தேன் / செய்துள்ளேன்,संशोधन करना / किया / कर चुका,1. Amend rules. // 2. He amended. // 3. It is amended.,1. திருத்தம் செய். // 2. அவர் மாற்றினார். // 3. அது மாற்றப்பட்டது.,1. संशोधन करना। // 2. उसने बदलाव किया। // 3. इसे बदला गया है।
Amplify / Amplified / Amplified,Day 7,Advanced,விரிவுபடுத்து / படுத்தினேன் / படுத்தியுள்ளேன்,विस्तार करना / किया / कर चुका,1. Amplify signal. // 2. He amplified. // 3. It is amplified.,1. பெருக்கு (ஒலி/சக்தி). // 2. அவர் கூட்டினார். // 3. அது கூட்டப்பட்டது.,1. बढ़ाना/विस्तार। // 2. उसने आवाज बढ़ाई। // 3. इसे बढ़ाया गया है।
Annihilate / Annihilated / Annihilated,Day 7,Advanced,நிர்மூலமாக்கு / ஆக்கினேன் / ஆக்கியுள்ளேன்,विनाश करना / किया / कर चुका,1. Annihilate bugs. // 2. They annihilated. // 3. It is annihilated.,1. முற்றிலுமாக அழி. // 2. அவர்கள் அழித்தனர். // 3. அது ஒழிக்கப்பட்டது.,1. पूरी तरह नष्ट करना। // 2. उन्होंने विनाश किया। // 3. इसे मिटा दिया गया है।
Annotate / Annotated / Annotated,Day 7,Advanced,குறிப்புரை எழுது / எழுதினேன் / எழுதியுள்ளேன்,व्याख्या करना / की / कर चुका,1. Annotate the text. // 2. He annotated. // 3. It is annotated.,1. விளக்கக் குறிப்பு எழுது. // 2. அவர் எழுதினார். // 3. அது குறிக்கப்பட்டது.,1. टिप्पणी लिखना। // 2. उसने टिप्पणी की। // 3. टिप्पणी लिखी गई है।
Anticipate / Anticipated / Anticipated,Day 8,Advanced,முன்கூட்டியே எதிர்நோக்கு / நோக்கினேன் / நோக்கியுள்ளேன்,पूर्वानुमान लगाना / लगाया / चुका,1. Anticipate success. // 2. I anticipated. // 3. It was anticipated.,1. எதிர்பார். // 2. நான் எதிர்பார்த்தேன். // 3. அது எதிர்பார்க்கப்பட்டது.,1. उम्मीद करना। // 2. मैंने आशा की। // 3. यह अपेक्षित था।
Appease / Appeased / Appeased,Day 8,Advanced,அமைதிப்படுத்து / படுத்தினேன் / படுத்தியுள்ளேன்,शांत करना / किया / कर चुका,1. Appease critics. // 2. He appeased them. // 3. Hunger is appeased.,1. அமைதிப்படுத்து. // 2. அவர் சாந்தப்படுத்தினார். // 3. பசி ஆறியது.,1. शांत करना/संतुष्ट करना। // 2. उसने मनाया। // 3. उन्हें शांत किया गया।
Appertain / Appertained / Appertained,Day 8,Advanced,சார்ந்திரு / சார்ந்திருந்தது / சார்ந்துயிருக்கிறது,संबंधित होना / था / हो चुका,1. Rights appertain. // 2. It appertained. // 3. It has appertained.,1. உரியதாக இரு. // 2. அது உரியதாக இருந்தது. // 3. அது சார்ந்துள்ளது.,1. संबंधित होना। // 2. यह संबंधित था। // 3. यह संबंधित रहा है।
Appraise / Appraised / Appraised,Day 8,Advanced,மதிப்பீடு செய் / செய்தேன் / செய்துள்ளேன்,मूल्यांकन करना / किया / कर चुका,1. Appraise the house. // 2. He appraised. // 3. It is appraised.,1. மதிப்பிடு. // 2. அவர் மதிப்பிட்டார். // 3. அது மதிப்பிடப்பட்டது.,1. मूल्यांकन करना। // 2. उसने मूल्य आँका। // 3. मूल्य आँका गया है।
Apprehend / Apprehended / Apprehended,Day 8,Advanced,கைது செய் / செய்தேன் / செய்துள்ளேன்,गिरफ़्तार करना / किया / कर चुका,1. Apprehend him. // 2. They apprehended. // 3. Fear apprehended me.,1. கைது செய் / பயப்படு. // 2. அவர்கள் பிடித்தனர். // 3. பயம் என்னைப் பிடித்தது.,1. पकड़ना/हिरासत। // 2. उन्होंने पकड़ा। // 3. मुझे डर लगा।
Appropriate / Appropriated / Appropriated,Day 9,Advanced,கையகப்படுத்து / படுத்தினேன் / படுத்தியுள்ளேன்,विनियोजित करना / किया / चुका,1. Appropriate funds. // 2. He appropriated. // 3. It is appropriated.,1. கையகப்படுத்து. // 2. அவர் எடுத்துக்கொண்டார். // 3. அது எடுக்கப்பட்டது.,1. हथियाना/कब्जा करना। // 2. उसने कब्जा किया। // 3. इसे हथिया लिया गया।
Arbitrate / Arbitrated / Arbitrated,Day 9,Advanced,நடுவராகத் தீர்ப்பளி / அளித்தேன் / அளித்துள்ளேன்,मध्यस्थता करना / की / कर चुका,1. Arbitrate the feud. // 2. He arbitrated. // 3. It was arbitrated.,1. நடுவராகத் தீர்த்து வை. // 2. அவர் தீர்த்தார். // 3. அது தீர்க்கப்பட்டது.,1. पंच बनना/निपटारा। // 2. उसने फैसला कराया। // 3. इसका निपटारा हुआ।
Arraign / Arraigned / Arraigned,Day 9,Advanced,குற்றஞ்சாட்டி நீதிமன்றத்தில் நிறுத்து / நிறுத்தினேன்,दोषारोपण करना / किया / चुका,1. Arraign the killer. // 2. They arraigned. // 3. He was arraigned.,1. குற்றஞ்சாட்டு (நீதிமன்றம்). // 2. அவர்கள் நிறுத்தினர். // 3. அவர் நிறுத்தப்பட்டார்.,1. अदालत में पेश करना। // 2. उन्होंने पेश किया। // 3. उसे पेश किया गया।
Articulate / Articulated / Articulated,Day 9,Advanced,தெளிவுபடுத்து / படுத்தினேன் / படுத்தியுள்ளேன்,स्पष्ट बोलना / बोला / बोल चुका,1. Articulate words. // 2. He articulated. // 3. It is articulated.,1. தெளிவாக வெளிப்படுத்து. // 2. அவர் பேசினார். // 3. அது தெளிவாகச் சொல்லப்பட்டது.,1. स्पष्ट बोलना। // 2. उसने व्यक्त किया। // 3. इसे स्पष्ट किया गया।
Ascribe / Ascribed / Ascribed,Day 9,Advanced,ஏற்றிச் சொல் / சொன்னேன் / சொல்லியுள்ளேன்,श्रेय देना / दिया / दे चुका,1. Ascribe the quote. // 2. He ascribed it. // 3. It is ascribed.,1. காரணமாகக் கூறு. // 2. அவர் காரணமாக்கினார். // 3. அது காரணம் கூறப்பட்டது.,1. श्रेय देना/कारण बताना। // 2. उसने श्रेय दिया। // 3. इसे श्रेय दिया गया है।
Asperse / Aspersed / Aspersed,Day 10,Advanced,பழிதூற்று / தூற்றினேன் / தூற்றியுள்ளேன்,कलंकित करना / किया / कर चुका,1. Asperse character. // 2. He aspersed me. // 3. I am aspersed.,1. பழி தூற்று. // 2. அவர் பழித்தார். // 3. நான் பழிக்கப்பட்டேன்.,1. कलंक लगाना। // 2. उसने बदनाम किया। // 3. मुझे बदनाम किया गया।
Aspirate / Aspirated / Aspirated,Day 10,Advanced,பெருமூச்சுடன் ஒலி / ஒலித்தேன் / ஒலித்துள்ளேன்,प्राणवायु के साथ बोलना / बोला,1. Aspirate the sound. // 2. He aspirated. // 3. It is aspirated.,1. பெருமூச்சோடு சொல். // 2. அவர் உச்சரித்தார். // 3. அது உச்சரிக்கப்பட்டது.,1. सांस छोड़ते हुए बोलना। // 2. उसने उच्चारण किया। // 3. यह उच्चारित है।
Assail / Assailed / Assailed,Day 10,Advanced,கடுமையாகத் தாக்கு / தாக்கினேன் / தாக்கியுள்ளேன்,हमला करना / किया / कर चुका,1. Assail the enemy. // 2. They assailed. // 3. I was assailed.,1. கடுமையாகத் தாக்கு. // 2. அவர்கள் தாக்கினர். // 3. நான் தாக்கப்பட்டேன்.,1. हमला करना। // 2. उन्होंने आक्रमण किया। // 3. मुझ पर हमला हुआ।
Assent / Assented / Assented,Day 10,Advanced,சம்மதி / சம்மதித்தேன் / சம்மதித்துள்ளேன்,सहमति देना / दी / दे चुका,1. Assent to plan. // 2. He assented. // 3. We have assented.,1. சம்மதம் தெரிவி. // 2. அவர் சம்மதித்தார். // 3. நாங்கள் சம்மதித்தோம்.,1. सहमति देना। // 2. वह सहमत हुआ। // 3. हमने सहमति दी है।
Assert / Asserted / Asserted,Day 10,Advanced,உறுதிபடக் கூறு / கூறினேன் / கூறியுள்ளேன்,दावा करना / किया / कर चुका,1. Assert truth. // 2. He asserted. // 3. I have asserted.,1. உறுதியாகக் கூறு. // 2. அவர் வலியுறுத்தினார். // 3. நான் வலியுறுத்தினேன்.,1. जोर देकर कहना। // 2. उसने दावा किया। // 3. मैंने दावा किया है।
Assimilate / Assimilated / Assimilated,Day 11,Advanced,உட்கிரகி / கிரகித்தேன் / கிரகித்துள்ளேன்,आत्मसात करना / किया / कर चुका,1. Assimilate food. // 2. He assimilated. // 3. It is assimilated.,1. ஜீரணி / உள்வாங்கு. // 2. அவர் உள்வாங்கினார். // 3. அது ஜீரணிக்கப்பட்டது.,1. अपनाना/पचाना। // 2. उसने अपनाया। // 3. इसे पचा लिया गया है।
Assuage / Assuaged / Assuaged,Day 11,Advanced,தணி / தணித்தேன் / தணித்துள்ளேன்,शांत करना / किया / कर चुका,1. Assuage the grief. // 2. It assuaged. // 3. Pain is assuaged.,1. ஆற்று / தணி. // 2. அது தணிந்தது. // 3. வலி தணிந்தது.,1. शांत करना/कम करना। // 2. पीड़ा कम हुई। // 3. पीड़ा कम हो गई है।
Atone / Atoned / Atoned,Day 11,Advanced,பரிகாரம் செய் / செய்தேன் / செய்துள்ளேன்,प्रायश्चित करना / किया / कर चुका,1. Atone for crime. // 2. He atoned. // 3. I have atoned.,1. பரிகாரம் செய். // 2. அவர் பரிகாரம் செய்தார். // 3. நான் வருந்தினேன்.,1. प्रायश्चित करना। // 2. उसने प्रायश्चित किया। // 3. मैंने प्रायश्चित किया है।
Attenuate / Attenuated / Attenuated,Day 11,Advanced,மெலிதாக்கு / ஆக்கினேன் / ஆக்கியுள்ளேன்,कम करना / किया / कर चुका,1. Attenuate the force. // 2. It attenuated. // 3. Effect is attenuated.,1. மெல்லியதாக்கு (குறை). // 2. அது குறைந்தது. // 3. விளைவு குறைக்கப்பட்டது.,1. कमजोर करना/पतला। // 2. यह कम हुआ। // 3. प्रभाव कम हो गया है।
Attest / Attested / Attested,Day 11,Advanced,சான்றளி / அளித்தேன் / அளித்துள்ளேன்,प्रमाणित करना / किया / कर चुका,1. Attest signatures. // 2. He attested. // 3. It is attested.,1. சாட்சியளி / அத்தாட்சி. // 2. அவர் சான்றளித்தார். // 3. அது சான்றளிக்கப்பட்டது.,1. प्रमाणित करना। // 2. उसने हस्ताक्षर किए। // 3. यह प्रमाणित है।
Augment / Augmented / Augmented,Day 12,Advanced,பெருக்கு / பெருக்கினேன் / பெருக்கியுள்ளேன்,बढ़ाना / बढ़ाया / बढ़ा चुका,1. Augment the salary. // 2. He augmented. // 3. It is augmented.,1. அதிகப்படுத்து. // 2. அவர் கூட்டினார். // 3. அது கூட்டப்பட்டது.,1. बढ़ाना। // 2. उसने बढ़ाया। // 3. इसे बढ़ा दिया गया है।
Auspicate / Auspicated / Auspicated,Day 12,Advanced,மங்கலமாகத் தொடங்கு / தொடங்கினேன் / தொடங்கியுள்ளேன்,शुभ शुरुआत करना / की / चुका,1. Auspicate the event. // 2. He auspicated. // 3. It was auspicated.,1. சுபமாகத் தொடங்கு. // 2. அவர் தொடங்கினார். // 3. அது தொடங்கப்பட்டது.,1. शुभ शुरुआत करना। // 2. उसने उद्घाटन किया। // 3. उद्घाटन किया गया।
Authenticate / Authenticated / Authenticated,Day 12,Advanced,உண்மையானது என நிரூபி / நிரூபித்தேன் / நிரூபித்துள்ளேன்,प्रमाणित करना / किया / कर चुका,1. Authenticate ID. // 2. He authenticated. // 3. It is authenticated.,1. உண்மை என நிறுவு. // 2. அவர் சரிபார்த்தார். // 3. அது சரிபார்க்கப்பட்டது.,1. प्रमाणित करना। // 2. उसने पुष्टि की। // 3. इसकी पुष्टि की गई है।
Authorize / Authorized / Authorized,Day 12,Advanced,அங்கீகரி / அங்கீகரித்தேன் / அங்கீகரித்துள்ளேன்,अधिकृत करना / किया / कर चुका,1. Authorize pay. // 2. He authorized. // 3. I am authorized.,1. அதிகாரமளி. // 2. அவர் அனுமதித்தார். // 3. நான் அனுமதிக்கப்பட்டேன்.,1. अधिकार देना। // 2. उसने अनुमति दी। // 3. मुझे अधिकार दिया गया।
Avenge / Avenged / Avenged,Day 12,Advanced,பழிவாங்கு / வாங்கினேன் / வாங்கியுள்ளேன்,बदला लेना / लिया / ले चुका,1. Avenge the insult. // 2. He avenged. // 3. Death is avenged.,1. பழிவாங்கு. // 2. அவர் பழிதீர்த்தார். // 3. பழிவாங்கப்பட்டது.,1. बदला लेना। // 2. उसने बदला लिया। // 3. बदला लिया गया है।
Aver / Averred / Averred,Day 13,Advanced,உறுதிபடக் கூறு / கூறினேன் / கூறியுள்ளேன்,दृढ़ता से कहना / कहा / कह चुका,1. Aver the fact. // 2. He averred. // 3. It was averred.,1. உறுதியாகச் சொல். // 2. அவர் உறுதிபடக் கூறினார். // 3. அது கூறப்பட்டது.,1. दृढ़ता से कहना। // 2. उसने दावा किया। // 3. दावा किया गया था।
Avert / Averted / Averted,Day 13,Advanced,தவிர் / தவிர்த்தேன் / தவிர்த்துள்ளேன்,टालना / टाला / टाल चुका,1. Avert a crisis. // 2. He averted it. // 3. It was averted.,1. தவிர் (திருப்பு). // 2. அவர் தடுத்தார். // 3. அது தவிர்க்கப்பட்டது.,1. टालना। // 2. उसने संकट टाला। // 3. संकट टल गया।
Avow / Avowed / Avowed,Day 13,Advanced,பகிரங்கமாக ஒப்புக்கொள் / கொண்டேன் / கொண்டுள்ளேன்,खुले तौर पर स्वीकार करना / किया,1. Avow the belief. // 2. He avowed. // 3. It is avowed.,1. பகிரங்கமாக ஒப்புக்கொள். // 2. அவர் ஒப்புக்கொண்டார். // 3. அது ஒப்புக்கொள்ளப்பட்டது.,1. खुलेआम स्वीकार करना। // 2. उसने स्वीकार किया। // 3. इसे स्वीकार किया गया है।
Baffle / Baffled / Baffled,Day 13,Advanced,திகைக்கவை / வைத்தேன் / வைத்துள்ளேன்,चकित कर देना / किया / कर चुका,1. Baffle the police. // 2. It baffled him. // 3. I am baffled.,1. திகைக்க வை. // 2. அது அவரைத் திகைக்க வைத்தது. // 3. நான் குழம்பினேன்.,1. चकरा देना। // 2. इसने उसे उलझाया। // 3. मैं उलझन में हूँ।
Banish / Banished / Banished,Day 13,Advanced,நாடுகடத்து / கடத்தினேன் / கடத்தியுள்ளேன்,निर्वासित करना / किया / कर चुका,1. Banish the fear. // 2. They banished him. // 3. He is banished.,1. வெளியேற்று (நாடு கடத்து). // 2. அவர்கள் அகற்றினர். // 3. அவர் நீக்கப்பட்டார்.,1. निकालना/निर्वासित। // 2. उन्होंने निकाला। // 3. वह निर्वासित है।
Banter / Bantered / Bantered,Day 14,Advanced,கேலி செய் / செய்தேன் / செய்துள்ளேன்,मज़ाक करना / किया / कर चुका,1. Banter with staff. // 2. They bantered. // 3. We have bantered.,1. வேடிக்கையாகப் பேசு. // 2. அவர்கள் கேலி செய்தனர். // 3. நாங்கள் கேலி செய்தோம்.,1. हँसी-मज़ाक करना। // 2. उन्होंने मज़ाक किया। // 3. हमने मज़ाक किया है।
Beget / Begot / Begotten,Day 14,Advanced,பெற்றிடு / பெற்றேன் / பெற்றுள்ளேன்,उत्पन्न करना / किया / कर चुका,1. Pigs beget pigs. // 2. He begot a son. // 3. War has begotten.,1. பெத்தெடு (உருவாக்கு). // 2. அவர் பெற்றார். // 3. போர் விளைந்தது.,1. पैदा करना। // 2. उसने जन्म दिया। // 3. हिंसा पैदा हुई है।
Beguile / Beguiled / Beguiled,Day 14,Advanced,ஏமாற்று (வசியப்படுத்தி) / ஏமாற்றினேன் / ஏமாற்றியுள்ளேன்,मोहित करना (या ठगना) / किया,1. Beguile the enemy. // 2. She beguiled me. // 3. I was beguiled.,1. வஞ்சி / மயக்கு. // 2. அவள் மயக்கினாள். // 3. நான் ஏமாற்றப்பட்டேன்.,1. जी बहलाना/ठगना। // 2. उसने फुसलाया। // 3. मुझे ठगा गया।
Belie / Belied / Belied,Day 14,Advanced,பொய்யாக்கு / ஆக்கினேன் / ஆக்கியுள்ளேன்,झुठलाना / झुठलाया / झुठला चुका,1. Actions belie words. // 2. He belied truth. // 3. It is belied.,1. பொய்ப்பி (முரணாக இரு). // 2. அவர் பொய்த்தார். // 3. அது பொய்க்கப்பட்டது.,1. झुठलाना। // 2. उसने झूठ साबित किया। // 3. सच झुठलाया गया है।
Belittle / Belittled / Belittled,Day 14,Advanced,மட்டம்தட்டு / தட்டினேன் / தட்டியுள்ளேன்,छोटा दिखाना / दिखाया / दिखा चुका,1. Belittle his work. // 2. He belittled me. // 3. I am belittled.,1. மட்டந்தட்டு. // 2. அவர் குறைத்து மதிப்பிட்டார். // 3. நான் இழிவுபடுத்தப்பட்டேன்.,1. छोटा समझना/नीचा। // 2. उसने मुझे नीचा दिखाया। // 3. मुझे कम आँका गया।
Bequeath / Bequeathed / Bequeathed,Day 15,Advanced,உயில் எழுதிவை / வைத்தேன் / வைத்துள்ளேன்,वसीयत में देना / दिया / दे चुका,1. Bequeath the land. // 2. He bequeathed. // 3. It is bequeathed.,1. உயிலாகக் கொடு. // 2. அவர் வழங்கினார். // 3. அது வழங்கப்பட்டது.,1. वसीयत में देना। // 2. उसने वसीयत की। // 3. वसीयत की गई है।
Berate / Berated / Berated,Day 15,Advanced,கடுமையாகக் கண்டி / கண்டித்தேன் / கண்டித்துள்ளேன்,ज़ोर से डाँटना / डाँटा / डाँट चुका,1. Berate the driver. // 2. She berated him. // 3. I was berated.,1. கடுமையாகத் திட்டு. // 2. அவள் திட்டினாள். // 3. நான் திட்டப்பட்டேன்.,1. बुरी तरह डाँटना। // 2. उसने डाँटा। // 3. मुझे डाँटा गया।
Beseech / Besought / Besought,Day 15,Advanced,மன்றாடிக் கேள் / கேட்டேன் / கேட்டுள்ளேன்,प्रार्थना करना / की / कर चुका,1. Beseech help. // 2. He besought me. // 3. I have besought.,1. கெஞ்சிப் பிரார்தி. // 2. அவர் கெஞ்சினார். // 3. நான் கெஞ்சினேன்.,1. विनती करना। // 2. उसने प्रार्थना की। // 3. मैंने विनती की है।
Beset / Beset / Beset,Day 15,Advanced,சூழ்ந்துகொள் / கொண்டேன் / கொண்டுள்ளேன்,घेर लेना / घेरा / घेर चुका,1. Fears beset him. // 2. It beset us. // 3. We are beset.,1. சூழ்ந்துகொள் (துன்பம்). // 2. அது சூழ்ந்தது. // 3. நாங்கள் சூழப்பட்டோம்.,1. घेर लेना। // 2. इसने घेरा। // 3. हम घिरे हुए हैं।
Bestow / Bestowed / Bestowed,Day 15,Advanced,பரிசாக அளி / அளித்தேன் / அளித்துள்ளேன்,प्रदान करना / किया / कर चुका,1. Bestow a gift. // 2. He bestowed it. // 3. Honor is bestowed.,1. வழங்கு (அளி). // 2. அவர் அளித்தார். // 3. கௌரவம் அளிக்கப்பட்டது.,1. प्रदान करना। // 2. उसने दिया। // 3. प्रदान किया गया है।
Betray / Betrayed / Betrayed,Day 16,Advanced,காட்டிக்கொடு / கொடுத்தேன் / கொடுத்துள்ளேன்,विश्वासघात करना / किया / कर चुका,1. Betray the country. // 2. He betrayed me. // 3. I was betrayed.,1. துரோகம் செய். // 2. அவர் காட்டிக்கொடுத்தார். // 3. நான் வஞ்சிக்கப்பட்டேன்.,1. विश्वासघात करना। // 2. उसने धोखा दिया। // 3. मुझे धोखा मिला।
Bewail / Bewailed / Bewailed,Day 16,Advanced,புலம்பி வருந்து / வருந்தினேன் / வருந்தியுள்ளேன்,विलाप करना / किया / कर चुका,1. Bewail the loss. // 2. They bewailed. // 3. I have bewailed.,1. புலம்பி அழு. // 2. அவர்கள் புலம்பினர். // 3. நான் வருந்தினேன்.,1. विलाप करना। // 2. उन्होंने शोक मनाया। // 3. मैंने विलाप किया है।
Bewilder / Bewildered / Bewildered,Day 16,Advanced,திகைப்படையச் செய் / செய்தேன் / செய்துள்ளேன்,हैरान करना / किया / कर चुका,1. Bewilder the jury. // 2. It bewildered. // 3. I am bewildered.,1. திகைக்க வை. // 2. அது குழப்பியது. // 3. நான் குழம்பியுள்ளேன்.,1. घबरा देना/उलझाना। // 2. इसने हैरान किया। // 3. मैं हैरान हूँ।
Blaspheme / Blasphemed / Blasphemed,Day 16,Advanced,தெய்வநிந்தை செய் / செய்தேன் / செய்துள்ளேன்,ईश-निंदा करना / की / कर चुका,1. Blaspheme names. // 2. He blasphemed. // 3. I have blasphemed.,1. தெய்வ நிந்தனை செய். // 2. அவர் நிந்தனை செய்தார். // 3. நான் நிந்தனை செய்தேன்.,1. ईश्वर की निंदा करना। // 2. उसने निंदा की। // 3. निंदा की गई है।
Brandish / Brandished / Brandished,Day 16,Advanced,அச்சுறுத்தும் வகையில் வீசு / வீசினேன் / வீசியுள்ளேன்,लहराना (हथियार) / लहराया / चुका,1. Brandish a gun. // 2. He brandished it. // 3. It was brandished.,1. அச்சுறுத்தக் காட்டு. // 2. அவர் வீசினார். // 3. அது காட்டப்பட்டது.,1. हथियार लहराना। // 2. उसने लहराया। // 3. तलवार लहराई गई।
Braze / Brazed / Brazed,Day 17,Advanced,வெண்கலத்தால் செய் / செய்தேன் / செய்துள்ளேன்,पीतल से जोड़ना / जोड़ा / जोड़ चुका,1. Braze the parts. // 2. He brazed it. // 3. It is brazed.,1. பித்தளை பற்றவை. // 2. அவர் இணைத்தார். // 3. அது இணைக்கப்பட்டது.,1. पीतल से जोड़ना। // 2. उसने वेल्डिंग की। // 3. इसे जोड़ा गया है।
Breach / Breached / Breached,Day 17,Advanced,மீறு (ஒப்பந்தத்தை) / மீறினேன் / மீறியுள்ளேன்,उल्लंघन करना / किया / कर चुका,1. Breach safety. // 2. They breached it. // 3. Law is breached.,1. மீறு / தகர். // 2. அவர்கள் மீறினர். // 3. விதி மீறப்பட்டது.,1. उल्लंघन करना। // 2. उन्होंने नियम तोड़ा। // 3. नियम तोड़ा गया है।
Bridle / Bridled / Bridled,Day 17,Advanced,கட்டுப்படுத்து / படுத்தினேன் / படுத்தியுள்ளேன்,नियंत्रित करना / किया / कर चुका,1. Bridle the horse. // 2. He bridled. // 3. Anger is bridled.,1. கடிவாளமிடு (கட்டு). // 2. அவர் கட்டுப்படுத்தினார். // 3. கோபம் அடக்கப்பட்டது.,1. लगाम लगाना। // 2. उसने लगाम कसी। // 3. लगाम लगाई गई है।
Broach / Broached / Broached,Day 17,Advanced,பேச்சைத் தொடங்கு / தொடங்கினேன் / தொடங்கியுள்ளேன்,चर्चा शुरू करना / की / कर चुका,1. Broach the news. // 2. He broached it. // 3. It was broached.,1. பேச்சைத் தொடங்கு. // 2. அவர் சொன்னார். // 3. அது சொல்லப்பட்டது.,1. चर्चा छेड़ना। // 2. उसने बात शुरू की। // 3. बात शुरू की गई।
Browbeat / Browbeaten / Browbeaten,Day 17,Advanced,மிரட்டு / மிரட்டினேன் / மிரட்டியுள்ளேன்,धमकाना / धमकाया / धमका चुका,1. Browbeat witnesses. // 2. He browbeat me. // 3. I am browbeaten.,1. அதட்டிப் பணிய வை. // 2. அவர் மிரட்டினார். // 3. நான் மிரட்டப்பட்டேன்.,1. डराना-धमकाना। // 2. उसने धमकाया। // 3. मुझे धमकाया गया।
Burnish / Burnished / Burnished,Day 18,Advanced,மெருகூட்டு / ஊட்டினேன் / ஊட்டியுள்ளேன்,चमकाना / चमकाया / चमका चुका,1. Burnish the metal. // 2. He burnished. // 3. It is burnished.,1. மெருகூட்டு. // 2. அவர் மெருகூட்டினார். // 3. அது மெருகேற்றப்பட்டது.,1. चमकाना। // 2. उसने पॉलिश की। // 3. इसे चमकाया गया है।
Cajole / Cajoled / Cajoled,Day 18,Advanced,நயந்து பேசி ஏமாற்று / ஏமாற்றினேன் / ஏமாற்றியுள்ளேன்,फुसलाना / फुसलाया / फुसला चुका,1. Cajole the baby. // 2. She cajoled him. // 3. I was cajoled.,1. கொஞ்சி இணங்க வை. // 2. அவள் கெஞ்சினாள். // 3. நான் இணங்கினேன்.,1. फुसलाना। // 2. उसने मनाया। // 3. मुझे मनाया गया।
Calumniate / Calumniated / Calumniated,Day 18,Advanced,பொய்க்குற்றம் சுமத்து / சுமத்தினேன் / சுமத்தியுள்ளேன்,कलंकित करना / किया / कर चुका,1. Calumniate rivals. // 2. He calumniated. // 3. I was calumniated.,1. அவதூறு பேசு. // 2. அவர் அவதூறு செய்தார். // 3. நான் இழிவுபடுத்தப்பட்டேன்.,1. चुगली/बदनाम करना। // 2. उसने बदनाम किया। // 3. मुझे बदनाम किया गया।
Canvass / Canvassed / Canvassed,Day 18,Advanced,வாக்கு சேகரி / சேகரித்தேன் / சேகரித்துள்ளேன்,चुनाव प्रचार करना / किया / चुका,1. Canvass for a job. // 2. They canvassed. // 3. It was canvassed.,1. ஆதரவு திரட்டு. // 2. அவர்கள் கேட்டனர். // 3. அது விவாதிக்கப்பட்டது.,1. प्रचार करना/वोट। // 2. उन्होंने प्रचार किया। // 3. प्रचार किया गया था।
Capitulate / Capitulated / Capitulated,Day 18,Advanced,சரணடை / சரணடைந்தேன் / சரணடைந்துள்ளேன்,आत्मसमर्पण करना / किया / चुका,1. Capitulate to enemy. // 2. He capitulated. // 3. They have capitulated.,1. நிபந்தனையுடன் பணி. // 2. அவர் சரணடைந்தார். // 3. அவர்கள் பணிந்தனர்.,1. हथियार डालना। // 2. उसने समर्पण किया। // 3. वे हार मान चुके हैं।
Captivate / Captivated / Captivated,Day 19,Advanced,வசீகரி / வசீகரித்தேன் / வசீகரித்துள்ளேன்,मंत्रमुग्ध करना / किया / चुका,1. Captivate the audience. // 2. She captivated. // 3. I am captivated.,1. வசீகரி / கவர். // 2. அவள் கவர்ந்தாள். // 3. நான் கவரப்பட்டேன்.,1. मोहित करना। // 2. उसने मन मोह लिया। // 3. मैं मोहित हूँ।
Castigate / Castigated / Castigated,Day 19,Advanced,கடுமையாகத் தண்டி / தண்டித்தேன் / தண்டித்துள்ளேன்,बुरी तरह फटकारना / फटकारा / चुका,1. Castigate the sin. // 2. He castigated. // 3. I was castigated.,1. கடுமையாகத் தண்டி. // 2. அவர் கண்டித்தார். // 3. நான் கண்டிக்கப்பட்டேன்.,1. कड़ी आलोचना करना। // 2. उसने डाँटा। // 3. उसकी आलोचना हुई।
Categorize / Categorized / Categorized,Day 19,Advanced,வகைப்படுத்து / படுத்தினேன் / படுத்தியுள்ளேன்,वर्गीकृत करना / किया / कर चुका,1. Categorize data. // 2. He categorized. // 3. It is categorized.,1. வகைப்படுத்து. // 2. அவர் பிரித்தார். // 3. அது பிரிக்கப்பட்டது.,1. वर्गीकृत करना। // 2. उसने श्रेणियों में बांटा। // 3. इसे बांटा गया है।
Caucus / Caucused / Caucused,Day 19,Advanced,குழுவாகக் கூடு / கூடினேன் / கூடியுள்ளேன்,गुप्त बैठक करना / की / कर चुका,1. Caucus the group. // 2. They caucused. // 3. Meetings caucused.,1. குழுவாகக் கூடிப் பேசு. // 2. அவர்கள் கூடினர். // 3. கூட்டம் நடந்தது.,1. दल की बैठक करना। // 2. उन्होंने बैठक की। // 3. बैठक की गई।
Cauterize / Cauterized / Cauterized,Day 19,Advanced,சூடிட்டு ரணத்தை ஆற்று / ஆற்றினேன் / ஆற்றியுள்ளேன்,दागना (घाव को) / दागा / दाग चुका,1. Cauterize the cut. // 2. He cauterized it. // 3. It is cauterized.,1. சுட்டுப் புண்ணை ஆற்று. // 2. அவர் சுட்டார். // 3. அது சுடப்பட்டது.,1. दागना (घाव)। // 2. उसने घाव दागा। // 3. घाव दागा गया है।
Celebrate / Celebrated / Celebrated,Day 20,Advanced,கொண்டாடு /ாடினேன் /ாடியுள்ளேன்,उत्सव मनाना / मनाया / मना चुका,1. Celebrate life. // 2. We celebrated. // 3. It is celebrated.,1. கொண்டாடு. // 2. நாங்கள் கொண்டாடினோம். // 3. அது கொண்டாடப்பட்டது.,1. उत्सव मनाना। // 2. हमने मनाया। // 3. यह मनाया जाता है।
Censure / Censured / Censured,Day 20,Advanced,கடுமையாகக் கண்டி / கண்டித்தேன் / கண்டித்துள்ளேன்,निंदा करना / की / कर चुका,1. Censure the act. // 2. They censured him. // 3. He was censured.,1. கண்டனம் செய். // 2. அவர்கள் கண்டித்தனர். // 3. அவர் கண்டிக்கப்பட்டார்.,1. निंदा करना। // 2. उन्होंने निंदा की। // 3. उसकी निंदा की गई।
Centralize / Centralized / Centralized,Day 20,Advanced,மையப்படுத்து / படுத்தினேன் / படுத்தியுள்ளேன்,केंद्रीकृत करना / किया / कर चुका,1. Centralize files. // 2. They centralized. // 3. It is centralized.,1. மையப்படுத்து. // 2. அவர்கள் குவித்தனர். // 3. அது குவிக்கப்பட்டது.,1. केंद्रीकृत करना। // 2. उन्होंने इकट्ठा किया। // 3. इसे केंद्रित किया गया है।
Certify / Certified / Certified,Day 20,Advanced,சான்றளி / அளித்தேன் / அளித்துள்ளேன்,प्रमाणित करना / किया / कर चुका,1. Certify the grade. // 2. He certified. // 3. It is certified.,1. சான்றளி. // 2. அவர் உறுதி செய்தார். // 3. அது சான்றளிக்கப்பட்டது.,1. प्रमाणित करना। // 2. उसने पुष्टि की। // 3. यह प्रमाणित है।
Chagrin / Chagrined / Chagrined,Day 20,Advanced,தர்மசங்கடப்படுத்து / படுத்தினேன் / படுத்தியுள்ளேன்,चिढ़ाना / चिढ़ाया / चिढ़ा चुका,1. Chagrin him. // 2. It chagrined me. // 3. I am chagrined.,1. மனச்சோர்வடையச் செய். // 2. அது வருத்தியது. // 3. நான் வருத்தமடைந்தேன்.,1. चिढ़ाना/खिन्न करना। // 2. इसने मुझे दुखी किया। // 3. मैं खिन्न हूँ।
Characterize / Characterized / Characterized,Day 21,Advanced,பண்பியல்புகளை விவரி / விவரித்தேன் / விவரித்துள்ளேன்,विशेषता बताना / बताई / बता चुका,1. Characterize him. // 2. He characterized. // 3. It is characterized.,1. விவரி (பண்புருவாக்கு). // 2. அவர் விவரித்தார். // 3. அது விவரிக்கப்பட்டது.,1. चित्रित करना। // 2. उसने वर्णन किया। // 3. वर्णन किया गया है।
Chastise / Chastised / Chastised,Day 21,Advanced,கண்டித்துத் தண்டி / தண்டித்தேன் / தண்டித்துள்ளேன்,दंड देना / दिया / दे चुका,1. Chastise the child. // 2. He chastised me. // 3. I am chastised.,1. தண்டி (கண்டி). // 2. அவர் தண்டித்தார். // 3. நான் தண்டிக்கப்பட்டேன்.,1. दंड देना। // 2. उसने सजा दी। // 3. मुझे दंड मिला।
Cherish / Cherished / Cherished,Day 21,Advanced,போற்றிப் பாதுகா / பாதுகாத்தேன் / பாதுகாத்துள்ளேன்,संजोना / संजोया / संजो चुका,1. Cherish the gift. // 2. I cherished it. // 3. It is cherished.,1. போற்று (நேசி). // 2. நான் நேசித்தேன். // 3. அது போற்றப்படுகிறது.,1. संजोना। // 2. मैंने संजोया। // 3. इसे संजोया गया है।
Chide / Chid / Chidden,Day 21,Advanced,கடிந்துகொள் / கொண்டேன் / கொண்டுள்ளேன்,डाँटना / डाँटा / डाँट चुका,1. Chide the lazy. // 2. He chid me. // 3. I am chidden.,1. கடிந்துகொள் (திட்டு). // 2. அவர் திட்டினார். // 3. நான் திட்டப்பட்டேன்.,1. डांटना। // 2. उसने डांटा। // 3. मुझे डांटा गया है।
Chronicled / Chronicled / Chronicled,Day 21,Advanced,காலவரிசைப்படி பதிவு செய் / செய்தேன் / செய்துள்ளேன்,इतिहास लिखना / लिखा / लिख चुका,1. Chronicle the war. // 2. He chronicled. // 3. It is chronicled.,1. காலவரிசைப்படி பதிவுசெய். // 2. அவர் பதிந்தார். // 3. அது பதியப்பட்டது.,1. इतिहास में दर्ज करना। // 2. उसने दर्ज किया। // 3. यह दर्ज है।
Circumscribe / Circumscribed / Circumscribed,Day 22,Advanced,வரம்புக்குட்படுத்து / படுத்தினேன் / படுத்தியுள்ளேன்,सीमित करना / किया / कर चुका,1. Circumscribe power. // 2. He circumscribed. // 3. It is circumscribed.,1. வரம்பிற்குள் வை. // 2. அவர் கட்டுப்படுத்தினார். // 3. அது வரையறுக்கப்பட்டது.,1. सीमा तय करना। // 2. उसने सीमित किया। // 3. यह सीमित है।
Circumvent / Circumvented / Circumvented,Day 22,Advanced,தந்திரமாகத் தவிர் / தவிர்த்தேன் / தவிர்த்துள்ளேன்,गतिरोध दूर करना / किया / कर चुका,1. Circumvent rules. // 2. He circumvented. // 3. Law is circumvented.,1. ஏமாற்றித் தவிர். // 2. அவர் தப்பினார். // 3. விதி மீறப்பட்டது.,1. चतुराई से बचना। // 2. उसने रास्ता निकाला। // 3. नियम तोड़ा गया।
Cite / Cited / Cited,Day 22,Advanced,மேற்கோள் காட்டு / காட்டினேன் / காட்டியுள்ளேன்,उद्धरण देना / दिया / दे चुका,1. Cite the source. // 2. He cited. // 3. It was cited.,1. மேற்கோள் காட்டு. // 2. அவர் குறிப்பிட்டார். // 3. அது குறிப்பிடப்பட்டது.,1. प्रमाण देना। // 2. उसने हवाला दिया। // 3. इसका हवाला दिया गया।
Civilize / Civilized / Civilized,Day 22,Advanced,நாகரிகப்படுத்து / படுத்தினேன் / படுத்தியுள்ளேன்,सभ्य बनाना / बनाया / बना चुका,1. Civilize the tribe. // 2. They civilized. // 3. It is civilized.,1. நாகரிகப்படுத்து. // 2. அவர்கள் மாற்றினர். // 3. அது நாகரிகமானது.,1. सभ्य बनाना। // 2. उन्होंने सुधारा। // 3. वह सभ्य हो गया है।
Clamor / Clamored / Clamored,Day 22,Advanced,கூச்சலிட்டுப் போராடு /ாடினேன் /ாடியுள்ளேன்,कोलाहल करना / किया / कर चुका,1. Clamor for help. // 2. They clamored. // 3. It was clamored.,1. கூச்சலிடு. // 2. அவர்கள் கூச்சலிட்டனர். // 3. அது கோரப்பட்டது.,1. शोर मचाना। // 2. उन्होंने शोर किया। // 3. मांग की गई।
Clarify / Clarified / Clarified,Day 23,Advanced,தெளிவுபடுத்து / படுத்தினேன் / படுத்தியுள்ளேன்,स्पष्ट करना / किया / कर चुका,1. Clarify the doubt. // 2. He clarified. // 3. It is clarified.,1. தெளிவுபடுத்து. // 2. அவர் விளக்கினார். // 3. அது விளக்கப்பட்டது.,1. साफ करना। // 2. उसने स्पष्ट किया। // 3. यह स्पष्ट है।
Claustrate / Claustrated / Claustrated,Day 23,Advanced,தனிமைப்படுத்து / படுத்தினேன் / படுத்தியுள்ளேன்,एकांत में रखना / रखा / रख चुका,1. Claustrate the patient. // 2. He claustrated. // 3. I am claustrated.,1. சிறைவை (தனிமைப்படுத்து). // 2. அவர் அடைத்தார். // 3. நான் அடைக்கப்பட்டேன்.,1. एकांत में बंद करना। // 2. उसने बंद किया। // 3. मुझे बंद किया गया।
Cleanse / Cleansed / Cleansed,Day 23,Advanced,தூய்மைப்படுத்து / படுத்தினேன் / படுத்தியுள்ளேன்,स्वच्छ करना / किया / कर चुका,1. Cleanse the area. // 2. It cleansed. // 3. Soul is cleansed.,1. சுத்தப்படுத்து. // 2. அது சுத்தமாக்கியது. // 3. ஆத்மா சுத்தமானது.,1. शुद्ध करना। // 2. उसने साफ किया। // 3. वह शुद्ध है।
Cleave / Cleft / Cloven,Day 23,Advanced,பிள / பிளந்தேன் / பிளந்துள்ளேன்,चीरना / चीरा / चीर चुका,1. Cleave the wood. // 2. He cleft it. // 3. It is cloven.,1. பிள / ஒட்டி இரு. // 2. அவர் பிளந்தார். // 3. அது பிளக்கப்பட்டது.,1. चीरना/फोड़ना। // 2. उसने चीरा। // 3. इसे चीरा गया है।
Climax / Climaxed / Climaxed,Day 23,Advanced,உச்சநிலையை அடை / அடைந்தேன் / அடைந்துள்ளேன்,पराकाष्ठा पर पहुँचना / पहुँचा / चुका,1. Climax the show. // 2. It climaxed. // 3. It has climaxed.,1. உச்சத்தை எட்டு. // 2. அது எட்டியது. // 3. அது முடிந்தது.,1. शिखर पर पहुँचना। // 2. यह समाप्त हुआ। // 3. अंत हो चुका है।
Coalesce / Coalesced / Coalesced,Day 24,Advanced,ஒன்றிணை / இணைந்தேன் / இணைந்துள்ளேன்,संगठित होना / हुआ / हो चुका,1. Coalesce teams. // 2. They coalesced. // 3. It is coalesced.,1. ஒன்றிணை. // 2. அவர்கள் இணைந்தனர். // 3. அது இணைக்கப்பட்டது.,1. संगठित होना। // 2. वे मिल गए। // 3. वे एक हो चुके हैं।
Coerce / Coerced / Coerced,Day 24,Advanced,கட்டாயப்படுத்து / படுத்தினேன் / படுத்தியுள்ளேன்,मजबूर करना / किया / कर चुका,1. Coerce a witness. // 2. They coerced. // 3. I was coerced.,1. வற்புறுத்து (மிரட்டு). // 2. அவர்கள் மிரட்டினர். // 3. நான் வற்புறுத்தப்பட்டேன்.,1. मजबूर करना। // 2. उन्होंने डराया। // 3. मुझे मजबूर किया गया।
Cogitate / Cogitated / Cogitated,Day 24,Advanced,ஆழமாகச் சிந்தி / சிந்தித்தேன் / சிந்தித்துள்ளேன்,चिंतन करना / किया / कर चुका,1. Cogitate on life. // 2. He cogitated. // 3. I have cogitated.,1. ஆழ்ந்து சிந்தி. // 2. அவர் சிந்தித்தார். // 3. நான் சிந்தித்துள்ளேன்.,1. चिंतन करना। // 2. उसने सोचा। // 3. मैंने विचार किया है।
Cognize / Cognized / Cognized,Day 24,Advanced,உணர்ந்தறி / அறிந்தேன் / அறிந்துள்ளேன்,जानना / जाना / जान चुका,1. Cognize the risk. // 2. He cognized. // 3. It is cognized.,1. உணர்ந்து அறி. // 2. அவர் அறிந்தார். // 3. அது அறியப்பட்டது.,1. जानना/पहचानना। // 2. उसने पहचाना। // 3. यह संज्ञान में है।
Cohere / Cohered / Cohered,Day 24,Advanced,இணக்கமாயிரு / இருந்தேன் / இருந்துள்ளேன்,सुसंगत होना / था / हो चुका,1. Particles cohere. // 2. They cohered. // 3. It has cohered.,1. ஒட்டியிரு (ஒன்றுபடு). // 2. அவை இணைந்தன. // 3. அது இணைந்துள்ளது.,1. सामंजस्य रखना। // 2. वे जुड़े रहे। // 3. वे एकजुट हैं।
Collaborate / Collaborated / Collaborated,Day 25,Advanced,ஒத்துழை / ஒத்துழைத்தேன் / ஒத்துழைத்துள்ளேன்,सहयोग करना / किया / कर चुका,1. Collaborate now. // 2. They collaborated. // 3. We have collaborated.,1. இணைந்து பணியாற்று. // 2. அவர்கள் இணைந்தனர். // 3. நாங்கள் இணைந்து செய்தோம்.,1. मिलकर काम करना। // 2. उन्होंने साथ दिया। // 3. हमने सहयोग किया है।
Collate / Collated / Collated,Day 25,Advanced,ஒப்பிட்டுச் சரிபார் / பார்த்தேன் / பார்த்துள்ளேன்,मिलान करना / किया / कर चुका,1. Collate the books. // 2. He collated. // 3. It is collated.,1. ஒப்பிட்டுச் சரிபார். // 2. அவர் சரிபார்த்தார். // 3. அது சரிபார்க்கப்பட்டது.,1. मिलान करना। // 2. उसने मिलान किया। // 3. इसका मिलान हुआ है।
Collectivize / Collectivized / Collectivized,Day 25,Advanced,பொதுவுடைமையாக்கு / ஆக்கினேன் / ஆக்கியுள்ளேன்,समूहीकरण करना / किया / चुका,1. Collectivize land. // 2. They collectivized. // 3. It is collectivized.,1. கூட்டுடைமையாக்கு. // 2. அவர்கள் இணைத்தனர். // 3. அது இணைக்கப்பட்டது.,1. सामूहीकरण करना। // 2. उन्होंने एकत्र किया। // 3. इसे साझा किया गया।
Collide / Collided / Collided,Day 25,Advanced,மோது / மோதியது / மோதியிருக்கிறது,टकराना / टकराया / टकरा चुका,1. Trains collide. // 2. They collided. // 3. I have collided.,1. மோதிக்கொள். // 2. அவை மோதின. // 3. நான் மோதிவிட்டேன்.,1. टकराना। // 2. वे टकरा गए। // 3. टक्कर हो गई है।
Collocate / Collocated / Collocated,Day 25,Advanced,அருகருகே வை / வைத்தேன் / வைத்துள்ளேன்,साथ रखना / रखा / रख चुका,1. Collocate items. // 2. He collocated. // 3. It is collocated.,1. அருகருகே வை. // 2. அவர் வைத்தார். // 3. அது வைக்கப்பட்டது.,1. साथ रखना। // 2. उसने सजाया। // 3. इसे साथ रखा गया है।
Collude / Colluded / Colluded,Day 26,Advanced,இரகசியமாகச் சதி செய் / செய்தேன் / செய்துள்ளேன்,मिलीभगत करना / की / कर चुका,1. Collude in theft. // 2. They colluded. // 3. It was colluded.,1. கைகோர்த்துச் சதி செய். // 2. அவர்கள் சதி செய்தனர். // 3. அது சதியானது.,1. साठगांठ करना। // 2. उन्होंने साजिश की। // 3. साठगांठ की गई थी।
Colonize / Colonized / Colonized,Day 26,Advanced,குடியேற்றங்களை அமை / அமைத்தேன் / அமைத்துள்ளேன்,उपनिवेश बनाना / बनाया / बना चुका,1. Colonize the area. // 2. They colonized. // 3. It is colonized.,1. குடியேறு (ஆதிக்கம்). // 2. அவர்கள் பிடித்தனர். // 3. அது ஆக்கிரமிக்கப்பட்டது.,1. उपनिवेश बनाना। // 2. उन्होंने कब्जा किया। // 3. वह गुलाम है।
Combine / Combined / Combined,Day 26,Advanced,ஒன்றிணை / இணைத்தேன் / இணைந்துள்ளேன்,संयोजन करना / किया / कर चुका,1. Combine metals. // 2. He combined. // 3. It is combined.,1. ஒன்றிணை (கல). // 2. அவர் கலந்தார். // 3. அது கலக்கப்பட்டது.,1. मिलाना। // 2. उसने मिलाया। // 3. यह मिला हुआ है।
Commandeer / Commandeered / Commandeered,Day 26,Advanced,அதிகாரப்பூர்வமாகப் பறி / பறித்தேன் / பறித்துள்ளேன்,ज़ब्त करना / किया / कर चुका,1. Commandeer a vehicle. // 2. He commandeered. // 3. It is commandeered.,1. பறிமுதல் செய் (கைப்பற்று). // 2. அவர் பறித்தார். // 3. அது பறிக்கப்பட்டது.,1. जबरन लेना। // 2. उसने कब्जा किया। // 3. इसे ले लिया गया है।
Commemorate / Commemorated / Commemorated,Day 26,Advanced,நினைவுகூர் / கூர்ந்தேன் / கூர்ந்துள்ளேன்,स्मरणोत्सव मनाना / मनाया / चुका,1. Commemorate the day. // 2. They commemorated. // 3. It is commemorated.,1. நினைவு கூர். // 2. அவர்கள் போற்றினர். // 3. அது போற்றப்பட்டது.,1. उत्सव मनाना (याद)। // 2. उन्होंने मनाया। // 3. इसे मनाया गया है।
Commence / Commenced / Commenced,Day 27,Advanced,தொடங்கு / தொடங்கினேன் / தொடங்கியுள்ளேன்,प्रारंभ करना / किया / कर चुका,1. Commence the game. // 2. It commenced. // 3. It has commenced.,1. தொடங்கு. // 2. அது தொடங்கியது. // 3. அது தொடங்கியுள்ளது.,1. आरंभ करना। // 2. यह शुरू हुआ। // 3. शुरू हो चुका है।
Commend / Commended / Commended,Day 27,Advanced,பாராட்டு / பாராட்டினேன் / பாராட்டியுள்ளேன்,सराहना करना / की / कर चुका,1. Commend the deed. // 2. They commended. // 3. I am commended.,1. பாராட்டு. // 2. அவர்கள் பாராட்டினர். // 3. நான் பாராட்டப்பட்டேன்.,1. सराहना करना। // 2. उन्होंने तारीफ की। // 3. मेरी सराहना हुई है।
Commiserate / Commiserated / Commiserated,Day 27,Advanced,அனுதாபப்படு / பட்டேன் / பட்டுள்ளேன்,सहानुभूति प्रकट करना / की / चुका,1. Commiserate loss. // 2. He commiserated. // 3. I have commiserated.,1. இரக்கம் காட்டு. // 2. அவர் வருந்தினார். // 3. நான் வருந்தினேன்.,1. सहानुभूति प्रकट करना। // 2. उसने दुख बांटा। // 3. मैंने दुख जताया है।
Commission / Commissioned / Commissioned,Day 27,Advanced,பணி அமர்த்து / அமர்த்தினேன் / அமர்த்தியுள்ளேன்,नियुक्त करना / किया / कर चुका,1. Commission a statue. // 2. He commissioned. // 3. It is commissioned.,1. பணி நியமனம் செய். // 2. அவர் அளித்தார். // 3. அது பணிக்கப்பட்டது.,1. काम सौंपना। // 2. उसने काम दिया। // 3. काम सौंपा गया है।
Commit / Committed / Committed,Day 27,Advanced,வாக்குறுதியளி / அளித்தேன் / அளித்துள்ளேன்,प्रतिबद्ध होना / हुआ / हो चुका,1. Commit an error. // 2. He committed. // 3. I am committed.,1. தவறு செய் (வாக்குறுதி அளி). // 2. அவர் செய்தார். // 3. நான் உறுதியாக உள்ளேன்.,1. अपराध करना। // 2. उसने किया। // 3. मैं वचनबद्ध हूँ।
Communicate / Communicated / Communicated,Day 28,Advanced,தகவல் பரிமாறு / பரிமாறினேன் / பரிமாறியுள்ளேன்,संवाद करना / किया / कर चुका,1. Communicate the news. // 2. He communicated. // 3. It is communicated.,1. தொடர்பு கொள். // 2. அவர் பேசினார். // 3. அது பகிரப்பட்டது.,1. संवाद करना। // 2. उसने बताया। // 3. संदेश भेजा गया है।
Commutate / Commutated / Commutated,Day 28,Advanced,திசைமாற்று / மாற்றினேன் / மாற்றியுள்ளேன்,विनिमय करना / किया / कर चुका,1. Commutate current. // 2. He commutated. // 3. It is commutated.,1. திசை மாற்று. // 2. அவர் மாற்றினார். // 3. அது மாற்றப்பட்டது.,1. दिशा बदलना। // 2. उसने बदला। // 3. इसे बदला गया है।
Compact / Compacted / Compacted,Day 28,Advanced,அழுத்திச் சுருக்கு / சுருக்கினேன் / சுருக்கியுள்ளேன்,सघन बनाना / बनाया / बना चुका,1. Compact the soil. // 2. He compacted. // 3. It is compacted.,1. அழுத்திச் சுருக்கு. // 2. அவர் அழுதினார். // 3. அது அழுத்தப்பட்டது.,1. सघन करना। // 2. उसने दबाया। // 3. इसे दबाया गया है।
Compel / Compelled / Compelled,Day 28,Advanced,வற்புறுத்து / வற்புறுத்தினேன் / வற்புறுத்தியுள்ளேன்,विवश करना / किया / कर चुका,1. Compel the witness. // 2. It compelled me. // 3. I am compelled.,1. வற்புறுத்து (கட்டாயப்படுத்து). // 2. அது தூண்டியது. // 3. நான் கட்டாயத்தில் உள்ளேன்.,1. विवश करना। // 2. इसने मजबूर किया। // 3. मैं मजबूर हूँ।
Compensate / Compensated / Compensated,Day 28,Advanced,ஈடு செய் / செய்தேன் / செய்துள்ளேன்,क्षतिपूर्ति करना / की / कर चुका,1. Compensate for time. // 2. They compensated. // 3. I was compensated.,1. இழப்பீடு அளி. // 2. அவர்கள் அளித்தனர். // 3. எனக்குக் கிடைத்தது.,1. क्षतिपूर्ति करना। // 2. उन्होंने भरपाई की। // 3. मुझे मुआवजा मिला।
Compile / Compiled / Compiled,Day 29,Advanced,தொகு / தொகுத்தேன் / தொகுத்துள்ளேன்,संकलित करना / किया / कर चुका,1. Compile the report. // 2. He compiled. // 3. It is compiled.,1. தொகு (திரட்டு). // 2. அவர் தொகுத்தார். // 3. அது தொகுக்கப்பட்டது.,1. संकलन करना। // 2. उसने इकट्ठा किया। // 3. यह संकलित है।
Compliment / Complimented / Complimented,Day 29,Advanced,வாழ்த்து / வாழ்த்தினேன் / வாழ்த்தியுள்ளேன்,प्रशंसा करना / की / कर चुका,1. Compliment the chef. // 2. He complimented. // 3. I am complimented.,1. புகழ்ந்து பேசு (பாராட்டு). // 2. அவர் புகழ்ந்தார். // 3. நான் புகழப்பட்டேன்.,1. प्रशंसा करना। // 2. उसने तारीफ की। // 3. मेरी तारीफ हुई है।
Comply / Complied / Complied,Day 29,Advanced,விதிகளுக்கு இணங்கு / இணங்கினேன் / இணங்கியுள்ளேன்,अनुपालन करना / किया / कर चुका,1. Comply with law. // 2. He complied. // 3. It is complied.,1. கீழ்ப்படிந்து நட. // 2. அவர் நடந்தார். // 3. அது கடைபிடிக்கப்பட்டது.,1. पालन करना। // 2. उसने माना। // 3. इसे माना गया है।
Comport / Comported / Comported,Day 29,Advanced,நன்னடத்தை பேணு / பேணினேன் / பேணியுள்ளேன்,व्यवहार करना / किया / कर चुका,1. Comport yourself. // 2. He comported. // 3. We have comported.,1. கண்ணியமாக நட. // 2. அவர் நடந்தார். // 3. நாங்கள் நடந்தோம்.,1. आचरण करना। // 2. उसने व्यवहार किया। // 3. व्यवहार किया गया है।
Compose / Composed / Composed,Day 29,Advanced,ஆக்கு (பாடல்/கவிதை) / ஆக்கினேன் / ஆக்கியுள்ளேன்,रचना करना / की / कर चुका,1. Compose a poem. // 2. He composed. // 3. It is composed.,1. உருவாக்கு / இயற்று. // 2. அவர் இயற்றினார். // 3. அது இயற்றப்பட்டது.,1. रचना करना। // 2. उसने बनाया। // 3. इसे रचा गया है।
Compost / Composted / Composted,Day 30,Advanced,உரமாக்கு / ஆக்கினேன் / ஆக்கியுள்ளேன்,खाद बनाना / बनाई / बना चुका,1. Compost the scraps. // 2. He composted. // 3. It is composted.,1. மட்கவை (உரமாக்கு). // 2. அவர் மாற்றினார். // 3. அது உரமானது.,1. खाद बनाना। // 2. उसने खाद बनाई। // 3. खाद तैयार है।
Compound / Compounded / Compounded,Day 30,Advanced,கூட்டு / கூட்டினேன் / கூட்டியுள்ளேன்,मिश्रण करना / किया / कर चुका,1. Compound the issue. // 2. It compounded. // 3. Stress compounded.,1. சிக்கலாக்கு (கூட்டு). // 2. அது கூடியது. // 3. சிக்கல் அதிகமானது.,1. बढ़ाना/मिश्रण। // 2. यह बढ़ा। // 3. समस्या बढ़ गई है।
Comprehend / Comprehended / Comprehended,Day 30,Advanced,ஆழமாகப் புரிந்துகொள் / புரிந்துகொண்டேன்,समझना / समझा / समझ चुका,1. Comprehend logic. // 2. I comprehended. // 3. It is comprehended.,1. முழுமையாக அறி (புரிந்துகொள்). // 2. நான் புரிந்துகொண்டேன். // 3. அது விளங்கியது.,1. समझना। // 2. मैंने समझा। // 3. इसे समझ लिया गया है।
Compress / Compressed / Compressed,Day 30,Advanced,அழுத்திச் சுருக்கு / சுருக்கினேன் / சுருக்கியுள்ளேன்,दबाना / दबाया / दबा चुका,1. Compress the gas. // 2. He compressed. // 3. It is compressed.,1. அமுக்கு / சுருக்கு. // 2. அவர் சுருக்கினார். // 3. அது சுருக்கப்பட்டது.,1. दबाना/छोटा करना। // 2. उसने दबाया। // 3. इसे दबाया गया है।
Comprise / Comprised / Comprised,Day 30,Advanced,உள்ளடக்கு / அடக்கினேன் / அடக்கியுள்ளேன்,समावेश करना / किया / कर चुका,1. Comprise of members. // 2. It comprised. // 3. It is comprised.,1. உள்ளடக்கு. // 2. அது கொண்டிருந்தது. // 3. அது அடங்கியுள்ளது.,1. शामिल होना। // 2. इसमें शामिल था। // 3. यह शामिल है।
Compromise / Compromised / Compromised,Day 31,Advanced,சமரசம் செய் / செய்தேன் / செய்துள்ளேன்,समझौता करना / किया / कर चुका,1. Compromise on price. // 2. They compromised. // 3. I have compromised.,1. சமரசம் செய். // 2. அவர்கள் சமரசம் செய்தனர். // 3. நான் சமரசம் செய்தேன்.,1. समझौता करना। // 2. उन्होंने सुलह की। // 3. मैंने समझौता किया है।
Compute / Computed / Computed,Day 31,Advanced,கணக்கிடு / இட்டேன் / இட்டுள்ளேன்,गणना करना / की / कर चुका,1. Compute the tax. // 2. He computed. // 3. It is computed.,1. கணக்கிடு. // 2. அவர் கணக்கிட்டார். // 3. அது கணக்கிடப்பட்டது.,1. गणना करना। // 2. उसने गिना। // 3. गणना की गई है।
Concede / Conceded / Conceded,Day 31,Advanced,ஒப்புக்கொள் (தயக்கத்துடன்) / கொண்டேன் / கொண்டுள்ளேன்,स्वीकार करना / किया / कर चुका,1. Concede a point. // 2. He conceded. // 3. It is conceded.,1. ஒப்புக்கொள் (ஏற்றுக்கொள்). // 2. அவர் ஒப்புக்கொண்டார். // 3. அது ஒப்புக்கொள்ளப்பட்டது.,1. स्वीकार करना। // 2. उसने हार मानी। // 3. इसे मान लिया गया।
Conceive / Conceived / Conceived,Day 31,Advanced,உருவகப்படுத்து / படுத்தினேன் / படுத்தியுள்ளேன்,कल्पना करना / की / कर चुका,1. Conceive a plan. // 2. She conceived. // 3. It was conceived.,1. கருது / எண்ணு. // 2. அவள் கருவுற்றாள். // 3. அது எண்ணப்பட்டது.,1. कल्पना/गर्भ धारण। // 2. उसने सोचा। // 3. विचार आया था।
Concentrate / Concentrated / Concentrated,Day 31,Advanced,கவனத்தைக் குவி / குவித்தேன் / குவித்துள்ளேன்,एकाग्र होना / हुआ / हो चुका,1. Concentrate on work. // 2. I concentrated. // 3. It is concentrated.,1. கவனம் செலுத்து. // 2. நான் கவனித்தேன். // 3. அது குவிக்கப்பட்டது.,1. ध्यान केंद्रित करना। // 2. मैंने ध्यान दिया। // 3. ध्यान केंद्रित है।
Conceptualize / Conceptualized / Conceptualized,Day 32,Advanced,கருத்தாக்கம் செய் / செய்தேன் / செய்துள்ளேன்,संकल्पना करना / की / कर चुका,1. Conceptualize a car. // 2. He conceptualized. // 3. It is conceptualized.,1. உருவகம் செய் (திட்டமிடு). // 2. அவர் திட்டமிட்டார். // 3. அது உருவானது.,1. अवधारणा बनाना। // 2. उसने कल्पना की। // 3. कल्पना की गई है।
Conciliate / Conciliated / Conciliated,Day 32,Advanced,சமாதானப்படுத்து / படுத்தினேன் / படுத்தியுள்ளேன்,समझौता करना / किया / कर चुका,1. Conciliate the group. // 2. He conciliated. // 3. They are conciliated.,1. சமாதானம் செய். // 2. அவர் சமாதானம் செய்தார். // 3. அவர்கள் பணிந்தனர்.,1. समझौता कराना। // 2. उसने मनाया। // 3. उन्हें मनाया गया।
Conclude / Concluded / Concluded,Day 32,Advanced,முடிவுக்கு வா / வந்தேன் / வந்துள்ளேன்,निष्कर्ष निकालना / निकाला / चुका,1. Conclude the deal. // 2. He concluded. // 3. It is concluded.,1. முடிவுக்கு வா. // 2. அவர் முடித்தார். // 3. அது முடிந்தது.,1. समाप्त करना। // 2. उसने अंत किया। // 3. अंत हो चुका है।
Concur / Concurred / Concurred,Day 32,Advanced,உடன்படு / உடன்பட்டேன் / உடன்பட்டுள்ளேன்,सहमत होना / हुआ / हो चुका,1. Concur with data. // 2. They concurred. // 3. We have concurred.,1. ஒருமித்த கருத்திரு (ஒத்துக்கொள்). // 2. அவர்கள் ஒத்துக்கொண்டனர். // 3. நாங்கள் சம்மதித்தோம்.,1. सहमत होना। // 2. वे मान गए। // 3. हम सहमत हैं।
Condemn / Condemned / Condemned,Day 32,Advanced,வன்மையாகக் கண்டி / கண்டித்தேன் / கண்டித்துள்ளேன்,निंदा करना / की / कर चुका,1. Condemn violence. // 2. They condemned. // 3. He is condemned.,1. கண்டி (குற்றம் சாட்டு). // 2. அவர்கள் கண்டித்தனர். // 3. அவர் தண்டிக்கப்பட்டார்.,1. निंदा/दोषी ठहराना। // 2. उन्होंने निंदा की। // 3. वह दोषी है।
Condense / Condensed / Condensed,Day 33,Advanced,குறுக்கு / குறுக்கினேன் / குறுக்கியுள்ளேன்,संकुचित करना / किया / कर चुका,1. Condense the text. // 2. He condensed. // 3. It is condensed.,1. சுருக்கு. // 2. அவர் சுருக்கினார். // 3. அது சுருக்கப்பட்டது.,1. संक्षिप्त करना। // 2. उसने संक्षिप्त किया। // 3. इसे छोटा किया गया।
Condescend / Condescended / Condescended,Day 33,Advanced,இறங்கி வந்து செய் / செய்தேன் / செய்துள்ளேன்,कृपा करना / की / कर चुका,1. Condescend to talk. // 2. He condescended. // 3. I have condescended.,1. இறங்கி வா (பணிவோடு). // 2. அவர் இறங்கி வந்தார். // 3. நான் சம்மதித்தேன்.,1. झुकना/कृपा करना। // 2. वह राजी हुआ। // 3. मैंने कृपा की है।
Condition / Conditioned / Conditioned,Day 33,Advanced,நிபந்தனைப்படுத்து / படுத்தினேன் / படுத்தியுள்ளேன்,अनुकूल बनाना / बनाया / बना चुका,1. Condition the tool. // 2. She conditioned. // 3. It is conditioned.,1. தயார் செய் (பக்குவப்படுத்து). // 2. அவள் செய்தாள். // 3. அது தயாரானது.,1. अनुकूल बनाना। // 2. उसने ठीक किया। // 3. यह अनुकूल है।
Condole / Condoled / Condoled,Day 33,Advanced,துக்கம் விசாரி / விசாரித்தேன் / விசாரித்துள்ளேன்,शोक प्रकट करना / किया / कर चुका,1. Condole the family. // 2. He condoled. // 3. I have condoled.,1. வருத்தம் தெரிவி (ஆறுதல் கூறு). // 2. அவர் விசாரித்தார். // 3. நான் ஆறுதல் கூறினேன்.,1. शोक प्रकट करना। // 2. उसने दुख जताया। // 3. दुख जताया गया है।
Condone / Condoned / Condoned,Day 33,Advanced,மன்னித்துவிடு / மன்னித்தேன் / மன்னித்துள்ளேன்,उपेक्षा करना / की / कर चुका,1. Condone the error. // 2. He condoned. // 3. It is condoned.,1. மன்னித்து விடு (சகித்துக்கொள்). // 2. அவர் மன்னித்தார். // 3. அது மன்னிக்கப்பட்டது.,1. अनदेखा/माफ करना। // 2. उसने माफ किया। // 3. इसे माफ किया गया।
Conduce / Conduced / Conduced,Day 34,Advanced,வழிவகு / வழிவகுத்தேன் / வழிவகுத்துள்ளேன்,सहायक होना / था / हो चुका,1. Conduce to peace. // 2. It conduced. // 3. It has conduced.,1. வழிவகு (உதவு). // 2. அது உதவியது. // 3. அது உதவியுள்ளது.,1. सहायक होना। // 2. इसने मदद की। // 3. यह सहायक रहा है।
Conduct / Conducted / Conducted,Day 34,Advanced,நடத்து / நடத்தினேன் / நடத்தியுள்ளேன்,संचालन करना / किया / कर चुका,1. Conduct the choir. // 2. He conducted. // 3. It was conducted.,1. நடத்து (வழிநடத்து). // 2. அவர் நடத்தினார். // 3. அது நடத்தப்பட்டது.,1. संचालन करना। // 2. उसने चलाया। // 3. इसे चलाया गया।
Confer / Conferred / Conferred,Day 34,Advanced,கலந்தாலோசி / ஆலோசித்தேன் / ஆலோசித்துள்ளேன்,विचार-विमर्श करना / किया / चुका,1. Confer a title. // 2. He conferred. // 3. It is conferred.,1. பட்டமளி (வழங்கு). // 2. அவர் வழங்கினார். // 3. அது வழங்கப்பட்டது.,1. प्रदान करना। // 2. उसने चर्चा की। // 3. सम्मान दिया गया।
Confess / Confessed / Confessed,Day 34,Advanced,உண்மையை ஒப்புக்கொள் / கொண்டேன் / கொண்டுள்ளேன்,कुबूल करना / किया / कर चुका,1. Confess the crime. // 2. He confessed. // 3. I have confessed.,1. ஒப்புக்கொள் (தவறை). // 2. அவர் ஒப்புக்கொண்டார். // 3. நான் ஒத்துக்கொண்டேன்.,1. स्वीकार करना। // 2. उसने माना। // 3. मैंने मान लिया है।
Confide / Confided / Confided,Day 34,Advanced,ரகசியத்தைப் பகிர்ந்துக்கொள் / கொண்டேன் / கொண்டுள்ளேன்,भरोसा करना / किया / कर चुका,1. Confide the secret. // 2. He confided. // 3. She has confided.,1. நம்பிக்கையுடன் பகிர். // 2. அவர் பகிர்ந்தார். // 3. அவள் கூறினாள்.,1. गुप्त बात बताना। // 2. उसने बताया। // 3. विश्वास किया गया है।
Configure / Configured / Configured,Day 35,Advanced,அமைப்புகளை வடிவமை / அமைத்தேன் / அமைத்துள்ளேன்,विन्यास करना / किया / कर चुका,1. Configure setup. // 2. He configured. // 3. It is configured.,1. வடிவமை (அமை). // 2. அவர் அமைத்தார். // 3. அது அமைக்கப்பட்டது.,1. विन्यास करना। // 2. उसने सैट किया। // 3. यह सैट है।
Confine / Confined / Confined,Day 35,Advanced,சிறைப்படுத்து / படுத்தினேன் / படுத்தியுள்ளேன்,सीमित करना / किया / कर चुका,1. Confine the dog. // 2. They confined. // 3. I am confined.,1. எல்லைக்குள் வை (அடைத்துவை). // 2. அவர்கள் அடைத்தனர். // 3. நான் அடைக்கப்பட்டேன்.,1. सीमित करना/कैद। // 2. उन्होंने बंद किया। // 3. मैं कैद हूँ।
Confirm / Confirmed / Confirmed,Day 35,Advanced,உறுதிப்படுத்து / படுத்தினேன் / படுத்தியுள்ளேன்,पुष्टि करना / की / कर चुका,1. Confirm date. // 2. He confirmed. // 3. It is confirmed.,1. உறுதி செய். // 2. அவர் உறுதி செய்தார். // 3. அது உறுதியானது.,1. पुष्टि करना। // 2. उसने पक्का किया। // 3. यह पक्का है।
Confiscate / Confiscated / Confiscated,Day 35,Advanced,பறிமுதல் செய் / செய்தேன் / செய்துள்ளேன்,ज़ब्त करना / किया / कर चुका,1. Confiscate the bike. // 2. They confiscated. // 3. It is confiscated.,1. பறிமுதல் செய். // 2. அவர்கள் பறித்தனர். // 3. அது பறிக்கப்பட்டது.,1. जब्त करना। // 2. उन्होंने जब्त किया। // 3. इसे जब्त किया गया है।
Conflict / Conflicted / Conflicted,Day 35,Advanced,முரண்படு / பட்டேன் / பட்டுள்ளேன்,टकराव होना / हुआ / हो चुका,1. Data conflict. // 2. They conflicted. // 3. We have conflicted.,1. முரண்படு. // 2. அவை முரண்பட்டன. // 3. நாங்கள் மோதினோம்.,1. टकराना/विरोध। // 2. वे टकराए। // 3. विरोध हुआ है।
Conform / Conformed / Conformed,Day 36,Advanced,இணங்கி நட / நடந்தேன் / நடந்துள்ளேன்,अनुपालन करना / किया / कर चुका,1. Conform to law. // 2. He conformed. // 3. We have conformed.,1. விதிப்படி நட. // 2. அவர் இணங்கினார். // 3. நாங்கள் பின்பற்றினோம்.,1. अनुपालन करना। // 2. उसने पालन किया। // 3. पालन किया गया है।
Confront / Confronted / Confronted,Day 36,Advanced,நேருக்கு நேர் எதிர் நில் / நின்றேன் / நின்றுள்ளேன்,सामना करना / किया / कर चुका,1. Confront the thief. // 2. He confronted me. // 3. I was confronted.,1. நேருக்கு நேர் எதிர். // 2. அவர் எதிர்கொண்டார். // 3. நான் எதிர்க்கப்பட்டேன்.,1. सामना करना। // 2. उसने सामना किया। // 3. सामना हुआ।
Confuse / Confused / Confused,Day 36,Advanced,குழப்பமடையச் செய் / செய்தேன் / செய்துள்ளேன்,भ्रमित करना / किया / कर चुका,1. Confuse him. // 2. He confused me. // 3. I was confused.,1. அவனைக் குழப்பு. // 2. அவர் என்னைக் குழப்பினார். // 3. நான் குழப்பமடைந்தேன்.,1. उसे भ्रमित करो। // 2. उसने मुझे भ्रमित किया। // 3. मैं भ्रमित हुआ।
Congeal / Congealed / Congealed,Day 36,Advanced,உறையவை / வைத்தேன் / வைத்துள்ளேன்,जमना / जमा / जम चुका,1. Let it congeal. // 2. It congealed. // 3. It was congealed.,1. அதை உறைய விடு. // 2. அது உறைந்தது. // 3. அது உறையவைக்கப்பட்டது.,1. इसे जमने दो। // 2. यह जम गया। // 3. यह जमा दिया गया।
Congratulate / Congratulated / Congratulated,Day 36,Advanced,வாழ்த்துக்கூறு / கூறினேன் / கூறியுள்ளேன்,बधाई देना / दी / दे चुका,1. Congratulate him. // 2. He congratulated me. // 3. I was congratulated.,1. அவரைப் பாராட்டு. // 2. அவர் என்னைப் பாராட்டினார். // 3. நான் பாராட்டப்பட்டேன்.,1. उसे बधाई दो। // 2. उसने मुझे बधाई दी। // 3. मुझे बधाई दी गई।
Congregate / Congregated / Congregated,Day 37,Advanced,ஒன்றாகக் கூடு / கூடினேன் / கூடியுள்ளேன்,एकत्रित होना / हुआ / हो चुका,1. Congregate here. // 2. They congregated. // 3. The crowd was congregated.,1. இங்கே ஒன்று கூடுங்கள். // 2. அவர்கள் ஒன்று கூடினார்கள். // 3. கூட்டம் கூட்டப்பட்டது.,1. यहाँ इकट्ठा हो जाओ। // 2. वे इकट्ठे हुए। // 3. भीड़ इकट्ठी की गई।
Conjecture / Conjectured / Conjectured,Day 37,Advanced,ஊகித்துச் சொல் / சொன்னேன் / சொல்லியுள்ளேன்,अनुमान लगाना / लगाया / लगा चुका,1. Conjecture the answer. // 2. He conjectured it. // 3. It was conjectured.,1. விடையை யூகி. // 2. அவர் அதை யூகித்தார். // 3. அது யூகிக்கப்பட்டது.,1. उत्तर का अनुमान लगाओ। // 2. उसने अनुमान लगाया। // 3. यह अनुमान लगाया गया।
Conjoin / Conjoined / Conjoined,Day 37,Advanced,ஒன்றிணை / இணைத்தேன் / இணைந்துள்ளேன்,जोड़ना / जोड़ा / जोड़ चुका,1. Conjoin them. // 2. He conjoined them. // 3. They were conjoined.,1. அவற்றை இணை. // 2. அவர் அவற்றை இணைத்தார். // 3. அவை இணைக்கப்பட்டன.,1. उन्हें मिलाओ। // 2. उसने उन्हें मिलाया। // 3. उन्हें मिलाया गया।
Conjugate / Conjugated / Conjugated,Day 37,Advanced,வினைச்சொல் உருமாற்று / மாற்றினேன் / மாற்றியுள்ளேன்,रूप बदलना / बदला / बदल चुका,1. Conjugate the verb. // 2. He conjugated it. // 3. It was conjugated.,1. வினைச்சொல்லை மாற்று. // 2. அவர் அதை மாற்றினார். // 3. அது மாற்றப்பட்டது.,1. क्रिया का रूप बदलो। // 2. उसने रूप बदला। // 3. रूप बदला गया।
Connect / Connected / Connected,Day 37,Advanced,இணை / இணைத்தேன் / இணைத்துள்ளேன்,जोड़ना / जोड़ा / जोड़ चुका,1. Connect the wire. // 2. He connected it. // 3. It was connected.,1. கம்பியை இணை. // 2. அவர் அதை இணைத்தார். // 3. அது இணைக்கப்பட்டது.,1. तार जोड़ो। // 2. उसने इसे जोड़ा। // 3. यह जोड़ा गया।
Connive / Connived / Connived,Day 38,Advanced,உடந்தையாக இரு / இருந்தேன் / இருந்துள்ளேன்,मिलीभगत करना / की / कर चुका,1. Do not connive. // 2. He connived. // 3. It was connived at.,1. உடந்தையாக இருக்காதே. // 2. அவர் உடந்தையாக இருந்தார். // 3. அது கண்டுகொள்ளாமல் விடப்பட்டது.,1. मिलीभगत मत करो। // 2. उसने मिलीभगत की। // 3. मिलीभगत की गई।
Connote / Connoted / Connoted,Day 38,Advanced,குறிப்பாக உணர்த்து / உணர்த்தினேன் / உணர்த்தியுள்ளேன்,अर्थ सूचित करना / किया / कर चुका,1. Connote a meaning. // 2. It connoted danger. // 3. Danger was connoted.,1. ஒரு பொருளைக் குறிக்கவும். // 2. அது ஆபத்தைக் குறித்தது. // 3. ஆபத்து சுட்டிக்காட்டப்பட்டது.,1. अर्थ सूचित करो। // 2. इसने खतरे का भाव दिया। // 3. खतरे का भाव दिया गया।
Conquer / Conquered / Conquered,Day 38,Advanced,போரிட்டு வெல் / வென்றேன் / வென்றுள்ளேன்,विजय प्राप्त करना / की / कर चुका,1. Conquer the fear. // 2. He conquered it. // 3. It was conquered.,1. பயத்தை வெல். // 2. அவர் அதை வென்றார். // 3. அது வெல்லப்பட்டது.,1. डर को जीतो। // 2. उसने इसे जीता। // 3. इसे जीता गया।
Consecrate / Consecrated / Consecrated,Day 38,Advanced,புனிதப்படுத்து / படுத்தினேன் / படுத்தியுள்ளேன்,पवित्र करना / किया / कर चुका,1. Consecrate the temple. // 2. He consecrated it. // 3. It was consecrated.,1. கோயிலைப் புனிதப்படுத்து. // 2. அவர் அதைப் புனிதப்படுத்தினார். // 3. அது புனிதப்படுத்தப்பட்டது.,1. मंदिर को पवित्र करो। // 2. उसने इसे पवित्र किया। // 3. इसे पवित्र किया गया।
Consent / Consented / Consented,Day 38,Advanced,இசைவு தெரிவி / தெரிவித்தேன் / தெரிவித்துள்ளேன்,सहमति देना / दी / दे चुका,1. Consent to this. // 2. He consented. // 3. It was consented to.,1. இதற்குச் சம்மதி. // 2. அவர் சம்மதித்தார். // 3. அதற்குச் சம்மதம் அளிக்கப்பட்டது.,1. इसके लिए सहमति दो। // 2. उसने सहमति दी। // 3. इसके लिए सहमति दी गई।
Conserve / Conserved / Conserved,Day 39,Advanced,பாதுகாத்து வை / வைத்தேன் / வைத்துள்ளேன்,संरक्षित करना / किया / कर चुका,1. Conserve water. // 2. We conserved it. // 3. It was conserved.,1. நீரைப் பாதுகா. // 2. நாங்கள் அதைப் பாதுகாத்தோம். // 3. அது பாதுகாக்கப்பட்டது.,1. पानी बचाओ। // 2. हमने इसे बचाया। // 3. यह बचाया गया।
Consider / Considered / Considered,Day 39,Advanced,சிந்தித்துப் பார் / பார்த்தேன் / பார்த்துள்ளேன்,विचार करना / किया / कर चुका,1. Consider the offer. // 2. He considered it. // 3. It was considered.,1. சலுகையைப் பரிசீலி. // 2. அவர் அதைப் பரிசீலித்தார். // 3. அது பரிசீலிக்கப்பட்டது.,1. प्रस्ताव पर विचार करो। // 2. उसने इस पर विचार किया। // 3. इस पर विचार किया गया।
Consign / Consigned / Consigned,Day 39,Advanced,ஒப்படை / ஒப்படைத்தேன் / ஒப்படைத்துள்ளேன்,भेजना / भेजा / भेज चुका,1. Consign the goods. // 2. He consigned them. // 3. They were consigned.,1. பொருட்களை அனுப்பி வை. // 2. அவர் அவற்றை அனுப்பி வைத்தார். // 3. அவை அனுப்பி வைக்கப்பட்டன.,1. माल भेजो। // 2. उसने उन्हें भेजा। // 3. उन्हें भेजा गया।
Consist / Consisted / Consisted,Day 39,Advanced,உள்ளடக்கி இரு / இருந்தேன் / இருந்துள்ளேன்,समावेश होना / था / हो चुका,1. Consist of truth. // 2. It consisted of facts. // 3. It was composed of facts.,1. உண்மையில் நிலைத்திரு. // 2. அது உண்மைகளைக் கொண்டிருந்தது. // 3. அது உண்மைகளால் ஆனது.,1. सच से बना हो। // 2. इसमें तथ्य शामिल थे। // 3. यह तथ्यों से बना था।
Console / Consoled / Consoled,Day 39,Advanced,ஆறுதல் படுத்து / படுத்தினேன் / படுத்தியுள்ளேன்,दिलासा देना / दिया / दे चुका,1. Console him. // 2. He consoled me. // 3. I was consoled.,1. அவனுக்கு ஆறுதல் கூறு. // 2. அவர் எனக்கு ஆறுதல் கூறினார். // 3. எனக்கு ஆறுதல் கூறப்பட்டது.,1. उसे दिलासा दो। // 2. उसने मुझे दिलासा दिया। // 3. मुझे दिलासा दिया गया।
Consolidate / Consolidated / Consolidated,Day 40,Advanced,பலப்படுத்து / படுத்தினேன் / படுத்தியுள்ளேன்,मज़बूत करना / किया / कर चुका,1. Consolidate the debt. // 2. He consolidated it. // 3. It was consolidated.,1. கடனை ஒருங்கிணை. // 2. அவர் அதை ஒருங்கிணைத்தார். // 3. அது ஒருங்கிணைக்கப்பட்டது.,1. कर्ज को एकीकृत करो। // 2. उसने इसे एकीकृत किया। // 3. इसे एकीकृत किया गया।
Conspire / Conspired / Conspired,Day 40,Advanced,சதித்திட்டம் தீட்டு / தீட்டினேன் / தீட்டியுள்ளேன்,साज़िश रचना / रची / रच चुका,1. Do not conspire. // 2. They conspired. // 3. It was conspired.,1. சதி செய்யாதே. // 2. அவர்கள் சதி செய்தார்கள். // 3. சதி செய்யப்பட்டது.,1. साजिश मत करो। // 2. उन्होंने साजिश की। // 3. साजिश की गई।
Constrain / Constrained / Constrained,Day 40,Advanced,கட்டுப்படுத்து / படுத்தினேன் / படுத்தியுள்ளேன்,विवश करना / किया / कर चुका,1. Constrain him. // 2. He constrained me. // 3. I was constrained.,1. அவனை வற்புறுத்து. // 2. அவர் என்னை வற்புறுத்தினார். // 3. நான் வற்புறுத்தப்பட்டேன்.,1. उसे विवश करो। // 2. उसने मुझे विवश किया। // 3. मैं विवश हुआ।
Construct / Constructed / Constructed,Day 40,Advanced,கட்டுமானம் செய் / செய்தேன் / செய்துள்ளேன்,निर्माण करना / किया / कर चुका,1. Construct a house. // 2. He constructed it. // 3. It was constructed.,1. ஒரு வீட்டை கட்டு. // 2. அவர் அதை கட்டினார். // 3. அது கட்டப்பட்டது.,1. घर का निर्माण करो। // 2. उसने इसका निर्माण किया। // 3. इसका निर्माण किया गया।
Consult / Consulted / Consulted,Day 40,Advanced,ஆலோசனை பெறு / பெற்றேன் / பெற்றுள்ளேன்,परामर्श करना / किया / कर चुका,1. Consult a doctor. // 2. He consulted one. // 3. He was consulted.,1. மருத்துவரை கலந்தாலோசி. // 2. அவர் ஒருவரை கலந்தாலோசித்தார். // 3. அவர் கலந்தாலோசிக்கப்பட்டார்.,1. डॉक्टर से सलाह लो। // 2. उसने सलाह ली। // 3. उससे सलाह ली गई।
Consume / Consumed / Consumed,Day 41,Advanced,நுகர் / நுகர்ந்தேன் / நுகர்ந்துள்ளேன்,उपभोग करना / किया / कर चुका,1. Consume the food. // 2. He consumed it. // 3. It was consumed.,1. உணவை உட்கொள். // 2. அவர் அதை உட்கொண்டார். // 3. அது உட்கொள்ளப்பட்டது.,1. भोजन का उपभोग करो। // 2. उसने इसका उपभोग किया। // 3. इसका उपभोग किया गया।
Consummate / Consummated / Consummated,Day 41,Advanced,நிறைவு செய் / செய்தேன் / செய்துள்ளேன்,पूर्ण करना / किया / कर चुका,1. Contact him. // 2. He contacted me. // 3. I was contacted.,1. அவனைத் தொடர்பு கொள். // 2. அவர் என்னைத் தொடர்பு கொண்டார். // 3. நான் தொடர்பு கொள்ளப்பட்டேன்.,1. उससे संपर्क करो। // 2. उसने मुझसे संपर्क किया। // 3. मुझसे संपर्क किया गया।
Contact / Contacted / Contacted,Day 41,Advanced,தொடர்பு கொள் / கொண்டேன் / கொண்டுள்ளேன்,संपर्क करना / किया / कर चुका,,,
Contaminate / Contaminated / Contaminated,Day 41,Advanced,அசுத்தப்படுத்து / படுத்தினேன் / படுத்தியுள்ளேன்,दूषित करना / किया / कर चुका,1. Contaminate the water. // 2. He contaminated it. // 3. It was contaminated.,1. தண்ணீரை அசுத்தப்படுத்து. // 2. அவர் அதை அசுத்தப்படுத்தினார். // 3. அது அசுத்தப்படுத்தப்பட்டது.,1. पानी दूषित करो। // 2. उसने इसे दूषित किया। // 3. यह दूषित किया गया।
Contemplate / Contemplated / Contemplated,Day 41,Advanced,ஆழ்ந்து சிந்தி / சிந்தித்தேன் / சிந்தித்துள்ளேன்,चिंतन करना / किया / कर चुका,1. Contemplate the future. // 2. He contemplated it. // 3. It was contemplated.,1. எதிர்காலத்தைப் பற்றி சிந்தி. // 2. அவர் அதை சிந்தித்தனர். // 3. அது சிந்திக்கப்பட்டது.,1. भविष्य पर चिंतन करो। // 2. उसने उस पर चिंतन किया। // 3. उस पर चिंतन किया गया।
Contend / Contended / Contended,Day 42,Advanced,வாதிடு / வாதிட்டேன் / வாதிட்டுள்ளேன்,संघर्ष करना / किया / कर चुका,1. Contend for the prize. // 2. He contended. // 3. It was contended.,1. பரிசுக்காகப் போட்டியிடு. // 2. அவர் போட்டியிட்டார். // 3. அது போட்டியிடப்பட்டது.,1. इनाम के लिए संघर्ष करो। // 2. उसने संघर्ष किया। // 3. संघर्ष किया गया।
Content / Contented / Contented,Day 42,Advanced,திருப்திப்படுத்து / படுத்தினேன் / படுத்தியுள்ளேன்,संतुष्ट करना / किया / कर चुका,1. Content yourself. // 2. It contented him. // 3. He was contented.,1. மனநிறைவு கொள். // 2. அது அவரைத் திருப்திப்படுத்தியது. // 3. அவர் திருப்திப்படுத்தப்பட்டார்.,1. संतोष करो। // 2. इसने उसे संतुष्ट किया। // 3. वह संतुष्ट हुआ।
Contest / Contested / Contested,Day 42,Advanced,போட்டியிடு / இட்டேன் / இட்டுள்ளேன்,प्रतियोगिता करना / की / कर चुका,1. Contest the election. // 2. He contested it. // 3. It was contested.,1. தேர்தலில் போட்டியிடு. // 2. அவர் அதில் போட்டியிட்டார். // 3. அது போட்டியிடப்பட்டது.,1. चुनाव लड़ो। // 2. उसने चुनाव लड़ा। // 3. चुनाव लड़ा गया।
Contextualize / Contextualized / Contextualized,Day 42,Advanced,சூழலுக்கேற்ப விளக்கு / விளக்கினேன் / விளக்கியுள்ளேன்,प्रसंगानुसार व्याख्या करना / की,1. Contextualize the event. // 2. He contextualized it. // 3. It was contextualized.,1. சூழலுக்கு ஏற்ப விவரி. // 2. அவர் அதை விவரித்தார். // 3. அது விவரிக்கப்பட்டது.,1. संदर्भ में रखो। // 2. उसने इसे संदर्भ में रखा। // 3. इसे संदर्भ में रखा गया।
Continue / Continued / Continued,Day 42,Advanced,தொடரு / தொடர்ந்தேன் / தொடர்ந்துள்ளேன்,जारी रखना / रखा / रख चुका,1. Continue the work. // 2. He continued it. // 3. It was continued.,1. வேலையைத் தொடர். // 2. அவர் அதைத் தொடர்ந்தார். // 3. அது தொடரப்பட்டது.,1. काम जारी रखो। // 2. उसने इसे जारी रखा। // 3. यह जारी रखा गया।
Contort / Contorted / Contorted,Day 43,Advanced,கோணலாக்கு / ஆக்கினேன் / ஆக்கியுள்ளேன்,मरोड़ना / मरोड़ा / मरोड़ चुका,1. Don't contort your face. // 2. He contorted it. // 3. It was contorted.,1. முகத்தை கோணலாக்காதே. // 2. அவர் அதை கோணலாக்கினார். // 3. அது கோணலாக்கப்பட்டது.,1. चेहरा मत बिगाड़ो। // 2. उसने इसे बिगाड़ा। // 3. यह बिगाड़ा गया।
Contract / Contracted / Contracted,Day 43,Advanced,ஒப்பந்தம் செய் / செய்தேன் / செய்துள்ளேன்,अनुबंध करना / किया / कर चुका,1. Contract the muscle. // 2. It contracted. // 3. It was contracted.,1. தசையைச் சுருக்கு. // 2. அது சுருங்கியது. // 3. அது சுருக்கப்பட்டது.,1. मांसपेशी सिकोड़ो। // 2. यह सिकुड़ गई। // 3. यह सिकोड़ी गई।
Contradict / Contradicted / Contradicted,Day 43,Advanced,முரண்படு / பட்டேன் / பட்டுள்ளேன்,खंडन करना / किया / कर चुका,1. Don't contradict me. // 2. He contradicted me. // 3. I was contradicted.,1. என்னை மறுக்காதே. // 2. அவர் என்னை மறுத்தார். // 3. நான் மறுக்கப்பட்டேன்.,1. मेरा विरोध मत करो। // 2. उसने मेरा विरोध किया। // 3. मेरा विरोध किया गया।
Contraindicate / Contraindicated / Contraindicated,Day 43,Advanced,முரணான சிகிச்சை கூறு / கூறினேன் / கூறியுள்ளேன்,निषेध करना / किया / कर चुका,1. Contraindicate the drug. // 2. It contraindicated usage. // 3. Usage was contraindicated.,1. பயன்பாட்டைத் தடு (மருத்துவம்). // 2. அது பயன்பாட்டைத் தடுத்தது. // 3. பயன்பாடு தடுக்கப்பட்டது.,1. निषेध करो। // 2. इसने मना किया। // 3. यह वर्जित था।
Contrast / Contrasted / Contrasted,Day 43,Advanced,வேறுபடுத்திக் காட்டு / காட்டினேன் / காட்டியுள்ளேன்,अंतर दिखाना / दिखाया / दिखा चुका,1. Contrast the colors. // 2. He contrasted them. // 3. They were contrasted.,1. நிறங்களை வேறுபடுத்திக் காட்டு. // 2. அவர் அவற்றை வேறுபடுத்திக் காட்டினார். // 3. அவை வேறுபடுத்திக் காட்டப்பட்டன.,1. रंगों में अंतर करो। // 2. उसने उनमें अंतर किया। // 3. उनमें अंतर किया गया।
Contribute / Contributed / Contributed,Day 44,Advanced,பங்களி / பங்களித்தேன் / பங்களித்துள்ளேன்,योगदान देना / दिया / दे चुका,1. Contribute money. // 2. He contributed. // 3. It was contributed.,1. பணம் பங்களி. // 2. அவர் பங்களித்தார். // 3. அது பங்களிக்கப்பட்டது.,1. पैसे का योगदान करो। // 2. उसने योगदान दिया। // 3. योगदान दिया गया।
Contrive / Contrived / Contrived,Day 44,Advanced,தந்திரமாக உருவாக்கு / உருவாக்கினேன் / உருவாக்கியுள்ளேன்,युक्ति निकालना / निकाली / निकाल चुका,1. Contrive a plan. // 2. He contrived it. // 3. It was contrived.,1. ஒரு திட்டத்தை உருவாக்கு. // 2. அவர் அதை உருவாக்கினார். // 3. அது உருவாக்கப்பட்டது.,1. एक योजना बनाओ। // 2. उसने इसे बनाया। // 3. यह बनाया गया।
Control / Controlled / Controlled,Day 44,Advanced,கட்டுப்படுத்து / படுத்தினேன் / படுத்தியுள்ளேன்,नियंत्रित करना / किया / कर चुका,1. Control the crowd. // 2. He controlled it. // 3. It was controlled.,1. கூட்டத்தைக் கட்டுப்படுத்து. // 2. அவர் அதைக் கட்டுப்படுத்தினார். // 3. அது கட்டுப்படுத்தப்பட்டது.,1. भीड़ को नियंत्रित करो। // 2. उसने इसे नियंत्रित किया। // 3. इसे नियंत्रित किया गया।
Controvert / Controverted / Controverted,Day 44,Advanced,விவாதித்து மறு / மறுத்தேன் / மறுத்துள்ளேன்,विवाद करना / किया / कर चुका,1. Controvert the claim. // 2. He controverted it. // 3. It was controverted.,1. வாதத்தை மறு. // 2. அவர் அதை மறுத்தார். // 3. அது மறுக்கப்பட்டது.,1. दावे का खंडन करो। // 2. उसने इसका खंडन किया। // 3. इसका खंडन किया गया।
Contuse / Contused / Contused,Day 44,Advanced,நசுக்கு / நசுக்கினேன் / நசுக்கியுள்ளேன்,कुचलना / कुचला / कुचल चुका,1. Don't contuse the skin. // 2. It contused the skin. // 3. The skin was contused.,1. தோலை காயப்படுத்தாதே. // 2. அது தோலை காயப்படுத்தியது. // 3. தோல் காயப்படுத்தப்பட்டது.,1. चोट मत पहुँचाओ। // 2. इसने चोट पहुँचाई। // 3. चोट पहुँचाई गई।
Convene / Convened / Convened,Day 45,Advanced,குழுவை கூட்டு / கூட்டினேன் / கூட்டியுள்ளேன்,बुलाना (सभा) / बुलाया / बुला चुका,1. Convene a meeting. // 2. He convened it. // 3. It was convened.,1. கூட்டத்தைக் கூட்டு. // 2. அவர் அதைக் கூட்டினார். // 3. அது கூட்டப்பட்டது.,1. बैठक बुलाओ। // 2. उसने इसे बुलाया। // 3. यह बुलाई गई।
Converge / Converged / Converged,Day 45,Advanced,ஒரு புள்ளியில் இணை / இணைந்தேன் / இணைந்துள்ளேன்,मिलना (एक बिंदु पर) / मिला / चुका,1. Converge here. // 2. They converged. // 3. (Intransitive),1. இங்கே ஒன்று சேருங்கள். // 2. அவர்கள் ஒன்று சேர்ந்தார்கள். // 3. (பொருந்தாது),1. यहाँ मिलो। // 2. वे मिले। // 3. (लागू नहीं)
Converse / Conversed / Conversed,Day 45,Advanced,உரையாடு / ஆடினேன் / ஆடியுள்ளேன்,बातचीत करना / की / कर चुका,1. Converse with him. // 2. We conversed. // 3. (Intransitive),1. அவனிடம் உரையாடு. // 2. நாங்கள் உரையாடினோம். // 3. (பொருந்தாது),1. उससे बात करो। // 2. हमने बात की। // 3. (लागू नहीं)
Convert / Converted / Converted,Day 45,Advanced,மதமாற்றம் செய் / செய்தேன் / செய்துள்ளேன்,परिवर्तन करना / किया / कर चुका,1. Convert the file. // 2. He converted it. // 3. It was converted.,1. கோப்பை மாற்று. // 2. அவர் அதை மாற்றினார். // 3. அது மாற்றப்பட்டது.,1. फाइल बदलो। // 2. उसने इसे बदला। // 3. यह बदली गई।
Convey / Conveyed / Conveyed,Day 45,Advanced,தெரிவி / தெரிவித்தேன் / தெரிவித்துள்ளேன்,सूचित करना / किया / कर चुका,1. Convey the message. // 2. He conveyed it. // 3. It was conveyed.,1. தகவலைத் தெரிவி. // 2. அவர் அதைத் தெரிவித்தார். // 3. அது தெரிவிக்கப்பட்டது.,1. संदेश पहुँचाओ। // 2. उसने इसे पहुँचाया। // 3. यह पहुँचाया गया।
Convict / Convicted / Convicted,Day 46,Advanced,குற்றவாளி எனத் தீர்மானி / தீர்மானித்தேன் / தீர்மானித்துள்ளேன்,अपराधी ठहराना / ठहराया / चुका,1. Convict the criminal. // 2. They convicted him. // 3. He was convicted.,1. குற்றவாளி எனத் தீர்மானி. // 2. அவர்கள் அவனைத் தண்டித்தனர். // 3. அவன் குற்றவாளி எனத் தீர்மானிக்கப்பட்டான்.,1. अपराधी घोषित करो। // 2. उन्होंने उसे दोषी ठहराया। //
Convince / Convinced / Convinced,Day 46,Advanced,சம்மதிக்க வை / வைத்தேன் / வைத்துள்ளேன்,आश्वस्त करना / किया / कर चुका,1. Convince him. // 2. He convinced me. // 3. I was convinced.,1. அவனைச் சமாதானப்படுத்து. // 2. அவர் என்னைச் சமாதானப்படுத்தினார். // 3. நான் சமாதானப்படுத்தப்பட்டேன்.,1. उसे मनाओ। // 2. उसने मुझे मनाया। // 3. मैं मान गया।
Convoke / Convoked / Convoked,Day 46,Advanced,கூட்டத்தைக் கூட்டு / கூட்டினேன் / கூட்டியுள்ளேன்,सभा बुलाना / बुलाई / बुला चुका,1. Convoke the assembly. // 2. He convoked it. // 3. It was convoked.,1. சபையைக் கூட்டு. // 2. அவர் அதைக் கூட்டினார். // 3. அது கூட்டப்பட்டது.,1. सभा बुलाओ। // 2. उसने इसे बुलाया। // 3. यह बुलाई गई।
Convolute / Convoluted / Convoluted,Day 46,Advanced,சுருட்டு / சுருட்டினேன் / சுருட்டியுள்ளேன்,लपेटना / लपेटा / लपेट चुका,1. Don't convolute the issue. // 2. He convoluted it. // 3. It was convoluted.,1. பிரச்சினையைச் சிக்கலாக்காதே. // 2. அவர் அதைச் சிக்கலாக்கினார். // 3. அது சிக்கலாக்கப்பட்டது.,1. मुद्दे को पेचीदा मत करो। // 2. उसने इसे पेचीदा किया। // 3. यह पेचीदा किया गया।
Convulse / Convulsed / Convulsed,Day 46,Advanced,அதிரச் செய் / செய்தேன் / செய்துள்ளேன்,हिला देना / हिलाया / हिला चुका,1. Convulse with laughter. // 2. He convulsed. // 3. (Intransitive),1. சிரிப்பால் துடி. // 2. அவர் துடித்தார். // 3. (பொருந்தாது),1. हँसी से लोटपोट हो जाओ। // 2. वह लोटपोट हुआ। // 3. (लागू नहीं)
Cook / Cooked / Cooked,Day 47,Advanced,சமை / சமைத்தேன் / சமைத்துள்ளேன்,पकाना / पकाया / पका चुका,1. Cook rice. // 2. He cooked it. // 3. It was cooked.,1. சோறு சமை. // 2. அவர் அதைச் சமைத்தார். // 3. அது சமைக்கப்பட்டது.,1. चावल पकाओ। // 2. उसने इसे पकाया। // 3. यह पकाया गया।
Cool / Cooled / Cooled,Day 47,Advanced,குளிரவை / வைத்தேன் / வைத்துள்ளேன்,ठंडा करना / किया / कर चुका,1. Cool the water. // 2. He cooled it. // 3. It was cooled.,1. தண்ணீரைத் குளிர வை. // 2. அவர் அதைக் குளிர வைத்தார். // 3. அது குளிர வைக்கப்பட்டது.,1. पानी ठंडा करो। // 2. उसने इसे ठंडा किया। // 3. यह ठंडा किया गया।
Cooperate / Cooperated / Cooperated,Day 47,Advanced,ஒத்துழை / ஒத்துழைத்தேன் / ஒத்துழைத்துள்ளேன்,सहयोग करना / किया / कर चुका,1. Cooperate with us. // 2. He cooperated. // 3. It was cooperated.,1. எங்களுடன் ஒத்துழை. // 2. அவர் ஒத்துழைத்தார். // 3. அது ஒத்துழைக்கப்பட்டது.,1. हमारा सहयोग करो। // 2. उसने सहयोग किया। // 3. सहयोग किया गया।
Coordinate / Coordinated / Coordinated,Day 47,Advanced,ஒருங்கிணை / இணைத்தேன் / இணைந்துள்ளேன்,समन्वय करना / किया / कर चुका,1. Coordinate the team. // 2. He coordinated it. // 3. It was coordinated.,1. அணியை ஒருங்கிணை. // 2. அவர் அதை ஒருங்கிணைத்தார். // 3. அது ஒருங்கிணைக்கப்பட்டது.,1. टीम का समन्वय करो। // 2. उसने इसका समन्वय किया। // 3. इसका समन्वय किया गया।
Cope / Coped / Coped,Day 47,Advanced,சமாளி / சமாளித்தேன் / சமாளித்துள்ளேன்,सामना करना / किया / कर चुका,1. Cope with stress. // 2. He coped well. // 3. It was coped with.,1. மன அழுத்தத்தைச் சமாளி. // 2. அவர் அதைச் சமாளித்தார். // 3. அது சமாளிக்கப்பட்டது.,1. तनाव का सामना करो। // 2. उसने सामना किया। // 3. सामना किया गया।
Copulate / Copulated / Copulated,Day 48,Advanced,இணை / இணைந்தேன் / இணைந்துள்ளேன்,मैथुन करना / किया / कर चुका,1. Animals copulate. // 2. They copulated. // 3. (Intransitive),1. விலங்குகள் இனப்பெருக்கம் செய்கின்றன. // 2. அவை இணைந்தன. // 3. (பொருந்தாது),1. जानवर मिलन करते हैं। // 2. उन्होंने मिलन किया। // 3. (लागू नहीं)
Copy / Copied / Copied,Day 48,Advanced,நகலெடு / எடுத்தேன் / எடுத்துள்ளேன்,नकल करना / की / कर चुका,1. Copy the text. // 2. He copied it. // 3. It was copied.,1. உரையை நகலெடு. // 2. அவர் அதை நகலெடுத்தார். // 3. அது நகலெடுக்கப்பட்டது.,1. पाठ की नकल करो। // 2. उसने इसकी नकल की। // 3. इसकी नकल की गई।
Copyright / Copyrighted / Copyrighted,Day 48,Advanced,பதிப்புரிமை பெறு / பெற்றேன் / பெற்றுள்ளேன்,कॉपीराइट करना / किया / कर चुका,1. Copyright the book. // 2. He copyrighted it. // 3. It was copyrighted.,1. புத்தகத்திற்கு காப்புரிமை பெறு. // 2. அவர் அதற்கு காப்புரிமை பெற்றார். // 3. அதற்கு காப்புரிமை பெறப்பட்டது.,1. पुस्तक का कॉपीराइट लो। // 2. उसने कॉपीराइट लिया। // 3. कॉपीराइट लिया गया।
Cordialize / Cordialized / Cordialized,Day 48,Advanced,நட்புணர்வோடு பழகு / பழகினேன் / பழகியுள்ளேன்,सौहार्दपूर्ण बनाना / बनाया / चुका,1. Cordialize the relation. // 2. He cordialized it. // 3. It was cordialized.,1. உறவை சுமூகமாக்கு. // 2. அவர் அதை சுமூகமாக்கினார். // 3. அது சுமூகமாக்கப்பட்டது.,1. संबंध मैत्रीपूर्ण बनाओ। // 2. उसने इसे मैत्रीपूर्ण बनाया। // 3. इसे मैत्रीपूर्ण बनाया गया।
Corner / Cornered / Cornered,Day 48,Advanced,முடக்கு / முடக்கினேன் / முடக்கியுள்ளேன்,कोने में घेरना / घेरा / घेर चुका,1. Corner the thief. // 2. He cornered him. // 3. He was cornered.,1. திருடனை முடக்கு. // 2. அவர் அவனை முடக்கினார். // 3. அவன் முடக்கப்பட்டான்.,1. चोर को घेरो। // 2. उसने उसे घेरा। // 3. उसे घेरा गया।
Coronate / Coronated / Coronated,Day 49,Advanced,முடிசூட்டு / சூட்டினேன் / சூட்டியுள்ளேன்,राज्याभिषेक करना / किया / कर चुका,1. Coronate the king. // 2. They coronated him. // 3. He was coronated.,1. அரசனுக்கு முடிசூட்டு. // 2. அவர்கள் அவருக்கு முடிசூட்டினார்கள். // 3. அவருக்கு முடிசூட்டப்பட்டது.,1. राजा का राज्याभिषेक करो। // 2. उन्होंने राज्याभिषेक किया। // 3. राज्याभिषेक किया गया।
Correct / Corrected / Corrected,Day 49,Advanced,திருத்தம் செய் / செய்தேன் / செய்துள்ளேன்,सुधारना / सुधारा / सुधार चुका,1. Correct the mistake. // 2. He corrected it. // 3. It was corrected.,1. பிழையைத் திருத்து. // 2. அவர் அதைத் திருத்தினார். // 3. அது திருத்தப்பட்டது.,1. गलती सुधारो। // 2. उसने इसे सुधारा। // 3. इसे सुधारा गया।
Correlate / Correlated / Correlated,Day 49,Advanced,தொடர்புபடுத்து / படுத்தினேன் / படுத்தியுள்ளேன்,सहसंबंध स्थापित करना / किया / चुका,1. Correlate the data. // 2. He correlated it. // 3. It was correlated.,1. தரவை ஒப்பிடு. // 2. அவர் அதை ஒப்பிட்டார். // 3. அது ஒப்பிடப்பட்டது.,1. डेटा को सहसंबंधित करो। // 2. उसने इसे सहसंबंधित किया। // 3. इसे सहसंबंधित किया गया।
Correspond / Corresponded / Corresponded,Day 49,Advanced,தொடர்புகொள் / கொண்டேன் / கொண்டுள்ளேன்,मेल खाना / खाया / खा चुका,1. Correspond with him. // 2. He corresponded. // 3. (Intransitive),1. அவனுடன் கடிதப் தொடர்பு கொள். // 2. அவர் கடிதப் தொடர்பு கொண்டார். // 3. (பொருந்தாது),1. उससे पत्राचार करो। // 2. उसने पत्राचार किया। // 3. (लागू नहीं)
Corroborate / Corroborated / Corroborated,Day 49,Advanced,ஊர்ஜிதப்படுத்து / படுத்தினேன் / படுத்தியுள்ளேன்,पुष्टि करना / की / कर चुका,1. Corroborate the evidence. // 2. He corroborated it. // 3. It was corroborated.,1. ஆதாரத்தை உறுதிப்படுத்து. // 2. அவர் அதை உறுதிப்படுத்தினார். // 3. அது உறுதிப்படுத்தப்பட்டது.,1. सबूत की पुष्टि करो। // 2. उसने इसकी पुष्टि की। // 3. इसकी पुष्टि की गई।
Corrode / Corroded / Corroded,Day 50,Advanced,அரித்து அழி / அழித்தது / அழித்துள்ளது,जंग लगना / लगा / लग चुका,1. Acids corrode metal. // 2. It corroded the metal. // 3. It was corroded.,1. அமிலம் உலோகத்தை அரிக்கும். // 2. அது உலோகத்தை அரித்தது. // 3. உலோகம் அரிக்கப்பட்டது.,1. एसिड धातु को गलाता है। // 2. इसने धातु को गला दिया। // 3. धातु गल गई।
Corrugate / Corrugated / Corrugated,Day 50,Advanced,மடிப்புகளை உண்டாக்கு / உண்டாக்கினேன் / உண்டாகியுள்ளேன்,लहरदार बनाना / बनाया / बना चुका,1. Corrugate the sheet. // 2. It was corrugated. // 3. The sheet is corrugated.,1. தாளை மடிப்புகளாக்கு. // 2. அது மடிப்புகளாக்கப்பட்டது. // 3. தாள் மடிக்கப்பட்டது.,1. चादर को लहरदार बनाओ। // 2. इसे लहरदार बनाया गया। // 3. चादर लहरदार है।
Corrupt / Corrupted / Corrupted,Day 50,Advanced,ஊழல் செய் / செய்தேன் / செய்துள்ளேன்,भ्रष्ट करना / किया / कर चुका,1. Don't corrupt him. // 2. He corrupted the system. // 3. It was corrupted.,1. அவனைக் கெடுக்காதே. // 2. அவர் அமைப்பைச் சீர்குலைத்தார். // 3. அமைப்பு சீர்குலைக்கப்பட்டது.,1. उसे भ्रष्ट मत करो। // 2. उसने प्रणाली को भ्रष्ट किया। // 3. प्रणाली भ्रष्ट हो गई।
Cosign / Cosigned / Cosigned,Day 50,Advanced,இணைந்து கையெழுத்திடு / இட்டேன் / இட்டுள்ளேன்,सह-हस्ताक्षर करना / किया / चुका,1. Cosign the loan. // 2. He cosigned it. // 3. It was cosigned.,1. கடனுக்கு இணைக் கையெழுத்திடு. // 2. அவர் அதில் இணைக் கையெழுத்திட்டார். // 3. அதில் இணைக் கையெழுத்திடப்பட்டது.,1. ऋण पर सह-हस्ताक्षर करो। // 2. उसने सह-हस्ताक्षर किए। // 3. सह-हस्ताक्षर किए गए।
Cost / Cost / Cost,Day 50,Advanced,விலையாகு / ஆனது / ஆகியுள்ளது,मूल्य होना / था / हो चुका,1. It costs five rupees. // 2. It cost five rupees. // 3. It has cost me much.,1. இதன் விலை ஐந்து ரூபாய். // 2. இதன் விலை ஐந்து ரூபாயாக இருந்தது. // 3. இதற்கு நான் அதிகம் செலவு செய்தேன்.,1. इसकी कीमत पांच रुपये है। // 2. इसकी कीमत पांच रुपये थी। // 3. इसकी मुझे भारी कीमत चुकानी पड़ी।
Counsel / Counseled / Counseled,Day 51,Advanced,ஆலோசனை வழங்கு / வழங்கினேன் / வழங்கியுள்ளேன்,परामर्श देना / दिया / दे चुका,1. Counsel the student. // 2. He counseled him. // 3. He was counseled.,1. மாணவனுக்கு ஆலோசனை வழங்கு. // 2. அவர் அவனுக்கு ஆலோசனை வழங்கினார். // 3. அவனுக்கு ஆலோசனை வழங்கப்பட்டது.,1. छात्र को परामर्श दो। // 2. उसने उसे परामर्श दिया। // 3. उसे परामर्श दिया गया।
Count / Counted / Counted,Day 51,Advanced,எண்ணு / எண்ணினேன் / எண்ணியுள்ளேன்,गिनना / गिना / गिन चुका,1. Count the money. // 2. He counted it. // 3. It was counted.,1. பணத்தை எண்ணு. // 2. அவர் அதை எண்ணினார். // 3. அது எண்ணப்பட்டது.,1. पैसे गिनो। // 2. उसने इसे गिना। // 3. यह गिना गया।
Countenance / Countenanced / Countenanced,Day 51,Advanced,ஆதரி / ஆதரித்தேன் / ஆதரித்துள்ளேன்,समर्थन करना / किया / कर चुका,1. Do not countenance this. // 2. He countenanced it. // 3. It was countenanced.,1. இதை ஆதரிக்காதே. // 2. அவர் அதை ஆதரித்தார். // 3. அது ஆதரிக்கப்பட்டது.,1. इसका समर्थन मत करो। // 2. उसने इसका समर्थन किया। // 3. इसका समर्थन किया गया।
Counter / Countered / Countered,Day 51,Advanced,எதிர்த்து செயல்படு / பட்டேன் / பட்டுள்ளேன்,विरोध करना / किया / कर चुका,1. Counter the attack. // 2. He countered it. // 3. It was countered.,1. தாக்குதலை முறியடி. // 2. அவர் அதை முறியடித்தார். // 3. அது முறியடிக்கப்பட்டது.,1. हमले का जवाब दो। // 2. उसने जवाब दिया। // 3. जवाब दिया गया।
Counteract / Counteracted / Counteracted,Day 51,Advanced,முறியடி / முறியடித்தேன் / முறியடித்துள்ளேன்,निष्प्रभावी करना / किया / चुका,1. Counteract the poison. // 2. It counteracted the effect. // 3. The effect was counteracted.,1. நஞ்சை முறியடி. // 2. அது விளைவை முறியடித்தது. // 3. விளைவு முறியடிக்கப்பட்டது.,1. जहर का काट करो। // 2. इसने असर कम किया। // 3. असर कम किया गया।
Counterbalance / Counterbalanced / Counterbalanced,Day 52,Advanced,சமன்செய் / செய்தேன் / செய்துள்ளேன்,संतुलन बनाना / बनाया / बना चुका,1. Counterbalance the weight. // 2. It counterbalanced it. // 3. It was counterbalanced.,1. எடையைச் சமன்படுத்து. // 2. அது அதைச் சமன்படுத்தியது. // 3. அது சமன்படுத்தப்பட்டது.,1. वजन संतुलित करो। // 2. इसने इसे संतुलित किया। // 3. यह संतुलित किया गया।
Counterfeit / Counterfeited / Counterfeited,Day 52,Advanced,கள்ளத்தனமாக உருவாக்கு / உருவாக்கினேன் / உருவாக்கியுள்ளேன்,जालसाजी करना / की / कर चुका,1. Don't counterfeit money. // 2. He counterfeited it. // 3. It was counterfeited.,1. கள்ள நோட்டு அடிக்காதே. // 2. அவர் அதை அடித்தார். // 3. அது கள்ளத்தனமாக உருவாக்கப்பட்டது.,1. पैसे की नकल मत करो। // 2. उसने इसकी नकल की। // 3. इसकी नकल की गई।
Countermand / Countermanded / Countermanded,Day 52,Advanced,உத்தரவை ரத்து செய் / செய்தேன் / செய்துள்ளேன்,आदेश रद्द करना / किया / कर चुका,1. Countermand the order. // 2. He countermanded it. // 3. It was countermanded.,1. உத்தரவை ரத்து செய். // 2. அவர் அதை ரத்து செய்தார். // 3. அது ரத்து செய்யப்பட்டது.,1. आदेश रद्द करो। // 2. उसने इसे रद्द किया। // 3. यह रद्द किया गया।
Countersign / Countersigned / Countersigned,Day 52,Advanced,மேலொப்பமிடு / இட்டேன் / இட்டுள்ளேன்,प्रतिहस्ताक्षर करना / किया / चुका,1. Countersign the check. // 2. He countersigned it. // 3. It was countersigned.,1. காசோலையில் மறுகையெழுத்திடு. // 2. அவர் அதில் மறுகையெழுத்திட்டார். // 3. அதில் மறுகையெழுத்திடப்பட்டது.,1. चेक पर प्रतिहस्ताक्षर करो। // 2. उसने प्रतिहस्ताक्षर किए। // 3. प्रतिहस्ताक्षर किए गए।
Countervail / Countervailed / Countervailed,Day 52,Advanced,சமன்செய் / செய்தேன் / செய்துள்ளேன்,प्रतिकार करना / किया / कर चुका,1. Countervail the force. // 2. It countervailed. // 3. It was countervailed.,1. விசைக்கு ஈடுகொடு. // 2. அது ஈடுகொடுத்தது. // 3. அது ஈடுகொடுக்கப்பட்டது.,1. बल का प्रतिकार करो। // 2. इसने प्रतिकार किया। // 3. इसका प्रतिकार किया गया।
Couple / Coupled / Coupled,Day 53,Advanced,இணை / இணைத்தேன் / இணைத்துள்ளேன்,जोड़ना / जोड़ा / जोड़ चुका,1. Couple the wagons. // 2. He coupled them. // 3. They were coupled.,1. பெட்டிகளை இணை. // 2. அவர் அவற்றை இணைத்தார். // 3. அவை இணைக்கப்பட்டன.,1. डिब्बों को जोड़ो। // 2. उसने उन्हें जोड़ा। // 3. उन्हें जोड़ा गया।
Courage / Couraged / Couraged,Day 53,Advanced,தைரியப்படுத்து / படுத்தினேன் / படுத்தியுள்ளேன்,साहस देना / दिया / दे चुका,1. Encourage him (Courage). // 2. He encouraged me. // 3. I was encouraged.,1. அவனை ஊக்குவி. // 2. அவர் என்னை ஊக்குவித்தார். // 3. நான் ஊக்குவிக்கப்பட்டேன்.,1. उसे प्रोत्साहित करो। // 2. उसने मुझे प्रोत्साहित किया। // 3. मैं प्रोत्साहित हुआ।
Court / Courted / Courted,Day 53,Advanced,நயந்து பேசு / பேசினேன் / பேசியுள்ளேன்,खुशामद करना / की / कर चुका,1. Court trouble. // 2. He courted trouble. // 3. Trouble was courted.,1. வம்பை விலைக்கு வாங்கு. // 2. அவர் வம்பை விலைக்கு வாங்கினார். // 3. வம்பு விலைக்கு வாங்கப்பட்டது.,1. मुसीबत को न्योता दो। // 2. उसने मुसीबत को न्योता दिया। // 3. मुसीबत को न्योता दिया गया।
Covenant / Covenanted / Covenanted,Day 53,Advanced,ஒப்பந்தம் செய் / செய்தேன் / செய்துள்ளேன்,प्रतिज्ञा करना / की / कर चुका,1. Covenant with God. // 2. He covenanted. // 3. It was covenanted.,1. இறைவனுடன் உடன்படிக்கை செய். // 2. அவர் உடன்படிக்கை செய்தார். // 3. உடன்படிக்கை செய்யப்பட்டது.,1. ईश्वर से प्रतिज्ञा करो। // 2. उसने प्रतिज्ञा की। // 3. प्रतिज्ञा की गई।
Cover / Covered / Covered,Day 53,Advanced,மூடு / மூடினேன் / மூடியுள்ளேன்,ढकना / ढका / ढक चुका,1. Cover the pot. // 2. He covered it. // 3. It was covered.,1. பானையை மூடு. // 2. அவர் அதை மூடினார். // 3. அது மூடப்பட்டது.,1. बर्तन ढको। // 2. उसने इसे ढका। // 3. यह ढका गया।
Covet / Coveted / Coveted,Day 54,Advanced,பேராசைப்படு / பட்டேன் / பட்டுள்ளேன்,लालच करना / किया / कर चुका,1. Do not covet. // 2. He coveted it. // 3. It was coveted.,1. பேராசைப்படாதே. // 2. அவர் அதன் மேல் ஆசைப்பட்டார். // 3. அது ஆசைப்படப்பட்டது.,1. लालच मत करो। // 2. उसने इसका लालच किया। // 3. इसका लालच किया गया।
Cower / Cowered / Cowered,Day 54,Advanced,பயந்து நடுங்கு / நடுங்கினேன் / நடுங்கியுள்ளேன்,डर से दुबकना / दुबका / दुबक चुका,1. Don't cower. // 2. He cowered. // 3. (Intransitive),1. பயந்து நடுங்காதே. // 2. அவர் பயந்து நடுங்கினார். // 3. (பொருந்தாது),1. डर कर मत दुबको। // 2. वह डर कर दुबक गया। // 3. (लागू नहीं)
Cracken / Crackened / Crackened,Day 54,Advanced,வெடிக்கச் செய் / செய்தேன் / செய்துள்ளேன்,फटना / फटा / फट चुका,1. Crack the nut. // 2. He cracked it. // 3. It was cracked.,1. கொட்டையை உடை. // 2. அவர் அதை உடைத்தார். // 3. அது உடைக்கப்பட்டது.,1. अखरोट तोड़ो। // 2. उसने इसे तोड़ा। // 3. यह तोड़ा गया।
Craft / Crafted / Crafted,Day 54,Advanced,கைவினை செய் / செய்தேன் / செய்துள்ளேன்,शिल्प बनाना / बनाया / बना चुका,1. Craft a story. // 2. He crafted it. // 3. It was crafted.,1. ஒரு கதையை உருவாக்கு. // 2. அவர் அதை உருவாக்கினார். // 3. அது உருவாக்கப்பட்டது.,1. कहानी गढ़ो। // 2. उसने इसे गढ़ा। // 3. यह गढ़ी गई।
Cram / Crammed / Crammed,Day 54,Advanced,திணி / திணித்தேன் / திணித்துள்ளேன்,ठूँसना / ठूँसा / ठूँस चुका,1. Cram the clothes. // 2. He crammed them. // 3. They were crammed.,1. துணிகளைத் திணி. // 2. அவர் அதைத் திணித்தார். // 3. அவை திணிக்கப்பட்டன.,1. कपड़े ठूँसो। // 2. उसने उन्हें ठूँसा। // 3. वे ठूँसे गए।
Cramp / Cramped / Cramped,Day 55,Advanced,முடக்கு / முடக்கினேன் / முடக்கியுள்ளேன்,ऐंठन होना / हुई / हो चुका,1. Don't cramp my style. // 2. It cramped his style. // 3. His style was cramped.,1. என்னை முடக்காதே. // 2. அது அவரை முடக்கியது. // 3. அவர் முடக்கப்பட்டார்.,1. मुझे सीमित मत करो। // 2. इसने उसे सीमित किया। // 3. वह सीमित हो गया।
Crash / Crashed / Crashed,Day 55,Advanced,மோதி அழி / அழிந்தது / அழிந்துள்ளது,टकराना / टकराया / टकरा चुका,1. Don't crash the car. // 2. He crashed it. // 3. It was crashed.,1. காரை மோதாதே. // 2. அவர் அதை மோதினார். // 3. அது மோதப்பட்டது.,1. कार मत टकराओ। // 2. उसने इसे टकराया। // 3. यह टकरा गई।
Crave / Craved / Craved,Day 55,Advanced,ஆவலோடு ஏங்கு / ஏங்கினேன் / ஏங்கியுள்ளேன்,तरसना / तरसा / तरस चुका,1. Crave for food. // 2. He craved it. // 3. It was craved.,1. உணவை விரும்பு. // 2. அவர் அதை விரும்பினார். // 3. அது விரும்பப்பட்டது.,1. भोजन की लालसा करो। // 2. उसने इसकी लालसा की। // 3. इसकी लालसा की गई।
Crawl / Crawled / Crawled,Day 55,Advanced,ஊர்ந்து செல் / சென்றேன் / சென்றுள்ளேன்,रेंगना / रेंगा / रेंग चुका,1. Crawl on the floor. // 2. He crawled. // 3. (Intransitive),1. தரையில் ஊர்ந்து செல். // 2. அவர் ஊர்ந்து சென்றார். // 3. (பொருந்தாது),1. फर्श पर रेंगना। // 2. वह रेंगा। // 3. (लागू नहीं)
Creak / Creaked / Creaked,Day 55,Advanced,கீச்சிடு / இட்டது / இட்டுள்ளது,चरचराना / चरचराया / चरचरा चुका,1. The door creaks. // 2. It creaked. // 3. (Intransitive),1. கதவு கீச்சிடுகிறது. // 2. அது கீச்சிட்டது. // 3. (பொருந்தாது),1. दरवाजा चरमराता है। // 2. यह चरमराया। // 3. (लागू नहीं)
Create / Created / Created,Day 56,Advanced,உருவாக்கு / உருவாக்கினேன் / உருவாக்கியுள்ளேன்,सृजन करना / किया / कर चुका,1. Create a file. // 2. He created it. // 3. It was created.,1. ஒரு கோப்பை உருவாக்கு. // 2. அவர் அதை உருவாக்கினார். // 3. அது உருவாக்கப்பட்டது.,1. एक फाइल बनाओ। // 2. उसने इसे बनाया। // 3. यह बनाई गई।
Credit / Credited / Credited,Day 56,Advanced,வரவு வை / வைத்தேன் / வைத்துள்ளேன்,जमा करना / किया / कर चुका,1. Credit the account. // 2. He credited it. // 3. It was credited.,1. கணக்கில் வரவு வை. // 2. அவர் அதில் வரவு வைத்தார். // 3. அதில் வரவு வைக்கப்பட்டது.,1. खाते में जमा करो। // 2. उसने इसमें जमा किया। // 3. इसमें जमा किया गया।
Creep / Crept / Crept,Day 56,Advanced,மெதுவாக நகரு / நகர்ந்தேன் / நகர்ந்துள்ளேன்,रेंगना / रेंगा / रेंग चुका,1. Creep silently. // 2. He crept. // 3. (Intransitive),1. சத்தமில்லாமல் ஊர்ந்து செல். // 2. அவர் ஊர்ந்து சென்றார். // 3. (பொருந்தாது),1. चुपके से रेंगो। // 2. वह रेंगा। // 3. (लागू नहीं)
Cremate / Cremated / Cremated,Day 56,Advanced,தகனம் செய் / செய்தேன் / செய்துள்ளேன்,दाह संस्कार करना / किया / चुका,1. Cremate the body. // 2. They cremated him. // 3. He was cremated.,1. உடலை தகனம் செய். // 2. அவர்கள் அவரைத் தகனம் செய்தார்கள். // 3. அவர் தகனம் செய்யப்பட்டார்.,1. शव का दाह संस्कार करो। // 2. उन्होंने उसका दाह संस्कार किया। // 3. उसका दाह संस्कार किया गया।
Creolize / Creolized / Creolized,Day 56,Advanced,மொழிக்கலப்பு செய் / செய்தேன் / செய்துள்ளேன்,मिश्रित भाषा बनाना / बनाया / चुका,1. Creolize the language. // 2. It creolized. // 3. It was creolized.,1. மொழியை கலப்பு மொழியாக்கு. // 2. அது கலப்பு மொழியானது. // 3. அது கலப்பு மொழியாக்கப்பட்டது.,1. भाषा को मिश्रित बनाओ। // 2. यह मिश्रित हो गई। // 3. इसे मिश्रित किया गया।
Crepitate / Crepitated / Crepitated,Day 57,Advanced,படபடவென ஒலி / ஒலித்தது / ஒலித்திருக்கிறது,चटकना / चटका / चटक चुका,1. Fire creates crepitation. // 2. It crepitated. // 3. (Intransitive),1. நெருப்பு படபடக்கும் ஒலியை எழுப்புகிறது. // 2. அது படபடத்தது. // 3. (பொருந்தாது),1. आग चटचटाती है। // 2. यह चटचटाई। // 3. (लागू नहीं)
Crest / Crested / Crested,Day 57,Advanced,உச்சத்தை அடை / அடைந்தேன் / அடைந்துள்ளேன்,शिखर पर पहुँचना / पहुँचा / चुका,1. Crest the hill. // 2. We crested the hill. // 3. The hill was crested.,1. குன்றின் உச்சியை அடை. // 2. நாங்கள் உச்சியை அடைந்தோம். // 3. உச்சி அடையப்பட்டது.,1. पहाड़ी की चोटी पर पहुँचो। // 2. हम चोटी पर पहुँचे। // 3. चोटी पर पहुँचा गया।
Cringe / Cringed / Cringed,Day 57,Advanced,கூச்சப்படு / பட்டேன் / பட்டுள்ளேன்,चापलूसी करना / की / कर चुका,1. Don't cringe. // 2. He cringed. // 3. (Intransitive),1. கூனிக் குறுகாதே. // 2. அவர் கூனிக் குறுகினார். // 3. (பொருந்தாது),1. दुबको मत। // 2. वह दुबक गया। // 3. (लागू नहीं)
Crinkle / Crinkled / Crinkled,Day 57,Advanced,சுருக்கு / சுருக்கினேன் / சுருக்கியுள்ளேன்,सिकोड़ना / सिकोड़ा / सिकोड़ चुका,1. Crinkle the paper. // 2. He crinkled it. // 3. It was crinkled.,1. காகிதத்தை கசக்கு. // 2. அவர் அதை கசக்கினார். // 3. அது கசக்கப்பட்டது.,1. कागज को सिकोड़ो। // 2. उसने इसे सिकोड़ा। // 3. इसे सिकोड़ा गया।
Cripple / Crippled / Crippled,Day 57,Advanced,முடக்கு / முடக்கினேன் / முடக்கியுள்ளேன்,पंगु बनाना / बनाया / बना चुका,1. Don't cripple him. // 2. It crippled him. // 3. He was crippled.,1. அவனை முடக்காதே. // 2. அது அவனை முடக்கியது. // 3. அவன் முடக்கப்பட்டான்.,1. उसे अपंग मत बनाओ। // 2. इसने उसे अपंग बना दिया। // 3. वह अपंग हो गया।
Crisp / Crisped / Crisped,Day 58,Advanced,மொறுமொறுப்பாக்கு / ஆக்கினேன் / ஆக்கியுள்ளேன்,कुरकुरा बनाना / बनाया / बना चुका,1. Crisp the bacon. // 2. He crisped it. // 3. It was crisped.,1. இறைச்சியை மொறுமொறுப்பாக்கு. // 2. அவர் அதை மொறுமொறுப்பாக்கினார். // 3. அது மொறுமொறுப்பாக்கப்பட்டது.,1. बेकन को कुरकुरा करो। // 2. उसने इसे कुरकुरा किया। // 3. इसे कुरकुरा किया गया।
Criticize / Criticized / Criticized,Day 58,Advanced,விமர்சி / விமர்சித்தேன் / விமர்சித்துள்ளேன்,आलोचना करना / की / कर चुका,1. Criticize the work. // 2. He criticized it. // 3. It was criticized.,1. வேலையை விமர்சி. // 2. அவர் அதை விமர்சித்தார். // 3. அது விமர்சிக்கப்பட்டது.,1. काम की आलोचना करो। // 2. उसने इसकी आलोचना की। // 3. इसकी आलोचना की गई।
Croak / Croaked / Croaked,Day 58,Advanced,கரகரத்த குரலில் பேசு / பேசினேன் / பேசியுள்ளேன்,टर्राना / टर्राया / टर्रा चुका,1. Frogs croak. // 2. The frog croaked. // 3. (Intransitive),1. தவளைகள் கத்தும். // 2. தவளை கத்தியது. // 3. (பொருந்தாது),1. मेंढक टर्राते हैं। // 2. मेंढक टर्राया। // 3. (लागू नहीं)
Crochet / Crocheted / Crocheted,Day 58,Advanced,பின்னல் வேலை செய் / செய்தேன் / செய்துள்ளேன்,क्रोशिया का काम करना / किया / चुका,1. Crochet a sweater. // 2. She crocheted it. // 3. It was crocheted.,1. ஒரு ஸ்வெட்டர் பின்னு. // 2. அவள் அதைப் பின்னினாள். // 3. அது பின்னப்பட்டது.,1. स्वेटर बुनो। // 2. उसने इसे बुना। // 3. यह बुना गया।
Crook / Crooked / Crooked,Day 58,Advanced,வளை / வளைத்தேன் / வளைத்துள்ளேன்,टेढ़ा करना / किया / कर चुका,1. Crook your finger. // 2. He crooked it. // 3. It was crooked.,1. விரலை வளை. // 2. அவர் அதை வளைத்தார். // 3. அது வளைக்கப்பட்டது.,1. उंगली मोड़ो। // 2. उसने इसे मोड़ा। // 3. इसे मोड़ा गया।
Crop / Cropped / Cropped,Day 59,Advanced,அறுவடை செய் / செய்தேன் / செய்துள்ளேன்,काटना (फसल) / काटा / काट चुका,1. Crop the photo. // 2. He cropped it. // 3. It was cropped.,1. புகைப்படத்தை வெட்டு. // 2. அவர் அதை வெட்டினார். // 3. அது வெட்டப்பட்டது.,1. फोटो को काटो। // 2. उसने इसे काटा। // 3. इसे काटा गया।
Cross / Crossed / Crossed,Day 59,Advanced,கடந்து செல் / சென்றேன் / சென்றுள்ளேன்,पार करना / किया / कर चुका,1. Cross the road. // 2. He crossed it. // 3. It was crossed.,1. சாலையைக் கட. // 2. அவர் அதைக் கடந்தார். // 3. அது கடக்கப்பட்டது.,1. सड़क पार करो। // 2. उसने इसे पार किया। // 3. इसे पार किया गया।
Crouch / Crouched / Crouched,Day 59,Advanced,பதுங்கு / பதுங்கினேன் / பதுங்கியுள்ளேன்,झुकना / झुका / झुक चुका,1. Crouch down. // 2. He crouched. // 3. (Intransitive),1. குனிந்து உட்கார். // 2. அவர் குனிந்து உட்கார்ந்தார். // 3. (பொருந்தாது),1. नीचे झुको। // 2. वह नीचे झुका। // 3. (लागू नहीं)
Crow / Crowed / Crowed,Day 59,Advanced,கூவு / கூவியது / கூவியுள்ளது,बांग देना / दी / दे चुका,1. The rooster crows. // 2. It crowed. // 3. (Intransitive),1. சேவல் கூவுகிறது. // 2. அது கூவியது. // 3. (பொருந்தாது),1. मुर्गा बांग देता है। // 2. उसने बांग दी। // 3. (लागू नहीं)
Crowd / Crowded / Crowded,Day 59,Advanced,கும்பலாகக் கூடு / கூடினேன் / கூடியுள்ளேன்,भीड़ लगाना / लगाई / लगा चुका,1. Crowd the room. // 2. They crowded it. // 3. It was crowded.,1. அறையில் கூட்டம் கூட்டு. // 2. அவர்கள் கூட்டமாக கூடினார்கள். // 3. அங்கே கூட்டம் நிரம்பி இருந்தது.,1. कमरे में भीड़ लगाओ। // 2. उन्होंने भीड़ लगाई। // 3. वहाँ भीड़ थी।
Crown / Crowned / Crowned,Day 60,Advanced,முடிசூட்டு / சூட்டினேன் / சூட்டியுள்ளேன்,ताज पहनाना / पहनाया / पहना चुका,1. Crown the winner. // 2. They crowned him. // 3. He was crowned.,1. வெற்றியாளருக்கு முடிசூட்டு. // 2. அவர்கள் அவருக்கு முடிசூட்டினார்கள். // 3. அவருக்கு முடிசூட்டப்பட்டது.,1. विजेता को ताज पहनाओ। // 2. उन्होंने उसे ताज पहनाया। // 3. उसे ताज पहनाया गया।
Crucialize / Crucialized / Crucialized,Day 60,Advanced,முக்கியத்துவப்படுத்து / படுத்தினேன் / படுத்தியுள்ளேன்,महत्वपूर्ण बनाना / बनाया / चुका,1. Crucialize the task. // 2. He crucialized it. // 3. It was crucialized.,1. பணிக்கு முக்கியத்துவம் கொடு. // 2. அவர் அதற்கு முக்கியத்துவம் கொடுத்தார். // 3. அதற்கு முக்கியத்துவம் கொடுக்கப்பட்டது.,1. कार्य को महत्व दो। // 2. उसने इसे महत्व दिया। // 3. इसे महत्व दिया गया।
Crucify / Crucified / Crucified,Day 60,Advanced,சிலுவையில் அறை / அறைந்தேன் / அறைந்துள்ளேன்,सूली पर चढ़ाना / चढ़ाया / चुका,1. Crucify him. // 2. They crucified him. // 3. He was crucified.,1. அவனை சிலுவையில் அறை. // 2. அவர்கள் அவனை சிலுவையில் அறைந்தார்கள். // 3. அவன் சிலுவையில் அறையப்பட்டான்.,1. उसे सूली पर चढ़ाओ। // 2. उन्होंने उसे सूली पर चढ़ाया। // 3. उसे सूली पर चढ़ाया गया।
Cruise / Cruised / Cruised,Day 60,Advanced,கடற்பயணம் செய் / செய்தேன் / செய்துள்ளேன்,समुद्री यात्रा करना / की / चुका,1. Cruise along the coast. // 2. He cruised. // 3. (Intransitive),1. கடற்கரையோரம் பயணம் செய். // 2. அவர் பயணம் செய்தார். // 3. (பொருந்தாது),1. तट के किनारे यात्रा करो। // 2. उसने यात्रा की। // 3. (लागू नहीं)
Crumb / Crumbed / Crumbed,Day 60,Advanced,துண்டாக்கு / ஆக்கினேன் / ஆக்கியுள்ளேன்,टुकड़े करना / किए / कर चुका,1. Crumb the bread. // 2. He crumbed it. // 3. It was crumbed.,1. ரொட்டியைத் துகள்களாக்கு. // 2. அவர் அதைத் துகள்களாக்கினார். // 3. அது துகள்களாக்கப்பட்டது.,1. ब्रेड का चूरा करो। // 2. उसने इसका चूरा किया। // 3. इसका चूरा किया गया।
Crumple / Crumpled / Crumpled,Day 61,Advanced,நசுக்கு / நசுக்கினேன் / நசுக்கியுள்ளேன்,सिकोड़ना / सिकोड़ा / सिकोड़ चुका,1. Crumple the shirt. // 2. He crumpled it. // 3. It was crumpled.,1. சட்டையைக் கசக்கு. // 2. அவர் அதைக் கசக்கினார். // 3. அது கசங்கியது.,1. शर्ट को सिकोड़ो। // 2. उसने इसे सिकोड़ा। // 3. यह सिकुड़ गई।
Crusade / Crusaded / Crusaded,Day 61,Advanced,அறப்போராட்டம் செய் / செய்தேன் / செய்துள்ளேன்,धर्मयुद्ध करना / किया / कर चुका,1. Crusade for justice. // 2. He crusaded. // 3. (Intransitive),1. நீதிக்காகப் போராடு. // 2. அவர் போராடினார். // 3. (பொருந்தாது),1. न्याय के लिए धर्मयुद्ध करो। // 2. उसने धर्मयुद्ध किया। // 3. (लागू नहीं)
Crush / Crushed / Crushed,Day 61,Advanced,நசுக்கி அழி / அழித்தேன் / அழித்துள்ளேன்,कुचलना / कुचला / कुचल चुका,1. Crush the ice. // 2. He crushed it. // 3. It was crushed.,1. பனிக்கட்டியை நசுக்கு. // 2. அவர் அதை நசுக்கினார். // 3. அது நசுக்கப்பட்டது.,1. बर्फ को कुचलो। // 2. उसने इसे कुचला। // 3. इसे कुचला गया।
Cryogenize / Cryogenized / Cryogenized,Day 61,Advanced,உறைநிலையில் வை / வைத்தேன் / வைத்துள்ளேன்,शीतजनित करना / किया / कर चुका,1. Cryogenize the cells. // 2. They cryogenized it. // 3. It was cryogenized.,1. செல்களை உறைய வை. // 2. அவர்கள் அதை உறைய வைத்தார்கள். // 3. அது உறைய வைக்கப்பட்டது.,1. कोशिकाओं को जमाओ। // 2. उन्होंने इसे जमाया। // 3. इसे जमाया गया।
Crystallize / Crystallized / Crystallized,Day 61,Advanced,படிகமாக்கு / ஆக்கினேன் / ஆக்கியுள்ளேன்,स्पष्ट रूप लेना / लिया / ले चुका,1. Crystallize the idea. // 2. It crystallized. // 3. It was crystallized.,1. யோசனைக்கு வடிவம் கொடு. // 2. அது வடிவம் பெற்றது. // 3. அது வடிவம் கொடுக்கப்பட்டது.,1. विचार को स्पष्ट करो। // 2. यह स्पष्ट हो गया। // 3. इसे स्पष्ट किया गया।
Cubize / Cubized / Cubized,Day 62,Advanced,கனசதுரமாக்கு / ஆக்கினேன் / ஆக்கியுள்ளேன்,घन के आकार में बदलना / बदला,1. Cubize the shape. // 2. He cubized it. // 3. It was cubized.,1. வடிவத்தை கனசதுரமாக்கு. // 2. அவர் அதை கனசதுரமாக்கினார். // 3. அது கனசதுரமாக்கப்பட்டது.,1. आकार को घनाकार बनाओ। // 2. उसने इसे घनाकार बनाया। // 3. इसे घनाकार बनाया गया।
Cuddle / Cuddled / Cuddled,Day 62,Advanced,அரவணை / அரவணைத்தேன் / அரவணைத்துள்ளேன்,लाड़-प्यार करना / किया / कर चुका,1. Cuddle the baby. // 2. She cuddled it. // 3. It was cuddled.,1. குழந்தையைக் கொஞ்சு. // 2. அவள் அதை கொஞ்சினாள். // 3. அது கொஞ்சப்பட்டது.,1. बच्चे को गले लगाओ। // 2. उसने उसे गले लगाया। // 3. उसे गले लगाया गया।
Cudgel / Cudgelled / Cudgelled,Day 62,Advanced,தடியால் அடி / அடித்தேன் / அடித்துள்ளேன்,डंडे से पीटना / पीटा / पीट चुका,1. Cudgel the dog. // 2. He cudgelled it. // 3. It was cudgelled.,1. நாயைத் தடியால் அடி. // 2. அவர் அதைத் தடியால் அடித்தார். // 3. அது தடியால் அடிக்கப்பட்டது.,1. कुत्ते को डंडे से मारो। // 2. उसने उसे डंडे से मारा। // 3. उसे डंडे से मारा गया।
Cue / Cued / Cued,Day 62,Advanced,சமிக்ஞை செய் / செய்தேன் / செய்துள்ளேன்,संकेत देना / दिया / दे चुका,1. Cue the actor. // 2. He cued him. // 3. He was cued.,1. நடிகருக்கு குறிப்பு கொடு. // 2. அவர் அவனுக்கு குறிப்பு கொடுத்தார். // 3. அவனுக்கு குறிப்பு கொடுக்கப்பட்டது.,1. अभिनेता को संकेत दो। // 2. उसने उसे संकेत दिया। // 3. उसे संकेत दिया गया।
Cuff / Cuffed / Cuffed,Day 62,Advanced,அறை / அறைந்தேன் / அறைந்துள்ளேன்,थप्पड़ मारना / मारा / मार चुका,1. Cuff him. // 2. He cuffed him. // 3. He was cuffed.,1. அவனை அறை. // 2. அவர் அவனை அறைந்தார். // 3. அவன் அறையப்பட்டான்.,1. उसे तमाचा मारो। // 2. उसने उसे तमाचा मारा। // 3. उसे तमाचा मारा गया।
Culminate / Culminated / Culminated,Day 63,Advanced,உச்சத்தை அடை / அடைந்தேன் / அடைந்துள்ளேன்,शिखर पर पहुँचना / पहुँचा / चुका,1. Events culminate. // 2. It culminated. // 3. (Intransitive),1. நிகழ்வுகள் முடிவடைகின்றன. // 2. அது முடிவடைந்தது. // 3. (பொருந்தாது),1. घटनाएँ चरम पर पहुँचती हैं। // 2. यह चरम पर पहुँचा। // 3. (लागू नहीं)
Cultivate / Cultivated / Cultivated,Day 63,Advanced,பயிரிடு / இட்டேன் / இட்டுள்ளேன்,खेती करना / की / कर चुका,1. Cultivate the land. // 2. He cultivated it. // 3. It was cultivated.,1. நிலத்தைப் பயிரிடு. // 2. அவர் அதில் பயிரிட்டார். // 3. அதில் பயிரிடப்பட்டது.,1. जमीन पर खेती करो। // 2. उसने इस पर खेती की। // 3. इस पर खेती की गई।
Cumber / Cumbered / Cumbered,Day 63,Advanced,சுமையாக்கு / ஆக்கினேன் / ஆக்கியுள்ளேன்,बाधा डालना / डाली / डाल चुका,1. Don't cumber me. // 2. He cumbered me. // 3. I was cumbered.,1. எனக்குச் சுமையாக இருக்காதே. // 2. அவர் எனக்குச் சுமையாக இருந்தார். // 3. நான் சுமையாக்கப்பட்டேன்.,1. मुझ पर बोझ मत डालो। // 2. उसने मुझ पर बोझ डाला। // 3. मुझ पर बोझ डाला गया।
Cumulate / Cumulated / Cumulated,Day 63,Advanced,குவி / குவித்தேன் / குவித்துள்ளேன்,संचित करना / किया / कर चुका,1. Cumulate the evidence. // 2. He cumulated it. // 3. It was cumulated.,1. ஆதாரங்களைக் குவி. // 2. அவர் அதை குவித்தார். // 3. அது குவிக்கப்பட்டது.,1. सबूत इकट्ठा करो। // 2. उसने इसे इकट्ठा किया। // 3. इसे इकट्ठा किया गया।
Curb / Curbed / Curbed,Day 63,Advanced,அடக்கு / அடக்கினேன் / அடக்கியுள்ளேன்,नियंत्रण करना / किया / कर चुका,1. Curb the anger. // 2. He curbed it. // 3. It was curbed.,1. கோபத்தைக் கட்டுப்படுத்து. // 2. அவர் அதைக் கட்டுப்படுத்தினார். // 3. அது கட்டுப்படுத்தப்பட்டது.,1. गुस्से पर काबू पाओ। // 2. उसने इस पर काबू पाया। // 3. इस पर काबू पाया गया।
Curdle / Curdled / Curdled,Day 64,Advanced,உறையவை / வைத்தேன் / வைத்துள்ளேன்,जमना (दूध का) / जमा / जम चुका,1. Curdle the milk. // 2. It curdled. // 3. It was curdled.,1. பாலைத் திரைய வை. // 2. அது திரிந்தது. // 3. அது திரைய வைக்கப்பட்டது.,1. दूध फाड़ो। // 2. यह फट गया। // 3. यह फाड़ा गया।
Cure / Cured / Cured,Day 64,Advanced,குணப்படுத்து / படுத்தினேன் / படுத்தியுள்ளேன்,उपचार करना / किया / कर चुका,1. Cure the patient. // 2. He cured him. // 3. He was cured.,1. நோயாளியைக் குணப்படுத்து. // 2. அவர் அவனைக் குணப்படுத்தினார். // 3. அவன் குணப்படுத்தப்பட்டான்.,1. मरीज का इलाज करो। // 2. उसने उसका इलाज किया। // 3. उसका इलाज किया गया।
Curl / Curled / Curled,Day 64,Advanced,சுருட்டு / சுருட்டினேன் / சுருட்டியுள்ளேன்,घुमाना / घुमाया / घुमा चुका,1. Curl the hair. // 2. He curled it. // 3. It was curled.,1. முடியைச் சுருட்டு. // 2. அவர் அதைச் சுருட்டினார். // 3. அது சுருட்டப்பட்டது.,1. बाल घुंघराले करो। // 2. उसने इसे घुंघराला किया। // 3. इसे घुंघराला किया गया।
Curry / Curried / Curried,Day 64,Advanced,மெருகூட்டு (தோல்) / ஊட்டினேன் / ஊட்டியுள்ளேன்,संवारना / संवारा / संवार चुका,1. Curry favor. // 2. He curried favor. // 3. Favor was curried.,1. தயவை நாடு (சோப்பு போடு). // 2. அவர் தயவை நாடினார். // 3. தயவு நாடப்பட்டத.,1. चापलूसी करो। // 2. उसने चापलूसी की। // 3. चापलूसी की गई।
Curse / Cursed / Cursed,Day 64,Advanced,சபி / சபித்தேன் / சபித்துள்ளேன்,शाप देना / दिया / दे चुका,1. Don't curse. // 2. He cursed me. // 3. I was cursed.,1. சபிக்காதே. // 2. அவர் என்னைச் சபித்தார். // 3. நான் சபிக்கப்பட்டேன்.,1. श्राप मत दो। // 2. उसने मुझे श्राप दिया। // 3. मुझे श्राप दिया गया।
Curtail / Curtailed / Curtailed,Day 65,Advanced,குறை / குறைத்தேன் / குறைத்துள்ளேன்,घटाना / घटाया / घटा चुका,1. Curtail the spending. // 2. He curtailed it. // 3. It was curtailed.,1. செலவைக் குறை. // 2. அவர் அதைக் குறைத்தார். // 3. அது குறைக்கப்பட்டது.,1. खर्च कम करो। // 2. उसने इसे कम किया। // 3. इसे कम किया गया।
Curtain / Curtained / Curtained,Day 65,Advanced,திரையிடு / இட்டேன் / இட்டுள்ளேன்,परदा लगाना / लगाया / लगा चुका,1. Curtain the window. // 2. He curtained it. // 3. It was curtained.,1. ஜன்னலுக்குத் திரையிடு. // 2. அவர் அதற்குத் திரையிட்டார். // 3. அதற்குத் திரையிடப்பட்டது.,1. खिड़की पर पर्दा लगाओ। // 2. उसने इस पर पर्दा लगाया। // 3. इस पर पर्दा लगाया गया।
Curve / Curved / Curved,Day 65,Advanced,வளை / வளைத்தேன் / வளைத்துள்ளேன்,मुड़ना / मुड़ा / मुड़ चुका,1. Curve the ball. // 2. He curved it. // 3. It was curved.,1. பந்தை வளை. // 2. அவர் அதை வளைத்தார். // 3. அது வளைக்கப்பட்டது.,1. गेंद को घुमाओ। // 2. उसने इसे घुमाया। // 3. इसे घुमाया गया।
Cushion / Cushioned / Cushioned,Day 65,Advanced,மென்மையாக்கு / ஆக்கினேன் / ஆக்கியுள்ளேன்,झटके से बचाना / बचाया / चुका,1. Cushion the blow. // 2. It cushioned it. // 3. It was cushioned.,1. அடியின் தாக்கத்தைக் குறை. // 2. அது தாக்கத்தைக் குறைத்தது. // 3. தாக்கம் குறைக்கப்பட்டது.,1. चोट का असर कम करो। // 2. इसने इसे कम किया। // 3. इसे कम किया गया।
Customize / Customized / Customized,Day 65,Advanced,தேவைக்கேற்ப மாற்று / மாற்றினேன் / மாற்றியுள்ளேன்,पसंद के अनुसार बनाना / बनाया,1. Customize the car. // 2. He customized it. // 3. It was customized.,1. காரை விருப்பத்திற்கேற்ப மாற்று. // 2. அவர் அதை மாற்றினார். // 3. அது மாற்றப்பட்டது.,1. कार को कस्टमाइज़ करो। // 2. उसने इसे कस्टमाइज़ किया। // 3. इसे कस्टमाइज़ किया गया।
Cut / Cut / Cut,Day 66,Advanced,வெட்டு / வெட்டினேன் / வெட்டியுள்ளேன்,काटना / काटा / काट चुका,1. Cut the cake. // 2. He cut it. // 3. It was cut.,1. கேக்கை வெட்டு. // 2. அவர் அதை வெட்டினார். // 3. அது வெட்டப்பட்டது.,1. केक काटो। // 2. उसने इसे काटा। // 3. यह काटा गया।
Cyanize / Cyanized / Cyanized,Day 66,Advanced,நீலமாக்கு / ஆக்கினேன் / ஆக்கியுள்ளேன்,नीला बनाना / बनाया / बना चुका,1. Cyanize the metal. 2. He cyanized it. 3. It was cyanized.,1. உலோகத்தை சயனைடு செய். 2. அவர் அதைச் செய்தார். 3. அது செய்யப்பட்டது.,1. धातु को सायनाइड करो। 2. उसने इसे किया। 3. इसे किया गया।
Cycle / Cycled / Cycled,Day 66,Advanced,சுழற்சி செய் / செய்தேன் / செய்துள்ளேன்,चक्र पूरा करना / किया / कर चुका,1. Cycle to work. 2. He cycled it. 3. It was cycled.,1. மிதிவண்டி ஓட்டிச் செல். 2. அவர் அதை ஓட்டினார். 3. அது ஓட்டப்பட்டது.,1. साइकिल से जाओ। 2. उसने इसे चलाया। 3. इसे चलाया गया।
Dam / Dammed / Dammed,Day 66,Advanced,அணை கட்டு / கட்டினேன் / கட்டியுள்ளேன்,बाँध बनाना / बनाया / बना चुका,1. Dam the stream. 2. He dammed it. 3. It was dammed.,1. நீரோடையைத் தடு. 2. அவர் அதைத் தடுத்தார். 3. அது தடுக்கப்பட்டது.,1. धारा को रोको। 2. उसने इसे रोका। 3. इसे रोका गया।
Damage / Damaged / Damaged,Day 66,Advanced,சேதப்படுத்து / படுத்தினேன் / படுத்தியுள்ளேன்,नुकसान पहुँचाना / पहुँचाया / चुका,1. Damage the car. 2. He damaged it. 3. It was damaged.,1. காரைச் சேதப்படுத்து. 2. அவர் அதைச் சேதப்படுத்தினார். 3. அது சேதப்படுத்தப்பட்டது.,1. कार को नुकसान पहुँचाओ। 2. उसने इसे नुकसान पहुँचाया। 3. इसे नुकसान पहुँचाया गया।
Damn / Damned / Damned,Day 67,Advanced,நிந்தி / நிந்தித்தேன் / நிந்தித்துள்ளேன்,धिक्कारना / धिक्कारा / धिक्कार चुका,1. Damn the consequences. 2. He damned it. 3. It was damned.,1. விளைவுகளைப் பழிக்கவும். 2. அவர் அதைப் பழித்தார். 3. அது பழிக்கப்பட்டது.,1. परिणामों को धिक्कारो। 2. उसने इसे धिक्कारा। 3. इसे धिक्कारा गया।
Damp / Damped / Damped,Day 67,Advanced,ஈரமாக்கு / ஆக்கினேன் / ஆக்கியுள்ளேன்,गीला करना / किया / कर चुका,1. Damp the surface. 2. He damped it. 3. It was damped.,1. மேற்பரப்பை ஈரமாக்கு. 2. அவர் அதை ஈரமாக்கினார். 3. அது ஈரமாக்கப்பட்டது.,1. सतह को नम करो। 2. उसने इसे नम किया। 3. इसे नम किया गया।
Dampen / Dampened / Dampened,Day 67,Advanced,உற்சாகத்தைக் குறை / குறைத்தேன் / குறைத்துள்ளேன்,हतोत्साहित करना / किया / चुका,1. Dampen the spirit. 2. He dampened it. 3. It was dampened.,1. உற்சாகத்தைக் குறை. 2. அவர் அதைக் குறைத்தார். 3. அது குறைக்கப்பட்டது.,1. उत्साह कम करो। 2. उसने इसे कम किया। 3. इसे कम किया गया।
Dance / Danced / Danced,Day 67,Advanced,நடனமாடு / ஆடினேன் / ஆடியுள்ளேன்,नृत्य करना / किया / कर चुका,1. Dance tonight. 2. He danced it. 3. It was danced.,1. இன்று ஆடு. 2. அவர் அதை ஆடினார். 3. அது ஆடப்பட்டது.,1. आज नाचो। 2. उसने इसे नाचा। 3. इसे नाचा गया।
Dandle / Dandled / Dandled,Day 67,Advanced,செல்லமாகக் கொஞ்சு / கொஞ்சினேன் / கொஞ்சியுள்ளேன்,प्यार से झुलाना / झुलाया / चुका,1. Dandle the baby. 2. He dandled it. 3. It was dandled.,1. குழந்தையைக் கொஞ்சு. 2. அவர் அதைத் தாங்கினார். 3. அது தாங்கப்பட்டது.,1. बच्चे को दुलारो। 2. उसने इसे दुलारा। 3. इसे दुलारा गया।
Dangle / Dangled / Dangled,Day 68,Advanced,தொங்கவிடு / விட்டேன் / விட்டுள்ளேன்,लटकाना / लटकाया / लटका चुका,1. Dangle the rope. 2. He dangled it. 3. It was dangled.,1. கயிற்றைத் தொங்கவிடு. 2. அவர் அதைத் தொங்கவிட்டார். 3. அது தொங்கவிடப்பட்டது.,1. रस्सी लटकाओ। 2. उसने इसे लटकाया। 3. इसे लटकाया गया।
Dapple / Dappled / Dappled,Day 68,Advanced,புள்ளிகளாக்கு / ஆக்கினேன் / ஆக்கியுள்ளேன்,चितकबरा बनाना / बनाया / चुका,1. Dapple the wall. 2. He dappled it. 3. It was dappled.,1. சுவரை வண்ணமாக்கு. 2. அவர் அதைச் செய்தார். 3. அது செய்யப்பட்டது.,1. दीवार को धब्बेदार बनाओ। 2. उसने इसे बनाया। 3. इसे बनाया गया।
Dare / Dared / Dared,Day 68,Advanced,துணி / துணிந்தேன் / துணிந்துள்ளேன்,साहस करना / किया / कर चुका,1. Dare the challenge. 2. He dared it. 3. It was dared.,1. சவாலை எதிர்கொள். 2. அவர் அதைத் துணிந்தார். 3. அது துணியப்பட்டது.,1. चुनौती का साहस करो। 2. उसने इसका साहस किया। 3. इसका साहस किया गया।
Darken / Darkened / Darkened,Day 68,Advanced,இருட்டாக்கு / ஆக்கினேன் / ஆக்கியுள்ளேன்,अंधेरा करना / किया / कर चुका,1. Darken the image. 2. He darkened it. 3. It was darkened.,1. படத்தை இருட்டாக்கு. 2. அவர் அதை இருட்டாக்கினார். 3. அது இருட்டாக்கப்பட்டது.,1. छवि को गहरा करो। 2. उसने इसे गहरा किया। 3. इसे गहरा किया गया।
Darling / Darlinged / Darlinged,Day 68,Advanced,அன்போடு நடத்து / நடத்தினேன் / நடத்தியுள்ளேன்,प्रिय बनाना / बनाया / बना चुका,1. Darling the pet. 2. He darlinged it. 3. It was darlinged.,1. செல்லப்பிராணியைக் கொஞ்சு. 2. அவர் அதைக் கொஞ்சினார். 3. அது கொஞ்சப்பட்டது.,1. पालतू को लाड़ करो। 2. उसने इसे लाड़ किया। 3. इसे लाड़ किया गया।
Darn / Darned / Darned,Day 69,Advanced,கிழிசலைத் தை / தைத்தேன் / தைத்துள்ளேன்,रफ़ू करना / किया / कर चुका,1. Darn the hole. 2. He darned it. 3. It was darned.,1. ஓட்டையைத் தை. 2. அவர் அதைத் தைத்தார். 3. அது தைக்கப்பட்டது.,1. छेद को रफू करो। 2. उसने इसे रफू किया। 3. इसे रफू किया गया।
Dart / Darted / Darted,Day 69,Advanced,விரைந்து செல் / சென்றேன் / சென்றுள்ளேன்,तेज़ी से दौड़ना / दौड़ा / चुका,1. Dart across. 2. He darted it. 3. It was darted.,1. வேகமாக நகர். 2. அவர் வேகமாக நகர்ந்தார். 3. அது நகர்த்தப்பட்டது.,1. तेज़ी से भागो। 2. वह तेज़ी से भागा। 3. इसे तेज़ी से फेंका गया।
Dash / Dashed / Dashed,Day 69,Advanced,மோதி அழி / அழித்தேன் / அழித்துள்ளேன்,पटकना / पटका / पटक चुका,1. Dash the glass. 2. He dashed it. 3. It was dashed.,1. கண்ணாடியை உடை. 2. அவர் அதை உடைத்தார். 3. அது உடைக்கப்பட்டது.,1. गिलास को दे मारो। 2. उसने इसे मारा। 3. इसे दे मारा गया।
Date / Dated / Dated,Day 69,Advanced,காலத்தைக் குறிப்பிடு / இட்டேன் / இட்டுள்ளேன்,तारीख डालना / डाली / डाल चुका,1. Date the form. 2. He dated it. 3. It was dated.,1. படிவத்தில் தேதியிடு. 2. அவர் தேதியிட்டார். 3. அது தேதியிடப்பட்டது.,1. फॉर्म पर तारीख डालो। 2. उसने तारीख डाली। 3. इस पर तारीख डाली गई।
Daub / Daubed / Daubed,Day 69,Advanced,பூசு (களிமண்) / பூசினேன் / பூசியுள்ளேன்,लीपना / लीपा / लीप चुका,1. Daub the paint. 2. He daubed it. 3. It was daubed.,1. பெயிண்ட் பூசு. 2. அவர் அதைப் பூசினார். 3. அது பூசப்பட்டது.,1. पेंट पोतो। 2. उसने इसे पोता। 3. इसे पोता गया।
Daunt / Daunted / Daunted,Day 70,Advanced,அச்சுறுத்து / அச்சுறுத்தினேன் / அச்சுறுத்தியுள்ளேன்,डराना / डराया / डरा चुका,1. Daunt the rival. 2. He daunted it. 3. It was daunted.,1. எதிரியை அச்சுறுத்து. 2. அவர் அதைச் செய்தார். 3. அது செய்யப்பட்டது.,1. प्रतिद्वंद्वी को डराओ। 2. उसने इसे डराया। 3. इसे डराया गया।
Dawn / Dawned / Dawned,Day 70,Advanced,விடி / விடிந்தது / விடிந்துள்ளது,भोर होना / हुई / हो चुका,1. Dawn at five. 2. It dawned. 3. It was dawned.,1. விடியலில் தொடங்கு. 2. அது விடிந்தது. 3. அது விடியவைக்கப்பட்டது.,1. सुबह जल्दी उठो। 2. सवेरा हुआ। 3. सवेरा किया गया।
Dazzle / Dazzled / Dazzled,Day 70,Advanced,வியப்பிலாழ்த்து / ஆழ்த்தினேன் / ஆழ்த்தியுள்ளேன்,चकाचौंध करना / किया / कर चुका,1. Dazzle the eyes. 2. He dazzled it. 3. It was dazzled.,1. கண்களை வியக்கவை. 2. அவர் அதை வியக்கவைத்தார். 3. அது வியக்கவைக்கப்பட்டது.,1. आँखों को चकाचौंध करो। 2. उसने इसे किया। 3. इसे किया गया।
Deactivate / Deactivated / Deactivated,Day 70,Advanced,செயலிழக்கச் செய் / செய்தேன் / செய்துள்ளேன்,निष्क्रिय करना / किया / कर चुका,1. Deactivate the link. 2. He deactivated it. 3. It was deactivated.,1. இணைப்பை முடக்கு. 2. அவர் அதை முடக்கினார். 3. அது முடக்கப்பட்டது.,1. लिंक को निष्क्रिय करो। 2. उसने इसे किया। 3. इसे किया गया।
Deaden / Deadened / Deadened,Day 70,Advanced,உணர்வற்றதாக்கு / ஆக்கினேன் / ஆக்கியுள்ளேன்,सुन्न करना / किया / कर चुका,1. Deaden the sound. 2. He deadened it. 3. It was deadened.,1. சத்தத்தைக் குறை. 2. அவர் அதைக் குறைத்தார். 3. அது குறைக்கப்பட்டது.,1. आवाज़ को कम करो। 2. उसने इसे किया। 3. इसे किया गया।
Deaf / Deafed / Deafed,Day 71,Advanced,செவிடாக்கு / ஆக்கினேன் / ஆக்கியுள்ளேன்,बहरा करना / किया / कर चुका,1. Deaf the person. 2. He deafed it. 3. It was deafed.,1. செவிடாக்கு. 2. அவர் அதைச் செய்தார். 3. அது செய்யப்பட்டது.,1. बहरा करो। 2. उसने इसे किया। 3. इसे किया गया।
Deafen / Deafened / Deafened,Day 71,Advanced,காது கேளாமல் செய் / செய்தேன் / செய்துள்ளேன்,बहरा करना / किया / कर चुका,1. Deafen the noise. 2. He deafened it. 3. It was deafened.,1. ஒலியைச் செவிடாக்கு. 2. அவர் அதைச் செய்தார். 3. அது செய்யப்பட்டது.,1. शोर से बहरा करो। 2. उसने इसे किया। 3. इसे किया गया।
Deal / Dealt / Dealt,Day 71,Advanced,ஒப்பந்தம் செய் / செய்தேன் / செய்துள்ளேன்,व्यवहार करना / किया / कर चुका,1. Deal the card. 2. He dealt it. 3. It was dealt.,1. அட்டையைப் பிரி. 2. அவர் அதைப் பிரித்தார். 3. அது பிரிக்கப்பட்டது.,1. कार्ड बाँटो। 2. उसने इसे बाँटा। 3. इसे बाँटा गया।
Dean / Deaned / Deaned,Day 71,Advanced,அதிகாரம் செலுத்து / செலுத்தினேன் / செலுத்தியுள்ளேன்,अधिकार देना / दिया / दे चुका,1. Dean the college. 2. He deaned it. 3. It was deaned.,1. கல்லூரியை நிர்வகி. 2. அவர் அதை நிர்வகித்தார். 3. அது நிர்வகிக்கப்பட்டது.,1. कॉलेज का प्रबंधन करो। 2. उसने इसे किया। 3. इसे किया गया।
Dear / Deared / Deared,Day 71,Advanced,அன்பாக்கு / ஆக்கினேன் / ஆக்கியுள்ளேன்,प्यारा बनाना / बनाया / बना चुका,1. Dear the friend. 2. He deared it. 3. It was deared.,1. நண்பனை நேசி. 2. அவர் அதை நேசித்தார். 3. அது நேசிக்கப்பட்டது.,1. मित्र को प्रिय मानो। 2. उसने इसे माना। 3. इसे माना गया।
Debase / Debased / Debased,Day 72,Advanced,தரம் தாழ்த்து / தாழ்த்தினேன் / தாழ்த்தியுள்ளேன்,मूल्य कम करना / किया / कर चुका,1. Debase the metal. 2. He debased it. 3. It was debased.,1. உலோகத்தை மலிவாக்கு. 2. அவர் அதைக் குறைத்தார். 3. அது குறைக்கப்பட்டது.,1. धातु को कम मूल्य का करो। 2. उसने इसे किया। 3. इसे किया गया।
Debatable / Debated / Debated,Day 72,Advanced,விவாதி / விவாதித்தேன் / விவாதித்துள்ளேன்,तर्क करना / किया / कर चुका,1. Debatable topic. 2. He debated it. 3. It was debated.,1. விவாதிக்கத்தக்க தலைப்பு. 2. அவர் அதை விவாதித்தார். 3. அது விவாதிக்கப்பட்டது.,1. विवादास्पद विषय। 2. उसने इस पर बहस की। 3. इस पर बहस की गई।
Debate / Debated / Debated,Day 72,Advanced,பட்டிமன்றம் நடத்து / நடத்தினேன் / நடத்தியுள்ளேன்,बहस करना / की / कर चुका,1. Debate now. 2. He debated it. 3. It was debated.,1. இப்போது விவாதி. 2. அவர் விவாதித்தார். 3. அது விவாதிக்கப்பட்டது.,1. अब बहस करो। 2. उसने बहस की। 3. बहस की गई।
Debauch / Debauched / Debauched,Day 72,Advanced,ஒழுக்கங்கெடுத்து அழி / அழித்தேன் / அழித்துள்ளேன்,बिगाड़ना / बिगाड़ा / बिगाड़ चुका,1. Debauch the mind. 2. He debauched it. 3. It was debauched.,1. மனதை திசைதிருப்பு. 2. அவர் அதைச் செய்தார். 3. அது செய்யப்பட்டது.,1. मन को भ्रष्ट करो। 2. उसने इसे किया। 3. इसे किया गया।
Debilitate / Debilitated / Debilitated,Day 72,Advanced,வலுவிழக்கச் செய் / செய்தேன் / செய்துள்ளேன்,कमज़ोर करना / किया / कर चुका,1. Debilitate him. 2. He debilitated it. 3. It was debilitated.,1. அவரைப் பலவீனப்படுத்து. 2. அவர் அதைச் செய்தார். 3. அது செய்யப்பட்டது.,1. उसे दुर्बल करो। 2. उसने इसे किया। 3. इसे किया गया।
Debit / Debited / Debited,Day 73,Advanced,செலவு கணக்கில் எழுது / எழுதினேன் / எழுதியுள்ளேன்,नामे लिखना / लिखा / लिख चुका,1. Debit the fee. 2. He debited it. 3. It was debited.,1. கட்டணத்தைப் பற்று வை. 2. அவர் பற்று வைத்தார். 3. அது பற்று வைக்கப்பட்டது.,1. शुल्क नामे करो। 2. उसने इसे किया। 3. इसे किया गया।
Debrief / Debriefed / Debriefed,Day 73,Advanced,தகவல்களைக் கேட்டறி / அறிந்தேன் / அறிந்துள்ளேன்,पूछताछ करना / की / कर चुका,1. Debrief the pilot. 2. He debriefed it. 3. It was debriefed.,1. விமானியிடம் விசாரி. 2. அவர் விசாரித்தார். 3. அது விசாரிக்கப்பட்டது.,1. पायलट से जानकारी लो। 2. उसने इसे लिया। 3. इसे लिया गया।
Debug / Debugged / Debugged,Day 73,Advanced,பிழைகளை நீக்கு / நீக்கினேன் / நீக்கியுள்ளேன்,त्रुटि सुधारना / सुधारी / चुका,1. Debug the app. 2. He debugged it. 3. It was debugged.,1. செயலியைச் சரிசெய். 2. அவர் சரிசெய்தார். 3. அது சரி செய்யப்பட்டது.,1. ऐप को डीबग करो। 2. उसने इसे किया। 3. इसे किया गया।
Debunk / Debunked / Debunked,Day 73,Advanced,பொய்மையை வெளிப்படுத்து / படுத்தினேன்,पर्दाफाश करना / किया / कर चुका,1. Debunk the myth. 2. He debunked it. 3. It was debunked.,1. கட்டுக்கதையை உடை. 2. அவர் உடைத்தார். 3. அது உடைக்கப்பட்டது.,1. मिथक को उजागर करो। 2. उसने इसे किया। 3. इसे किया गया।
Debut / Debuted / Debuted,Day 73,Advanced,முதன்முதலாகத் தோன்று / தோன்றினேன் / தோன்றியுள்ளேன்,पहली बार आना / आया / आ चुका,1. Debut tonight. 2. He debuted it. 3. It was debuted.,1. இன்று அறிமுகமாகு. 2. அவர் அறிமுகம் செய்தார். 3. அது அறிமுகமானது.,1. आज शुरुआत करो। 2. उसने इसकी शुरुआत की। 3. इसकी शुरुआत की गई।
Decamp / Decamped / Decamped,Day 74,Advanced,முகாம் காலி செய்து தப்பி / தப்பினேன் / தப்பியுள்ளேன்,डेरा उठाना / उठाया / उठा चुका,1. Decamp now. 2. He decamped it. 3. It was decamped.,1. இப்போதே வெளியேறு. 2. அவர் வெளியேறினார். 3. அது மாற்றப்பட்டது.,1. अभी शिविर छोड़ो। 2. वह चला गया। 3. इसे हटाया गया।
Decant / Decanted / Decanted,Day 74,Advanced,வடித்தெடு / எடுத்தேன் / எடுத்துள்ளேன்,उँडेलना / उँडेला / उँडेल चुका,1. Decant the wine. 2. He decanted it. 3. It was decanted.,1. மதுவை வடிகட்டு. 2. அவர் வடிகட்டினார். 3. அது வடிகட்டப்பட்டது.,1. शराब को निथारो। 2. उसने इसे निथारा। 3. इसे निथारा गया।
Decapitate / Decapitated / Decapitated,Day 74,Advanced,சிரச்சேதம் செய் / செய்தேன் / செய்துள்ளேன்,सिर काटना / काटा / काट चुका,1. Decapitate it. 2. He decapitated it. 3. It was decapitated.,1. தலையைத் துண்டி. 2. அவர் துண்டித்தார். 3. அது துண்டிக்கப்பட்டது.,1. सिर काट दो। 2. उसने इसे काटा। 3. इसे काटा गया।
Decay / Decayed / Decayed,Day 74,Advanced,அழுகிப்போ / போனது / போயுள்ளது,सड़ना / सड़ा / सड़ चुका,1. Decay slowly. 2. It decayed. 3. It was decayed.,1. மெதுவாக அழுகு. 2. அது அழுகியது. 3. அது சிதைக்கப்பட்டது.,1. धीरे-धीरे सड़ो। 2. यह सड़ गया। 3. इसे सड़ाया गया।
Decease / Deceased / Deceased,Day 74,Advanced,இறந்துவிடு / இறந்தேன் / இறந்துள்ளேன்,मरना / मरा / मर चुका,1. Decease today. 2. He deceased. 3. It was deceased.,1. இன்று இறக்கவும். 2. அவர் இறந்தார். 3. அது முடிக்கப்பட்டது.,1. आज मृत्यु हो। 2. उसकी मृत्यु हुई। 3. इसे समाप्त किया गया।
Deceive / Deceived / Deceived,Day 75,Advanced,வஞ்சி / வஞ்சித்தேன் / வஞ்சியுள்ளேன்,धोखा देना / दिया / दे चुका,1. Deceive him. 2. He deceived it. 3. It was deceived.,1. அவரை ஏமாற்று. 2. அவர் ஏமாற்றினார். 3. அவர் ஏமாற்றப்பட்டார்.,1. उसे धोखा दो। 2. उसने इसे किया। 3. इसे किया गया।
Decelerate / Decelerated / Decelerated,Day 75,Advanced,வேகத்தைக் குறை / குறைத்தேன் / குறைத்துள்ளேன்,गति कम करना / की / कर चुका,1. Decelerate now. 2. He decelerated it. 3. It was decelerated.,1. வேகத்தைக் குறை. 2. அவர் குறைத்தார். 3. அது குறைக்கப்பட்டது.,1. गति कम करो। 2. उसने इसे किया। 3. इसे किया गया।
Decentralize / Decentralized / Decentralized,Day 75,Advanced,அதிகாரப் பரவலாக்கு / ஆக்கினேன் / ஆக்கியுள்ளேன்,विकेंद्रीकृत करना / किया / चुका,1. Decentralize power. 2. He decentralized it. 3. It was decentralized.,1. அதிகாரத்தைப் பகிர். 2. அவர் பகிர்ந்தார். 3. அது பகிரப்பட்டது.,1. शक्ति का विकेंद्रीकरण करो। 2. उसने इसे किया। 3. इसे किया गया।
Decide / Decided / Decided,Day 75,Advanced,முடிவெடு / எடுத்தேன் / எடுத்துள்ளேன்,निर्णय लेना / लिया / ले चुका,1. Decide fast. 2. He decided it. 3. It was decided.,1. விரைவாக முடிவெடு. 2. அவர் முடிவெடுத்தார். 3. அது முடிவெடுக்கப்பட்டது.,1. जल्दी तय करो। 2. उसने इसे तय किया। 3. इसे तय किया गया।
Decimalize / Decimalized / Decimalized,Day 75,Advanced,தசமமாக்கு / ஆக்கினேன் / ஆக்கியுள்ளேன்,दशमलव बनाना / बनाया / बना चुका,1. Decimalize it. 2. He decimalized it. 3. It was decimalized.,1. தசமமாக்கு. 2. அவர் மாற்றினார். 3. அது மாற்றப்பட்டது.,1. दशमलव में बदलो। 2. उसने इसे बदला। 3. इसे बदला गया।
Decipher / Deciphered / Deciphered,Day 76,Advanced,மறைபொருளை விளக்கு / விளக்கினேன் / விளக்கியுள்ளேன்,अर्थ समझना / समझा / समझ चुका,1. Decipher the code. 2. He deciphered it. 3. It was deciphered.,1. குறியீட்டைப் புரிந்துகொள். 2. அவர் புரிந்துகொண்டார். 3. அது புரிந்துகொள்ளப்பட்டது.,1. कोड को समझो। 2. उसने इसे समझा। 3. इसे समझा गया।
Deck / Decked / Decked,Day 76,Advanced,அலங்கரி / அலங்கரித்தேன் / அலங்கரித்துள்ளேன்,सजाना / सजाया / सजा चुका,1. Deck the hall. 2. He decked it. 3. It was decked.,1. மண்டபத்தை அலங்கரி. 2. அவர் அலங்கரித்தார். 3. அது அலங்கரிக்கப்பட்டது.,1. हॉल को सजाओ। 2. उसने इसे सजाया। 3. इसे सजाया गया।
Declaim / Declaimed / Declaimed,Day 76,Advanced,உணர்ச்சிப்பூர்வமாகப் பேசு / பேசினேன் / பேசியுள்ளேன்,ज़ोर से बोलना / बोला / बोल चुका,1. Declaim it. 2. He declaimed it. 3. It was declaimed.,1. அதை முழங்கு. 2. அவர் முழங்கினார். 3. அது முழங்கப்பட்டது.,1. इसे ज़ोर से बोलो। 2. उसने इसे बोला। 3. इसे बोला गया।
Declare / Declared / Declared,Day 76,Advanced,பிரகடனப்படுத்து / படுத்தினேன் / படுத்தியுள்ளேன்,घोषित करना / किया / कर चुका,1. Declare the truth. 2. He declared it. 3. It was declared.,1. உண்மையை அறிவி. 2. அவர் அறிவித்தார். 3. அது அறிவிக்கப்பட்டது.,1. सच की घोषणा करो। 2. उसने घोषणा की। 3. घोषणा की गई।
Declassify / Declassified / Declassified,Day 76,Advanced,ரகசியத்தை வெளிப்படுத்து / படுத்தினேன்,सार्वजनिक करना / किया / कर चुका,1. Declassify it. 2. He declassified it. 3. It was declassified.,1. ரகசியத்தை நீக்கு. 2. அவர் நீக்கினார். 3. அது நீக்கப்பட்டது.,1. इसे सार्वजनिक करो। 2. उसने इसे किया। 3. इसे किया गया।
Decline / Declined / Declined,Day 77,Advanced,சரிவடை / அடைந்தது / அடைந்துள்ளது,मना करना / किया / कर चुका,1. Decline the gift. 2. He declined it. 3. It was declined.,1. பரிசை மறுக்கவும். 2. அவர் மறுத்தார். 3. அது மறுக்கப்பட்டது.,1. उपहार अस्वीकार करो। 2. उसने इसे किया। 3. इसे किया गया।
Decode / Decoded / Decoded,Day 77,Advanced,குறியீடுகளை விளக்கு / விளக்கினேன் / விளக்கியுள்ளேன்,संकेत खोलना / खोला / खोल चुका,1. Decode the file. 2. He decoded it. 3. It was decoded.,1. கோப்பை மாற்றவும். 2. அவர் மாற்றினார். 3. அது மாற்றப்பட்டது.,1. फाइल को डिकोड करो। 2. उसने इसे किया। 3. इसे किया गया।
Decommission / Decommissioned / Decommissioned,Day 77,Advanced,பணியிலிருந்து நீக்கு / நீக்கினேன் / நீக்கியுள்ளேன்,सेवा से हटाना / हटाया / चुका,1. Decommission it. 2. He decommissioned it. 3. It was decommissioned.,1. சேவையை நிறுத்து. 2. அவர் நிறுத்தினார். 3. அது நிறுத்தப்பட்டது.,1. इसे सेवा से हटाओ। 2. उसने इसे किया। 3. इसे किया गया।
Decompose / Decomposed / Decomposed,Day 77,Advanced,சிதை / சிதைந்தது / சிதைந்துள்ளது,अपघटन करना / किया / कर चुका,1. Decompose the waste. 2. It decomposed. 3. It was decomposed.,1. குப்பையை மட்கச்செய். 2. அது மட்கியது. 3. அது மட்கவைக்கப்பட்டது.,1. कचरे को सड़ने दो। 2. यह सड़ गया। 3. इसे सड़ाया गया।
Decompress / Decompressed / Decompressed,Day 77,Advanced,அழுத்தத்தைக் குறை / குறைத்தேன் / குறைத்துள்ளேன்,दबाव कम करना / किया / कर चुका,1. Decompress it. 2. He decompressed it. 3. It was decompressed.,1. அழுத்தத்தைக் குறை. 2. அவர் குறைத்தார். 3. அது குறைக்கப்பட்டது.,1. दबाव कम करो। 2. उसने इसे किया। 3. इसे किया गया।
Deconsecrate / Deconsecrated / Deconsecrated,Day 78,Advanced,புனிதத்தை நீக்கு / நீக்கினேன் / நீக்கியுள்ளேன்,अपवित्र करना / किया / कर चुका,1. Deconsecrate it. 2. He deconsecrated it. 3. It was deconsecrated.,1. புனிதத்தை நீக்கு. 2. அவர் நீக்கினார். 3. அது நீக்கப்பட்டது.,1. इसकी पवित्रता हटाओ। 2. उसने इसे किया। 3. इसे किया गया।
Deconstruct / Deconstructed / Deconstructed,Day 78,Advanced,பகுத்தாய்ந்து விளக்கு / விளக்கினேன் / விளக்கியுள்ளேன்,विखंडन करना / किया / कर चुका,1. Deconstruct it. 2. He deconstructed it. 3. It was deconstructed.,1. அதை உடைத்துப்பார். 2. அவர் பார்த்தார். 3. அது பார்க்கப்பட்டது.,1. इसका विश्लेषण करो। 2. उसने इसे किया। 3. इसे किया गया।
Decontaminate / Decontaminated / Decontaminated,Day 78,Advanced,தூய்மைப்படுத்து / படுத்தினேன் / படுத்தியுள்ளேன்,शुद्ध करना / किया / कर चुका,1. Decontaminate it. 2. He decontaminated it. 3. It was decontaminated.,1. கிருமி நீக்கம் செய். 2. அவர் செய்தார். 3. அது செய்யப்பட்டது.,1. इसे कीटाणुमुक्त करो। 2. उसने इसे किया। 3. इसे किया गया।
Decorate / Decorated / Decorated,Day 78,Advanced,மெருகூட்டு / ஊட்டினேன் / ஊட்டியுள்ளேன்,सजाना / सजाया / सजा चुका,1. Decorate the room. 2. He decorated it. 3. It was decorated.,1. அறையை அலங்கரி. 2. அவர் அலங்கரித்தார். 3. அது அலங்கரிக்கப்பட்டது.,1. कमरे को सजाओ। 2. उसने इसे सजाया। 3. इसे सजाया गया।
Decorum / Decorumed / Decorumed,Day 78,Advanced,கண்ணியப்படுத்து / படுத்தினேன் / படுத்தியுள்ளேன்,मर्यादापूर्ण बनाना / बनाया,1. Decorum the act. 2. He decorumed it. 3. It was decorumed.,1. ஒழுக்கத்தை கடைபிடி. 2. அவர் செய்தார். 3. அது செய்யப்பட்டது.,1. शालीनता बनाए रखो। 2. उसने इसे किया। 3. इसे किया गया।
Decoy / Decoyed / Decoyed,Day 79,Advanced,ஆசை காட்டி இழு / இழுத்தேன் / இழுத்துள்ளேன்,प्रलोभन देना / दिया / दे चुका,1. Decoy the target. 2. He decoyed it. 3. It was decoyed.,1. இலக்கை திசைதிருப்பு. 2. அவர் செய்தார். 3. அது செய்யப்பட்டது.,1. लक्ष्य को बहकाओ। 2. उसने इसे किया। 3. इसे किया गया।
Decrease / Decreased / Decreased,Day 79,Advanced,அளவு குறை / குறைத்தேன் / குறைத்துள்ளேன்,कम करना / किया / कर चुका,1. Decrease the volume. 2. He decreased it. 3. It was decreased.,1. ஒலியைக் குறை. 2. அவர் குறைத்தார். 3. அது குறைக்கப்பட்டது.,1. आवाज़ कम करो। 2. उसने इसे कम किया। 3. इसे कम किया गया।
Decree / Decreed / Decreed,Day 79,Advanced,ஆணையிடு / இட்டேன் / இட்டுள்ளேன்,आदेश देना / दिया / दे चुका,1. Decree the law. 2. He decreed it. 3. It was decreed.,1. சட்டத்தை அறிவி. 2. அவர் அறிவித்தார். 3. அது அறிவிக்கப்பட்டது.,1. कानून लागू करो। 2. उसने इसे किया। 3. इसे किया गया।
Decry / Decried / Decried,Day 79,Advanced,பகிரங்கமாகக் கண்டி / கண்டித்தேன் / கண்டித்துள்ளேன்,निंदा करना / की / कर चुका,1. Decry the move. 2. He decried it. 3. It was decried.,1. செயலைக் கண்டி. 2. அவர் கண்டித்தார். 3. அது கண்டிக்கப்பட்டது.,1. कदम की निंदा करो। 2. उसने इसकी निंदा की। 3. इसकी निंदा की गई।
Dedicate / Dedicated / Dedicated,Day 79,Advanced,அர்ப்பணி / பணித்தேன் / பணித்துள்ளேன்,समर्पित करना / किया / कर चुका,1. Dedicate the book. 2. He dedicated it. 3. It was dedicated.,1. புத்தகத்தை அர்ப்பணி. 2. அவர் அர்ப்பணித்தார். 3. அது அர்ப்பணிக்கப்பட்டது.,1. पुस्तक समर्पित करो। 2. उसने इसे किया। 3. इसे किया गया।
Deduce / Deduced / Deduced,Day 80,Advanced,உய்த்துணர் / உணர்ந்தேன் / உணர்ந்துள்ளேன்,अनुमान लगाना / लगाया / लगा चुका,1. Deduce the logic. 2. He deduced it. 3. It was deduced.,1. தர்க்கத்தை அறி. 2. அவர் அறிந்தார். 3. அது அறியப்பட்டது.,1. तर्क का निष्कर्ष निकालो। 2. उसने इसे निकाला। 3. इसे निकाला गया।
Deduct / Deducted / Deducted,Day 80,Advanced,கழி (தொகையை) / கழித்தேன் / கழித்துள்ளேன்,कटौती करना / की / कर चुका,1. Deduct the tax. 2. He deducted it. 3. It was deducted.,1. வரியைக் கழி. 2. அவர் கழித்தார். 3. அது கழிக்கப்பட்டது.,1. टैक्स काटो। 2. उसने इसे काटा। 3. इसे काटा गया।
Deepen / Deepened / Deepened,Day 80,Advanced,ஆழப்படுத்து / படுத்தினேன் / படுத்தியுள்ளேன்,गहरा करना / किया / कर चुका,1. Deepen the well. 2. He deepened it. 3. It was deepened.,1. கிணற்றை ஆழமாக்கு. 2. அவர் ஆழமாக்கினார். 3. அது ஆழமாக்கப்பட்டது.,1. कुएं को गहरा करो। 2. उसने इसे किया। 3. इसे किया गया।
Deface / Defaced / Defaced,Day 80,Advanced,உருச்சிதை / சிதைத்தேன் / சிதைத்துள்ளேன்,विरूपित करना / किया / कर चुका,1. Deface the wall. 2. He defaced it. 3. It was defaced.,1. சுவரை சிதைக்காதே. 2. அவர் சிதைத்தார். 3. அது சிதைக்கப்பட்டது.,1. दीवार को विरूपित करो। 2. उसने इसे किया। 3. इसे किया गया।
Defalcate / Defalcated / Defalcated,Day 80,Advanced,பணத்தை மோசடி செய் / செய்தேன் / செய்துள்ளேன்,गबन करना / किया / कर चुका,1. Defalcate money. 2. He defalcated it. 3. It was defalcated.,1. பணத்தை அபகரி. 2. அவர் அபகரித்தார். 3. அது அபகரிக்கப்பட்டது.,1. धन का गबन करो। 2. उसने गबन किया। 3. गबन किया गया।
Defame / Defamed / Defamed,Day 81,Advanced,அவதூறு செய் / செய்தேன் / செய்துள்ளேன்,बदनाम करना / किया / कर चुका,1. Defame him. 2. He defamed it. 3. It was defamed.,1. அவரை அவதூறு செய். 2. அவர் செய்தார். 3. அது செய்யப்பட்டது.,1. उसे बदनाम करो। 2. उसने किया। 3. किया गया।
Default / Defaulted / Defaulted,Day 81,Advanced,தவறு செய் (கடமை) / செய்தேன் / செய்துள்ளேன்,चूक करना / की / कर चुका,1. Default now. 2. He defaulted it. 3. It was defaulted.,1. கடனைச் செலுத்தத் தவறு. 2. அவர் தவறினார். 3. அது தவறப்பட்டது.,1. चूक करो। 2. उसने चूक की। 3. चूक की गई।
Defeat / Defeated / Defeated,Day 81,Advanced,தோற்கடி / அடித்தேன் / அடித்துள்ளேன்,पराजित करना / किया / कर चुका,1. Defeat him. 2. He defeated it. 3. It was defeated.,1. அவரைத் தோற்கடி. 2. அவர் தோற்கடித்தார். 3. அவர் தோற்கடிக்கப்பட்டார்.,1. उसे हराओ। 2. उसने उसे हराया। 3. उसे हराया गया।
Defecate / Defecated / Defecated,Day 81,Advanced,மலம் கழி / கழித்தேன் / கழித்துள்ளேன்,मल त्याग करना / किया / कर चुका,1. Defecate now. 2. He defecated. 3. It was defecated.,1. வெளியேற்று. 2. அவர் வெளியேற்றினார். 3. அது வெளியேற்றப்பட்டது.,1. शौच करो। 2. उसने किया। 3. किया गया।
Defect / Defected / Defected,Day 81,Advanced,கட்சி மாறு / மாறினேன் / மாறியுள்ளேன்,दल बदलना / बदला / बदल चुका,1. Defect today. 2. He defected. 3. It was defected.,1. விலகிச் செல். 2. அவர் விலகினார். 3. அது செய்யப்பட்டது.,1. दल बदलो। 2. उसने बदला। 3. बदला गया।
Defend / Defended / Defended,Day 82,Advanced,பாதுகா / பாதுகாத்தேன் / பாதுகாத்துள்ளேன்,रक्षा करना / की / कर चुका,1. Defend it. 2. He defended it. 3. It was defended.,1. அதைப் பாதுகா. 2. அவர் பாதுகாத்தார். 3. அது பாதுகாக்கப்பட்டது.,1. इसकी रक्षा करो। 2. उसने की। 3. की गई।
Defer / Deferred / Deferred,Day 82,Advanced,ஒத்திவை / வைத்தேன் / வைத்துள்ளேன்,टालना / टाला / टाल चुका,1. Defer the plan. 2. He deferred it. 3. It was deferred.,1. திட்டத்தைத் தள்ளிப்போடு. 2. அவர் தள்ளிப்போட்டார். 3. அது தள்ளிப்போடப்பட்டது.,1. योजना स्थगित करो। 2. उसने की। 3. की गई।
Defile / Defiled / Defiled,Day 82,Advanced,அசுத்தப்படுத்து / படுத்தினேன் / படுத்தியுள்ளேன்,अपवित्र करना / किया / कर चुका,1. Defile the place. 2. He defiled it. 3. It was defiled.,1. இடத்தை அசுத்தமாக்கு. 2. அவர் செய்தார். 3. அது செய்யப்பட்டது.,1. जगह को अपवित्र करो। 2. उसने किया। 3. किया गया।
Define / Defined / Defined,Day 82,Advanced,வரையறு / அறுத்தேன் / அறுத்துள்ளேன்,परिभाषित करना / किया / कर चुका,1. Define it. 2. He defined it. 3. It was defined.,1. வரையறு. 2. அவர் வரையறுத்தார். 3. அது வரையறுக்கப்பட்டது.,1. परिभाषित करो। 2. उसने किया। 3. किया गया।
Deflate / Deflated / Deflated,Day 82,Advanced,காற்றை வெளியேற்று / ஏற்றினேன் / ஏற்றியுள்ளேன்,हवा निकालना / निकाली / निकाल चुका,1. Deflate the tire. 2. He deflated it. 3. It was deflated.,1. காற்றை இறக்கு. 2. அவர் இறக்கினார். 3. அது இறக்கப்பட்டது.,1. टायर की हवा निकालो। 2. उसने निकाली। 3. निकाली गई।
Deflect / Deflected / Deflected,Day 83,Advanced,திசைதிருப்பு / திருப்பினேன் / திருப்பியுள்ளேன்,मोड़ना / मोड़ा / मोड़ चुका,1. Deflect it. 2. He deflected it. 3. It was deflected.,1. திசைதிருப்பு. 2. அவர் திசைதிருப்புனார். 3. அது திசைதிருப்பப்பட்டது.,1. विक्षेपित करो। 2. उसने किया। 3. किया गया।
Deflower / Deflowered / Deflowered,Day 83,Advanced,கற்பழி / அழித்தேன் / அழித்துள்ளேன்,कौमार्य भंग करना / किया / चुका,1. Deflower it. 2. He deflowered it. 3. It was deflowered.,1. பறிக்கவும். 2. அவர் பறித்தார். 3. அது பறிக்கப்பட்டது.,1. इसे तोड़ो। 2. उसने तोड़ा। 3. तोड़ा गया।
Deform / Deformed / Deformed,Day 83,Advanced,உருமாற்று / மாற்றினேன் / மாற்றியுள்ளேன்,विरूपित करना / किया / कर चुका,1. Deform the shape. 2. He deformed it. 3. It was deformed.,1. வடிவத்தை மாற்று. 2. அவர் மாற்றினார். 3. அது மாற்றப்பட்டது.,1. रूप बिगाड़ो। 2. उसने बिगाड़ा। 3. बिगाड़ा गया।
Defraud / Defrauded / Defrauded,Day 83,Advanced,மோசடி செய் / செய்தேன் / செய்துள்ளேன்,ठगना / ठगा / ठग चुका,1. Defraud him. 2. He defrauded it. 3. It was defrauded.,1. ஏமாற்று. 2. அவர் ஏமாற்றினார். 3. அவர் ஏமாற்றப்பட்டார்.,1. धोखा दो। 2. उसने दिया। 3. दिया गया।
Defray / Defrayed / Defrayed,Day 83,Advanced,செலவை ஏற்றுக்கொள் / கொண்டேன் / கொண்டுள்ளேன்,खर्च चुकाना / चुकाया / चुका चुका,1. Defray the cost. 2. He defrayed it. 3. It was defrayed.,1. செலவை ஏற்றுக்கொள். 2. அவர் ஏற்றார். 3. அது ஏற்கப்பட்டது.,1. लागत का भुगतान करो। 2. उसने किया। 3. किया गया।
Defrost / Defrosted / Defrosted,Day 84,Advanced,பனிக்கட்டியை உருக்கு / உருக்கினேன் / உருக்கியுள்ளேன்,बर्फ पिघलाना / पिघलाई / चुका,1. Defrost it. 2. He defrosted it. 3. It was defrosted.,1. பனியை உருக்கு. 2. அவர் உருக்கினார். 3. அது உருக்கப்பட்டது.,1. बर्फ पिघलाओ। 2. उसने पिघलाई। 3. पिघलाई गई।
Defuse / Defused / Defused,Day 84,Advanced,செயலற்றதாக்கு (வெடிகுண்டு) / ஆக்கினேன்,निष्क्रिय करना / किया / कर चुका,1. Defuse it. 2. He defused it. 3. It was defused.,1. செயலிழக்கச் செய். 2. அவர் செய்தார். 3. அது செய்யப்பட்டது.,1. निष्क्रिय करो। 2. उसने किया। 3. किया गया।
Defy / Defied / Defied,Day 84,Advanced,எதிர்த்து நில் / நின்றேன் / நின்றுள்ளேன்,चुनौती देना / दी / दे चुका,1. Defy them. 2. He defied it. 3. It was defied.,1. எதிர்த்து நில். 2. அவர் எதிர்த்தார். 3. அது எதிர்க்கப்பட்டது.,1. चुनौती दो। 2. उसने दी। 3. दी गई।
Degenerate / Degenerated / Degenerated,Day 84,Advanced,தரம் தாழ் / தாழ்ந்தேன் / தாழ்ந்துள்ளேன்,पतित होना / हुआ / हो चुका,1. Degenerate fast. 2. It degenerated. 3. It was degenerated.,1. சீரழிந்து போ. 2. அது சீரழிந்தது. 3. அது சீரழிக்கப்பட்டது.,1. पतन हो। 2. पतन हुआ। 3. पतन किया गया।
Degrade / Degraded / Degraded,Day 84,Advanced,தரம் குறை / குறைத்தேன் / குறைத்துள்ளேன்,अपमानित करना / किया / कर चुका,1. Degrade it. 2. He degraded it. 3. It was degraded.,1. தரம் குறை. 2. அவர் குறைத்தார். 3. அது குறைக்கப்பட்டது.,1. अपमानित करो। 2. उसने किया। 3. किया गया।
Dehumanize / Dehumanized / Dehumanized,Day 85,Advanced,மனிதாபிமானமற்றதாக்கு / ஆக்கினேன் / ஆக்கியுள்ளேன்,अमानवीय बनाना / बनाया / बना चुका,1. Dehumanize him. 2. He dehumanized it. 3. It was dehumanized.,1. மனிதாபிமானமின்றி நடத்து. 2. அவர் செய்தார். 3. அது செய்யப்பட்டது.,1. अमानवीय व्यवहार करो। 2. उसने किया। 3. किया गया।
Dehydrate / Dehydrated / Dehydrated,Day 85,Advanced,நீர்ச்சத்தை நீக்கு / நீக்கினேன் / நீக்கியுள்ளேன்,निर्जलीकरण करना / किया / चुका,1. Dehydrate it. 2. He dehydrated it. 3. It was dehydrated.,1. உலரவை. 2. அவர் உலரவைத்தார். 3. அது உலரவைக்கப்பட்டது.,1. निर्जलीकृत करो। 2. उसने किया। 3. किया गया।
Deify / Deified / Deified,Day 85,Advanced,தெய்வமாகப் போற்று / போற்றினேன் / போற்றியுள்ளேன்,देवता मानना / माना / मान चुका,1. Deify him. 2. He deified it. 3. It was deified.,1. தெய்வமாக வழிபடு. 2. அவர் வழிபட்டார். 3. அது வழிபடப்பட்டது.,1. देवता मानो। 2. उसने माना। 3. माना गया।
Deign / Deigned / Deigned,Day 85,Advanced,இறங்கி வந்து செய் / செய்தேன் / செய்துள்ளேன்,अनुग्रह करना / किया / कर चुका,1. Deign to speak. 2. He deigned it. 3. It was deigned.,1. பேச முன்வரு. 2. அவர் முன்வந்தார். 3. அது செய்யப்பட்டது.,1. बोलने की कृपा करो। 2. उसने कृपा की। 3. कृपा की गई।
Delay / Delayed / Delayed,Day 85,Advanced,தாமதப்படுத்து / படுத்தினேன் / படுத்தியுள்ளேன்,विलंब करना / किया / कर चुका,1. Delay it. 2. He delayed it. 3. It was delayed.,1. தாமதப்படுத்து. 2. அவர் தாமதப்படுத்தினார். 3. அது தாமதப்படுத்தப்பட்டது.,1. देरी करो। 2. उसने की। 3. की गई।
Delegate / Delegated / Delegated,Day 86,Advanced,பொறுப்பை ஒப்படை / ஒப்படைத்தேன் / ஒப்படைத்துள்ளேன்,प्रतिनिधि चुनना / चुना / चुका,1. Delegate the task. 2. He delegated it. 3. It was delegated.,1. பணியைப் பகிர்ந்தளி. 2. அவர் அளித்தார். 3. அது அளிக்கப்பட்டது.,1. कार्य सौंपो। 2. उसने सौंपा। 3. सौंपा गया।
Delete / Deleted / Deleted,Day 86,Advanced,நீக்கு / நீக்கினேன் / நீக்கியுள்ளேன்,मिटाना / मिटाया / मिटा चुका,1. Delete the file. // 2. He deleted it. // 3. It was deleted.,1. கோப்பை அழி. // 2. அவர் அதை அழித்தார். // 3. அது அழிக்கப்பட்டது.,1. फाइल मिटाओ। // 2. उसने इसे मिटाया। // 3. इसे मिटाया गया।
Deliberate / Deliberated / Deliberated,Day 86,Advanced,ஆலோசி / ஆலோசித்தேன் / ஆலோசித்துள்ளேன்,विचार-विमर्श करना / किया / चुका,1. Deliberate on this. // 2. He deliberated. // 3. It was deliberated.,1. இதைப் பற்றி ஆலோசி. // 2. அவர் ஆலோசித்தார். // 3. அது ஆலோசிக்கப்பட்டது.,1. इस पर विचार करो। // 2. उसने विचार किया। // 3. इस पर विचार किया गया।
Delineate / Delineated / Delineated,Day 86,Advanced,விவரித்துக் காட்டு / காட்டினேன் / காட்டியுள்ளேன்,रूपरेखा बताना / बताई / बता चुका,1. Delineate the boundary. // 2. He delineated it. // 3. It was delineated.,1. எல்லையை வரையறு. // 2. அவர் அதை வரையறுத்தார். // 3. அது வரையறுக்கப்பட்டது.,1. सीमा का चित्रण करो। // 2. उसने इसका चित्रण किया। // 3. इसका चित्रण किया गया।
Delight / Delighted / Delighted,Day 86,Advanced,மகிழ்ச்சியூட்டு / ஊட்டினேன் / ஊட்டியுள்ளேன்,आनंदित करना / किया / कर चुका,1. Delight the audience. // 2. He delighted us. // 3. We were delighted.,1. பார்வையாளர்களை மகிழ்வி. // 2. அவர் எங்களை மகிழ்வித்தார். // 3. நாங்கள் மகிழ்ச்சியடைந்தோம்.,1. दर्शकों को आनंदित करो। // 2. उसने हमें आनंदित किया। // 3. हम आनंदित हुए।
Delimitate / Delimitated / Delimitated,Day 87,Advanced,எல்லை வகு / வகுத்தேன் / வகுத்துள்ளேன்,सीमा निर्धारित करना / की / चुका,1. Delimitate the zone. // 2. He delimitated it. // 3. It was delimitated.,1. மண்டலத்திற்கு எல்லை வகு. // 2. அவர் அதற்கு எல்லை வகுத்தார். // 3. அதற்கு எல்லை வகுக்கப்பட்டது.,1. क्षेत्र का सीमांकन करो। // 2. उसने इसका सीमांकन किया। // 3. इसका सीमांकन किया गया।
Deliver / Delivered / Delivered,Day 87,Advanced,விநியோகி / விநியோகித்தேன் / விநியோகித்துள்ளேன்,वितरित करना / किया / कर चुका,1. Deliver the package. // 2. He delivered it. // 3. It was delivered.,1. பொட்டலத்தை விநியோகி. // 2. அவர் அதை விநியோகித்தார். // 3. அது விநியோகிக்கப்பட்டது.,1. पैकेट पहुँचाओ। // 2. उसने इसे पहुँचाया। // 3. यह पहुँचाया गया।
Delude / Deluded / Deluded,Day 87,Advanced,ஏமாற்று / ஏமாற்றினேன் / ஏமாற்றியுள்ளேன்,भ्रमित करना / किया / कर चुका,1. Don't delude yourself. // 2. He deluded me. // 3. I was deluded.,1. உன்னை ஏமாற்றிக்கொள்ளாதே. // 2. அவர் என்னை ஏமாற்றினார். // 3. நான் ஏமாற்றப்பட்டேன்.,1. खुद को धोखा मत दो। // 2. उसने मुझे धोखा दिया। // 3. मुझे धोखा दिया गया।
Deluge / Deluged / Deluged,Day 87,Advanced,வெள்ளத்தில் மூழ்கடி / அடித்தேன் / அடித்துள்ளேன்,जलमग्न करना / किया / कर चुका,1. Deluge the city. // 2. It deluged us. // 3. We were deluged.,1. நகரத்தை மூழ்கடி. // 2. அது எங்களை மூழ்கடித்தது. // 3. நாங்கள் மூழ்கடிக்கப்பட்டோம்.,1. शहर को डुबो दो। // 2. इसने हमें डुबो दिया। // 3. हम डूब गए।
Delve / Delved / Delved,Day 87,Advanced,துருவி ஆராய் / ஆராய்ந்தேன் / ஆராய்ந்துள்ளேன்,छानबीन करना / की / कर चुका,1. Delve into the case. // 2. He delved into it. // 3. It was delved into.,1. வழக்கை ஆராய்ந்து பார். // 2. அவர் அதை ஆராய்ந்து பார்த்தார். // 3. அது ஆராய்ந்து பார்க்கப்பட்டது.,1. मामले की छानबीन करो। // 2. उसने छानबीन की। // 3. छानबीन की गई।
Demagnetize / Demagnetized / Demagnetized,Day 88,Advanced,காந்தத்தன்மையை நீக்கு / நீக்கினேன் / நீக்கியுள்ளேன்,विचुंबकित करना / किया / चुका,1. Demagnetize the strip. // 2. He demagnetized it. // 3. It was demagnetized.,1. காந்தத்தன்மையை நீக்கு. // 2. அவர் அதன் காந்தத்தன்மையை நீக்கினார். // 3. அதன் காந்தத்தன்மை நீக்கப்பட்டது.,1. पट्टी का चुंबकत्व हटाओ। // 2. उसने इसका चुंबकत्व हटाया। // 3. इसका चुंबकत्व हटाया गया।
Demand / Demanded / Demanded,Day 88,Advanced,கோரு / கோரினேன் / கோரியுள்ளேன்,माँग करना / की / कर चुका,1. Demand an answer. // 2. He demanded it. // 3. It was demanded.,1. பதில் கோரு. // 2. அவர் அதை கோரினார். // 3. அது கோரப்பட்டது.,1. जवाब की मांग करो। // 2. उसने मांग की। // 3. मांग की गई।
Demarcate / Demarcated / Demarcated,Day 88,Advanced,எல்லை பிரி / பிரித்தேன் / பிரித்துள்ளேன்,सीमांकन करना / किया / कर चुका,1. Demarcate the border. // 2. He demarcated it. // 3. It was demarcated.,1. எல்லையை அடையாளமிடு. // 2. அவர் அதை அடையாளமிட்டார். // 3. அது அடையாளமிடப்பட்டது.,1. सीमा का निर्धारण करो। // 2. उसने निर्धारण किया। // 3. निर्धारण किया गया।
Demean / Demeaned / Demeaned,Day 88,Advanced,தரம் தாழ்த்தி நட / நடத்தினேன் / நடத்தியுள்ளேன்,नीचा दिखाना / दिखाया / दिखा चुका,1. Don't demean yourself. // 2. He demeaned me. // 3. I was demeaned.,1. உன்னைத் தாழ்த்திக் கொள்ளாதே. // 2. அவர் என்னைத் தாழ்த்தினார். // 3. நான் தாழ்த்தப்பட்டேன்.,1. खुद को नीचा मत दिखाओ। // 2. उसने मुझे नीचा दिखाया। // 3. मुझे नीचा दिखाया गया।
Demolish / Demolished / Demolished,Day 88,Advanced,இடித்துத் தரைமட்டமாக்கு / ஆக்கினேன் / ஆக்கியுள்ளேன்,ध्वस्त करना / किया / कर चुका,1. Demolish the building. // 2. He demolished it. // 3. It was demolished.,1. கட்டிடத்தை இடி. // 2. அவர் அதை இடித்தார். // 3. அது இடிக்கப்பட்டது.,1. इमारत को ध्वस्त करो। // 2. उसने इसे ध्वस्त किया। // 3. इसे ध्वस्त किया गया।
Demonize / Demonized / Demonized,Day 89,Advanced,அரக்கனாகச் சித்தரி / சித்தரித்தேன் / சித்தரித்துள்ளேன்,दानवीकरण करना / किया / चुका,1. Don't demonize him. // 2. They demonized him. // 3. He was demonized.,1. அவனை அரக்கனாகச் சித்தரிக்காதே. // 2. அவர்கள் அவனை அரக்கனாகச் சித்தரித்தனர். // 3. அவன் அரக்கனாகச் சித்தரிக்கப்பட்டான்.,1. उसे राक्षस मत बनाओ। // 2. उन्होंने उसे राक्षस बनाया। // 3. उसे राक्षस बनाया गया।
Demonstrate / Demonstrated / Demonstrated,Day 89,Advanced,செய்துகாட்டு / காட்டினேன் / காட்டியுள்ளேன்,प्रदर्शन करना / किया / कर चुका,1. Demonstrate the product. // 2. He demonstrated it. // 3. It was demonstrated.,1. தயாரிப்பைச் செயல்முறைப்படுத்திக் காட்டு. // 2. அவர் அதைச் செயல்முறைப்படுத்திக் காட்டினார். // 3. அது செயல்முறைப்படுத்திக் காட்டப்பட்டது.,1. उत्पाद का प्रदर्शन करो। // 2. उसने इसका प्रदर्शन किया। // 3. इसका प्रदर्शन किया गया।
Demoralize / Demoralized / Demoralized,Day 89,Advanced,மன உறுதியைக் குலை / குலைத்தேன் / குலைத்துள்ளேன்,हतोत्साहित करना / किया / चुका,1. Don't demoralize us. // 2. He demoralized us. // 3. We were demoralized.,1. எங்கள் மனதைக் குலைக்காதே. // 2. அவர் எங்கள் மனதைக் குலைத்தார். // 3. எங்கள் மனம் குலைக்கப்பட்டது.,1. हमारा मनोबल मत गिराओ। // 2. उसने हमारा मनोबल गिराया। // 3. हमारा मनोबल गिराया गया।
Demote / Demoted / Demoted,Day 89,Advanced,பதவி இறக்கு / இறக்கினேன் / இறக்கியுள்ளேன்,पदावनति करना / की / कर चुका,1. Demote the officer. // 2. They demoted him. // 3. He was demoted.,1. அதிகாரியைப் பதவி இறக்கம் செய். // 2. அவர்கள் அவரைப் பதவி இறக்கம் செய்தனர். // 3. அவர் பதவி இறக்கம் செய்யப்பட்டார்.,1. अधिकारी को पदावनत करो। // 2. उन्होंने उसे पदावनत किया। // 3. उसे पदावनत किया गया।
Demur / Demurred / Demurred,Day 89,Advanced,ஆட்சேபி / ஆட்சேபித்தேன் / ஆட்சேபித்துள்ளேன்,आपत्ति करना / की / कर चुका,1. Do not demur. // 2. He demurred. // 3. (Intransitive),1. ஆட்சேபிக்காதே. // 2. அவர் ஆட்சேபித்தார். // 3. (பொருந்தாது),1. आपत्ति मत करो। // 2. उसने आपत्ति की। // 3. (लागू नहीं)
Denationalize / Denationalized / Denationalized,Day 90,Advanced,தனியார்மயமாக்கு / ஆக்கினேன் / ஆக்கியுள்ளேன்,विराष्ट्रीयकरण करना / किया / चुका,1. Denationalize the bank. // 2. They denationalized it. // 3. It was denationalized.,1. வங்கியைத் தனியார்மயமாக்கு. // 2. அவர்கள் அதைத் தனியார்மயமாக்கினர். // 3. அது தனியார்மயமாக்கப்பட்டது.,1. बैंक का निजीकरण करो। // 2. उन्होंने इसका निजीकरण किया। // 3. इसका निजीकरण किया गया।
Denigrate / Denigrated / Denigrated,Day 90,Advanced,இழிவுபடுத்து / படுத்தினேன் / படுத்தியுள்ளேன்,बदनाम करना / किया / कर चुका,1. Don't denigrate him. // 2. He denigrated me. // 3. I was denigrated.,1. அவனை இழிவுபடுத்தாதே. // 2. அவர் என்னை இழிவுபடுத்தினார். // 3. நான் இழிவுபடுத்தப்பட்டேன்.,1. उसे बदनाम मत करो। // 2. उसने मुझे बदनाम किया। // 3. मुझे बदनाम किया गया।
Denominate / Denominated / Denominated,Day 90,Advanced,பெயரிடு / இட்டேன் / இட்டுள்ளேன்,नामित करना / किया / कर चुका,1. Denominate the sum. // 2. He denominated it. // 3. It was denominated.,1. தொகைக்குப் பெயரிடு. // 2. அவர் அதற்குப் பெயரிட்டார். // 3. அதற்குப் பெயரிடப்பட்டது.,1. राशि का नामकरण करो। // 2. उसने इसका नामकरण किया। // 3. इसका नामकरण किया गया।
Denote / Denoted / Denoted,Day 90,Advanced,குறிப்பால் உணர்த்து / உணர்த்தினேன் / உணர்த்தியுள்ளேன்,सूचित करना / किया / कर चुका,1. Denote the meaning. // 2. It denoted that. // 3. That was denoted.,1. பொருளைக் குறிப்பிடு. // 2. அது அதைக் குறிப்பிட்டது. // 3. அது குறிப்பிடப்பட்டது.,1. अर्थ सूचित करो। // 2. इसने वह सूचित किया। // 3. वह सूचित किया गया।
Denounce / Denounced / Denounced,Day 90,Advanced,பகிரங்கமாக கண்டி / கண்டித்தேன் / கண்டித்துள்ளேன்,निंदा करना / की / कर चुका,1. Denounce the crime. // 2. He denounced it. // 3. It was denounced.,1. குற்றத்தைக் கண்டனம் செய். // 2. அவர் அதைக் கண்டனம் செய்தார். // 3. அது கண்டனம் செய்யப்பட்டது.,1. अपराध की निंदा करो। // 2. उसने इसकी निंदा की। // 3. इसकी निंदा की गई।
Dent / Dented / Dented,Day 91,Advanced,பள்ளமாக்கு (நசுக்கி) / ஆக்கினேன் / ஆக்கியுள்ளேன்,निशान डालना (दबाकर) / डाला,1. Don't dent the car. // 2. He dented it. // 3. It was dented.,1. காரை நெளிக்காதே. // 2. அவர் அதை நெளித்தார். // 3. அது நெளிந்தது.,1. कार को पिचकाओ मत। // 2. उसने इसे पिचका दिया। // 3. यह पिचक गई।
Denude / Denuded / Denuded,Day 91,Advanced,உரி (ஆடையற்றதாக்கு) / உரித்தேன் / உரித்துள்ளேன்,नग्न करना / किया / कर चुका,1. Denude the forest. // 2. They denuded it. // 3. It was denuded.,1. காட்டை மொட்டையடி. // 2. அவர்கள் அதை மொட்டையடித்தனர். // 3. அது மொட்டையடிக்கப்பட்டது.,1. जंगल को नंगा करो। // 2. उन्होंने इसे नंगा किया। // 3. इसे नंगा किया गया।
Deny / Denied / Denied,Day 91,Advanced,மறு / மறுத்தேன் / மறுத்துள்ளேன்,इनकार करना / किया / कर चुका,1. Deny the request. // 2. He denied it. // 3. It was denied.,1. கோரிக்கையை மறு. // 2. அவர் அதை மறுத்தார். // 3. அது மறுக்கப்பட்டது.,1. अनुरोध अस्वीकार करो। // 2. उसने इसे अस्वीकार किया। // 3. इसे अस्वीकार किया गया।
Depart / Departed / Departed,Day 91,Advanced,புறப்படு / புறப்பட்டேன் / புறப்பட்டுள்ளேன்,प्रस्थान करना / किया / कर चुका,1. Depart immediately. // 2. He departed. // 3. (Intransitive),1. உடனே புறப்படு. // 2. அவர் புறப்பட்டார். // 3. (பொருந்தாது),1. तुरंत प्रस्थान करो। // 2. उसने प्रस्थान किया। // 3. (लागू नहीं)
Depend / Depended / Depended,Day 91,Advanced,சார்ந்திரு / சார்ந்திருந்தேன் / சார்ந்துள்ளேன்,निर्भर होना / था / हो चुका,1. Depend on God. // 2. He depended on me. // 3. (Intransitive),1. இறைவனைச் சார்ந்திரு. // 2. அவர் என்னைச் சார்ந்திருந்தார். // 3. (பொருந்தாது),1. भगवान पर निर्भर रहो। // 2. वह मुझ पर निर्भर था। // 3. (लागू नहीं)
Depict / Depicted / Depicted,Day 92,Advanced,சித்தரி / சித்தரித்தேன் / சித்தரித்துள்ளேன்,चित्रित करना / किया / कर चुका,1. Depict the scene. // 2. He depicted it. // 3. It was depicted.,1. காட்சியைச் சித்தரி. // 2. அவர் அதைச் சித்தரித்தார். // 3. அது சித்தரிக்கப்பட்டது.,1. दृश्य का चित्रण करो। // 2. उसने इसका चित्रण किया। // 3. इसका चित्रण किया गया।
Deplete / Depleted / Depleted,Day 92,Advanced,தீர்த்துவிடு / தீர்த்தேன் / தீர்த்துள்ளேன்,कम करना (खाली करना) / किया,1. Deplete the stock. // 2. He depleted it. // 3. It was depleted.,1. இருப்பைக் காலியாக்கு. // 2. அவர் அதைக் காலியாக்கினார். // 3. அது காலியாக்கப்பட்டது.,1. भंडार खाली करो। // 2. उसने इसे खाली किया। // 3. इसे खाली किया गया।
Deplore / Deplored / Deplored,Day 92,Advanced,வருந்தி கண்டி / கண்டித்தேன் / கண்டித்துள்ளேன்,विलाप करना / किया / कर चुका,1. Deplore the act. // 2. He deplored it. // 3. It was deplored.,1. செயலுக்கு வருத்தம் தெரிவி. // 2. அவர் அதற்கு வருத்தம் தெரிவித்தார். // 3. அதற்கு வருத்தம் தெரிவிக்கப்பட்டது.,1. कृत्य की निंदा करो। // 2. उसने इसकी निंदा की। // 3. इसकी निंदा की गई।
Deploy / Deployed / Deployed,Day 92,Advanced,பணியில் அமர்த்து / அமர்த்தினேன் / அமர்த்தியுள்ளேன்,तैनात करना / किया / कर चुका,1. Deploy the troops. // 2. He deployed them. // 3. They were deployed.,1. படைகளைப் பணியில் அமர்த்து. // 2. அவர் அவர்களைப் பணியில் அமர்த்தினார். // 3. அவர்கள் பணியில் அமர்த்தப்பட்டனர்.,1. सैनिकों को तैनात करो। // 2. उसने उन्हें तैनात किया। // 3. उन्हें तैनात किया गया।
Deport / Deported / Deported,Day 92,Advanced,நாடுகடத்து / கடத்தினேன் / கடத்தியுள்ளேன்,निर्वासित करना / किया / कर चुका,1. Deport the alien. // 2. They deported him. // 3. He was deported.,1. அயல்நாட்டவரை நாடு கடத்து. // 2. அவர்கள் அவரை நாடு கடத்தினார்கள். // 3. அவர் நாடு கடத்தப்பட்டார்.,1. विदेशी को निर्वासित करो। // 2. उन्होंने उसे निर्वासित किया। // 3. उसे निर्वासित किया गया।
Depose / Deposed / Deposed,Day 93,Advanced,பதவியிறக்கு / இறக்கினேன் / இறக்கியுள்ளேன்,गवाही देना (या पद से हटाना),1. Depose the king. // 2. They deposed him. // 3. He was deposed.,1. அரசரைப் பதவி நீக்கம் செய். // 2. அவர்கள் அவரைப் பதவி நீக்கம் செய்தனர். // 3. அவர் பதவி நீக்கம் செய்யப்பட்டார்.,1. राजा को गद्दी से हटाओ। // 2. उन्होंने उसे हटाया। // 3. उसे हटाया गया।
Deposit / Deposited / Deposited,Day 93,Advanced,வைப்பு செய் / செய்தேன் / செய்துள்ளேன்,जमा करना / किया / कर चुका,1. Deposit the cash. // 2. He deposited it. // 3. It was deposited.,1. பணத்தை வைப்பு செய். // 2. அவர் அதை வைப்பு செய்தார். // 3. அது வைப்பு செய்யப்பட்டது.,1. नकद जमा करो। // 2. उसने इसे जमा किया। // 3. इसे जमा किया गया।
Deprave / Depraved / Depraved,Day 93,Advanced,கெடு (ஒழுக்கத்தை) / கெடுத்தேன் / கெடுத்துள்ளேன்,भ्रष्ट करना / किया / कर चुका,1. Don't deprave him. // 2. It depraved him. // 3. He was depraved.,1. அவனைச் சீர்கெடுக்காதே. // 2. அது அவனைச் சீர்கெடுத்தது. // 3. அவன் சீர்கெடுக்கப்பட்டான்.,1. उसे भ्रष्ट मत करो। // 2. इसने उसे भ्रष्ट किया। // 3. वह भ्रष्ट हो गया।
Deprecate / Deprecated / Deprecated,Day 93,Advanced,ஆட்சேபித்து கண்டி / கண்டித்தேன் / கண்டித்துள்ளேன்,विरोध करना / किया / कर चुका,1. Deprecate the move. // 2. He deprecated it. // 3. It was deprecated.,1. நடவடிக்கையை எதிர்ப்பது. // 2. அவர் அதை எதிர்த்தார் (விரும்பவில்லை). // 3. அது எதிர்க்கப்பட்டது.,1. कदम का विरोध करो। // 2. उसने इसका विरोध किया। // 3. इसका विरोध किया गया।
Depreciate / Depreciated / Depreciated,Day 93,Advanced,மதிப்பு குறை / குறைந்தது / குறைந்துள்ளது,मूल्य कम होना / हुआ / हो चुका,1. Depreciate the value. // 2. It depreciated. // 3. It was depreciated.,1. மதிப்பைக் குறை. // 2. அது மதிப்பிழந்தது. // 3. அது மதிப்பிழக்கச் செய்யப்பட்டது.,1. मूल्य कम करो। // 2. इसका मूल्य कम हुआ। // 3. इसका मूल्य कम किया गया।
Depress / Depressed / Depressed,Day 94,Advanced,மனச்சோர்வடையச் செய் / செய்தேன் / செய்துள்ளேன்,उदास करना / किया / कर चुका,1. Don't depress me. // 2. He depressed me. // 3. I was depressed.,1. என்னை மனச்சோர்வடையச் செய்யாதே. // 2. அவர் என்னை மனச்சோர்வடையச் செய்தார். // 3. நான் மனச்சோர்வடைந்தேன்.,1. मुझे उदास मत करो। // 2. उसने मुझे उदास किया। // 3. मैं उदास हो गया।
Deprive / Deprived / Deprived,Day 94,Advanced,உரிமையைப் பறி / பறித்தேன் / பறித்துள்ளேன்,वंचित करना / किया / कर चुका,1. Don't deprive him. // 2. He deprived me. // 3. I was deprived.,1. அவனிடமிருந்து பறிக்காதே. // 2. அவர் என்னிடமிருந்து பறித்தார். // 3. நான் வஞ்சிக்கப்பட்டேன் (பறிக்கொடுத்தேன்).,1. उसे वंचित मत करो। // 2. उसने मुझे वंचित किया। // 3. मुझे वंचित किया गया।
Depute / Deputed / Deputed,Day 94,Advanced,பிரதிநிதியாக நியமி / நியமித்தேன் / நியமித்துள்ளேன்,नियुक्त करना / किया / कर चुका,1. Depute a leader. // 2. He deputed him. // 3. He was deputed.,1. ஒரு தலைவரை நியமி. // 2. அவர் அவரை நியமித்தார். // 3. அவர் நியமிக்கப்பட்டார்.,1. प्रतिनिधि नियुक्त करो। // 2. उसने उसे नियुक्त किया। // 3. उसे नियुक्त किया गया।
Derail / Derailed / Derailed,Day 94,Advanced,தடம் புரளச் செய் / செய்தேன் / செய்துள்ளேன்,पटरी से उतारना / उतारा / चुका,1. Derail the train. // 2. He derailed it. // 3. It was derailed.,1. ரயிலைத் தடம் புரளச் செய். // 2. அவர் அதைத் தடம் புரளச் செய்தார். // 3. அது தடம் புரண்டது.,1. ट्रेन को पटरी से उतारो। // 2. उसने इसे उतारा। // 3. यह पटरी से उतर गई।
Derange / Deranged / Deranged,Day 94,Advanced,சீர்குலை / குலைத்தேன் / குலைத்துள்ளேன்,अव्यवस्थित करना / किया / चुका,1. Don't derange him. // 2. It deranged him. // 3. He was deranged.,1. அவன் மனநிலையைச் சிதைக்காதே. // 2. அது அவன் மனநிலையைச் சிதைத்தது. // 3. அவன் மனநிலை சிதைந்தது.,1. उसे पागल मत करो। // 2. इसने उसे पागल किया। // 3. वह पागल हो गया।
Deride / Derided / Derided,Day 95,Advanced,ஏளனம் செய் / செய்தேன் / செய்துள்ளேன்,उपहास करना / किया / कर चुका,1. Don't deride him. // 2. He derided me. // 3. I was derided.,1. அவனை ஏளனம் செய்யாதே. // 2. அவர் என்னை ஏளனம் செய்தார். // 3. நான் ஏளனம் செய்யப்பட்டேன்.,1. उसका उपहास मत करो। // 2. उसने मेरा उपहास किया। // 3. मेरा उपहास किया गया।
Derive / Derived / Derived,Day 95,Advanced,பெற்றிடு / பெற்றேன் / பெற்றுள்ளேன்,प्राप्त करना / किया / कर चुका,1. Derive the formula. // 2. He derived it. // 3. It was derived.,1. சூத்திரத்தை வருவி. // 2. அவர் அதை வருவித்தார். // 3. அது வருவிக்கப்பட்டது.,1. सूत्र प्राप्त करो। // 2. उसने इसे प्राप्त किया। // 3. यह प्राप्त किया गया।
Derogate / Derogated / Derogated,Day 95,Advanced,மதிப்பைக் குறை / குறைத்தேன் / குறைத்துள்ளேன்,अपमान करना / किया / कर चुका,1. Don't derogate him. // 2. He derogated it. // 3. It was derogated.,1. அவனைத் தரக்குறைவாகப் பேசாதே. // 2. அவர் அதைத் தரக்குறைவாகப் பேசினார். // 3. அது தரக்குறைவாகப் பேசப்பட்டது.,1. अपमान मत करो। // 2. उसने अपमान किया। // 3. अपमान किया गया।
Descend / Descended / Descended,Day 95,Advanced,இறங்கு / இறங்கினேன் / இறங்கியுள்ளேன்,उतरना / उतरा / उतर चुका,1. Descend the stairs. // 2. He descended. // 3. (Intransitive),1. படியில் இறங்கு. // 2. அவர் இறங்கினார். // 3. (பொருந்தாது),1. सीढ़ियों से उतरो। // 2. वह नीचे उतरा। // 3. (लागू नहीं)
Describe / Described / Described,Day 95,Advanced,விவரி / விவரித்தேன் / விவரித்துள்ளேன்,वर्णन करना / किया / कर चुका,1. Describe the event. // 2. He described it. // 3. It was described.,1. நிகழ்வை விவரி. // 2. அவர் அதை விவரித்தார். // 3. அது விவரிக்கப்பட்டது.,1. घटना का वर्णन करो। // 2. उसने इसका वर्णन किया। // 3. इसका वर्णन किया गया।
Descry / Descried / Descried,Day 96,Advanced,தொலைவிலிருந்து கண்டுணர் / உணர்ந்தேன் / உணர்ந்துள்ளேன்,देख लेना (दूर से) / देखा / चुका,1. Descry the land. // 2. He descried it. // 3. It was descried.,1. நிலத்தைக் கண்டுபிடி (தொலைவில்). // 2. அவர் அதைக் கண்டுபிடித்தார். // 3. அது கண்டுபிடிக்கப்பட்டது.,1. जमीन देख लो। // 2. उसने इसे देख लिया। // 3. यह देख ली गई।
Desecrate / Desecrated / Desecrated,Day 96,Advanced,புனிதத்தை அழி / அழித்தேன் / அழித்துள்ளேன்,अपवित्र करना / किया / कर चुका,1. Don't desecrate it. // 2. He desecrated it. // 3. It was desecrated.,1. அதைப் புனிதக்கேடு செய்யாதே. // 2. அவர் அதைப் புனிதக்கேடு செய்தார். // 3. அது புனிதக்கேடு செய்யப்பட்டது.,1. इसे अपवित्र मत करो। // 2. उसने इसे अपवित्र किया। // 3. इसे अपवित्र किया गया।
Desert / Deserted / Deserted,Day 96,Advanced,கைவிட்டுவிடு / விட்டேன் / விட்டுள்ளேன்,त्यागना / त्यागा / त्याग चुका,1. Desert the army. // 2. He deserted it. // 3. It was deserted.,1. இராணுவத்தை விட்டு ஓடிவிடு. // 2. அவர் அதை விட்டு ஓடினார். // 3. அது கைவிடப்பட்டது.,1. सेना छोड़ दो। // 2. उसने इसे छोड़ दिया। // 3. इसे छोड़ दिया गया।
Deserve / Deserved / Deserved,Day 96,Advanced,தகுதியாயிரு / இருந்தேன் / இருந்துள்ளேன்,योग्य होना / था / हो चुका,1. Deserve the prize. // 2. He deserved it. // 3. It was deserved.,1. பரிசுக்குத் தகுதியாக இரு. // 2. அவர் அதற்குத் தகுதியாக இருந்தார். // 3. அது தகுதியானதாக இருந்தது.,1. इनाम के लायक बनो। // 2. वह इसके लायक था। // 3. यह इसके लायक था।
Design / Designed / Designed,Day 96,Advanced,வடிவமை / அமைத்தேன் / அமைத்துள்ளேன்,योजना बनाना / बनाई / बना चुका,1. Design a logo. // 2. He designed it. // 3. It was designed.,1. ஒரு லோகோவை வடிவமை. // 2. அவர் அதை வடிவமைத்தார். // 3. அது வடிவமைக்கப்பட்டது.,1. लोगो डिज़ाइन करो। // 2. उसने इसे डिज़ाइन किया। // 3. यह डिज़ाइन किया गया।
Designate / Designated / Designated,Day 97,Advanced,நியமி / நியமித்தேன் / நியமித்துள்ளேன்,नामित करना / किया / कर चुका,1. Designate a leader. // 2. He designated him. // 3. He was designated.,1. ஒரு தலைவரை நியமி. // 2. அவர் அவரை நியமித்தார். // 3. அவர் நியமிக்கப்பட்டார்.,1. नेता नामित करो। // 2. उसने उसे नामित किया। // 3. उसे नामित किया गया।
Desire / Desired / Desired,Day 97,Advanced,விரும்பு / விரும்பினேன் / விரும்பியுள்ளேன்,इच्छा करना / की / कर चुका,1. Desire success. // 2. He desired it. // 3. It was desired.,1. வெற்றியை விரும்பு. // 2. அவர் அதை விரும்பினார். // 3. அது விரும்பப்பட்டது.,1. सफलता की इच्छा करो। // 2. उसने इसकी इच्छा की। // 3. इसकी इच्छा की गई।
Desist / Desisted / Desisted,Day 97,Advanced,தவிர் / தவிர்த்தேன் / தவிர்த்துள்ளேன்,रोक देना / रोका / रोक चुका,1. Desist from this. // 2. He desisted. // 3. (Intransitive),1. இதைக் கைவிடு. // 2. அவர் இதைக் கைவிட்டார். // 3. (பொருந்தாது),1. इससे बाज़ आओ। // 2. वह बाज़ आया। // 3. (लागू नहीं)
Desolate / Desolated / Desolated,Day 97,Advanced,பாழாக்கு / ஆக்கினேன் / ஆக்கியுள்ளேன்,उजाड़ना / उजाड़ा / उजाड़ चुका,1. Desolate the land. // 2. War desolated it. // 3. It was desolated.,1. நிலத்தைப் பாழாக்கு. // 2. போர் அதைப் பாழாக்கியது. // 3. அது பாழாக்கப்பட்டது.,1. जमीन उजाड़ दो। // 2. युद्ध ने इसे उजाड़ दिया। // 3. इसे उजाड़ दिया गया।
Despair / Despaired / Despaired,Day 97,Advanced,நம்பிக்கையிழ / இழந்தேன் / இழந்துள்ளேன்,निराश होना / हुआ / हो चुका,1. Don't despair. // 2. He despaired. // 3. (Intransitive),1. நம்பிக்கை இழக்காதே. // 2. அவர் நம்பிக்கை இழந்தார். // 3. (பொருந்தாது),1. निराश मत हो। // 2. वह निराश हुआ। // 3. (लागू नहीं)
Despatch / Despatched / Despatched,Day 98,Advanced,அனுப்பிவை / வைத்தேன் / வைத்துள்ளேன்,भेजना / भेजा / भेज चुका,1. Despatch the letter. // 2. He despatched it. // 3. It was despatched.,1. கடிதத்தை அனுப்பி வை. // 2. அவர் அதை அனுப்பி வைத்தார். // 3. அது அனுப்பி வைக்கப்பட்டது.,1. पत्र रवाना करो। // 2. उसने इसे रवाना किया। // 3. इसे रवाना किया गया।
Despise / Despised / Despised,Day 98,Advanced,வெறுத்து ஒதுக்கு / ஒதுக்கினேன் / ஒதுக்கியுள்ளேன்,घृणा करना / की / कर चुका,1. Don't despise him. // 2. He despised me. // 3. I was despised.,1. அவனை வெறுக்காதே. // 2. அவர் என்னை வெறுத்தார். // 3. நான் வெறுக்கப்பட்டேன்.,1. उससे घृणा मत करो। // 2. उसने मुझसे घृणा की। // 3. मुझसे घृणा की गई।
Despoil / Despoiled / Despoiled,Day 98,Advanced,கொள்ளையடி / அடித்தேன் / அடித்துள்ளேன்,लूटना / लूटा / लूट चुका,1. Despoil the town. // 2. They despoiled it. // 3. It was despoiled.,1. நகரத்தைக் கொள்ளையிடு. // 2. அவர்கள் அதைக் கொள்ளையிட்டனர். // 3. அது கொள்ளையிடப்பட்டது.,1. नगर को लूटो। // 2. उन्होंने इसे लूटा। // 3. इसे लूटा गया।
Despond / Desponded / Desponded,Day 98,Advanced,சோர்வடை / அடைந்தேன் / அடைந்துள்ளேன்,हताश होना / हुआ / हो चुका,1. Don't despond. // 2. He desponded. // 3. (Intransitive),1. மனம் தளராதே. // 2. அவர் மனம் தளர்ந்தார். // 3. (பொருந்தாது),1. हताश मत हो। // 2. वह हताश हुआ। // 3. (लागू नहीं)
Destroy / Destroyed / Destroyed,Day 98,Advanced,அழி / அழித்தேன் / அழித்துள்ளேன்,नष्ट करना / किया / कर चुका,1. Destroy the evidence. // 2. He destroyed it. // 3. It was destroyed.,1. ஆதாரத்தை அழி. // 2. அவர் அதை அழித்தார். // 3. அது அழிக்கப்பட்டது.,1. सबूत नष्ट करो। // 2. उसने इसे नष्ट किया। // 3. इसे नष्ट किया गया।
Detach / Detached / Detached,Day 99,Advanced,பிரித்துவிடு / விட்டேன் / விட்டுள்ளேன்,अलग करना / किया / कर चुका,1. Detach the wire. // 2. He detached it. // 3. It was detached.,1. கம்பியைப் பிரி. // 2. அவர் அதைப் பிரித்தார். // 3. அது பிரிக்கப்பட்டது.,1. तार अलग करो। // 2. उसने इसे अलग किया। // 3. इसे अलग किया गया।
Detail / Detailed / Detailed,Day 99,Advanced,விவரமாகக் கூறு / கூறினேன் / கூறியுள்ளேன்,विस्तार से बताना / बताया / चुका,1. Detail the plan. // 2. He detailed it. // 3. It was detailed.,1. திட்டத்தை விவரி. // 2. அவர் அதை விவரித்தார். // 3. அது விவரிக்கப்பட்டது.,1. योजना का विवरण दो। // 2. उसने इसका विवरण दिया। // 3. इसका विवरण दिया गया।
Detain / Detained / Detained,Day 99,Advanced,காவலில் வை / வைத்தேன் / வைத்துள்ளேன்,हिरासत में लेना / लिया / चुका,1. Detain the suspect. // 2. They detained him. // 3. He was detained.,1. சந்தேக நபரைத் தடுத்து வை. // 2. அவர்கள் அவரைத் தடுத்து வைத்தனர். // 3. அவர் தடுத்து வைக்கப்பட்டார்.,1. संदिग्ध को हिरासत में लो। // 2. उन्होंने उसे हिरासत में लिया। // 3. उसे हिरासत में लिया गया।
Detect / Detected / Detected,Day 99,Advanced,கண்டுபிடி / பிடித்தேன் / பிடித்துள்ளேன்,पता लगाना / लगाया / लगा चुका,1. Detect the error. // 2. He detected it. // 3. It was detected.,1. பிழையைக் கண்டுபிடி. // 2. அவர் அதைக் கண்டுபிடித்தார். // 3. அது கண்டுபிடிக்கப்பட்டது.,1. गलती का पता लगाओ। // 2. उसने इसका पता लगाया। // 3. इसका पता लगाया गया।
Deter / Deterred / Deterred,Day 99,Advanced,தடுத்து நிறுத்து / நிறுத்தினேன் / நிறுத்தியுள்ளேன்,रोकना / रोका / रोक चुका,1. Deter the enemy. // 2. It deterred them. // 3. They were deterred.,1. எதிரியைத் தடுத்து நிறுத்து. // 2. அது அவர்களைத் தடுத்து நிறுத்தியது. // 3. அவர்கள் தடுத்து நிறுத்தப்பட்டனர்.,1. दुश्मन को रोको। // 2. इसने उन्हें रोका। // 3. उन्हें रोका गया।
Deteriorate / Deteriorated / Deteriorated,Day 100,Advanced,சீர்கெட்டுப் போ / போனேன் / போயுள்ளேன்,बिगड़ना / बिगड़ा / बिगड़ चुका,1. Don't deteriorate. // 2. It deteriorated. // 3. It was deteriorated.,1. மோசமடையாதே. // 2. அது மோசமடைந்தது. // 3. அது மோசமாக்கப்பட்டது.,1. बिगड़ो मत। // 2. यह बिगड़ गया। // 3. यह बिगाड़ा गया।
Determine / Determined / Determined,Day 100,Advanced,தீர்மானி / தீர்மானித்தேன் / தீர்மானித்துள்ளேன்,निर्धारित करना / किया / कर चुका,1. Determine the cause. // 2. He determined it. // 3. It was determined.,1. காரணத்தைத் தீர்மானி. // 2. அவர் அதைத் தீர்மானித்தார். // 3. அது தீர்மானிக்கப்பட்டது.,1. कारण निर्धारित करो। // 2. उसने इसे निर्धारित किया। // 3. इसे निर्धारित किया गया।
Detest / Detested / Detested,Day 100,Advanced,கடுமையாக வெறு / வெறுத்தேன் / வெறுத்துள்ளேன்,नफरत करना / की / कर चुका,1. Detest the lie. // 2. He detested it. // 3. It was detested.,1. பொய்யை வெறு. // 2. அவர் அதை வெறுத்தார். // 3. அது வெறுக்கப்பட்டது.,1. झूठ से नफरत करो। // 2. उसने इससे नफरत की। // 3. इससे नफरत की गई।
Dethrone / Dethroned / Dethroned,Day 100,Advanced,அரியணையிலிருந்து நீக்கு / நீக்கினேன் / நீக்கியுள்ளேன்,गद्दी से उतारना / उतारा / चुका,1. Dethrone the king. // 2. They dethroned him. // 3. He was dethroned.,1. அரசரை அரியணையிலிருந்து இறக்கு. // 2. அவர்கள் அவரை இறக்கினார்கள். // 3. அவர் இறக்கப்பட்டார்.,1. राजा को गद्दी से उतारो। // 2. उन्होंने उसे उतारा। // 3. उसे उतारा गया।
Detonate / Detonated / Detonated,Day 100,Advanced,வெடிக்கச் செய் / செய்தேன் / செய்துள்ளேன்,विस्फोट करना / किया / कर चुका,1. Detonate the bomb. // 2. He detonated it. // 3. It was detonated.,1. வெடிகுண்டை வெடிக்கச் செய். // 2. அவர் அதை வெடிக்கச் செய்தார். // 3. அது வெடிக்கச் செய்யப்பட்டது.,1. बम विस्फोट करो। // 2. उसने विस्फोट किया। // 3. विस्फोट किया गया।
Detour / Detoured / Detoured,Day 101,Advanced,சுற்றிச் செல் / சென்றேன் / சென்றுள்ளேன்,रास्ता बदलकर जाना / गया / जा चुका,1. Detour the traffic. // 2. They detoured it. // 3. It was detoured.,1. போக்குவரத்தை மாற்றுப்பாதையில் திருப்பிவிடு. // 2. அவர்கள் அதைத் திருப்பிவிட்டனர். // 3. அது திருப்பிவிடப்பட்டது.,1. यातायात का मार्ग बदलो। // 2. उन्होंने मार्ग बदला। // 3. मार्ग बदला गया।
Detract / Detracted / Detracted,Day 101,Advanced,சிறப்பைக் குறை / குறைத்தேன் / குறைத்துள்ளேன்,कम करना (महत्व) / किया / कर चुका,1. Don't detract from it. // 2. It detracted value. // 3. Value was detracted.,1. அதன் மதிப்பைக்குறைக்காதே. // 2. அது மதிப்பைக் குறைத்தது. // 3. மதிப்பு குறைக்கப்பட்டது.,1. इसका महत्व कम मत करो। // 2. इसने महत्व कम किया। // 3. महत्व कम किया गया।
Devaluate / Devaluated / Devaluated,Day 101,Advanced,மதிப்பைக் குறை / குறைத்தேன் / குறைத்துள்ளேன்,अवमूल्यन करना / किया / कर चुका,1. Devaluate the currency. // 2. They devaluated it. // 3. It was devaluated.,1. நாணய மதிப்பைக்குறை. // 2. அவர்கள் அதைக் குறைத்தனர். // 3. அது குறைக்கப்பட்டது.,1. मुद्रा का अवमूल्यन करो। // 2. उन्होंने इसका अवमूल्यन किया। // 3. इसका अवमूल्यन किया गया।
Devastate / Devastated / Devastated,Day 101,Advanced,பாழாக்கு / ஆக்கினேன் / ஆக்கியுள்ளேன்,तबाह करना / किया / कर चुका,1. Devastate the land. // 2. It devastated it. // 3. It was devastated.,1. நிலத்தை நாசமாக்கு. // 2. அது அதை நாசமாக்கியது. // 3. அது நாசமாக்கப்பட்டது.,1. भूमि को तबाह करो। // 2. इसने इसे तबाह किया। // 3. इसे तबाह किया गया।
Develop / Developed / Developed,Day 101,Advanced,வளர்ச்சியடை / அடைந்தேன் / அடைந்துள்ளேன்,विकसित होना / हुआ / हो चुका,1. Develop the skill. // 2. He developed it. // 3. It was developed.,1. திறனை வளர்த்துக்கொள். // 2. அவர் அதை வளர்த்துக் கொண்டார். // 3. அது வளர்க்கப்பட்டது.,1. कौशल विकसित करो। // 2. उसने इसे विकसित किया। // 3. इसे विकसित किया गया।
Deviate / Deviated / Deviated,Day 102,Advanced,நெறிபிறழ் / பிறழ்ந்தேன் / பிறழ்ந்துள்ளேன்,विचलित होना / हुआ / हो चुका,1. Don't deviate. // 2. He deviated. // 3. (Intransitive),1. விலகிச் செல்லாதே. // 2. அவர் விலகிச் சென்றார். // 3. (பொருந்தாது),1. पथ से मत भटको। // 2. वह भटक गया। // 3. (लागू नहीं)
Device / Deviced / Deviced,Day 102,Advanced,உபகரணத்தை வடிவமை / அமைத்தேன் / அமைத்துள்ளேன்,उपकरण बनाना / बनाया / बना चुका,1. Device a plan. // 2. He deviced it. // 3. It was deviced.,1. ஒரு திட்டத்தை உருவாக்கு. // 2. அவர் அதை உருவாக்கினார். // 3. அது உருவாக்கப்பட்டது.,1. एक योजना बनाओ। // 2. उसने इसे बनाया। // 3. यह बनाई गई।
Devise / Devised / Devised,Day 102,Advanced,திட்டம் வகு / வகுத்தேன் / வகுத்துள்ளேன்,योजना बनाना / बनाई / बना चुका,1. Devise a strategy. // 2. He devised it. // 3. It was devised.,1. ஒரு உத்தியை வகு. // 2. அவர் அதை வகுத்தார். // 3. அது வகுக்கப்பட்டது.,1. रणनीति तैयार करो। // 2. उसने इसे तैयार किया। // 3. इसे तैयार किया गया।
Devitalize / Devitalized / Devitalized,Day 102,Advanced,உயிர்ச்சத்தை நீக்கு / நீக்கினேன் / நீக்கியுள்ளேன்,शक्तिहीन करना / किया / कर चुका,1. Devitalize the tissue. // 2. It devitalized it. // 3. It was devitalized.,1. திசுவைச் சக்தியிழக்கச் செய். // 2. அது அதைச் சக்தியிழக்கச் செய்தது. // 3. அது சக்தியிழக்கச் செய்யப்பட்டது.,1. ऊतक को बेजान करो। // 2. इसने इसे बेजान किया। // 3. इसे बेजान किया गया।
Devolve / Devolved / Devolved,Day 102,Advanced,அதிகாரத்தை ஒப்படை / ஒப்படைத்தேன் / ஒப்படைத்துள்ளேன்,हस्तांतरित करना / किया / कर चुका,1. Devolve the duty. // 2. He devolved it. // 3. It was devolved.,1. கடமையை ஒப்படை. // 2. அவர் அதை ஒப்படைத்தார். // 3. அது ஒப்படைக்கப்பட்டது.,1. कर्तव्य सौंप दो। // 2. उसने इसे सौंपा। // 3. इसे सौंपा गया।
Devote / Devoted / Devoted,Day 103,Advanced,அர்ப்பணி / பணித்தேன் / பணித்துள்ளேன்,समर्पित करना / किया / कर चुका,1. Devote your life. // 2. He devoted it. // 3. It was devoted.,1. உன் வாழ்க்கையை அர்ப்பணி. // 2. அவர் அதை அர்ப்பணித்தார். // 3. அது அர்ப்பணிக்கப்பட்டது.,1. अपना जीवन समर्पित करो। // 2. उसने इसे समर्पित किया। // 3. यह समर्पित किया गया।
Devour / Devoured / Devoured,Day 103,Advanced,ஆவலுடன் உண் / உண்டேன் / உண்டுள்ளேன்,लालच से खाना / खाया / खा चुका,1. Devour the meal. // 2. He devoured it. // 3. It was devoured.,1. உணவை விழுங்கு. // 2. அவர் அதை விழுங்கினார். // 3. அது விழுங்கப்பட்டது.,1. भोजन निगल जाओ। // 2. उसने इसे निगला। // 3. यह निगला गया।
Diagnose / Diagnosed / Diagnosed,Day 103,Advanced,நோய் கண்டறி / அறிந்தேன் / அறிந்துள்ளேன்,निदान करना / किया / कर चुका,1. Diagnose the illness. // 2. He diagnosed it. // 3. It was diagnosed.,1. நோயைக் கண்டறி. // 2. அவர் அதைக் கண்டறிந்தார். // 3. அது கண்டறியப்பட்டது.,1. बीमारी का निदान करो। // 2. उसने इसका निदान किया। // 3. इसका निदान किया गया।
Diagram / Diagrammed / Diagrammed,Day 103,Advanced,வரைபடம் வரை / வரைந்தேன் / வரைந்துள்ளேன்,आरेख बनाना / बनाया / बना चुका,1. Diagram the sentence. // 2. He diagrammed it. // 3. It was diagrammed.,1. வாக்கியத்தை வரைபடமாக்கு. // 2. அவர் அதை வரைபடமாக்கினார். // 3. அது வரைபடமாக்கப்பட்டது.,1. वाक्य का आरेख बनाओ। // 2. उसने इसका आरेख बनाया। // 3. इसका आरेख बनाया गया।
Dialectize / Dialectized / Dialectized,Day 103,Advanced,வட்டார மொழியாக்கு / ஆக்கினேன் / ஆக்கியுள்ளேன்,बोली बनाना / बनाई / बना चुका,1. Dialectize the text. // 2. He dialectized it. // 3. It was dialectized.,1. உரையை வட்டார மொழியாக்கு. // 2. அவர் அதை வட்டார மொழியாக்கினார். // 3. அது வட்டார மொழியாக்கப்பட்டது.,1. पाठ को बोली का रूप दो। // 2. उसने इसे बोली का रूप दिया। // 3. इसे बोली का रूप दिया गया।
Dialogue / Dialogued / Dialogued,Day 104,Advanced,உரையாடு /ாடினேன் /ாடியுள்ளேன்,संवाद करना / किया / कर चुका,1. Dialogue with him. // 2. We dialogued. // 3. (Intransitive),1. அவனுடன் உரையாடு. // 2. நாங்கள் உரையாடினோம். // 3. (பொருந்தாது),1. उससे संवाद करो। // 2. हमने संवाद किया। // 3. (लागू नहीं)
Dictate / Dictated / Dictated,Day 104,Advanced,கட்டளையிடு / இட்டேன் / இட்டுள்ளேன்,हुक्म चलाना / चलाया / चला चुका,1. Dictate the letter. // 2. He dictated it. // 3. It was dictated.,1. கடிதத்தைச் சொல்லச் சொல்ல எழுதுவி. // 2. அவர் அதைச் சொல்லச் சொல்ல எழுதுவித்தார். // 3. அது சொல்லச் சொல்ல எழுதுவிக்கப்பட்டது.,1. पत्र बोलकर लिखवाओ। // 2. उसने इसे बोलकर लिखवाया। // 3. यह बोलकर लिखवाया गया।
Differ / Differed / Differed,Day 104,Advanced,வேறுபடு / பட்டேன் / பட்டுள்ளேன்,भिन्न होना / था / हो चुका,1. Don't differ. // 2. He differed. // 3. (Intransitive),1. மாறுபடாதே. // 2. அவர் மாறுபட்டார். // 3. (பொருந்தாது),1. मतभेद मत रखो। // 2. उसने मतभेद रखा। // 3. (लागू नहीं)
Differentiate / Differentiated / Differentiated,Day 104,Advanced,வேறுபடுத்திக் காட்டு / காட்டினேன் / காட்டியுள்ளேன்,अंतर करना / किया / कर चुका,1. Differentiate them. // 2. He differentiated them. // 3. They were differentiated.,1. அவற்றை வேறுபடுத்திக் காட்டு. // 2. அவர் அவற்றை வேறுபடுத்திக் காட்டினார். // 3. அவை வேறுபடுத்திக் காட்டப்பட்டன.,1. उनमें अंतर करो। // 2. उसने उनमें अंतर किया। // 3. उनमें अंतर किया गया।
Diffuse / Diffused / Diffused,Day 104,Advanced,பரவச் செய் / செய்தேன் / செய்துள்ளேன்,फैलना / फैला / फैल चुका,1. Diffuse the scent. // 2. It diffused. // 3. It was diffused.,1. நறுமணத்தைப் பரப்பு. // 2. அது பரவியது. // 3. அது பரப்பப்பட்டது.,1. खुशबू फैलाओ। // 2. यह फैल गई। // 3. यह फैलाई गई।
Digest / Digested / Digested,Day 105,Advanced,செரிமானம் செய் / செய்தேன் / செய்துள்ளேன்,पचाना / पचाया / पचा चुका,1. Digest the food. // 2. He digested it. // 3. It was digested.,1. உணவைச் செரிமானம் செய். // 2. அவர் அதைச் செரிமானம் செய்தார். // 3. அது செரிமானம் செய்யப்பட்டது.,1. भोजन पचाओ। // 2. उसने इसे पचाया। // 3. यह पचाया गया।
Digitalize / Digitalized / Digitalized,Day 105,Advanced,மின்மயமாக்கு / ஆக்கினேன் / ஆக்கியுள்ளேன்,डिजिटलीकरण करना / किया / चुका,1. Digitalize the data. // 2. He digitalized it. // 3. It was digitalized.,1. தரவை டிஜிட்டல்மயமாக்கு. // 2. அவர் அதை டிஜிட்டல்மயமாக்கினார். // 3. அது டிஜிட்டல்மயமாக்கப்பட்டது.,1. डेटा को डिजिटाइज़ करो। // 2. उसने इसे डिजिटाइज़ किया। // 3. इसे डिजिटाइज़ किया गया।
Dignify / Dignified / Dignified,Day 105,Advanced,கண்ணியப்படுத்து / படுத்தினேன் / படுத்தியுள்ளேன்,गौरव बढ़ाना / बढ़ाया / बढ़ा चुका,1. Dignify the event. // 2. He dignified it. // 3. It was dignified.,1. நிகழ்வுக்குக் கண்ணியம் அளி. // 2. அவர் அதற்குக் கண்ணியம் அளித்தார். // 3. அதற்குக் கண்ணியம் அளிக்கப்பட்டது.,1. कार्यक्रम का गौरव बढ़ाओ। // 2. उसने इसका गौरव बढ़ाया। // 3. इसका गौरव बढ़ाया गया।
Digress / Digressed / Digressed,Day 105,Advanced,திசைமாறிப் பேசு / பேசினேன் / பேசியுள்ளேன்,विषय से भटकना / भटका / भटक चुका,1. Don't digress. // 2. He digressed. // 3. (Intransitive),1. பேச்சைத் திசை திருப்பாதே. // 2. அவர் பேச்சைத் திசை திருப்பினார். // 3. (பொருந்தாது),1. विषय से मत भटको। // 2. वह विषय से भटक गया। // 3. (लागू नहीं)
Dilapidate / Dilapidated / Dilapidated,Day 105,Advanced,பாழாக்கு / ஆக்கினேன் / ஆக்கியுள்ளேன்,जीर्ण-शीर्ण करना / किया / कर चुका,1. Don't dilapidate it. // 2. It was dilapidated. // 3. It is dilapidated.,1. அதைச் சிதிலமடையச் செய்யாதே. // 2. அது சிதிலமடைந்தது. // 3. அது சிதிலமடைந்துள்ளது.,1. इसे जर्जर मत करो। // 2. यह जर्जर हो गया। // 3. यह जर्जर है।
Dilate / Dilated / Dilated,Day 106,Advanced,விரிவடையச் செய் / செய்தேன் / செய்துள்ளேன்,फैलना (चौड़ा होना) / फैला / फैल चुका,1. Dilate the eyes. // 2. He dilated them. // 3. They were dilated.,1. கண்களை விரிவடையச் செய். // 2. அவர் அதை விரிவடையச் செய்தார். // 3. அவை விரிவடையச் செய்யப்பட்டன.,1. आँखें फैलाओ। // 2. उसने उन्हें फैलाया। // 3. वे फैलाई गईं।
Dilute / Diluted / Diluted,Day 106,Advanced,நீர்க்கச் செய் / செய்தேன் / செய்துள்ளேன்,पतला करना / किया / कर चुका,1. Dilute the liquid. 2. He diluted it. 3. It was diluted.,1. திரவத்தை நீர்த்தாக்கு. 2. அவர் அதை நீர்த்தாக்கினார். 3. அது நீர்த்தாக்கப்பட்டது.,1. तरल को पतला करो। 2. उसने इसे पतला किया। 3. इसे पतला किया गया।
Dimension / Dimensioned / Dimensioned,Day 106,Advanced,அளவை நிர்ணயி / நிர்ணயித்தேன் / நிர்ணயித்துள்ளேன்,आयाम निर्धारित करना / किया / चुका,1. Dimension the part. 2. He dimensioned it. 3. It was dimensioned.,1. பாகத்தை அளவிடு. 2. அவர் அதை அளவிட்டார். 3. அது அளவிடப்பட்டது.,1. भाग का आयाम तय करो। 2. उसने इसका आयाम तय किया। 3. इसका आयाम तय किया गया।
Diminish / Diminished / Diminished,Day 106,Advanced,குறை / குறைந்தது / குறைந்துள்ளது,कम होना / हुआ / हो चुका,1. Diminish the noise. 2. He diminished it. 3. It was diminished.,1. சத்தத்தைக் குறை. 2. அவர் அதைக் குறைத்தார். 3. அது குறைக்கப்பட்டது.,1. शोर कम करो। 2. उसने इसे कम किया। 3. इसे कम किया गया।
Dine / Dined / Dined,Day 106,Advanced,விருந்துண் / உண்டேன் / உண்டுள்ளேன்,भोजन करना / किया / कर चुका,1. Dine at home. 2. He dined there. 3. It was dined.,1. வீட்டில் உணவருந்து. 2. அவர் அங்கு உணவருந்தினார். 3. அது உண்ணப்பட்டது.,1. घर पर भोजन करो। 2. उसने वहाँ भोजन किया। 3. भोजन किया गया।
Dip / Dipped / Dipped,Day 107,Advanced,முக்கு / முக்கினேன் / முக்கியுள்ளேன்,डुबोना / डुबोया / डुबो चुका,1. Dip the bread. 2. He dipped it. 3. It was dipped.,1. ரொட்டியைத் தோய். 2. அவர் அதைத் தோய்த்தார். 3. அது தோய்க்கப்பட்டது.,1. रोटी डुबोओ। 2. उसने इसे डुबोया। 3. इसे डुबोया गया।
Direct / Directed / Directed,Day 107,Advanced,நெறிப்படுத்து / படுத்தினேன் / படுத்தியுள்ளேன்,निर्देशित करना / किया / कर चुका,1. Direct the traffic. 2. He directed it. 3. It was directed.,1. போக்குவரத்தை வழிநடத்து. 2. அவர் அதை வழிநடத்தினார். 3. அது வழிநடத்தப்பட்டது.,1. यातायात को निर्देशित करो। 2. उसने इसे निर्देशित किया। 3. इसे निर्देशित किया गया।
Disable / Disabled / Disabled,Day 107,Advanced,முடக்கு / முடக்கினேன் / முடக்கியுள்ளேன்,अक्षम करना / किया / कर चुका,1. Disable the alarm. 2. He disabled it. 3. It was disabled.,1. அலாரத்தை முடக்கு. 2. அவர் அதை முடக்கினார். 3. அது முடக்கப்பட்டது.,1. अलार्म को अक्षम करो। 2. उसने इसे अक्षम किया। 3. इसे अक्षम किया गया।
Disabuse / Disabused / Disabused,Day 107,Advanced,தவறான எண்ணத்தை நீக்கு / நீக்கினேன் / நீக்கியுள்ளேன்,भ्रम दूर करना / किया / कर चुका,1. Disabuse his mind. 2. He disabused it. 3. It was disabused.,1. உண்மையை உணர்த்து. 2. அவர் அதை உணர்த்தினார். 3. அது உணர்த்தப்பட்டது.,1. उसका भ्रम दूर करो। 2. उसने भ्रम दूर किया। 3. भ्रम दूर किया गया।
Disaccord / Disaccorded / Disaccorded,Day 107,Advanced,முரண்படு / பட்டேன் / பட்டுள்ளேன்,असहमत होना / हुआ / हो चुका,1. Disaccord with them. 2. He disaccorded. 3. It was disaccorded.,1. அவர்களுடன் உடன்படாதே. 2. அவர் உடன்படவில்லை. 3. அது மறுக்கப்பட்டது.,1. उनसे असहमत हो। 2. वह असहमत हुआ। 3. इसे अस्वीकार किया गया।
Disadvantage / Disadvantaged / Disadvantaged,Day 108,Advanced,பாதகமாக்கு / ஆக்கினேன் / ஆக்கியுள்ளேன்,नुकसान पहुँचाना / पहुँचाया / चुका,1. Disadvantage the rival. 2. He disadvantaged him. 3. He was disadvantaged.,1. எதிரிக்குத் தடையாக்கு. 2. அவர் அவருக்குத் தடையாக்கினார். 3. அவர் தடையாக்கப்பட்டார்.,1. प्रतिद्वंद्वी को नुकसान पहुँचाओ। 2. उसने उसे नुकसान पहुँचाया। 3. उसे नुकसान पहुँचाया गया।
Disaffect / Disaffected / Disaffected,Day 108,Advanced,வெறுப்படையச் செய் / செய்தேன் / செய்துள்ளேன்,असंतुष्ट करना / किया / कर चुका,1. Disaffect the team. 2. He disaffected them. 3. They were disaffected.,1. குழுவை அதிருப்தியாக்கு. 2. அவர் அவர்களை அதிருப்தியாக்கினார். 3. அவர்கள் அதிருப்தியாக்கப்பட்டனர்.,1. टीम को असंतुष्ट करो। 2. उसने उन्हें असंतुष्ट किया। 3. उन्हें असंतुष्ट किया गया।
Disagree / Disagreed / Disagreed,Day 108,Advanced,உடன்பட மறு / மறுத்தேன் / மறுத்துள்ளேன்,असहमत होना / हुआ / हो चुका,1. Disagree politely. 2. He disagreed. 3. It was disagreed.,1. மரியாதையுடன் மறு. 2. அவர் மறுத்தார். 3. அது மறுக்கப்பட்டது.,1. विनम्रता से असहमत हो। 2. वह असहमत हुआ। 3. इसे अस्वीकार किया गया।
Disallow / Disallowed / Disallowed,Day 108,Advanced,அனுமதி மறு / மறுத்தேன் / மறுத்துள்ளேன்,अनुमति न देना / दी / दे चुका,1. Disallow the goal. 2. He disallowed it. 3. It was disallowed.,1. இலக்கை அனுமதி மறு. 2. அவர் அதை மறுத்தார். 3. அது மறுக்கப்பட்டது.,1. गोल को अस्वीकार करो। 2. उसने इसे अस्वीकार किया। 3. इसे अस्वीकार किया गया।
Disappear / Disappeared / Disappeared,Day 108,Advanced,மறைந்து போ / போனேன் / போயுள்ளேன்,गायब होना / हुआ / हो चुका,1. Disappear quickly. 2. He disappeared. 3. He was disappeared.,1. விரைவில் மறைந்துவிடு. 2. அவர் மறைந்தார். 3. அவர் மறைக்கப்பட்டார்.,1. जल्दी गायब हो जाओ। 2. वह गायब हो गया। 3. उसे गायब कर दिया गया।
Disappoint / Disappointed / Disappointed,Day 109,Advanced,ஏமாற்றமளி / அளித்தேன் / அளித்துள்ளேன்,निराश करना / किया / कर चुका,1. Disappoint the fans. 2. He disappointed them. 3. They were disappointed.,1. ரசிகர்களை ஏமாற்று. 2. அவர் அவர்களை ஏமாற்றினார். 3. அவர்கள் ஏமாற்றப்பட்டனர்.,1. प्रशंसकों को निराश करो। 2. उसने उन्हें निराश किया। 3. वे निराश हुए।
Disapprove / Disapproved / Disapproved,Day 109,Advanced,அங்கீகரிக்க மறு / மறுத்தேன் / மறுத்துள்ளேன்,नापसंद करना / किया / कर चुका,1. Disapprove the plan. 2. He disapproved it. 3. It was disapproved.,1. திட்டத்தை நிராகரி. 2. அவர் அதை நிராகரித்தார். 3. அது நிராகரிக்கப்பட்டது.,1. योजना को नामंजूर करो। 2. उसने इसे नामंजूर किया। 3. इसे नामंजूर किया गया।
Disarm / Disarmed / Disarmed,Day 109,Advanced,ஆயுதத்தை அகற்று / அகற்றினேன் / அகற்றியுள்ளேன்,निहत्था करना / किया / कर चुका,1. Disarm the bomb. 2. He disarmed it. 3. It was disarmed.,1. குண்டைச் செயலிழக்கச் செய். 2. அவர் அதைச் செயலிழக்கச் செய்தார். 3. அது செயலிழக்கச் செய்யப்பட்டது.,1. बम को निष्क्रिय करो। 2. उसने इसे निष्क्रिय किया। 3. इसे निष्क्रिय किया गया।
Disarrange / Disarranged / Disarranged,Day 109,Advanced,சீர்குலை / குலைத்தேன் / குலைத்துள்ளேன்,अव्यवस्थित करना / किया / चुका,1. Disarrange the books. 2. He disarranged them. 3. They were disarranged.,1. புத்தகங்களைக் கலைத்துவிடு. 2. அவர் அவற்றைக் கலைத்தார். 3. அவை கலைக்கப்பட்டன.,1. किताबों को अव्यवस्थित करो। 2. उसने उन्हें बिखेर दिया। 3. उन्हें बिखेर दिया गया।
Disassociate / Disassociated / Disassociated,Day 109,Advanced,தொடர்பைத் துண்டி / துண்டித்தேன் / துண்டித்துள்ளேன்,संबंध विच्छेद करना / किया / चुका,1. Disassociate yourself. 2. He disassociated it. 3. It was disassociated.,1. உன்னைத் துண்டித்துக்கொள். 2. அவர் அதைத் துண்டித்தார். 3. அது துண்டிக்கப்பட்டது.,1. खुद को अलग करो। 2. उसने इसे अलग किया। 3. इसे अलग किया गया।
Disaster / Disastered / Disastered,Day 110,Advanced,பேரழிவை ஏற்படுத்து / படுத்தினேன் / படுத்தியுள்ளேன்,विपत्ति लाना / लाया / ला चुका,1. Disaster the project. 2. He disastered it. 3. It was disastered.,1. திட்டத்தைப் பாழாக்கு. 2. அவர் அதைப் பாழாக்கினார். 3. அது பாழாக்கப்பட்டது.,1. परियोजना को तबाह करो। 2. उसने इसे तबाह किया। 3. इसे तबाह किया गया।
Disavow / Disavowed / Disavowed,Day 110,Advanced,பொறுப்பை மறு / மறுத்தேன் / மறுத்துள்ளேன்,इनकार करना / किया / कर चुका,1. Disavow the statement. 2. He disavowed it. 3. It was disavowed.,1. கூற்றை மறுத்துவிடு. 2. அவர் அதை மறுத்தார். 3. அது மறுக்கப்பட்டது.,1. बयान को नकार दो। 2. उसने इसे नकारा। 3. इसे नकारा गया।
Disband / Disbanded / Disbanded,Day 110,Advanced,கலை (குழுவை) / கலைத்தேன் / கலைத்துள்ளேன்,भंग करना / किया / कर चुका,1. Disband the group. 2. He disbanded it. 3. It was disbanded.,1. குழுவைக் கலைத்துவிடு. 2. அவர் அதைக் கலைத்தார். 3. அது கலைக்கப்பட்டது.,1. समूह को भंग करो। 2. उसने इसे भंग किया। 3. इसे भंग किया गया।
Disbar / Disbarred / Disbarred,Day 110,Advanced,வழக்கறிஞர் உரிமையை நீக்கு / நீக்கினேன் / நீக்கியுள்ளேன்,वकालत से रोकना / रोका / रोक चुका,1. Disbar the lawyer. 2. He disbarred him. 3. He was disbarred.,1. வழக்கறிஞரை நீக்கு. 2. அவர் அவரை நீக்கினார். 3. அவர் நீக்கப்பட்டார்.,1. वकील को बर्खास्त करो। 2. उसने उसे बर्खास्त किया। 3. उसे बर्खास्त किया गया।
Disbelieve / Disbelieved / Disbelieved,Day 110,Advanced,நம்ப மறு / மறுத்தேன் / மறுத்துள்ளேன்,अविश्वास करना / किया / कर चुका,1. Disbelieve the lie. 2. He disbelieved it. 3. It was disbelieved.,1. பொய்யை நம்பாதே. 2. அவர் அதை நம்பவில்லை. 3. அது நம்பப்படவில்லை.,1. झूठ पर विश्वास न करो। 2. उसने विश्वास नहीं किया। 3. विश्वास नहीं किया गया।
Disburden / Disburdened / Disburdened,Day 111,Advanced,பாரத்தைக் குறை / குறைத்தேன் / குறைத்துள்ளேன்,भार कम करना / किया / कर चुका,1. Disburden your heart. 2. He disburdened it. 3. It was disburdened.,1. உன் பாரத்தைக் குறை. 2. அவர் அதைக் குறைத்தார். 3. அது குறைக்கப்பட்டது.,1. अपने मन का बोझ हल्का करो। 2. उसने इसे हल्का किया। 3. इसे हल्का किया गया।
Disburse / Disbursed / Disbursed,Day 111,Advanced,பணம் வழங்கு / வழங்கினேன் / வழங்கியுள்ளேன்,भुगतान करना / किया / कर चुका,1. Disburse the cash. 2. He disbursed it. 3. It was disbursed.,1. பணத்தைச் செலுத்து. 2. அவர் அதைச் செலுத்தினார். 3. அது செலுத்தப்பட்டது.,1. नकद वितरित करो। 2. उसने इसे वितरित किया। 3. इसे वितरित किया गया।
Discard / Discarded / Discarded,Day 111,Advanced,தேவையில்லையென ஒதுக்கு / ஒதுக்கினேன் / ஒதுக்கியுள்ளேன்,त्यागना / त्यागा / त्याग चुका,1. Discard the waste. 2. He discarded it. 3. It was discarded.,1. குப்பையைத் தள்ளு. 2. அவர் அதைத் தள்ளினார். 3. அது தள்ளப்பட்டது.,1. कचरा फेंक दो। 2. उसने इसे फेंका। 3. इसे फेंका गया।
Discern / Discerned / Discerned,Day 111,Advanced,பிரித்தறி / அறிந்தேன் / அறிந்துள்ளேன்,पहचानना / पहचाना / पहचान चुका,1. Discern the truth. 2. He discerned it. 3. It was discerned.,1. உண்மையை உணர். 2. அவர் அதை உணர்ந்தார். 3. அது உணரப்பட்டது.,1. सच को पहचानो। 2. उसने इसे पहचाना। 3. इसे पहचाना गया।
Discharge / Discharged / Discharged,Day 111,Advanced,விடுவி / விடுவித்தேன் / விடுவித்துள்ளேன்,मुक्त करना / किया / कर चुका,1. Discharge the duty. 2. He discharged it. 3. It was discharged.,1. கடமையைச் செய். 2. அவர் அதைச் செய்தார். 3. அது செய்யப்பட்டது.,1. कर्तव्य का पालन करो। 2. उसने इसे किया। 3. इसे किया गया।
Discipline / Disciplined / Disciplined,Day 112,Advanced,ஒழுங்குபடுத்து / படுத்தினேன் / படுத்தியுள்ளேன்,अनुशासित करना / किया / कर चुका,1. Discipline the child. 2. He disciplined him. 3. He was disciplined.,1. குழந்தையை ஒழுங்குபடுத்து. 2. அவர் அவரை ஒழுங்குபடுத்தினார். 3. அவர் ஒழுங்குபடுத்தப்பட்டார்.,1. बच्चे को अनुशासित करो। 2. उसने उसे अनुशासित किया। 3. उसे अनुशासित किया गया।
Disclaim / Disclaimed / Disclaimed,Day 112,Advanced,உரிமையை மறு / மறுத்தேன் / மறுத்துள்ளேன்,अधिकार त्यागना / त्यागा / चुका,1. Disclaim the prize. 2. He disclaimed it. 3. It was disclaimed.,1. பரிசை மறுத்துவிடு. 2. அவர் அதை மறுத்தார். 3. அது மறுக்கப்பட்டது.,1. पुरस्कार पर दावा छोड़ दो। 2. उसने इसे छोड़ा। 3. इसे छोड़ा गया।
Disclose / Disclosed / Disclosed,Day 112,Advanced,ரகசியத்தை வெளிப்படுத்து / படுத்தினேன் / படுத்தியுள்ளேன்,खुलासा करना / किया / कर चुका,1. Disclose the secret. 2. He disclosed it. 3. It was disclosed.,1. ரகசியத்தை வெளிப்படுத்து. 2. அவர் அதை வெளிப்படுத்தினார். 3. அது வெளிப்படுத்தப்பட்டது.,1. रहस्य प्रकट करो। 2. उसने इसे प्रकट किया। 3. इसे प्रकट किया गया।
Discolor / Discolored / Discolored,Day 112,Advanced,நிறமாற்று / மாற்றினேன் / மாற்றியுள்ளேன்,रंग बिगाड़ना / बिगाड़ा / बिगाड़ चुका,1. Discolor the paper. 2. He discolored it. 3. It was discolored.,1. காகிதத்தை நிறமிழக்கச் செய். 2. அவர் அதைச் செய்தார். 3. அது செய்யப்பட்டது.,1. कागज का रंग उड़ाओ। 2. उसने इसे किया। 3. इसे किया गया।
Discomfit / Discomfitted / Discomfitted,Day 112,Advanced,தர்மசங்கடப்படுத்து / படுத்தினேன் / படுத்தியுள்ளேன்,पराजित करना / किया / कर चुका,1. Discomfit the enemy. 2. He discomfitted them. 3. They were discomfitted.,1. எதிரியைத் தடுமாறச் செய். 2. அவர் அவர்களைத் தடுமாறச் செய்தார். 3. அவர்கள் தடுமாறச் செய்யப்பட்டனர்.,1. शत्रु को परास्त करो। 2. उसने उन्हें परास्त किया। 3. उन्हें परास्त किया गया।
Discomfort / Discomforted / Discomforted,Day 113,Advanced,அசெளகரியப்படுத்து / படுத்தினேன் / படுத்தியுள்ளேன்,बेचैन करना / किया / कर चुका,1. Discomfort him. 2. He discomforted him. 3. He was discomforted.,1. அவரை அசெளகரியப்படுத்து. 2. அவர் அவரைச் செய்தார். 3. அவர் செய்யப்பட்டார்.,1. उसे असहज करो। 2. उसने उसे किया। 3. उसे किया गया।
Discompose / Discomposed / Discomposed,Day 113,Advanced,நிம்மதியைக் குலை / குலைத்தேன் / குலைத்துள்ளேன்,विचलित करना / किया / कर चुका,1. Discompose her. 2. He discomposed her. 3. She was discomposed.,1. அவளை அமைதியிழக்கச் செய். 2. அவர் அவளைச் செய்தார். 3. அவள் செய்யப்பட்டாள்.,1. उसे बेचैन करो। 2. उसने उसे किया। 3. उसे किया गया।
Disconcert / Disconcerted / Disconcerted,Day 113,Advanced,குழப்பமடையச் செய் / செய்தேன் / செய்துள்ளேன்,घबराना / घबराया / घबरा चुका,1. Disconcert the singer. 2. He disconcerted her. 3. She was disconcerted.,1. பாடகரை நிலைகுலையச் செய். 2. அவர் அவளைச் செய்தார். 3. அவள் செய்யப்பட்டாள்.,1. गायक को घबराओ। 2. उसने उसे घबराया। 3. वह घबरा गई।
Disconnect / Disconnected / Disconnected,Day 113,Advanced,தொடர்பைத் துண்டி / துண்டித்தேன் / துண்டித்துள்ளேன்,अलग करना / किया / कर चुका,1. Disconnect the power. 2. He disconnected it. 3. It was disconnected.,1. மின்சாரத்தைத் துண்டி. 2. அவர் அதைத் துண்டித்தார். 3. அது துண்டிக்கப்பட்டது.,1. बिजली काटो। 2. उसने इसे काटा। 3. इसे काटा गया।
Discontent / Discontented / Discontented,Day 113,Advanced,அதிருப்தியடையச் செய் / செய்தேன் / செய்துள்ளேன்,असंतुष्ट करना / किया / कर चुका,1. Discontent the workers. 2. He discontented them. 3. They were discontented.,1. தொழிலாளர்களை அதிருப்தியாக்கு. 2. அவர் செய்தார். 3. அவர்கள் செய்யப்பட்டனர்.,1. श्रमिकों को असंतुष्ट करो। 2. उसने उन्हें किया। 3. उन्हें किया गया।
Discontinue / Discontinued / Discontinued,Day 114,Advanced,நிறுத்திவை / வைத்தேன் / வைத்துள்ளேன்,बंद करना / किया / कर चुका,1. Discontinue the service. 2. He discontinued it. 3. It was discontinued.,1. சேவையை நிறுத்து. 2. அவர் அதை நிறுத்தினார். 3. அது நிறுத்தப்பட்டது.,1. सेवा बंद करो। 2. उसने इसे बंद किया। 3. इसे बंद किया गया।
Discord / Discorded / Discorded,Day 114,Advanced,முரண்படு / பட்டேன் / பட்டுள்ளேன்,कलह करना / की / कर चुका,1. Discord the group. 2. He discorded it. 3. It was discorded.,1. குழுவில் பிளவு உண்டாக்கு. 2. அவர் செய்தார். 3. அது செய்யப்பட்டது.,1. समूह में कलह पैदा करो। 2. उसने की। 3. की गई।
Discount / Discounted / Discounted,Day 114,Advanced,தள்ளுபடி செய் / செய்தேன் / செய்துள்ளேன்,छूट देना / दी / दे चुका,1. Discount the price. 2. He discounted it. 3. It was discounted.,1. விலையைக் குறை. 2. அவர் அதைக் குறைத்தார். 3. அது குறைக்கப்பட்டது.,1. कीमत कम करो। 2. उसने इसे किया। 3. इसे किया गया।
Discourage / Discouraged / Discouraged,Day 114,Advanced,மனச்சோர்வடையச் செய் / செய்தேன் / செய்துள்ளேன்,हतोत्साहित करना / किया / चुका,1. Discourage the effort. 2. He discouraged it. 3. It was discouraged.,1. முயற்சியைத் தவிர். 2. அவர் அதைத் தடுத்தார். 3. அது தடுக்கப்பட்டது.,1. प्रयास को हतोत्साहित करो। 2. उसने इसे किया। 3. इसे किया गया।
Discourse / Discoursed / Discoursed,Day 114,Advanced,உரையாற்று / ஆற்றினேன் / ஆற்றியுள்ளேன்,प्रवचन देना / दिया / दे चुका,1. Discourse on art. 2. He discoursed it. 3. It was discoursed.,1. கலையைப் பற்றி உரையாற்று. 2. அவர் உரையாற்றினார். 3. அது உரையாற்றப்பட்டது.,1. कला पर प्रवचन दो। 2. उसने दिया। 3. दिया गया।
Discover / Discovered / Discovered,Day 115,Advanced,கண்டறி / அறிந்தேன் / அறிந்துள்ளேன்,खोजना / खोजा / खोज चुका,1. Discover the gold. 2. He discovered it. 3. It was discovered.,1. தங்கத்தைக் கண்டுபிடி. 2. அவர் அதைக் கண்டுபிடித்தார். 3. அது கண்டுபிடிக்கப்பட்டது.,1. सोना खोजो। 2. उसने इसे खोजा। 3. इसे खोजा गया।
Discredit / Discredited / Discredited,Day 115,Advanced,நற்பெயரைக் கெடு / கெடுத்தேன் / கெடுத்துள்ளேன்,बदनाम करना / किया / कर चुका,1. Discredit the news. 2. He discredited it. 3. It was discredited.,1. செய்தியை நம்பாதே. 2. அவர் அதை மறுத்தார். 3. அது மறுக்கப்பட்டது.,1. समाचार को बदनाम करो। 2. उसने इसे किया। 3. इसे किया गया।
Discrepancy / Discrepancied / Discrepancied,Day 115,Advanced,வேறுபடுத்து / படுத்தினேன் / படுத்தியுள்ளேன்,विसंगति होना / थी / हो चुका,1. Discrepancy the data. 2. He discrepancied it. 3. It was discrepancied.,1. தரவில் உள்ள முரண்பாட்டைக் கண்டறி. 2. அவர் கண்டறிந்தார். 3. அது கண்டறியப்பட்டது.,1. डेटा में विसंगति ढूँढो। 2. उसने ढूँढ ली। 3. ढूँढ ली गई।
Discriminate / Discriminated / Discriminated,Day 115,Advanced,பாகுபாடு காட்டு / காட்டினேன் / காட்டியுள்ளேன்,भेदभाव करना / किया / कर चुका,1. Discriminate the truth. 2. He discriminated it. 3. It was discriminated.,1. உண்மையை வேறுபடுத்து. 2. அவர் அதைச் செய்தார். 3. அது செய்யப்பட்டது.,1. सच में भेदभाव करो। 2. उसने किया। 3. किया गया।
Discuss / Discussed / Discussed,Day 115,Advanced,விவாதி / விவாதித்தேன் / விவாதித்துள்ளேன்,चर्चा करना / की / कर चुका,1. Discuss the topic. 2. He discussed it. 3. It was discussed.,1. தலைப்பை விவாதி. 2. அவர் அதை விவாதித்தார். 3. அது விவாதிக்கப்பட்டது.,1. विषय पर चर्चा करो। 2. उसने चर्चा की। 3. चर्चा की गई।
Disdain / Disdained / Disdained,Day 116,Advanced,அலட்சியப்படுத்து / படுத்தினேன் / படுத்தியுள்ளேன்,तिरस्कार करना / किया / कर चुका,1. Disdain the offer. 2. He disdained it. 3. It was disdained.,1. சலுகையை அலட்சியப்படுத்து. 2. அவர் செய்தார். 3. அது செய்யப்பட்டது.,1. प्रस्ताव का तिरस्कार करो। 2. उसने किया। 3. किया गया।
Disembark / Disembarked / Disembarked,Day 116,Advanced,கப்பலிலிருந்து இறங்கு / இறங்கினேன் / இறங்கியுள்ளேன்,जहाज से उतरना / उतरा / उतरा चुका,1. Disembark the ship. 2. He disembarked. 3. It was disembarked.,1. கப்பலில் இருந்து இறங்கு. 2. அவர் இறங்கினார். 3. அது இறக்கப்பட்டது.,1. जहाज से उतरो। 2. वह उतरा। 3. इसे उतारा गया।
Disembody / Disembodied / Disembodied,Day 116,Advanced,உடலிலிருந்து பிரி / பிரித்தேன் / பிரித்துள்ளேன்,शरीर से अलग करना / किया / चुका,1. Disembody the spirit. 2. He disembodied it. 3. It was disembodied.,1. ஆன்மாவை விடுவி. 2. அவர் விடுவித்தார். 3. அது விடுவிக்கப்பட்டது.,1. आत्मा को मुक्त करो। 2. उसने किया। 3. किया गया।
Disembogue / Disembogued / Disembogued,Day 116,Advanced,கடலில் கல / கலந்தது / கலந்துள்ளது,मुहाने से निकलना / निकला / चुका,1. Disembogue the river. 2. It disembogued. 3. It was disembogued.,1. நதியை கடலில் கலக்கச் செய். 2. அது கலந்தது. 3. அது செய்யப்பட்டது.,1. नदी का मुहाना बनाओ। 2. वह मिली। 3. इसे मिलाया गया।
Disembowel / Disembowelled / Disembowelled,Day 116,Advanced,குடலை உருவு / உருவினேன் / உருவியுள்ளேன்,आँतें निकालना / निकाली / निकाला चुका,1. Disembowel the fish. 2. He disembowelled it. 3. It was disembowelled.,1. மீனின் உள்ளுறுப்புகளை நீக்கு. 2. அவர் செய்தார். 3. அது செய்யப்பட்டது.,1. मछली की अंतड़ियाँ निकालो। 2. उसने निकालीं। 3. निकाली गईं।
Disenchant / Disenchanted / Disenchanted,Day 117,Advanced,மயக்கத்தை நீக்கு / நீக்கினேன் / நீக்கியுள்ளேன்,मोहभंग करना / किया / कर चुका,1. Disenchant the mind. 2. He disenchanted it. 3. It was disenchanted.,1. ஏமாற்றத்தை உணர்த்து. 2. அவர் உணர்த்தினார். 3. அது உணரப்பட்டது.,1. मोहभंग करो। 2. उसने किया। 3. किया गया।
Disencumber / Disencumbered / Disencumbered,Day 117,Advanced,சுமையிலிருந்து விடுவி / விடுவித்தேன் / விடுவித்துள்ளேன்,बाधा मुक्त करना / किया / चुका,1. Disencumber the load. 2. He disencumbered it. 3. It was disencumbered.,1. பாரத்தைக் குறை. 2. அவர் குறைத்தார். 3. அது குறைக்கப்பட்டது.,1. बोझ कम करो। 2. उसने किया। 3. किया गया।
Disengage / Disengaged / Disengaged,Day 117,Advanced,பிணைப்பிலிருந்து விடுவி / விடுவித்தேன் / விடுவித்துள்ளேன்,मुक्त करना / किया / कर चुका,1. Disengage the gear. 2. He disengaged it. 3. It was disengaged.,1. கியரை விடுவி. 2. அவர் விடுவித்தார். 3. அது விடுவிக்கப்பட்டது.,1. गियर हटाओ। 2. उसने हटाया। 3. हटाया गया।
Disentangle / Disentangled / Disentangled,Day 117,Advanced,சிக்கலை அவிழ்த்துவிடு / விட்டேன் / விட்டுள்ளேன்,सुलझाना / सुलझाया / सुलझा चुका,1. Disentangle the wires. 2. He disentangled them. 3. They were disentangled.,1. கம்பிகளைப் பிரி. 2. அவர் பிரித்தார். 3. அவை பிரிக்கப்பட்டன.,1. तारों को सुलझाओ। 2. उसने सुलझाया। 3. सुलझाया गया।
Disestablish / Disestablished / Disestablished,Day 117,Advanced,அங்கீகாரத்தை நீக்கு / நீக்கினேன் / நீக்கியுள்ளேன்,मान्यता समाप्त करना / की / चुका,1. Disestablish the church. 2. He disestablished it. 3. It was disestablished.,1. அமைப்பை ரத்து செய். 2. அவர் செய்தார். 3. அது செய்யப்பட்டது.,1. संस्था को समाप्त करो। 2. उसने किया। 3. किया गया।
Disfavor / Disfavored / Disfavored,Day 118,Advanced,அதிருப்தி காட்டு / காட்டினேன் / காட்டியுள்ளேன்,नापसंद करना / किया / कर चुका,1. Disfavor the plan. 2. He disfavored it. 3. It was disfavored.,1. திட்டத்தை வெறு. 2. அவர் வெறுத்தார். 3. அது வெறுக்கப்பட்டது.,1. योजना को नापसंद करो। 2. उसने किया। 3. किया गया।
Disfigure / Disfigured / Disfigured,Day 118,Advanced,உருக்குலை / குலைத்தேன் / குலைத்துள்ளேன்,विरूपित करना / किया / कर चुका,1. Disfigure the face. 2. He disfigured it. 3. It was disfigured.,1. முகத்தைச் சிதை. 2. அவர் சிதைத்தார். 3. அது சிதைக்கப்பட்டது.,1. चेहरा बिगाड़ो। 2. उसने बिगाड़ा। 3. बिगाड़ा गया।
Disfranchise / Disfranchised / Disfranchised,Day 118,Advanced,வாக்குரிமையைப் பறி / பறித்தேன் / பறித்துள்ளேன்,नागरिकता छीनना / छीनी / चुका,1. Disfranchise the voter. 2. He disfranchised him. 3. He was disfranchised.,1. வாக்குரிமையைப் பறி. 2. அவர் பறித்தார். 3. அது பறிக்கப்பட்டது.,1. मताधिकार छीनो। 2. उसने छीना। 3. छीना गया।
Disgorge / Disgorged / Disgorged,Day 118,Advanced,கக்கு / கக்கினேன் / கக்கியுள்ளேன்,उगलना / उगला / उगल चुका,1. Disgorge the food. 2. He disgorged it. 3. It was disgorged.,1. உணவைக் கக்கு. 2. அவர் கக்கினார். 3. அது கக்கப்பட்டது.,1. भोजन उगल दो। 2. उसने उगला। 3. उगला गया।
Disgrace / Disgraced / Disgraced,Day 118,Advanced,அவமானப்படுத்து / படுத்தினேன் / படுத்தியுள்ளேன்,अपमानित करना / किया / कर चुका,1. Disgrace the family. 2. He disgraced it. 3. It was disgraced.,1. குடும்பத்திற்கு அவப்பெயர் தேடு. 2. அவர் செய்தார். 3. அது செய்யப்பட்டது.,1. परिवार को अपमानित करो। 2. उसने किया। 3. किया गया।
Disguise / Disguised / Disguised,Day 119,Advanced,மாறுவேடமிடு / இட்டேன் / இட்டுள்ளேன்,भेष बदलना / बदला / बदल चुका,1. Disguise yourself. 2. He disguised it. 3. It was disguised.,1. மாறுவேடம் போடு. 2. அவர் மறைத்தார். 3. அது மறைக்கப்பட்டது.,1. भेष बदलो। 2. उसने बदला। 3. बदला गया।
Disgust / Disgusted / Disgusted,Day 119,Advanced,அருவருப்படையச் செய் / செய்தேன் / செய்துள்ளேன்,घृणा करना / की / कर चुका,1. Disgust the audience. 2. He disgusted them. 3. They were disgusted.,1. பார்வையாளர்களை வெறுக்கவை. 2. அவர் செய்தார். 3. அவர்கள் செய்யப்பட்டனர்.,1. दर्शकों को घृणा दिलाओ। 2. उसने दिलाई। 3. दिलाई गई।
Dish / Dished / Dished,Day 119,Advanced,தட்டில் பரிமாறு / பரிமாறினேன் / பரிமாறியுள்ளேன்,परोसना / परोसा / परोस चुका,1. Dish the food. 2. He dished it. 3. It was dished.,1. உணவைப் பரிமாறு. 2. அவர் பரிமாறினார். 3. அது பரிமாறப்பட்டது.,1. खाना परोसो। 2. उसने परोसा। 3. परोसा गया।
Dishearten / Disheartened / Disheartened,Day 119,Advanced,தைரியத்தை இழக்கச் செய் / செய்தேன் / செய்துள்ளேன்,हतोत्साहित करना / किया / चुका,1. Dishearten the team. 2. He disheartened them. 3. They were disheartened.,1. குழுவைச் சோர்வடையச் செய். 2. அவர் செய்தார். 3. அவர்கள் செய்யப்பட்டனர்.,1. टीम को निराश करो। 2. उसने किया। 3. किया गया।
Dishevel / Dishevelled / Dishevelled,Day 119,Advanced,தலைமுடியைக் கலை / கலைத்தேன் / கலைத்துள்ளேன்,बिखेरना / बिखेरा / बिखेर चुका,1. Dishevel the hair. 2. He dishevelled it. 3. It was dishevelled.,1. தலைமுடியைக் கலை. 2. அவர் கலைத்தார். 3. அது கலைக்கப்பட்டது.,1. बाल बिखेरो। 2. उसने बिखेरे। 3. बिखेरे गए।
Dishonor / Dishonored / Dishonored,Day 120,Advanced,அவமதி / அவமதித்தேன் / அவமதித்துள்ளேன்,अपमान करना / किया / कर चुका,1. Dishonor the contract. 2. He dishonored it. 3. It was dishonored.,1. ஒப்பந்தத்தை மீறு. 2. அவர் மீறினார். 3. அது மீறப்பட்டது.,1. अनुबंध का अपमान करो। 2. उसने किया। 3. किया गया।
Disillusion / Disillusioned / Disillusioned,Day 120,Advanced,பிரமையிலிருந்து விடுவி / விடுவித்தேன் / விடுவித்துள்ளேன்,मोहभंग करना / किया / कर चुका,1. Disillusion him. 2. He disillusioned him. 3. He was disillusioned.,1. உண்மையை உணரவை. 2. அவர் செய்தார். 3. அவர் செய்யப்பட்டார்.,1. भ्रम दूर करो। 2. उसने किया। 3. किया गया।
Disincline / Disinclined / Disinclined,Day 120,Advanced,விருப்பத்தை இழக்கச் செய் / செய்தேன் / செய்துள்ளேன்,अनिच्छुक बनाना / बनाया / चुका,1. Disincline the heart. 2. It disinclined him. 3. He was disinclined.,1. விருப்பமின்மையை உண்டாக்கு. 2. அது உண்டாக்கியது. 3. அவர் செய்யப்பட்டார்.,1. अनिच्छा पैदा करो। 2. उसने की। 3. की गई।
Disinfect / Disinfected / Disinfected,Day 120,Advanced,கிருமி நீக்கம் செய் / செய்தேன் / செய்துள்ளேன்,कीटाणुरहित करना / किया / चुका,1. Disinfect the room. 2. He disinfected it. 3. It was disinfected.,1. அறையைச் சுத்தம் செய். 2. அவர் செய்தார். 3. அது செய்யப்பட்டது.,1. कमरे को कीटाणुमुक्त करो। 2. उसने किया। 3. किया गया।
Disinherit / Disinherited / Disinherited,Day 120,Advanced,வாரிசுரிமையை நீக்கு / நீக்கினேன் / நீக்கியுள்ளேன்,उत्तराधिकार से वंचित करना / किया,1. Disinherit the son. 2. He disinherited him. 3. He was disinherited.,1. மகனை வாரிசுரிமையிலிருந்து நீக்கு. 2. அவர் நீக்கினார். 3. அவர் நீக்கப்பட்டார்.,1. बेटे को बेदखल करो। 2. उसने किया। 3. किया गया।
Disintegrate / Disintegrated / Disintegrated,Day 121,Advanced,சிதை / சிதைந்தது / சிதைந்துள்ளது,बिखर जाना / बिखरा / बिखर चुका,1. Disintegrate the stone. 2. It disintegrated. 3. It was disintegrated.,1. கல்லைச் சிதை. 2. அது சிதைந்தது. 3. அது சிதைக்கப்பட்டது.,1. पत्थर को विघटित करो। 2. वह हुआ। 3. किया गया।
Disinter / Disinterred / Disinterred,Day 121,Advanced,தோண்டியெடு (பிணத்தை) / எடுத்தேன் / எடுத்துள்ளேன்,खोदकर निकालना / निकाला / चुका,1. Disinter the body. 2. He disinterred it. 3. It was disinterred.,1. உடலைத் தோண்டி எடு. 2. அவர் எடுத்தார். 3. அது எடுக்கப்பட்டது.,1. शव को खोदकर निकालो। 2. उसने निकाला। 3. निकाला गया।
Disinterested / Disinterested / Disinterested,Day 121,Advanced,பாரபட்சமின்றி இரு / இருந்தேன் / இருந்துள்ளேன்,निष्पक्ष होना / था / हो चुका,1. Disinterested him. 2. It disinterested him. 3. He was disinterested.,1. ஆர்வத்தை இழக்கச் செய். 2. அது செய்தது. 3. அவர் செய்யப்பட்டார்.,1. अरुचि पैदा करो। 2. उसने की। 3. की गई।
Disjoin / Disjoined / Disjoined,Day 121,Advanced,பிரி / பிரித்தேன் / பிரித்துள்ளேன்,अलग करना / किया / कर चुका,1. Disjoin the parts. 2. He disjoined them. 3. They were disjoined.,1. பாகங்களைப் பிரி. 2. அவர் பிரித்தார். 3. அவை பிரிக்கப்பட்டன.,1. भागों को अलग करो। 2. उसने किया। 3. किया गया।
Disjoint / Disjointed / Disjointed,Day 121,Advanced,மூட்டுகளைப் பிரி / பிரித்தேன் / பிரித்துள்ளேன்,जोड़ों को अलग करना / किया / चुका,1. Disjoint the bones. 2. He disjointed them. 3. They were disjointed.,1. எலும்புகளைத் துண்டி. 2. அவர் துண்டித்தார். 3. அவை துண்டிக்கப்பட்டன.,1. जोड़ों को अलग करो। 2. उसने किया। 3. किया गया।
Dislocate / Dislocated / Dislocated,Day 122,Advanced,இடமாற்று / மாற்றினேன் / மாற்றியுள்ளேன்,हड्डी खिसकना / खिसकी / खिसक चुकी,1. Dislocate the joint. 2. He dislocated it. 3. It was dislocated.,1. மூட்டை இடமாற்று. 2. அவர் செய்தார். 3. அது செய்யப்பட்டது.,1. जोड़ विस्थापित करो। 2. उसने किया। 3. किया गया।
Dislodge / Dislodged / Dislodged,Day 122,Advanced,இடத்திலிருந்து அகற்று / அகற்றினேன் / அகற்றியுள்ளேன்,स्थान से हटाना / हटाया / हटा चुका,1. Dislodge the rock. 2. He dislodged it. 3. It was dislodged.,1. பாறையை அகற்று. 2. அவர் அகற்றினார். 3. அது அகற்றப்பட்டது.,1. चट्टान को हटाओ। 2. उसने हटाई। 3. हटाई गई।
Disloyal / Disloyalled / Disloyalled,Day 122,Advanced,துரோகம் செய் / செய்தேன் / செய்துள்ளேன்,बेवफ़ाई करना / की / कर चुका,1. Disloyal the act. 2. He disloyalled it. 3. It was disloyalled.,1. துரோகம் செய். 2. அவர் செய்தார். 3. அது செய்யப்பட்டது.,1. विश्वासघात करो। 2. उसने किया। 3. किया गया।
Dismal / Dismalled / Dismalled,Day 122,Advanced,சோகப்படுத்து / படுத்தினேன் / படுத்தியுள்ளேன்,निराश करना / किया / कर चुका,1. Dismal the mood. 2. He dismalled it. 3. It was dismalled.,1. மனநிலையைத் தளரச் செய். 2. அவர் செய்தார். 3. அது செய்யப்பட்டது.,1. माहौल उदास करो। 2. उसने किया। 3. किया गया।
Dismantle / Dismantled / Dismantled,Day 122,Advanced,பாகங்களைப்பிரி / பிரித்தேன் / பிரித்துள்ளேன்,टुकड़ों में अलग करना / किया / चुका,1. Dismantle the engine. 2. He dismantled it. 3. It was dismantled.,1. எஞ்சினைப் பிரி. 2. அவர் பிரித்தார். 3. அது பிரிக்கப்பட்டது.,1. इंजन को खोल दो। 2. उसने खोला। 3. खोला गया।
Dismay / Dismayed / Dismayed,Day 123,Advanced,திகிலடையச் செய் / செய்தேன் / செய்துள்ளேன்,हतप्रभ करना / किया / कर चुका,1. Dismay the people. 2. He dismayed them. 3. They were dismayed.,1. மக்களைத் திகைக்க வை. 2. அவர் செய்தார். 3. அவர்கள் செய்யப்பட்டனர்.,1. लोगों को निराश करो। 2. उसने किया। 3. किया गया।
Dismember / Dismembered / Dismembered,Day 123,Advanced,உடல் உறுப்புகளைத் துண்டி / துண்டித்தேன் / துண்டித்துள்ளேன்,अंग-भंग करना / किया / कर चुका,1. Dismember the body. 2. He dismembered it. 3. It was dismembered.,1. உடலைத் துண்டி. 2. அவர் துண்டித்தார். 3. அது துண்டிக்கப்பட்டது.,1. अंगों को अलग करो। 2. उसने किया। 3. किया गया।
Dismiss / Dismissed / Dismissed,Day 123,Advanced,நீக்கு / நீக்கினேன் / நீக்கியுள்ளேன்,सेवामुक्त करना / किया / कर चुका,1. Dismiss the case. 2. He dismissed it. 3. It was dismissed.,1. வழக்கைத் தள்ளுபடி செய். 2. அவர் செய்தார். 3. அது செய்யப்பட்டது.,1. मामला खारिज करो। 2. उसने किया। 3. किया गया।
Dismount / Dismounted / Dismounted,Day 123,Advanced,இறங்கு (குதிரை/வண்டி) / இறங்கினேன் / இறங்கியுள்ளேன்,नीचे उतरना / उतरा / उतर चुका,1. Dismount the horse. 2. He dismounted. 3. It was dismounted.,1. குதிரையில் இருந்து இறங்கு. 2. அவர் இறங்கினார். 3. அது இறக்கப்பட்டது.,1. घोड़े से उतरो। 2. वह उतरा। 3. इसे उतारा गया।
Disobey / Disobeyed / Disobeyed,Day 123,Advanced,கீழ்ப்படிய மறு / மறுத்தேன் / மறுத்துள்ளேன்,आज्ञा उल्लंघन करना / किया / चुका,1. Disobey the rules. 2. He disobeyed them. 3. They were disobeyed.,1. விதிகளை மீறு. 2. அவர் மீறினார். 3. அவை மீறப்பட்டன.,1. नियमों की अवज्ञा करो। 2. उसने की। 3. की गई।
Disoblige / Disobliged / Disobliged,Day 124,Advanced,உதவி செய்ய மறு / மறுத்தேன் / மறுத்துள்ளேன்,उपकार न करना / किया / कर चुका,1. Disoblige the guest. 2. He disobliged him. 3. He was disobliged.,1. விருந்தினரை அவமதி. 2. அவர் செய்தார். 3. அவர் செய்யப்பட்டார்.,1. अतिथि को असंतुष्ट करो। 2. उसने किया। 3. किया गया।
Disorder / Disordered / Disordered,Day 124,Advanced,சீர்குலை / குலைத்தேன் / குலைத்துள்ளேன்,अव्यवस्थित करना / किया / चुका,1. Disorder the file. 2. He disordered it. 3. It was disordered.,1. கோப்பைக் கலைத்துப்போடு. 2. அவர் செய்தார். 3. அது செய்யப்பட்டது.,1. फाइल को अव्यवस्थित करो। 2. उसने किया। 3. किया गया।
Disorganize / Disorganized / Disorganized,Day 124,Advanced,குழப்பு / குழப்பினேன் / குழப்பியுள்ளேன்,व्यवस्था बिगाड़ना / बिगाड़ी / चुका,1. Disorganize the event. 2. He disorganized it. 3. It was disorganized.,1. நிகழ்ச்சியைக் கலை. 2. அவர் கலைத்தார். 3. அது கலைக்கப்பட்டது.,1. कार्यक्रम को अस्त-व्यस्त करो। 2. उसने किया। 3. किया गया।
Disorient / Disoriented / Disoriented,Day 124,Advanced,திசைதடுமாறச் செய் / செய்தேன் / செய்துள்ளேன்,दिशाभ्रमित करना / किया / कर चुका,1. Disorient the map. 2. He disoriented it. 3. It was disoriented.,1. திசையை மாற்று. 2. அவர் மாற்றினார். 3. அது மாற்றப்பட்டது.,1. दिशा भ्रमित करो। 2. उसने किया। 3. किया गया।
Disown / Disowned / Disowned,Day 124,Advanced,உறவைத் துற / துறந்தேன் / துறந்துள்ளேன்,बेदखल करना / किया / कर चुका,1. Disown the child. 2. He disowned him. 3. He was disowned.,1. குழந்தையைத் தள்ளிவை. 2. அவர் தள்ளிவைத்தார். 3. அவர் தள்ளிவைக்கப்பட்டார்.,1. बच्चे को बेदखल करो। 2. उसने किया। 3. किया गया।
Disparage / Disparaged / Disparaged,Day 125,Advanced,இழிவுபடுத்து / படுத்தினேன் / படுத்தியுள்ளேன்,तुच्छ समझना / समझा / समझ चुका,1. Disparage the work. 2. He disparaged it. 3. It was disparaged.,1. வேலையைக் குறைத்து மதிப்பிடு. 2. அவர் செய்தார். 3. அது செய்யப்பட்டது.,1. काम को कम समझो। 2. उसने किया। 3. किया गया।
Dispart / Disparted / Disparted,Day 125,Advanced,பிரித்துவிடு / விட்டேன் / விட்டுள்ளேன்,अलग करना / किया / कर चुका,1. Dispart the group. 2. He disparted them. 3. They were disparted.,1. குழுவைப் பிரி. 2. அவர் பிரித்தார். 3. அவர்கள் பிரிக்கப்பட்டனர்.,1. समूह को अलग करो। 2. उसने किया। 3. किया गया।
Dispatch / Dispatched / Dispatched,Day 125,Advanced,அனுப்பிவை / வைத்தேன் / வைத்துள்ளேன்,रवाना करना / किया / कर चुका,1. Dispatch the mail. 2. He dispatched it. 3. It was dispatched.,1. கடிதத்தை அனுப்பு. 2. அவர் அனுப்பினார். 3. அது அனுப்பப்பட்டது.,1. मेल भेजें। 2. उसने भेजा। 3. भेजा गया।
Dispel / Dispelled / Dispelled,Day 125,Advanced,அகற்று (சந்தேகம்/பயம்) / அகற்றினேன் / அகற்றியுள்ளேன்,दूर करना / किया / कर चुका,1. Dispel the dark. 2. He dispelled it. 3. It was dispelled.,1. இருளைப் போக்கு. 2. அவர் போக்கினார். 3. அது போக்கப்பட்டது.,1. अंधेरा दूर करो। 2. उसने किया। 3. किया गया।
Dispensate / Dispensated / Dispensated,Day 125,Advanced,விநியோகி / விநியோகித்தேன் / விநியோகித்துள்ளேன்,वितरण करना / किया / कर चुका,1. Dispensate the grace. 2. He dispensated it. 3. It was dispensated.,1. அருளை வழங்கு. 2. அவர் வழங்கினார். 3. அது வழங்கப்பட்டது.,1. अनुग्रह प्रदान करो। 2. उसने किया। 3. किया गया।
Dispense / Dispensed / Dispensed,Day 126,Advanced,வழங்கு / வழங்கினேன் / வழங்கியுள்ளேன்,छुटकारा पाना / पाया / पा चुका,1. Dispense the medicine. 2. He dispensed it. 3. It was dispensed.,1. மருந்தை வழங்கு. 2. அவர் வழங்கினார். 3. அது வழங்கப்பட்டது.,1. दवा वितरित करो। 2. उसने की। 3. की गई।
Disperse / Dispersed / Dispersed,Day 126,Advanced,சிதறடி / அடித்தேன் / அடித்துள்ளேன்,तितर-बितर करना / किया / चुका,1. Disperse the crowd. // 2. He dispersed it. // 3. It was dispersed.,1. கூட்டத்தைக் கலை. // 2. அவர் அதைக் கலைத்தார். // 3. அது கலைக்கப்பட்டது.,1. भीड़ को तितर-बितर करो। // 2. उसने इसे तितर-बितर किया। // 3. इसे तितर-बितर किया गया।
Displace / Displaced / Displaced,Day 126,Advanced,இடமாற்று / மாற்றினேன் / மாற்றியுள்ளேன்,विस्थापित करना / किया / कर चुका,1. Displace the object. // 2. He displaced it. // 3. It was displaced.,1. பொருளை இடமாற்றம் செய். // 2. அவர் அதை இடமாற்றம் செய்தார். // 3. அது இடமாற்றம் செய்யப்பட்டது.,1. वस्तु को विस्थापित करो। // 2. उसने इसे विस्थापित किया। // 3. इसे विस्थापित किया गया।
Display / Displayed / Displayed,Day 126,Advanced,காட்சிப்படுத்து / படுத்தினேன் / படுத்தியுள்ளேன்,प्रदर्शित करना / किया / कर चुका,1. Display the board. // 2. He displayed it. // 3. It was displayed.,1. பலகையைக் காட்சிப்படுத்து. // 2. அவர் அதை காட்சிப்படுத்தினார். // 3. அது காட்சிப்படுத்தப்பட்டது.,1. बोर्ड प्रदर्शित करो। // 2. उसने इसे प्रदर्शित किया। // 3. इसे प्रदर्शित किया गया।
Displease / Displeased / Displeased,Day 126,Advanced,அதிருப்தியூட்டு / ஊட்டினேன் / ஊட்டியுள்ளேன்,नाखुश करना / किया / कर चुका,1. Don't displease him. // 2. He displeased me. // 3. I was displeased.,1. அவரை அதிருப்தி செய்யாதே. // 2. அவர் என்னை அதிருப்தி செய்தார். // 3. நான் அதிருப்தி அடைந்தேன்.,1. उसे नाराज मत करो। // 2. उसने मुझे नाराज किया। // 3. मैं नाराज हुआ।
Disport / Disported / Disported,Day 127,Advanced,விளையாடு / ஆடினேன் / ஆடியுள்ளேன்,मनोरंजन करना / किया / कर चुका,1. Disport yourself. // 2. He disported. // 3. (Intransitive),1. உல்லாசமாக இரு. // 2. அவர் உல்லாசமாக இருந்தார். // 3. (பொருந்தாது),1. मजे करो। // 2. उसने मजे किए। // 3. (लागू नहीं)
Dispose / Disposed / Disposed,Day 127,Advanced,அகற்று / அகற்றினேன் / அகற்றியுள்ளேன்,निपटाना / निपटाया / निपटा चुका,1. Dispose the waste. // 2. He disposed it. // 3. It was disposed.,1. கழிவை அகற்று. // 2. அவர் அதை அகற்றினார். // 3. அது அகற்றப்பட்டது.,1. कचरे का निपटान करो। // 2. उसने इसका निपटान किया। // 3. इसका निपटान किया गया।
Dispossess / Dispossessed / Dispossessed,Day 127,Advanced,சொத்தைப் பறி / பறித்தேன் / பறித்துள்ளேன்,बेदखल करना / किया / कर चुका,1. Dispossess him. // 2. They dispossessed him. // 3. He was dispossessed.,1. அவனிடமிருந்து பறி. // 2. அவர்கள் அதை அவனிடமிருந்து பறித்தார்கள். // 3. அது பறிக்கப்பட்டது.,1. उसे बेदखल करो। // 2. उन्होंने उसे बेदखल किया। // 3. उसे बेदखल किया गया।
Dispraise / Dispraised / Dispraised,Day 127,Advanced,பழித்துக்கூறு / கூறினேன் / கூறியுள்ளேன்,निंदा करना / की / कर चुका,1. Don't dispraise. // 2. He dispraised it. // 3. It was dispraised.,1. இகழாதே. // 2. அவர் இகழ்ந்தார். // 3. அது இகழப்பட்டது.,1. निंदा मत करो। // 2. उसने निंदा की। // 3. निंदा की गई।
Disprove / Disproved / Disproved,Day 127,Advanced,பொய் என நிரூபி / நிரூபித்தேன் / நிரூபித்துள்ளேன்,गलत साबित करना / किया / चुका,1. Disprove the theory. // 2. He disproved it. // 3. It was disproved.,1. கோட்பாட்டைப் பொய்யென நிரூபி. // 2. அவர் அதைப் பொய்யென நிரூபித்தார். // 3. அது பொய்யென நிரூபிக்கப்பட்டது.,1. गलत साबित करो। // 2. उसने इसे गलत साबित किया। // 3. इसे गलत साबित किया गया।
Dispute / Disputed / Disputed,Day 128,Advanced,விவாதித்துத் தர்க்கி / தர்க்கித்தேன் / தர்க்கித்துள்ளேன்,विवाद करना / किया / कर चुका,1. Dispute the claim. // 2. He disputed it. // 3. It was disputed.,1. கோரிக்கையை எதிர்த்து வாதாடு. // 2. அவர் அதை எதிர்த்து வாதாடினார். // 3. அது எதிர்த்து வாதாடப்பட்டது.,1. दावे पर विवाद करो। // 2. उसने विवाद किया। // 3. विवाद किया गया।
Disqualify / Disqualified / Disqualified,Day 128,Advanced,தகுதியிழக்கச் செய் / செய்தேன் / செய்துள்ளேன்,अयोग्य ठहराना / ठहराया / चुका,1. Disqualify him. // 2. They disqualified him. // 3. He was disqualified.,1. அவனைத் தகுதி நீக்கம் செய். // 2. அவர்கள் அவனைத் தகுதி நீக்கம் செய்தார்கள். // 3. அவன் தகுதி நீக்கம் செய்யப்பட்டான்.,1. उसे अयोग्य घोषित करो। // 2. उन्होंने उसे अयोग्य घोषित किया। // 3. उसे अयोग्य घोषित किया गया।
Disquiet / Disquieted / Disquieted,Day 128,Advanced,அமைதி குலை / குலைத்தேன் / குலைத்துள்ளேன்,बेचैन करना / किया / कर चुका,1. Don't disquiet him. // 2. It disquieted him. // 3. He was disquieted.,1. அவரை அமைதியிழக்கச் செய்யாதே. // 2. அது அவரை அமைதியிழக்கச் செய்தது. // 3. அவர் அமைதியிழக்கச் செய்யப்பட்டார்.,1. उसे बेचैन मत करो। // 2. इसने उसे बेचैन किया। // 3. वह बेचैन हो गया।
Disregard / Disregarded / Disregarded,Day 128,Advanced,அலட்சியப்படுத்து / படுத்தினேன் / படுத்தியுள்ளேன்,उपेक्षा करना / की / कर चुका,1. Disregard the notice. // 2. He disregarded it. // 3. It was disregarded.,1. அறிவிப்பைப் புறக்கணி. // 2. அவர் அதைப் புறக்கணித்தார். // 3. அது புறக்கணிக்கப்பட்டது.,1. नोटिस की उपेक्षा करो। // 2. उसने उपेक्षा की। // 3. उपेक्षा की गई।
Disrelish / Disrelished / Disrelished,Day 128,Advanced,வெறு / வெறுத்தேன் / வெறுத்துள்ளேன்,अरुचि होना / थी / हो चुका,1. Disrelish the taste. // 2. He disrelished it. // 3. It was disrelished.,1. சுவையை வெறு. // 2. அவர் அதை வெறுத்தார். // 3. அது வெறுக்கப்பட்டது.,1. नापसंद करो। // 2. उसने इसे नापसंद किया। // 3. इसे नापसंद किया गया।
Disrepair / Disrepaired / Disrepaired,Day 129,Advanced,பழுதுபார்க்காமல் விடு / விட்டேன் / விட்டுள்ளேன்,उपेक्षा करना / की / कर चुका,1. Don't disrepair it. // 2. It was disrepaired. // 3. It is disrepaired.,1. பழுதுபட விடாதே. // 2. அது பழுதுபட்டது. // 3. அது பழுதுபட்டுள்ளது.,1. बिगड़ने मत दो। // 2. यह बिगड़ गया। // 3. यह बिगड़ा हुआ है।
Disrepute / Disreputed / Disreputed,Day 129,Advanced,அவதூறு பரப்பு / பரப்பினேன் / பரப்பியுள்ளேன்,बदनाम करना / किया / कर चुका,1. Bring into disrepute. // 2. He disreputed it. // 3. It was disreputed.,1. அவப்பெயர் ஏற்படுத்து. // 2. அவர் அவப்பெயர் ஏற்படுத்தினார். // 3. அவப்பெயர் ஏற்படுத்தப்பட்டது.,1. बदनाम करो। // 2. उसने बदनाम किया। // 3. बदनाम किया गया।
Disrespect / Disrespected / Disrespected,Day 129,Advanced,அவமதி / அவமதித்தேன் / அவமதித்துள்ளேன்,अनादर करना / किया / कर चुका,1. Don't disrespect him. // 2. He disrespected me. // 3. I was disrespected.,1. அவனை அவமதிக்காதே. // 2. அவர் என்னை அவமதித்தார். // 3. நான் அவமதிக்கப்பட்டேன்.,1. अनादर मत करो। // 2. उसने मेरा अनादर किया। // 3. मेरा अनादर किया गया।
Disrobe / Disrobed / Disrobed,Day 129,Advanced,ஆடையை அகற்று / அகற்றினேன் / அகற்றியுள்ளேன்,कपड़े उतारना / उतारे / उतार चुका,1. Disrobe the king. // 2. He disrobed. // 3. He was disrobed.,1. ஆடையை அகற்று. // 2. அவர் ஆடையை அகற்றினார். // 3. ஆடை அகற்றப்பட்டது.,1. कपड़े उतारो। // 2. उसने कपड़े उतारे। // 3. कपड़े उतारे गए।
Disrupt / Disrupted / Disrupted,Day 129,Advanced,இடையூறு செய் / செய்தேன் / செய்துள்ளேன்,बाधित करना / किया / कर चुका,1. Disrupt the meeting. // 2. He disrupted it. // 3. It was disrupted.,1. கூட்டத்தைச் சீர்குலை. // 2. அவர் அதைச் சீர்குலைத்தார். // 3. அது சீர்குலைக்கப்பட்டது.,1. बैठक बाधित करो। // 2. उसने इसे बाधित किया। // 3. यह बाधित हुआ।
Dissatisfy / Dissatisfied / Dissatisfied,Day 130,Advanced,அதிருப்தியூட்டு / ஊட்டினேன் / ஊட்டியுள்ளேன்,असंतुष्ट करना / किया / कर चुका,1. Don't dissatisfy them. // 2. It dissatisfied him. // 3. He was dissatisfied.,1. அவர்களுக்குத் திருப்தியின்மை ஏற்படுத்தாதே. // 2. அது அவருக்குத் திருப்தியின்மை ஏற்படுத்தியது. // 3. அவர் திருப்தியின்மை அடைந்தார்.,1. उन्हें असंतुष्ट मत करो। // 2. इसने उसे असंतुष्ट किया। // 3. वह असंतुष्ट हुआ।
Dissect / Dissected / Dissected,Day 130,Advanced,அறுத்துப் பகுத்தாய் / ஆய்ந்தேன் / ஆய்ந்துள்ளேன்,चीर-फाड़ करना / की / कर चुका,1. Dissect the frog. // 2. He dissected it. // 3. It was dissected.,1. தவளையை அறுத்து ஆய்வு செய். // 2. அவர் அதை அறுத்து ஆய்வு செய்தார். // 3. அது அறுத்து ஆய்வு செய்யப்பட்டது.,1. मेंढक की चीर-फाड़ करो। // 2. उसने चीर-फाड़ की। // 3. चीर-फाड़ की गई।
Dissemble / Dissembled / Dissembled,Day 130,Advanced,வேடமிட்டு மறை / மறைத்தேன் / மறைத்துள்ளேன்,पाखंड करना / किया / कर चुका,1. Don't dissemble. // 2. He dissembled. // 3. (Intransitive),1. பாசாங்கு செய்யாதே. // 2. அவர் பாசாங்கு செய்தார். // 3. (பொருந்தாது),1. ढोंग मत करो। // 2. उसने ढोंग किया। // 3. (लागू नहीं)
Disseminate / Disseminated / Disseminated,Day 130,Advanced,கருத்துக்களைப் பரப்பு / பரப்பினேன் / பரப்பியுள்ளேன்,प्रसार करना / किया / कर चुका,1. Disseminate info. // 2. He disseminated it. // 3. It was disseminated.,1. தகவலைப் பரப்பு. // 2. அவர் அதைப் பரப்பினார். // 3. அது பரப்பப்பட்டது.,1. जानकारी का प्रसार करो। // 2. उसने प्रसार किया। // 3. प्रसार किया गया।
Dissent / Dissented / Dissented,Day 130,Advanced,கருத்து வேறுபடு / பட்டேன் / பட்டுள்ளேன்,असहमत होना / हुआ / हो चुका,1. You can dissent. // 2. He dissented. // 3. It was dissented from.,1. மாறுபடு (கருத்தில்). // 2. அவர் மாறுபட்டார். // 3. கருத்து வேறுபாடு கொள்ளப்பட்டது.,1. असहमति जताओ। // 2. उसने असहमति जताई। // 3. असहमति जताई गई।
Dissertate / Dissertated / Dissertated,Day 131,Advanced,ஆய்வுக்கட்டுரை எழுது / எழுதினேன் / எழுதியுள்ளேன்,व्याख्यान देना / दिया / दे चुका,1. Dissertate on it. // 2. He dissertated. // 3. (Intransitive),1. விரிவுரை வழங்கு. // 2. அவர் விரிவுரை வழங்கினார். // 3. (பொருந்தாது),1. व्याख्यान दो। // 2. उसने व्याख्यान दिया। // 3. (लागू नहीं)
Disserve / Disserved / Disserved,Day 131,Advanced,தீங்கு செய் / செய்தேன் / செய்துள்ளேன்,बुराई करना / की / कर चुका,1. Do not disserve. // 2. It disserved us. // 3. We were disserved.,1. தீங்கு செய்யாதே. // 2. அது எங்களுக்குத் தீங்கு செய்தது. // 3. எங்களுக்குத் தீங்கு செய்யப்பட்டது.,1. नुकसान मत पहुँचाओ। // 2. इसने नुकसान पहुँचाया। // 3. नुकसान पहुँचाया गया।
Dissever / Dissevered / Dissevered,Day 131,Advanced,துண்டித்துப் பிரி / பிரித்தேன் / பிரித்துள்ளேன்,अलग-अलग करना / किया / चुका,1. Dissever the tie. // 2. He dissevered it. // 3. It was dissevered.,1. தொடர்பைத் துண்டி. // 2. அவர் அதைத் துண்டித்தார். // 3. அது துண்டிக்கப்பட்டது.,1. संबंध काट दो। // 2. उसने इसे काट दिया। // 3. यह काट दिया गया।
Dissociate / Dissociated / Dissociated,Day 131,Advanced,தொடர்பைத் துண்டி / துண்டித்தேன் / துண்டித்துள்ளேன்,संबंध तोड़ना / तोड़ा / तोड़ चुका,1. Dissociate yourself. // 2. He dissociated. // 3. He was dissociated.,1. விலகியிரு. // 2. அவர் விலகியிருந்தார். // 3. அவர் விலக்கி வைக்கப்பட்டார்.,1. खुद को अलग करो। // 2. उसने खुद को अलग किया। // 3. उसे अलग किया गया।
Dissolve / Dissolved / Dissolved,Day 131,Advanced,கரை / கரைத்தேன் / கரைத்துள்ளேன்,भंग करना (घोलना) / किया / चुका,1. Dissolve the salt. // 2. He dissolved it. // 3. It was dissolved.,1. உப்பைக் கரை. // 2. அவர் அதைக் கரைத்தார். // 3. அது கரைக்கப்பட்டது.,1. नमक घोल दो। // 2. उसने इसे घोला। // 3. यह घोला गया।
Dissuade / Dissuaded / Dissuaded,Day 132,Advanced,செய்ய வேண்டாமென அறிவுறுத்து / அறிவுறுத்தினேன்,रोक देना / रोका / रोक चुका,1. Dissuade him. // 2. I dissuaded him. // 3. He was dissuaded.,1. அவனைக் கைவிடச் செய். // 2. நான் அவனை அவனைக் கைவிடச் செய்தேன். // 3. அவன் கைவிடச் செய்யப்பட்டான்.,1. उसे रोक लो (समझाकर)। // 2. मैंने उसे रोक लिया। // 3. उसे रोक लिया गया।
Distance / Distanced / Distanced,Day 132,Advanced,விலகி நில் / நின்றேன் / நின்றுள்ளேன்,दूरी बनाना / बनाई / बना चुका,1. Distance yourself. // 2. He distanced himself. // 3. He was distanced.,1. விலகியிரு. // 2. அவர் விலகியிருந்தார். // 3. அவர் விலக்கி வைக்கப்பட்டார்.,1. दूरी बनाओ। // 2. उसने दूरी बनाई। // 3. उसे दूर किया गया।
Distaste / Distasted / Distasted,Day 132,Advanced,வெறுப்பைக் காட்டு / காட்டினேன் / காட்டியுள்ளேன்,अरुचि प्रकट करना / की / चुका,1. Don't distaste it. // 2. He distasted it. // 3. It was distasted.,1. அதை வெறுக்காதே. // 2. அவர் அதை வெறுத்தார். // 3. அது வெறுக்கப்பட்டது.,1. नापसंद मत करो। // 2. उसने इसे नापसंद किया। // 3. इसे नापसंद किया गया।
Distemper / Distempered / Distempered,Day 132,Advanced,மனநலம் குலை / குலைந்தது / குலைந்துள்ளது,बिगाड़ना (मिजाज) / बिगाड़ा / चुका,1. Don't distemper. // 2. He distempered. // 3. It was distempered.,1. டிஸ்டெம்பர் அடி (வர்ணம்). // 2. அவர் டிஸ்டெம்பர் அடித்தார். // 3. டிஸ்டெம்பர் அடிக்கப்பட்டது.,1. डिस्टेंपर करो। // 2. उसने डिस्टेंपर किया। // 3. डिस्टेंपर किया गया।
Distend / Distended / Distended,Day 132,Advanced,வீக்கமடை / அடைந்தது / அடைந்துள்ளது,फूलना / फूला / फूल चुका,1. Distend the stomach. // 2. It distended. // 3. It was distended.,1. வயிறை வீங்கச் செய். // 2. அது வீங்கியது. // 3. அது வீங்கச் செய்யப்பட்டது.,1. पेट फुलाओ। // 2. यह फूल गया। // 3. यह फुलाया गया।
Distill / Distilled / Distilled,Day 133,Advanced,வடித்தெடு (தூய்மைப்படுத்து) / எடுத்தேன் / எடுத்திருக்கிறேன்,आसवन करना / किया / कर चुका,1. Distill the water. // 2. He distilled it. // 3. It was distilled.,1. தண்ணீரை வாலை வடி. // 2. அவர் அதை வாலை வடித்தார். // 3. அது வாலை வடிக்கப்பட்டது.,1. पानी का आसवन करो। // 2. उसने आसवन किया। // 3. आसवन किया गया।
Distinguish / Distinguished / Distinguished,Day 133,Advanced,வேறுபடுத்திக் காட்டு / காட்டினேன் / காட்டியுள்ளேன்,अंतर करना / किया / कर चुका,1. Distinguish them. // 2. He distinguished it. // 3. It was distinguished.,1. அவற்றை வேறுபடுத்திப் பார். // 2. அவர் அதை வேறுபடுத்திப் பார்த்தார். // 3. அது வேறுபடுத்திப் பார்க்கப்பட்டது.,1. उनमें भेद करो। // 2. उसने भेद किया। // 3. भेद किया गया।
Distort / Distorted / Distorted,Day 133,Advanced,உருமாற்று (உண்மையை) / மாற்றினேன் / மாற்றியுள்ளேன்,विकृत करना / किया / कर चुका,1. Distort the truth. // 2. He distorted it. // 3. It was distorted.,1. உண்மையைத் திரிக்காதே. // 2. அவர் அதைத் திரித்தார். // 3. அது திரிக்கப்பட்டது.,1. सच को विकृत मत करो। // 2. उसने इसे विकृत किया। // 3. इसे विकृत किया गया।
Distract / Distracted / Distracted,Day 133,Advanced,கவனத்தை திசைதிருப்பு / திருப்பினேன் / திருப்பியுள்ளேன்,ध्यान भटकाना / भटकाया / चुका,1. Don't distract me. // 2. He distracted me. // 3. I was distracted.,1. என் கவனத்தைச் சிதறடிக்காதே. // 2. அவர் என் கவனத்தைச் சிதறடித்தார். // 3. என் கவனம் சிதறடிக்கப்பட்டது.,1. ध्यान मत भटकाओ। // 2. उसने ध्यान भटकाया। // 3. ध्यान भटकाया गया।
Distrain / Distrained / Distrained,Day 133,Advanced,ஜப்தி செய் / செய்தேன் / செய்துள்ளேன்,ज़ब्त करना / किया / कर चुका,1. Distrain the asset. // 2. He distrained it. // 3. It was distrained.,1. சொத்தை ஜப்தி செய். // 2. அவர் அதை ஜப்தி செய்தார். // 3. அது ஜப்தி செய்யப்பட்டது.,1. संपत्ति की कुर्की करो। // 2. उसने कुर्की की। // 3. कुर्की की गई।
Distress / Distressed / Distressed,Day 134,Advanced,வேதனையூட்டு / ஊட்டினேன் / ஊட்டியுள்ளேன்,कष्ट देना / दिया / दे चुका,1. Don't distress. // 2. It distressed him. // 3. He was distressed.,1. வருந்தாதே. // 2. அது அவரை வருத்தியது. // 3. அவர் வருத்தப்பட்டார்.,1. परेशान मत हो। // 2. इसने उसे परेशान किया। // 3. वह परेशान हुआ।
Distribute / Distributed / Distributed,Day 134,Advanced,விநியோகி / விநியோகித்தேன் / விநியோகித்துள்ளேன்,वितरित करना / किया / कर चुका,1. Distribute sweets. // 2. He distributed them. // 3. They were distributed.,1. இனிப்புகளை விநியோகி. // 2. அவர் அவற்றை விநியோகித்தார். // 3. அவை விநியோகிக்கப்பட்டன.,1. मिठाई बांटो। // 2. उसने उन्हें बांटा। // 3. वे बांटे गए।
Distrust / Distrusted / Distrusted,Day 134,Advanced,சந்தேகப்படு / பட்டேன் / பட்டுள்ளேன்,अविश्वास करना / किया / कर चुका,1. Don't distrust him. // 2. He distrusted me. // 3. I was distrusted.,1. அவனைச் சந்தேகிக்காதே. // 2. அவர் என்னைச் சந்தேகித்தார். // 3. நான் சந்தேகிக்கப்பட்டேன்.,1. उस पर अविश्वास मत करो। // 2. उसने अविश्वास किया। // 3. अविश्वास किया गया।
Disturb / Disturbed / Disturbed,Day 134,Advanced,இடையூறு செய் / செய்தேன் / செய்துள்ளேன்,अशांत करना / किया / कर चुका,1. Don't disturb. // 2. He disturbed me. // 3. I was disturbed.,1. தொந்தரவு செய்யாதே. // 2. அவர் என்னைத் தொந்தரவு செய்தார். // 3. நான் தொந்தரவு செய்யப்பட்டேன்.,1. परेशान मत करो। // 2. उसने मुझे परेशान किया। // 3. मुझे परेशान किया गया।
Disunite / Disunited / Disunited,Day 134,Advanced,பிளவை ஏற்படுத்து / ஏற்படுத்தினேன் / ஏற்படுத்தியுள்ளேன்,अलग करना / किया / कर चुका,1. Don't disunite. // 2. They disunited. // 3. They were disunited.,1. பிரிக்காதே. // 2. அவர்கள் பிரிந்தார்கள். // 3. அவர்கள் பிரிக்கப்பட்டார்கள்.,1. अलग मत करो। // 2. वे अलग हुए। // 3. उन्हें अलग किया गया।
Ditch / Ditched / Ditched,Day 135,Advanced,கைவிடு / கைவிட்டேன் / கைவிட்டுள்ளேன்,छुटकारा पाना / पाया / पा चुका,1. Ditch the plan. // 2. He ditched it. // 3. It was ditched.,1. திட்டத்தைக் கைவிடு. // 2. அவர் அதைக் கைவிட்டார். // 3. அது கைவிடப்பட்டது.,1. योजना छोड़ दो। // 2. उसने इसे छोड़ दिया। // 3. इसे छोड़ दिया गया।
Dither / Dithered / Dithered,Day 135,Advanced,முடிவெடுக்கத் தயங்கு / தயங்கினேன் / தயங்கியுள்ளேன்,दुविधा में होना / था / हो चुका,1. Don't dither. // 2. He dithered. // 3. (Intransitive),1. தயங்காதே. // 2. அவர் தயங்கினார். // 3. (பொருந்தாது),1. हिचकिचाओ मत। // 2. वह हिचकिचाया। // 3. (लागू नहीं)
Ditto / Dittoed / Dittoed,Day 135,Advanced,அதையே மீண்டும் செய் / செய்தேன் / செய்துள்ளேன்,वही दोहराना / दोहराया / चुका,1. Ditto that. // 2. He dittoed it. // 3. It was dittoed.,1. அதையே திரும்பச் சொல். // 2. அவர் அதையே சொன்னார். // 3. அதுவே சொல்லப்பட்டது.,1. वही दोहराओ। // 2. उसने वही दोहराया। // 3. वही दोहराया गया।
Divagate / Divagated / Divagated,Day 135,Advanced,திசைமாறி அலை / அலைந்தேன் / அலைந்துள்ளேன்,विषय से भटकना / भटका / चुका,1. Don't divagate. // 2. He divagated. // 3. (Intransitive),1. விலகிச் செல்லாதே. // 2. அவர் விலகிச் சென்றார். // 3. (பொருந்தாது),1. मत भटको। // 2. वह भटक गया। // 3. (लागू नहीं)
Dive / Dived / Dived,Day 135,Advanced,ஆழத்தில் முக்கு / முக்கினேன் / முக்கியுள்ளேன்,गोता लगाना / लगाया / लगा चुका,1. Dive into water. // 2. He dived. // 3. (Intransitive),1. நீரில் பாய். // 2. அவர் பாய்ந்தார். // 3. (பொருந்தாது),1. पानी में गोता लगाओ। // 2. उसने गोता लगाया। // 3. (लागू नहीं)
Diverge / Diverged / Diverged,Day 136,Advanced,பாதையை விட்டு விலகு / விலகினேன் / விலகியுள்ளேன்,हटना (रास्ते से) / हटा / हट चुका,1. Paths diverge. // 2. They diverged. // 3. (Intransitive),1. பாதைகள் பிரிகின்றன. // 2. அவை பிரிந்தன. // 3. (பொருந்தாது),1. रास्ते अलग होते हैं। // 2. वे अलग हो गए। // 3. (लागू नहीं)
Diversify / Diversified / Diversified,Day 136,Advanced,பன்முகப்படுத்து / படுத்தினேன் / படுத்தியுள்ளேன்,विविधता लाना / लाया / ला चुका,1. Diversify business. // 2. He diversified it. // 3. It was diversified.,1. தொழிலைப் பன்முகப்படுத்து. // 2. அவர் அதைப் பன்முகப்படுத்தினார். // 3. அது பன்முகப்படுத்தப்பட்டது.,1. व्यापार में विविधता लाओ। // 2. उसने विविधता लाई। // 3. विविधता लाई गई।
Divert / Diverted / Diverted,Day 136,Advanced,கவனத்தைத் திருப்பு / திருப்பினேன் / திருப்பியுள்ளேன்,मोड़ना / मोड़ा / मोड़ चुका,1. Divert the traffic. // 2. He diverted it. // 3. It was diverted.,1. போக்குவரத்தைத் திருப்பிவிடு. // 2. அவர் அதைத் திருப்பிவிட்டார். // 3. அது திருப்பிவிடப்பட்டது.,1. यातायात मोड़ दो। // 2. उसने इसे मोड़ दिया। // 3. इसे मोड़ दिया गया।
Divest / Divested / Divested,Day 136,Advanced,உரிமையைப் பறி / பறித்தேன் / பறித்துள்ளேன்,वंचित करना / किया / कर चुका,1. Divest the shares. // 2. He divested them. // 3. They were divested.,1. பங்குகளை விற்றுவிடு. // 2. அவர் அவற்றைக் விற்றுவிட்டார். // 3. அவை விற்கப்பட்டன.,1. विनिवेश करो। // 2. उसने विनिवेश किया। // 3. विनिवेश किया गया।
Divide / Divided / Divided,Day 136,Advanced,பாகங்களாகப் பிரி / பிரித்தேன் / பிரித்துள்ளேன்,विभाजित करना / किया / कर चुका,1. Divide the apple. // 2. He divided it. // 3. It was divided.,1. ஆப்பிளைப் பிரி. // 2. அவர் அதைப் பிரித்தார். // 3. அது பிரிக்கப்பட்டது.,1. सेब को बांटो। // 2. उसने इसे बांटा। // 3. इसे बांटा गया।
Divine / Divined / Divined,Day 137,Advanced,ஞானத்தால் உணர் / உணர்ந்தேன் / உணர்ந்துள்ளேன்,दैवीय ज्ञान पाना / पाया / चुका,1. Divine the future. // 2. He divined it. // 3. It was divined.,1. எதிர்காலத்தைக் கணி. // 2. அவர் அதைக் கணித்தார். // 3. அது கணிக்கப்பட்டது.,1. भविष्य की भविष्यवाणी करो। // 2. उसने भविष्यवाणी की। // 3. भविष्यवाणी की गई।
Divorce / Divorced / Divorced,Day 137,Advanced,உறவைத் துண்டி / துண்டித்தேன் / துண்டித்துள்ளேன்,तलाक देना / दिया / दे चुका,1. Divorce him. // 2. She divorced him. // 3. He was divorced.,1. விவாகரத்து செய். // 2. அவள் அவரை விவாகரத்து செய்தாள். // 3. அவர் விவாகரத்து செய்யப்பட்டார்.,1. तलाक दो। // 2. उसने तलाक दिया। // 3. तलाक दिया गया।
Divulge / Divulged / Divulged,Day 137,Advanced,ரகசியத்தை வெளிப்படுத்து / படுத்தினேன் / படுத்தியுள்ளேன்,खुलासा करना / किया / कर चुका,1. Divulge the secret. // 2. He divulged it. // 3. It was divulged.,1. ரகசியத்தை வெளிப்படுத்து. // 2. அவர் அதை வெளிப்படுத்தினார். // 3. அது வெளிப்படுத்தப்பட்டது.,1. राज खोल दो। // 2. उसने राज खोला। // 3. राज खोला गया।
Dizen / Dizened / Dizened,Day 137,Advanced,பகட்டாக அலங்கரி / அலங்கரித்தேன் / அலங்கரித்துள்ளேன்,भड़कीला सजाना / सजाया / चुका,1. Dizen the doll. // 2. He dizened it. // 3. It was dizened.,1. பொம்மையை அலங்கரி. // 2. அவர் அதை அலங்கரித்தார். // 3. அது அலங்கரிக்கப்பட்டது.,1. गुड़िया को सजाओ। // 2. उसने इसे सजाया। // 3. इसे सजाया गया।
Dizzy / Dizzied / Dizzied,Day 137,Advanced,மயக்கமடையச் செய் / செய்தேன் / செய்துள்ளேன்,चकरा देना / चकराया / चकरा चुका,1. Don't dizzy me. // 2. It dizzied me. // 3. I was dizzied.,1. என்னைத் தலைசுற்ற வைக்காதே. // 2. அது என்னைத் தலைசுற்ற வைத்தது. // 3. நான் தலைசுற்ற வைக்கப்பட்டேன்.,1. मुझे चक्कर मत दिलाओ। // 2. इससे मुझे चक्कर आया। // 3. मुझे चक्कर दिलाया गया।
Do / Did / Done,Day 138,Advanced,காரியத்தைச் செய் / செய்தேன் / செய்துள்ளேன்,करना / किया / कर चुका,1. Do the work. // 2. He did it. // 3. It was done.,1. வேலையைச் செய். // 2. அவர் அதைச் செய்தார். // 3. அது செய்யப்பட்டது.,1. काम करो। // 2. उसने इसे किया। // 3. यह किया गया।
Dock / Docked / Docked,Day 138,Advanced,கப்பலைத் தளத்தில் நிறுத்து / நிறுத்தினேன் / நிறுத்தியுள்ளேன்,डॉक में लाना / लाया / ला चुका,1. Dock the ship. // 2. He docked it. // 3. It was docked.,1. கப்பலைக் கரையில் நிறுத்து. // 2. அவர் அதை நிறுத்தினார். // 3. அது நிறுத்தப்பட்டது.,1. जहाज को घाट पर लगाओ। // 2. उसने इसे लगाया। // 3. यह लगाया गया।
Docket / Docketed / Docketed,Day 138,Advanced,சுருக்கமான குறிப்பெழுது / எழுதினேன் / எழுதியுள்ளேன்,सारांश लिखना / लिखा / लिख चुका,1. Docket the case. // 2. He docketed it. // 3. It was docketed.,1. வழக்கை ஆவணப்படுத்து. // 2. அவர் அதை ஆவணப்படுத்தினார். // 3. அது ஆவணப்படுத்தப்பட்டது.,1. मामले को सूची में डालो। // 2. उसने इसे डाला। // 3. यह डाला गया।
Doctor / Doctored / Doctored,Day 138,Advanced,போலியாக மாற்று (ஆவணம்) / மாற்றினேன் / மாற்றியுள்ளேன்,जालसाजी करना / की / कर चुका,1. Doctor the document. // 2. He doctored it. // 3. It was doctored.,1. ஆவணத்தைத் திருத்து (மோசடி). // 2. அவர் அதைத் திருத்தினார். // 3. அது திருத்தப்பட்டது.,1. दस्तावेज में छेड़छाड़ करो। // 2. उसने छेड़छाड़ की। // 3. छेड़छाड़ की गई।
Document / Documented / Documented,Day 138,Advanced,ஆவணப்படுத்து / படுத்தினேன் / படுத்தியுள்ளேன்,दस्तावेज़ीकरण करना / किया / चुका,1. Document the fact. // 2. He documented it. // 3. It was documented.,1. உண்மையை ஆவணப்படுத்து. // 2. அவர் அதை ஆவணப்படுத்தினார். // 3. அது ஆவணப்படுத்தப்பட்டது.,1. तथ्य का दस्तावेजीकरण करो। // 2. उसने दस्तावेजीकरण किया। // 3. दस्तावेजीकरण किया गया।
Dodge / Dodged / Dodged,Day 139,Advanced,தந்திரமாகத் தவிர் / தவிர்த்தேன் / தவிர்த்துள்ளேன்,चकमा देना / दिया / दे चुका,1. Dodge the ball. // 2. He dodged it. // 3. It was dodged.,1. பந்திலிருந்து தப்பி. // 2. அவர் அதிலிருந்து தப்பினார். // 3. அது தவிர்க்கப்பட்டது.,1. गेंद से बचो। // 2. वह गेंद से बचा। // 3. यह टाला गया।
Doff / Doffed / Doffed,Day 139,Advanced,ஆடையைக் களை / களைந்தேன் / களைந்துள்ளேன்,उतारना (टोपी/कपड़े) / उतारा / चुका,1. Doff your hat. // 2. He doffed it. // 3. It was doffed.,1. தொப்பையைக் கழற்று. // 2. அவர் அதைக் கழற்றினார். // 3. அது கழற்றப்பட்டது.,1. टोपी उतारो। // 2. उसने इसे उतारा। // 3. यह उतारी गई।
Dog / Dogged / Dogged,Day 139,Advanced,பின் தொடர்ந்து துரத்து / துரத்தினேன் / துரத்தியுள்ளேன்,पीछा करना / किया / कर चुका,1. Dog his steps. // 2. He dogged him. // 3. He was dogged.,1. அவனைப் பின்தொடர். // 2. அவர் அவனைப் பின்தொடர்ந்தார். // 3. அவன் பின்தொடரப்பட்டான்.,1. उसका पीछा करो। // 2. उसने उसका पीछा किया। // 3. उसका पीछा किया गया।
Dogmatize / Dogmatized / Dogmatized,Day 139,Advanced,பிடிவாதமாகப் பேசு / பேசினேன் / பேசியுள்ளேன்,सिद्धांत बघारना / बघारा / चुका,1. Don't dogmatize. // 2. He dogmatized. // 3. (Intransitive),1. பிடிவாதம் பிடிக்காதே. // 2. அவர் பிடிவாதம் பிடித்தார். // 3. (பொருந்தாது),1. हठधर्मिता मत करो। // 2. उसने हठधर्मिता की। // 3. (लागू नहीं)
Doll / Dolled / Dolled,Day 139,Advanced,பொம்மை போல அலங்கரி / அலங்கரித்தேன் / அலங்கரித்துள்ளேன்,संजना-सवरना / संजा / संज चुका,1. Doll yourself up. // 2. She dolled up. // 3. (Intransitive),1. அலங்கரித்துக்கொள். // 2. அவள் அலங்கரித்துக்கொண்டாள். // 3. (பொருந்தாது),1. सज-धज लो। // 2. वह सज-धज गई। // 3. (लागू नहीं)
Domesticate / Domesticated / Domesticated,Day 140,Advanced,பழக்கப்படுத்து (விலங்கு) / படுத்தினேன் / படுத்தியுள்ளேன்,पालतू बनाना / बनाया / बना चुका,1. Domesticate it. // 2. He domesticated it. // 3. It was domesticated.,1. விலங்கைப் பழக்கு. // 2. அவர் அதைப் பழக்கினார். // 3. அது பழக்கப்பட்டது.,1. पालतू बनाओ। // 2. उसने इसे पालतू बनाया। // 3. इसे पालतू बनाया गया।
Dominate / Dominated / Dominated,Day 140,Advanced,ஆதிக்கம் செலுத்து / செலுத்தினேன் / செலுத்தியுள்ளேன்,हावी होना / हुआ / हो चुका,1. Dominate the game. // 2. He dominated it. // 3. It was dominated.,1. ஆட்டத்தில் ஆதிக்கம் செலுத்து. // 2. அவர் அதில் ஆதிக்கம் செலுத்தினார். // 3. அது ஆதிக்கம் செலுத்தப்பட்டது.,1. खेल पर हावी हो जाओ। // 2. वह हावी हुआ। // 3. हावी हुआ गया।
Domineer / Domineered / Domineered,Day 140,Advanced,அதிகாரத்துடன் நடத்து / நடத்தினேன் / நடத்தியுள்ளேன்,धौंस जमाना / जमाई / जमा चुका,1. Don't domineer. // 2. He domineered. // 3. (Intransitive),1. அடக்கி ஆளாதே. // 2. அவர் அடக்கி ஆண்டார். // 3. (பொருந்தாது),1. हुक्म मत चलाओ। // 2. उसने हुक्म चलाया। // 3. (लागू नहीं)
Don / Donned / Donned,Day 140,Advanced,ஆடை அணி / அணிந்தேன் / அணிந்துள்ளேன்,पहनना (कपड़े) / पहने / पहन चुका,1. Don the coat. // 2. He donned it. // 3. It was donned.,1. அங்கியைக் அணி. // 2. அவர் அதை அணிந்தார். // 3. அது அணியப்பட்டது.,1. कोट पहन लो। // 2. उसने इसे पहना। // 3. यह पहना गया।
Donate / Donated / Donated,Day 140,Advanced,தானமாக வழங்கு / வழங்கினேன் / வழங்கியுள்ளேன்,दान देना / दिया / दे चुका,1. Donate money. // 2. He donated it. // 3. It was donated.,1. பணம் நன்கொடை அளி. // 2. அவர் அதை நன்கொடை அளித்தார். // 3. அது நன்கொடை அளிக்கப்பட்டது.,1. दान करो। // 2. उसने दान किया। // 3. दान किया गया।
Doodle / Doodled / Doodled,Day 141,Advanced,கிறுக்கு / கிறுக்கினேன் / கிறுக்கியுள்ளேன்,अनमने भाव से लिखना / लिखा / चुका,1. Don't doodle. // 2. He doodled. // 3. It was doodled.,1. கிறுக்காதே. // 2. அவர் கிறுக்கினார். // 3. அது கிறுக்கப்பட்டது.,1. डूडल मत बनाओ। // 2. उसने डूडल बनाया। // 3. यह बनाया गया।
Doom / Doomed / Doomed,Day 141,Advanced,அழிவைத் தீர்மானி / தீர்மானித்தேன் / தீர்மானித்துள்ளேன்,दुर्भाग्य तय करना / किया / चुका,1. Doom him to fail. // 2. He doomed him. // 3. He was doomed.,1. அவனை நாசமாக்கு (சபி). // 2. அவர் அவனை நாசமாக்கினார். // 3. அவன் நாசமாக்கப்பட்டான்.,1. बर्बाद करो। // 2. उसने बर्बाद किया। // 3. वह बर्बाद हो गया।
Dose / Dosed / Dosed,Day 141,Advanced,மருந்து அளவோடு கொடு / கொடுத்தேன் / கொடுத்துள்ளேன்,दवा की खुराक देना / दी / दे चुका,1. Dose the patient. // 2. He dosed him. // 3. He was dosed.,1. மருந்து கொடு. // 2. அவர் அவருக்கு மருந்து கொடுத்தார். // 3. அவருக்கு மருந்து கொடுக்கப்பட்டது.,1. खुराक दो। // 2. उसने खुराक दी। // 3. खुराक दी गई।
Dot / Dotted / Dotted,Day 141,Advanced,புள்ளியிடு / இட்டேன் / இட்டுள்ளேன்,बिंदु लगाना / लगाया / लगा चुका,1. Dot the 'i'. // 2. He dotted it. // 3. It was dotted.,1. புள்ளி வை. // 2. அவர் புள்ளி வைத்தார். // 3. புள்ளி வைக்கப்பட்டது.,1. बिंदु लगाओ। // 2. उसने बिंदु लगाया। // 3. बिंदु लगाया गया।
Dote / Doted / Doted,Day 141,Advanced,மிகையாக அன்பு காட்டு / காட்டினேன் / காட்டியுள்ளேன்,लाड़-प्यार करना / किया / कर चुका,1. Dote on her. // 2. He doted on her. // 3. (Intransitive),1. அன்பு செலுத்து (அதிகமாக). // 2. அவர் அவள் மேல் அன்பு செலுத்தினார். // 3. (பொருந்தாது),1. लाड़ प्यार करो। // 2. उसने लाड़ प्यार किया। // 3. (लागू नहीं)
Double / Doubled / Doubled,Day 142,Advanced,இரட்டிப்பாக்கு / ஆக்கினேன் / ஆக்கியுள்ளேன்,दुगुना करना / किया / कर चुका,1. Double the bet. // 2. He doubled it. // 3. It was doubled.,1. பந்தயத்தை இரட்டிப்பாக்கு. // 2. அவர் அதை இரட்டிப்பாக்கினார். // 3. அது இரட்டிப்பாக்கப்பட்டது.,1. शर्त दुगुनी करो। // 2. उसने इसे दुगुना किया। // 3. यह दुगुना किया गया।
Doubt / Doubted / Doubted,Day 142,Advanced,ஐயப்படு / பட்டேன் / பட்டுள்ளேன்,संदेह करना / किया / कर चुका,1. Doubt the truth. // 2. He doubted it. // 3. It was doubted.,1. உண்மையைச் சந்தேகி. // 2. அவர் அதைச் சந்தேகித்தார். // 3. அது சந்தேகிக்கப்பட்டது.,1. सच पर शक करो। // 2. उसने शक किया। // 3. शक किया गया।
Douse / Doused / Doused,Day 142,Advanced,அணை (நீரால்) / அணைத்தேன் / அணைத்துள்ளேன்,पानी में डुबोना / डुबोया / चुका,1. Douse the fire. // 2. He doused it. // 3. It was doused.,1. நெருப்பை அணை. // 2. அவர் அதை அணைத்தார். // 3. அது அணைக்கப்பட்டது.,1. आग बुझाओ। // 2. उसने इसे बुझाया। // 3. यह बुझाया गया।
Dovetail / Dovetailed / Dovetailed,Day 142,Advanced,கச்சிதமாக இணை / இணைத்தேன் / இணைத்துள்ளேன்,तालमेल बिठाना / बिठाया / चुका,1. Dovetail plans. // 2. They dovetailed. // 3. It was dovetailed.,1. திட்டங்களை ஒருங்கிணை. // 2. அவை ஒருங்கிணைந்தன. // 3. அது ஒருங்கிணைக்கப்பட்டது.,1. योजनाएँ मिलाओ। // 2. वे मिल गईं। // 3. इसे मिलाया गया।
Down / Downed / Downed,Day 142,Advanced,கீழே தள்ளு / தள்ளினேன் / தள்ளியுள்ளேன்,नीचे गिराना / गिराया / गिरा चुका,1. Down the drink. // 2. He downed it. // 3. It was downed.,1. பானத்தை ஒரே மூச்சில் குடி. // 2. அவர் அதைக் குடித்தார். // 3. அது குடிக்கப்பட்டது.,1. ड्रिंक गटक जाओ। // 2. उसने इसे गटक लिया। // 3. यह गटक लिया गया।
Downsize / Downsized / Downsized,Day 143,Advanced,அளவைக் குறை / குறைத்தேன் / குறைத்துள்ளேன்,आकार कम करना / किया / कर चुका,1. Downsize it. // 2. He downsized it. // 3. It was downsized.,1. அதைச் சுருக்கு (ஆட்குறைப்பு). // 2. அவர் அதைச் சுருக்கினார். // 3. அது சுருக்கப்பட்டது.,1. छोटा करो। // 2. उसने इसे छोटा किया। // 3. इसे छोटा किया गया।
Doze / Dozed / Dozed,Day 143,Advanced,சிறுதூக்கம் போடு / போட்டேன் / போட்டுள்ளேன்,ऊंघना / ऊंघा / ऊंघ चुका,1. Don't doze. // 2. He dozed. // 3. (Intransitive),1. தூங்காதே (குட்டித் தூக்கம்). // 2. அவர் தூங்கினார். // 3. (பொருந்தாது),1. ऊंघो मत। // 2. वह ऊंघा। // 3. (लागू नहीं)
Draft / Drafted / Drafted,Day 143,Advanced,வரைவு செய் / செய்தேன் / செய்துள்ளேன்,मसौदा तैयार करना / किया / चुका,1. Draft the letter. // 2. He drafted it. // 3. It was drafted.,1. கடிதத்தை வரைவு செய். // 2. அவர் அதை வரைவு செய்தார். // 3. அது வரைவு செய்யப்பட்டது.,1. मसौदा तैयार करो। // 2. उसने मसौदा तैयार किया। // 3. मसौदा तैयार किया गया।
Drag / Dragged / Dragged,Day 143,Advanced,இழுத்துச் செல் / சென்றேன் / சென்றுள்ளேன்,घसीटना / घसीटा / घसीट चुका,1. Drag the box. // 2. He dragged it. // 3. It was dragged.,1. பெட்டியை இழு. // 2. அவர் அதை இழுத்தார். // 3. அது இழுக்கப்பட்டது.,1. बॉक्स घसीटो। // 2. उसने इसे घसीटा। // 3. यह घसीटा गया।
Drain / Drained / Drained,Day 143,Advanced,வடி (திரவம்) / வடித்தேன் / வடித்திருக்கிறேன்,खाली करना / किया / कर चुका,1. Drain the water. // 2. He drained it. // 3. It was drained.,1. தண்ணீரை வடி. // 2. அவர் அதை வடித்தார். // 3. அது வடிக்கப்பட்டது.,1. पानी निकालो। // 2. उसने इसे निकाला। // 3. यह निकाला गया।
Dramatize / Dramatized / Dramatized,Day 144,Advanced,நாடகமாக்கு / ஆக்கினேன் / ஆக்கியுள்ளேன்,नाटकीय बनाना / बनाया / बना चुका,1. Don't dramatize. // 2. He dramatized it. // 3. It was dramatized.,1. மிகைப்படுத்தாதே. // 2. அவர் அதை மிகைப்படுத்தினார். // 3. அது மிகைப்படுத்தப்பட்டது.,1. नाटक मत करो। // 2. उसने नाटक किया। // 3. नाटक किया गया।
Drape / Draped / Draped,Day 144,Advanced,திரையிடு / இட்டேன் / இட்டுள்ளேன்,परदा लटकाना / लटकाया / चुका,1. Drape the saree. // 2. She draped it. // 3. It was draped.,1. சேலையை உடுத்து (சுற்றி). // 2. அவள் அதை உடுத்தினாள். // 3. அது உடுத்தப்பட்டது.,1. साड़ी लपेटो। // 2. उसने इसे लपेटा। // 3. यह लपेटा गया।
Draw / Drew / Drawn,Day 144,Advanced,வரை / வரைந்தேன் / வரைந்துள்ளேன்,खींचना / खींचा / खींच चुका,1. Draw a picture. // 2. He drew it. // 3. It was drawn.,1. படம் வரை. // 2. அவர் அதை வரைந்தார். // 3. அது வரையப்பட்டது.,1. चित्र बनाओ। // 2. उसने इसे बनाया। // 3. यह बनाया गया।
Dread / Dreaded / Dreaded,Day 144,Advanced,பெரிதும் அஞ்சு / அஞ்சினேன் / அஞ்சியுள்ளேன்,अत्यधिक डरना / डरा / डर चुका,1. Dread the exam. // 2. He dreaded it. // 3. It was dreaded.,1. தேர்வை நினைத்து அஞ்சு. // 2. அவர் அதை நினைத்து அஞ்சினார். // 3. அது அஞ்சப்பட்டது.,1. परीक्षा से डरो। // 2. वह डरा। // 3. (लागू नहीं)
Dream / Dreamed / Dreamed,Day 144,Advanced,கனவு காண் / கண்டேன் / கண்டுள்ளேன்,सपना देखना / देखा / देख चुका,1. Dream big. // 2. He dreamed. // 3. It was dreamed.,1. பெரிதாகக் கனவு காண். // 2. அவர் கனவு கண்டார். // 3. அது கனவு காணப்பட்டது.,1. बड़ा सपना देखो। // 2. उसने सपना देखा। // 3. सपना देखा गया।
Dredge / Dredged / Dredged,Day 145,Advanced,தூர்வாரு / வாரினேன் / வாரியுள்ளேன்,कीचड़ निकालना / निकाला / चुका,1. Dredge the river. // 2. They dredged it. // 3. It was dredged.,1. ஆற்றைத் தூர்வாரு. // 2. அவர்கள் அதைத் தூர்வாரினார்கள். // 3. அது தூர்வாரப்பட்டது.,1. नदी साफ करो (कीचड़ निकालना)। // 2. उन्होंने इसे साफ किया। // 3. यह साफ की गई।
Drench / Drenched / Drenched,Day 145,Advanced,முழுமையாக நனை / நனைத்தேன் / நனைத்துள்ளேன்,सराबोर करना / किया / कर चुका,1. Drench the plant. // 2. He drenched it. // 3. It was drenched.,1. செடியை நனை. // 2. அவர் அதை நனைத்தார். // 3. அது நனைக்கப்பட்டது.,1. पौधे को भिगो दो। // 2. उसने इसे भिगोया। // 3. यह भिगोया गया।
Dress / Dressed / Dressed,Day 145,Advanced,ஆடை அணிவி / அணிவித்தேன் / அணிவித்துள்ளேன்,कपड़े पहनना / पहने / पहन चुका,1. Dress quickly. // 2. He dressed. // 3. He was dressed.,1. சீக்கிரம் ஆடை அணி. // 2. அவர் ஆடை அணிந்தார். // 3. அவர் ஆடை அணிவிக்கப்பட்டார்.,1. जल्दी कपड़े पहनो। // 2. उसने कपड़े पहने। // 3. कपड़े पहनाए गए।
Dribble / Dribbled / Dribbled,Day 145,Advanced,சொட்டுச் சொட்டாக வடியவிடு / வடியவிட்டேன்,टपकाना / टपकाया / टपका चुका,1. Dribble the ball. // 2. He dribbled it. // 3. It was dribbled.,1. பந்தைச் தட்டிச் செல். // 2. அவர் அதைச் தட்டிச் சென்றார். // 3. அது தட்டிச் செல்லப்பட்டது.,1. गेंद को ड्रिबल करो। // 2. उसने ड्रिबल किया। // 3. ड्रिबल किया गया।
Drift / Drifted / Drifted,Day 145,Advanced,திசைமாறி மிதந்து செல் / சென்றேன் / சென்றுள்ளேன்,बहना (धारा के साथ) / बहा / चुका,1. Don't drift. // 2. He drifted. // 3. (Intransitive),1. விலகிச் செல்லாதே (மிதந்து). // 2. அவர் விலகிச் சென்றார். // 3. (பொருந்தாது),1. बहना/भटकना। // 2. वह बह गया। // 3. (लागू नहीं)
Drill / Drilled / Drilled,Day 146,Advanced,துளையிடு / இட்டேன் / இட்டுள்ளேன்,छेद करना / किया / कर चुका,1. Drill a hole. // 2. He drilled it. // 3. It was drilled.,1. துளையிடு. // 2. அவர் துளையிட்டார். // 3. துளையிடப்பட்டது.,1. छेद करो। // 2. उसने छेद किया। // 3. छेद किया गया।
Drink / Drank / Drunk,Day 146,Advanced,பருகு / பருகினேன் / பருகியுள்ளேன்,पीना / पिया / पी चुका,1. Drink water. // 2. He drank it. // 3. It was drunk.,1. தண்ணீர் குடி. // 2. அவர் அதைக் குடித்தார். // 3. அது குடிக்கப்பட்டது.,1. पानी पियो। // 2. उसने इसे पिया। // 3. यह पिया गया।
Drip / Dripped / Dripped,Day 146,Advanced,சொட்டு / சொட்டியது / சொட்டியுள்ளது,टपकना / टपका / टपक चुका,1. Let it drip. // 2. It dripped. // 3. It was dripped.,1. சொட்ட விடு. // 2. அது சொட்டியது. // 3. அது சொட்டவிடப்பட்டது.,1. टपकने दो। // 2. यह टपका। // 3. यह टपकाया गया।
Drive / Drove / Driven,Day 146,Advanced,ஓட்டு / ஓட்டினேன் / ஓட்டியுள்ளேன்,गाड़ी चलाना / चलाई / चला चुका,1. Drive the car. // 2. He drove it. // 3. It was driven.,1. காரை ஓட்டு. // 2. அவர் அதை ஓட்டினார். // 3. அது ஓட்டப்பட்டது.,1. गाड़ी चलाओ। // 2. उसने इसे चलाया। // 3. यह चलाया गया।
Drivel / Drivelled / Drivelled,Day 146,Advanced,பிதற்று / பிதற்றினேன் / பிதற்றியுள்ளேன்,बकवास करना / की / कर चुका,1. Don't drivel. // 2. He drivelled. // 3. (Intransitive),1. உளறாதே. // 2. அவர் உளறினார். // 3. (பொருந்தாது),1. बकवास मत करो। // 2. उसने बकवास की। // 3. (लागू नहीं)
Drizzle / Drizzled / Drizzled,Day 147,Advanced,தூறு / தூறியது / தூறியுள்ளது,बूँदाबाँदी होना / हुई / हो चुकी,1. Drizzle the oil. // 2. He drizzled it. // 3. It was drizzled.,1. எண்ணெயைத் தெளி. // 2. அவர் அதைத் தெளித்தார். // 3. அது தெளிக்கப்பட்டது.,1. तेल छिड़को। // 2. उसने इसे छिड़का। // 3. यह छिड़का गया।
Drone / Droned / Droned,Day 147,Advanced,இரைச்சலிடு / இட்டது / இட்டுள்ளது,भिनभिनाना / भिनभिनाया / चुका,1. Don't drone. // 2. He droned on. // 3. (Intransitive),1. ஒரே தொனியில் பேசாதே. // 2. அவர் ஒரே தொனியில் பேசினார். // 3. (பொருந்தாது),1. एक ही सुर में मत बोलो। // 2. वह एक ही सुर में बोला। // 3. (लागू नहीं)
Drool / Drooled / Drooled,Day 147,Advanced,எச்சில் வடியவிடு / விட்டேன் / விட்டுள்ளேன்,लार टपकाना / टपकाई / चुका,1. Don't drool. // 2. He drooled. // 3. (Intransitive),1. எச்சில் வடிக்காதே. // 2. அவர் எச்சில் வடித்தார். // 3. (பொருந்தாது),1. लार मत टपकाओ। // 2. उसने लार टपकाई। // 3. (लागू नहीं)
Droop / Drooped / Drooped,Day 147,Advanced,வாடித் தொங்கு / தொங்கியது / தொங்கியுள்ளது,झुक जाना / झुका / झुक चुका,1. Don't droop. // 2. It drooped. // 3. (Intransitive),1. துவளாதே (தலை தொங்கப்போடுதல்). // 2. அது துவண்டது. // 3. (பொருந்தாது),1. झुको मत। // 2. यह झुक गया। // 3. (लागू नहीं)
Drop / Dropped / Dropped,Day 147,Advanced,கீழே விடு / விட்டேன் / விட்டுள்ளேன்,गिराना / गिराया / गिरा चुका,1. Drop the ball. // 2. He dropped it. // 3. It was dropped.,1. பந்தைக் கீழே போடு. // 2. அவர் அதைக் கீழே போட்டார். // 3. அது கீழே போடப்பட்டது.,1. गेंद गिरा दो। // 2. उसने इसे गिरा दिया। // 3. इसे गिरा दिया गया।
Drown / Drowned / Drowned,Day 148,Advanced,நீரில் மூழ்கி இற / இறந்தேன் / இறந்துள்ளேன்,डूबकर मरना / मरा / मर चुका,1. Drown the rat. // 2. He drowned it. // 3. It was drowned.,1. எலியை நீரில் மூழ்கடி. // 2. அவர் அதை மூழ்கடித்தார். // 3. அது மூழ்கடிக்கப்பட்டது.,1. चूहे को डुबो दो। // 2. उसने इसे डुबो दिया। // 3. इसे डुबो दिया गया।
Drowse / Drowsed / Drowsed,Day 148,Advanced,அரைத்தூக்கத்தில் இரு / இருந்தேன் / இருந்துள்ளேன்,झपकी लेना / ली / ले चुका,1. Don't drowse. // 2. He drowsed. // 3. (Intransitive),1. தூக்க கலக்கத்தில் இருக்காதே. // 2. அவர் தூக்க கலக்கத்தில் இருந்தார். // 3. (பொருந்தாது),1. ऊंघो मत। // 2. वह ऊंघा। // 3. (लागू नहीं)
Drub / Drubbed / Drubbed,Day 148,Advanced,அடித்து நொறுக்கு / நொறுக்கினேன் / நொறுக்கியுள்ளேன்,बुरी तरह पीटना / पीटा / चुका,1. Drub the opponent. // 2. He drubbed him. // 3. He was drubbed.,1. எதிரியைத் தோற்கடி (அடி). // 2. அவர் அவனைத் தோற்கடித்தார். // 3. அவன் தோற்கடிக்கப்பட்டான்.,1. विरोधी को पीटो। // 2. उसने उसे पीटा। // 3. उसे पीटा गया।
Drudge / Drudged / Drudged,Day 148,Advanced,கடினமாக உழை / உழைத்தேன் / உழைத்துள்ளேன்,कड़ी मेहनत करना / की / कर चुका,1. Don't drudge. // 2. He drudged. // 3. (Intransitive),1. மாடு போல உழைக்காதே. // 2. அவர் மாடு போல உழைத்தார். // 3. (பொருந்தாது),1. कोल्हू के बैल की तरह काम मत करो। // 2. उसने कड़ी मेहनत की। // 3. (लागू नहीं)
Drug / Drugged / Drugged,Day 148,Advanced,போதையூட்டு / ஊட்டினேன் / ஊட்டியுள்ளேன்,नशा देना / दिया / दे चुका,1. Don't drug him. // 2. They drugged him. // 3. He was drugged.,1. அவனுக்கு போதை மருந்து கொடுக்காதே. // 2. அவர்கள் அவனுக்கு போதை மருந்து கொடுத்தார்கள். // 3. அவனுக்கு போதை மருந்து கொடுக்கப்பட்டது.,1. उसे नशा मत दो। // 2. उन्होंने उसे नशा दिया। // 3. उसे नशा दिया गया।
Drum / Drummed / Drummed,Day 149,Advanced,மேளம் அடி / அடித்தேன் / அடித்துள்ளேன்,ढोल बजाना / बजाया / बजा चुका,1. Drum the table. // 2. He drummed it. // 3. It was drummed.,1. மேஜையைத் தட்டு. // 2. அவர் அதைத் தட்டினார். // 3. அது தட்டப்பட்டது.,1. मेज बजाओ। // 2. उसने इसे बजाया। // 3. यह बजाया गया।
Dry / Dried / Dried,Day 149,Advanced,உலரவை / வைத்தேன் / வைத்துள்ளேன்,सुखाना / सुखाया / सुखा चुका,1. Dry the clothes. // 2. He dried them. // 3. They were dried.,1. துணிகளைக் காய வை. // 2. அவர் அவற்றை காய வைத்தார். // 3. அவை காய வைக்கப்பட்டன.,1. कपड़े सुखाओ। // 2. उसने उन्हें सुखाया। // 3. वे सुखाए गए।
Dub / Dubbed / Dubbed,Day 149,Advanced,ஒலிச்சேர்க்கை செய் / செய்தேன் / செய்துள்ளேன்,डब करना / किया / कर चुका,1. Dub the movie. // 2. He dubbed it. // 3. It was dubbed.,1. படத்திற்கு டப்பிங் செய். // 2. அவர் அதற்கு டப்பிங் செய்தார். // 3. அதற்கு டப்பிங் செய்யப்பட்டது.,1. फिल्म डब करो। // 2. उसने इसे डब किया। // 3. यह डब की गई।
Duck / Ducked / Ducked,Day 149,Advanced,சட்டெனக் குனி / குனிந்தேன் / குனிந்துள்ளேன்,सिर झुका लेना / झुकाया / चुका,1. Duck your head. // 2. He ducked. // 3. (Intransitive),1. தலையைக் குனிந்து கொள். // 2. அவர் குனிந்து கொண்டார். // 3. (பொருந்தாது),1. सिर नीचे करो। // 2. उसने सिर नीचे किया। // 3. (लागू नहीं)
Dull / Dulled / Dulled,Day 149,Advanced,மந்தமாக்கு / ஆக்கினேன் / ஆக்கியுள்ளேன்,सुस्त बनाना / बनाया / बना चुका,1. Dull the pain. // 2. It dulled the pain. // 3. The pain was dulled.,1. வலியை மழுங்கடி. // 2. அது வலியை மழுங்கடித்தது. // 3. வலி மழுங்கடிக்கப்பட்டது.,1. दर्द कम करो। // 2. इसने दर्द कम किया। // 3. दर्द कम किया गया।
Dumb / Dumbed / Dumbed,Day 150,Advanced,ஊமையாக்கு / ஆக்கினேன் / ஆக்கியுள்ளேன்,गूंगा बनाना / बनाया / बना चुका,1. Dumb it down. // 2. He dumbed it down. // 3. It was dumbed down.,1. எளிமையாக்கு. // 2. அவர் அதை எளிமையாக்கினார். // 3. அது எளிமையாக்கப்பட்டது.,1. इसे सरल बनाओ। // 2. उसने इसे सरल बनाया। // 3. इसे सरल बनाया गया।
Dumfound / Dumfounded / Dumfounded,Day 150,Advanced,வாயடைக்கச் செய் / செய்தேன் / செய்துள்ளேன்,हक्का-बक्का करना / किया / चुका,1. Don't be dumfounded. // 2. It dumfounded me. // 3. I was dumfounded.,1. திகைக்காதே. // 2. அது என்னைத் திகைக்க வைத்தது. // 3. நான் திகைத்துப் போனேன்.,1. हक्का-बक्का मत रहो। // 2. इसने मुझे हक्का-बक्का किया। // 3. मैं हक्का-बक्का रह गया।
Dump / Dumped / Dumped,Day 150,Advanced,கொட்டு / கொட்டினேன் / கொட்டியுள்ளேன்,पटकना (कचरा) / पटका / चुका,1. Dump the trash. // 2. He dumped it. // 3. It was dumped.,1. குப்பையைக் கொட்டு. // 2. அவர் அதைக் கொட்டினார். // 3. அது கொட்டப்பட்டது.,1. कचरा फेंक दो। // 2. उसने इसे फेंक दिया। // 3. यह फेंक दिया गया।
Dun / Dunned / Dunned,Day 150,Advanced,கடனைத் திருப்பித் தரத் துரத்து / துரத்தினேன்,तगादा करना / किया / कर चुका,1. Dun him for money. // 2. He dunned him. // 3. He was dunned.,1. அவனிடம் கடன் கேட்டு நச்சரி. // 2. அவர் அவனிடம் நச்சரித்தார். // 3. அவன் நச்சரிக்கப்பட்டான்.,1. तगादा करो। // 2. उसने तगादा किया। // 3. तगादा किया गया।
Dung / Dunged / Dunged,Day 150,Advanced,உரமிடு / இட்டேன் / இட்டுள்ளேன்,खाद डालना / डाली / डाल चुका,1. Dung the field. // 2. He dunged it. // 3. It was dunged.,1. வயலுக்கு எரு போடு. // 2. அவர் அதற்கு எரு போட்டார். // 3. அதற்கு எரு போடப்பட்டது.,1. खेत में खाद डालो। // 2. उसने खाद डाली। // 3. खाद डाली गई।
Dupe / Duped / Duped,Day 151,Advanced,ஏமாற்று / ஏமாற்றினேன் / ஏமாற்றியுள்ளேன்,ठगना / ठगा / ठग चुका,1. Don't dupe me. // 2. He duped me. // 3. I was duped.,1. என்னை ஏமாற்றாதே. // 2. அவர் என்னை ஏமாற்றினார். // 3. நான் ஏமாற்றப்பட்டேன்.,1. मुझे धोखा मत दो। // 2. उसने मुझे धोखा दिया। // 3. मुझे धोखा दिया गया।
Duplicate / Duplicated / Duplicated,Day 151,Advanced,நகலெடு / எடுத்தேன் / எடுத்துள்ளேன்,प्रतिलिपि बनाना / बनाई / चुका,1. Duplicate the file. // 2. He duplicated it. // 3. It was duplicated.,1. கோப்பை நகலெடு. // 2. அவர் அதை நகலெடுத்தார். // 3. அது நகலெடுக்கப்பட்டது.,1. फाइल की नकल बनाओ। // 2. उसने इसकी नकल बनाई। // 3. इसकी नकल बनाई गई।
Dust / Dusted / Dusted,Day 151,Advanced,தூசி தட்டு / தட்டினேன் / தட்டியுள்ளேன்,धूल झाड़ना / झाड़ी / झाड़ चुका,1. Dust the shelf. // 2. He dusted it. // 3. It was dusted.,1. அலமாரியைத் தூசி தட்டு. // 2. அவர் அதைத் தூசி தட்டினார். // 3. அது தூசி தட்டப்பட்டது.,1. शेल्फ झाड़ो। // 2. उसने इसे झाड़ा। // 3. इसे झाड़ा गया।
Dwarf / Dwarfed / Dwarfed,Day 151,Advanced,குள்ளமாக்கு / ஆக்கினேன் / ஆக்கியுள்ளேன்,बौना बनाना / बनाया / बना चुका,1. It dwarfs everything. // 2. It dwarfed it. // 3. It was dwarfed.,1. இது எல்லாவற்றையும் சிறியதாக்குகிறது. // 2. அது அதைச் சிறியதாக்கியது. // 3. அது சிறியதாக்கப்பட்டது.,1. यह सबको छोटा दिखाता है। // 2. इसने इसे छोटा दिखाया। // 3. इसे छोटा दिखाया गया।
Dwell / Dwelt / Dwelt,Day 151,Advanced,வசி / வசித்தேன் / வசித்துள்ளேன்,निवास करना / किया / कर चुका,1. Dwell in peace. // 2. He dwelt there. // 3. (Intransitive),1. அமைதியாக வசி. // 2. அவர் அங்கே வசித்தார். // 3. (பொருந்தாது),1. शांति से रहो। // 2. वह वहाँ रहा। // 3. (लागू नहीं)
Dwindle / Dwindled / Dwindled,Day 152,Advanced,படிப்படியாகக் குறை / குறைந்தது / குறைந்துள்ளது,कम होना / हुआ / हो चुका,1. Don't dwindle. // 2. It dwindled. // 3. (Intransitive),1. சுருங்காதே (குறையாதே). // 2. அது சுருங்கியது. // 3. (பொருந்தாது),1. कम मत हो। // 2. यह कम हो गया। // 3. (लागू नहीं)
Dye / Dyed / Dyed,Day 152,Advanced,சாயமேற்று / ஏற்றினேன் / ஏற்றியுள்ளேன்,रंगना (बाल/कपड़ा) / रंगा / चुका,1. Dye the cloth. // 2. He dyed it. // 3. It was dyed.,1. துணிக்குச் சாயமிடு. // 2. அவர் அதற்குச் சாயமிட்டார். // 3. அதற்குச் சாயமிடப்பட்டது.,1. कपड़े रंगो। // 2. उसने इसे रंगा। // 3. यह रंगा गया।
Dynamite / Dynamited / Dynamited,Day 152,Advanced,வெடிவைத்துத் தகர் / தகர்த்தேன் / தகர்த்துள்ளேன்,बारूद से उड़ाना / उड़ाया / चुका,1. Dynamite the rock. // 2. He dynamited it. // 3. It was dynamited.,1. பாறையை வெடி வைத்துத் தகர். // 2. அவர் அதைத் தகர்த்தார். // 3. அது தகர்க்கப்பட்டது.,1. चट्टान को उड़ा दो। // 2. उसने इसे उड़ा दिया। // 3. इसे उड़ा दिया गया।
Earn / Earned / Earned,Day 152,Advanced,சம்பாதி / சம்பாதித்தேன் / சம்பாதித்துள்ளேன்,कमाना / कमाया / कमा चुका,1. Earn money. // 2. He earned it. // 3. It was earned.,1. பணம் சம்பாதி. // 2. அவர் அதைச் சம்பாதித்தார். // 3. அது சம்பாதிக்கப்பட்டது.,1. पैसे कमाओ। // 2. उसने इसे कमाया। // 3. यह कमाया गया।
Ease / Eased / Eased,Day 152,Advanced,வலியைத் தணி / தணித்தேன் / தணித்துள்ளேன்,आराम देना / दिया / दे चुका,1. Ease the pain. // 2. He eased it. // 3. It was eased.,1. வலியைத் தணி. // 2. அவர் அதைத் தணித்தார். // 3. அது தணிக்கப்பட்டது.,1. दर्द कम करो। // 2. उसने इसे कम किया। // 3. इसे कम किया गया।
Eavesdrop / Eavesdropped / Eavesdropped,Day 153,Advanced,ஒட்டுக்கேள் / கேட்டேன் / கேட்டுள்ளேன்,छिपकर बातें सुनना / सुनी / चुका,1. Don't eavesdrop. // 2. He eavesdropped. // 3. It was eavesdropped on.,1. ஒட்டுக்கேட்காதே. // 2. அவர் ஒட்டுக்கேட்டார். // 3. அது ஒட்டுக்கேட்கப்பட்டது.,1. चोरी-छिपे बातें मत सुनो। // 2. उसने चोरी-छिपे बातें सुनीं। // 3. बातें सुनी गईं।
Ebb / Ebbed / Ebbed,Day 153,Advanced,வற்றிப்போ / வற்றியது / வற்றியுள்ளது,कम होना (ज्वार) / हुआ / हो चुका,1. Tides ebb. // 2. It ebbed. // 3. (Intransitive),1. அலைகள் வற்றுகின்றன. // 2. அது வற்றியது (பின்வாங்கியது). // 3. (பொருந்தாது),1. ज्वार भाटा उतरता है। // 2. यह उतर गया। // 3. (लागू नहीं)
Echo / Echoed / Echoed,Day 153,Advanced,எதிரொலி / ஒலித்தது / ஒலித்திருக்கிறது,गूँजना / गूँजा / गूँज चुका,1. Echo the sound. // 2. It echoed. // 3. It was echoed.,1. ஒலியை எதிரொலி. // 2. அது எதிரொலித்தது. // 3. அது எதிரொலிக்கப்பட்டது.,1. गूँजो। // 2. यह गूँजा। // 3. इसे गूँजाया गया।
Eclipse / Eclipsed / Eclipsed,Day 153,Advanced,கிரகணத்தால் மறை / மறைத்தது / மறைத்துள்ளது,ग्रहण लगाना / लगा / लग चुका,1. Eclipse the sun. // 2. It eclipsed it. // 3. It was eclipsed.,1. சூரியனை மறை. // 2. அது அதை மறைத்தது. // 3. அது மறைக்கப்பட்டது.,1. सूर्य को ग्रहण लगाओ। // 2. इसने इस पर ग्रहण लगाया। // 3. इस पर ग्रहण लगाया गया।
Economize / Economized / Economized,Day 153,Advanced,சிக்கனம் செய் / செய்தேன் / செய்துள்ளேன்,मितव्ययिता बरतना / बरती / चुका,1. Economize fuel. // 2. He economized. // 3. It was economized.,1. எரிபொருளைச் சிக்கனப்படுத்து. // 2. அவர் சிக்கனப்படுத்தினார். // 3. அது சிக்கனப்படுத்தப்பட்டது.,1. ईंधन की बचत करो। // 2. उसने बचत की। // 3. बचत की गई।
Edify / Edified / Edified,Day 154,Advanced,அறிவொளி புகட்டு / புகட்டினேன் / புகட்டியுள்ளேன்,उपदेश देना / दिया / दे चुका,1. Edify the mind. // 2. It edified us. // 3. We were edified.,1. அறிவை வளார் (ஆன்மீக ரீதியாக). // 2. அது எங்களை வளர்த்தது. // 3. நாங்கள் வளர்க்கப்பட்டோம்.,1. उपदेश दो। // 2. इसने हमें उपदेश दिया। // 3. हमें उपदेश दिया गया।
Edit / Edited / Edited,Day 154,Advanced,பதிப்பி / பதிப்பித்தேன் / பதிப்பித்துள்ளேன்,संपादन करना / किया / कर चुका,1. Edit the document. // 2. He edited it. // 3. It was edited.,1. ஆவணத்தைத் தொகு. // 2. அவர் அதைத் தொகுத்தார். // 3. அது தொகுக்கப்பட்டது.,1. दस्तावेज़ संपादित करो। // 2. उसने इसे संपादित किया। // 3. यह संपादित किया गया।
Educate / Educated / Educated,Day 154,Advanced,கல்வி கற்பி / கற்பித்தேன் / கற்பித்துள்ளேன்,शिक्षित करना / किया / कर चुका,1. Educate the child. // 2. He educated him. // 3. He was educated.,1. குழந்தைக்குக் கல்வி கற்பி. // 2. அவர் அவனுக்குக் கல்வி கற்பித்தார். // 3. அவனுக்குக் கல்வி கற்பிக்கப்பட்டது.,1. बच्चे को शिक्षित करो। // 2. उसने उसे शिक्षित किया। // 3. उसे शिक्षित किया गया।
Educe / Educed / Educed,Day 154,Advanced,வெளிக்கொணர் / கொணர்ந்தேன் / கொணர்ந்துள்ளேன்,बाहर निकालना / निकाला / चुका,1. Educe the truth. // 2. He educed it. // 3. It was educed.,1. உண்மையை வெளிக்கொண்டு வா. // 2. அவர் அதை வெளிக்கொண்டு வந்தார். // 3. அது வெளிக்கொண்டு வரப்பட்டது.,1. सच निकालो। // 2. उसने इसे निकाला। // 3. यह निकाला गया।
Efface / Effaced / Effaced,Day 154,Advanced,அழி / அழித்தேன் / அழித்துள்ளேன்,मिटाना / मिटाया / मिटा चुका,1. Efface the memory. // 2. He effaced it. // 3. It was effaced.,1. நினைவை அழி. // 2. அவர் அதை அழித்தார். // 3. அது அழிக்கப்பட்டது.,1. याद मिटा दो। // 2. उसने इसे मिटा दिया। // 3. इसे मिटा दिया गया।
Effect / Effected / Effected,Day 155,Advanced,நடைமுறைப்படுத்து / படுத்தினேன் / படுத்தியுள்ளேன்,प्रभाव डालना / डाला / डाल चुका,1. Effect a change. // 2. He effected it. // 3. It was effected.,1. மாற்றத்தை ஏற்படுத்து. // 2. அவர் அதை ஏற்படுத்தினார். // 3. அது ஏற்படுத்தப்பட்டது.,1. बदलाव लाओ। // 2. उसने इसे लागू किया। // 3. इसे लागू किया गया।
Effectuate / Effectuated / Effectuated,Day 155,Advanced,நிறைவேற்று / ஏற்றினேன் / ஏற்றியுள்ளேன்,कार्यान्वित करना / किया / चुका,1. Effectuate the plan. // 2. He effectuated it. // 3. It was effectuated.,1. திட்டத்தை நிறைவேற்று. // 2. அவர் அதை நிறைவேற்றினார். // 3. அது நிறைவேற்றப்பட்டது.,1. योजना को अमल में लाओ। // 2. उसने इसे अमल में लाया। // 3. इसे अमल में लाया गया।
Effervesce / Effervesced / Effervesced,Day 155,Advanced,நுரைத்துப் பொங்கு / பொங்கியது / பொங்கியுள்ளது,बुदबुदाना / बुदबुदाया / चुका,1. Let it effervesce. // 2. It effervesced. // 3. (Intransitive),1. அதைப் பொங்க விடு (நுரைத்து). // 2. அது பொங்கியது. // 3. (பொருந்தாது),1. इसे उबलने दो (झाग)। // 2. यह उबल गया। // 3. (लागू नहीं)
Effloresce / Effloresced / Effloresced,Day 155,Advanced,மலர் / மலர்ந்தது / மலர்ந்துள்ளது,फूल की तरह खिलना / खिला / चुका,1. Crystals effloresce. // 2. It effloresced. // 3. (Intransitive),1. படிகங்கள் பூக்கின்றன (வேதியியல்). // 2. அது பூத்தது. // 3. (பொருந்தாது),1. फूलना (रसायन)। // 2. यह फूला। // 3. (लागू नहीं)
Effuse / Effused / Effused,Day 155,Advanced,வழிந்தோடு / ஓடியது / ஓடியுள்ளது,उँडेलना / उँडेला / उँडेल चुका,1. Effuse joy. // 2. He effused. // 3. It was effused.,1. மகிழ்ச்சியைப் பொழி. // 2. அவர் பொழிந்தார். // 3. அது பொழியப்பட்டது.,1. खुशी बिखेरो। // 2. उसने बिखेरी। // 3. यह बिखेरी गई।
Eject / Ejected / Ejected,Day 156,Advanced,வெளியேற்று / ஏற்றினேன் / ஏற்றியுள்ளேன்,बाहर निकालना / निकाला / चुका,1. Eject the disk. // 2. He ejected it. // 3. It was ejected.,1. வட்டை வெளியேற்று. // 2. அவர் அதை வெளியேற்றினார். // 3. அது வெளியேற்றப்பட்டது.,1. डिस्क निकालो। // 2. उसने इसे निकाला। // 3. यह निकाली गई।
Elaborate / Elaborated / Elaborated,Day 156,Advanced,விரிவாக விளக்கு / விளக்கினேன் / விளக்கியுள்ளேன்,विस्तार से बताना / बताया / चुका,1. Elaborate on this. // 2. He elaborated. // 3. It was elaborated.,1. இதை விரிவாகக் கூறு. // 2. அவர் விரிவாகக் கூறினார். // 3. அது விரிவாகக் கூறப்பட்டது.,1. विस्तार से बताओ। // 2. उसने विस्तार से बताया। // 3. विस्तार से बताया गया।
Elapse / Elapsed / Elapsed,Day 156,Advanced,நேரம் கடந்து போ / போனது / போயுள்ளது,बीत जाना (समय) / बीता / चुका,1. Time elapses. // 2. Time elapsed. // 3. (Intransitive),1. காலம் கடக்கிறது. // 2. காலம் கடந்தது. // 3. (பொருந்தாது),1. समय बीतता है। // 2. समय बीत गया। // 3. (लागू नहीं)
Elate / Elated / Elated,Day 156,Advanced,பெருமகிழ்ச்சியூட்டு / ஊட்டினேன் / ஊட்டியுள்ளேன்,प्रफुल्लित करना / किया / चुका,1. Don't elate too much. // 2. It elated him. // 3. He was elated.,1. அதிகம் பூரிப்படையாதே. // 2. அது அவரைப் பூரிப்படையச் செய்தது. // 3. அவர் பூரிப்படைந்தார்.,1. ज्यादा खुश मत हो। // 2. इसने उसे खुश किया। // 3. वह खुश हुआ।
Elbow / Elbowed / Elbowed,Day 156,Advanced,முழங்கையால் தள்ளு / தள்ளினேன் / தள்ளியுள்ளேன்,कुहनी से ढकेलना / ढकेला / चुका,1. Elbow your way out. // 2. He elbowed his way. // 3. (Intransitive),1. இடித்துக்கொண்டு வெளியேறு. // 2. அவர் இடித்துக்கொண்டு சென்றார். // 3. (பொருந்தாது),1. कोहनी मारते हुए निकलो। // 2. वह कोहनी मारते हुए निकला। // 3. (लागू नहीं)
Elect / Elected / Elected,Day 157,Advanced,தேர்ந்தெடு (தேர்தலில்) / எடுத்தேன் / எடுத்துள்ளேன்,निर्वाचित करना / किया / चुका,1. Elect the leader. // 2. They elected him. // 3. He was elected.,1. தலைவரைத் தேர்ந்தெடு. // 2. அவர்கள் அவரைத் தேர்ந்தெடுத்தனர். // 3. அவர் தேர்ந்தெடுக்கப்பட்டார்.,1. नेता चुनो। // 2. उन्होंने उसे चुना। // 3. वह चुना गया।
Electrify / Electrified / Electrified,Day 157,Advanced,மின்மயமாக்கு / ஆக்கினேன் / ஆக்கியுள்ளேன்,रोमांचित करना / किया / कर चुका,1. Electrify the village. // 2. They electrified it. // 3. It was electrified.,1. கிராமத்திற்கு மின்வசதி செய். // 2. அவர்கள் மின்வசதி செய்தனர். // 3. மின்வசதி செய்யப்பட்டது.,1. गाँव का विद्युतीकरण करो। // 2. उन्होंने विद्युतीकरण किया। // 3. विद्युतीकरण किया गया।
Electrocute / Electrocuted / Electrocuted,Day 157,Advanced,மின்சாரத்தால் கொல் / கொன்றேன் / கொன்றுள்ளேன்,बिजली से मारना / मारा / चुका,1. Don't electrocute. // 2. It electrocuted him. // 3. He was electrocuted.,1. மின்சாரம் பாய்ச்சி கொல்லாதே. // 2. அது அவரை மின்சாரம் பாய்ச்சி கொன்றது. // 3. அவர் மின்சாரம் பாய்ந்து இறந்தார்.,1. करंट से मत मारो। // 2. करंट ने उसे मार दिया। // 3. वह करंट लगने से मर गया।
Elevate / Elevated / Elevated,Day 157,Advanced,உயர்த்து / உயர்த்தினேன் / உயர்த்தியுள்ளேன்,ऊपर उठाना / उठाया / उठा चुका,1. Elevate the leg. // 2. He elevated it. // 3. It was elevated.,1. காலை உயர்த்து. // 2. அவர் அதை உயர்த்தினார். // 3. அது உயர்த்தப்பட்டது.,1. पैर ऊपर उठाओ। // 2. उसने इसे उठाया। // 3. इसे उठाया गया।
Elicit / Elicited / Elicited,Day 157,Advanced,வெளிக்கொணர் (தகவலை) / கொணர்ந்தேன்,प्राप्त करना (सूचना) / किया / चुका,1. Elicit the truth. // 2. He elicited it. // 3. It was elicited.,1. உண்மையை வெளிக்கொணர். // 2. அவர் அதை வெளிக்கொணர்ந்தார். // 3. அது வெளிக்கொணரப்பட்டது.,1. सच निकलवाओ। // 2. उसने इसे निकलवाया। // 3. यह निकलवाया गया।
Elide / Elided / Elided,Day 158,Advanced,நீக்கு (எழுத்தை) / நீக்கினேன் / நீக்கியுள்ளேன்,हटा देना / हटाया / हटा चुका,1. Elide the syllable. // 2. He elided it. // 3. It was elided.,1. அசையை நீக்கு (பேச்சில்). // 2. அவர் அதை நீக்கினார். // 3. அது நீக்கப்பட்டது.,1. अक्षर का लोप करो। // 2. उसने लोप किया। // 3. लोप किया गया।
Eliminate / Eliminated / Eliminated,Day 158,Advanced,நீக்கு (முழுமையாக) / நீக்கினேன் / நீக்கியுள்ளேன்,निकालना / निकाला / निकाल चुका,1. Eliminate the error. // 2. He eliminated it. // 3. It was eliminated.,1. பிழையை நீக்கு. // 2. அவர் அதை நீக்கினார். // 3. அது நீக்கப்பட்டது.,1. गलती हटाओ। // 2. उसने इसे हटाया। // 3. इसे हटाया गया।
Elongate / Elongated / Elongated,Day 158,Advanced,நீட்டு / நீட்டினேன் / நீட்டியுள்ளேன்,लंबा करना / किया / कर चुका,1. Elongate the line. // 2. He elongated it. // 3. It was elongated.,1. கோட்டை நீட்டு. // 2. அவர் அதை நீட்டினார். // 3. அது நீட்டப்பட்டது.,1. रेखा को लंबा करो। // 2. उसने इसे लंबा किया। // 3. इसे लंबा किया गया।
Elope / Eloped / Eloped,Day 158,Advanced,ஓடிப்போ (காதலனுடன்) / போனேன் / போயுள்ளேன்,भाग जाना (प्रेमी संग) / भागा,1. Don't elope. // 2. They eloped. // 3. (Intransitive),1. ஓடிப்போகாதே (காதலித்து). // 2. அவர்கள் ஓடிப்போனார்கள். // 3. (பொருந்தாது),1. भागकर शादी मत करो। // 2. वे भाग गए। // 3. (लागू नहीं)
Elucidate / Elucidated / Elucidated,Day 158,Advanced,தெளிவுபடுத்து / படுத்தினேன் / படுத்தியுள்ளேன்,स्पष्ट करना / किया / कर चुका,1. Elucidate the topic. // 2. He elucidated it. // 3. It was elucidated.,1. தலைப்பைத் தெளிவுபடுத்து. // 2. அவர் அதைத் தெளிவுபடுத்தினார். // 3. அது தெளிவுபடுத்தப்பட்டது.,1. विषय स्पष्ट करो। // 2. उसने इसे स्पष्ट किया। // 3. इसे स्पष्ट किया गया।
Elude / Eluded / Eluded,Day 159,Advanced,தந்திரமாகத் தப்பு / தப்பினேன் / தப்பியுள்ளேன்,बच निकलना / निकला / चुका,1. Elude the police. // 2. He eluded them. // 3. They were eluded.,1. காவல்துறையிடமிருந்து தப்பி. // 2. அவர் அவர்களிடமிருந்து தப்பினார். // 3. அவர்கள் ஏமாற்றப்பட்டார்கள் (பிடிக்க முடியவில்லை).,1. पुलिस से बचो। // 2. वह उनसे बच गया। // 3. (लागू नहीं)
Emanate / Emanated / Emanated,Day 159,Advanced,வெளிப்படு / வெளிப்பட்டது / வெளிப்பட்டுள்ளது,निकलना (स्रोत से) / निकला / चुका,1. Smells emanate. // 2. It emanated. // 3. (Intransitive),1. வாசனை வீசுகிறது (வெளிப்படுகிறது). // 2. அது வெளிப்பட்டது. // 3. (பொருந்தாது),1. गंध निकलती है। // 2. यह निकली। // 3. (लागू नहीं)
Emancipate / Emancipated / Emancipated,Day 159,Advanced,விடுதலை செய் / செய்தேன் / செய்துள்ளேன்,स्वतंत्र करना / किया / कर चुका,1. Emancipate them. // 2. He emancipated them. // 3. They were emancipated.,1. அவர்களை விடுவி (அடிமைத்தளையிலிருந்து). // 2. அவர் அவர்களை விடுவித்தார். // 3. அவர்கள் விடுவிக்கப்பட்டார்கள்.,1. उन्हें मुक्त करो। // 2. उसने उन्हें मुक्त किया। // 3. उन्हें मुक्त किया गया।
Embark / Embarked / Embarked,Day 159,Advanced,பயணத்தைத் தொடங்கு / தொடங்கினேன் / தொடங்கியுள்ளேன்,जहाज़ पर चढ़ना / चढ़ा / चुका,1. Embark on a trip. // 2. He embarked. // 3. (Intransitive),1. பயணத்தைத் தொடங்கு. // 2. அவர் தொடங்கினார். // 3. (பொருந்தாது),1. यात्रा शुरू करो। // 2. उसने शुरू की। // 3. (लागू नहीं)
Embarrass / Embarrassed / Embarrassed,Day 159,Advanced,சங்கடப்படுத்து / படுத்தினேன் / படுத்தியுள்ளேன்,शर्मिंदा करना / किया / कर चुका,1. Don't embarrass me. // 2. He embarrassed me. // 3. I was embarrassed.,1. என்னைச் சங்கடப்படுத்தாதே. // 2. அவர் என்னைச் சங்கடப்படுத்தினார். // 3. நான் சங்கடப்பட்டேன்.,1. मुझे शर्मिंदा मत करो। // 2. उसने मुझे शर्मिंदा किया। // 3. मैं शर्मिंदा हुआ।
Embed / Embedded / Embedded,Day 160,Advanced,பதித்து வை / வைத்தேன் / வைத்துள்ளேன்,अंत:स्थापित करना / किया / चुका,1. Embed the image. // 2. He embedded it. // 3. It was embedded.,1. பிம்பத்தைப் பதி. // 2. அவர் அதைப் பதித்தார். // 3. அது பதிக்கப்பட்டது.,1. छवि को एम्बेड करो (जड़ो)। // 2. उसने इसे जड़ा। // 3. इसे जड़ा गया।
Embellish / Embellished / Embellished,Day 160,Advanced,அழகுபடுத்து / படுத்தினேன் / படுத்தியுள்ளேன்,सजाना / सजाया / सजा चुका,1. Embellish the story. // 2. He embellished it. // 3. It was embellished.,1. கதையை அழகுபடுத்து. // 2. அவர் அதை அழகுபடுத்தினார். // 3. அது அழகுபடுத்தப்பட்டது.,1. कहानी को सजाओ (रोचक बनाओ)। // 2. उसने इसे सजाया। // 3. इसे सजाया गया।
Embezzle / Embezzled / Embezzled,Day 160,Advanced,பணத்தைக் கையாடல் செய் / செய்தேன் / செய்துள்ளேன்,गबन करना / किया / कर चुका,1. Don't embezzle. // 2. He embezzled money. // 3. Money was embezzled.,1. கையாடல் செய்யாதே. // 2. அவர் பணத்தைக் கையாடல் செய்தார். // 3. பணம் கையாடல் செய்யப்பட்டது.,1. गबन मत करो। // 2. उसने गबन किया। // 3. गबन किया गया।
Embody / Embodied / Embodied,Day 160,Advanced,உருக்கொடு / கொடுத்தேன் / கொடுத்துள்ளேன்,मूर्त रूप देना / दिया / दे चुका,1. Embody the values. // 2. He embodied them. // 3. They were embodied.,1. மதிப்புகளை உள்ளடக்கிக் கொள். // 2. அவர் அவற்றை உள்ளடக்கிக் கொண்டார். // 3. அவை உள்ளடக்கப்பட்டன.,1. मूल्यों को आत्मसात करो। // 2. उसने उन्हें आत्मसात किया। // 3. उन्हें आत्मसात किया गया।
Embolden / Emboldened / Emboldened,Day 160,Advanced,தைரியப்படுத்து / படுத்தினேன் / படுத்தியுள்ளேன்,प्रोत्साहित करना / किया / चुका,1. Embolden him. // 2. He emboldened me. // 3. I was emboldened.,1. அவருக்குத் தைரியம் கொடு. // 2. அவர் எனக்குத் தைரியம் கொடுத்தார். // 3. நான் தைரியம் அடைந்தேன்.,1. उसे प्रोत्साहित करो। // 2. उसने मुझे प्रोत्साहित किया। // 3. मैं प्रोत्साहित हुआ।