English (V1/V2/V3),Day Number,Difficulty Level,Tamil (Infinitive/Past/Perfect),Hindi (Infinitive/Past/Perfect),English Examples (V1 // V2 // V3),Tamil Examples (V1 // V2 // V3),Hindi Examples (V1 // V2 // V3)
Estimate / Estimated / Estimated,Day 1,Intermediate,மதிப்பிடு / இட்டேன் / இட்டுள்ளேன்,अनुमान लगाना / लगाया / लगा चुका,1. Estimate the cost. // 2. He estimated the time. // 3. I have estimated the weight.,1. விலையை மதிப்பிடு. // 2. அவர் நேரத்தைக் கணித்தார். // 3. நான் எடையைக் கணித்துள்ளேன்.,1. लागत का अनुमान लगाएं। // 2. उसने समय का अनुमान लगाया। // 3. मैंने वजन का अनुमान लगाया है।
Evaluate / Evaluated / Evaluated,Day 1,Intermediate,மதிப்பீடு செய் / செய்தேன் / செய்துள்ளேன்,मूल्यांकन करना / किया / कर चुका,1. Evaluate the results. // 2. She evaluated the car. // 3. They have evaluated us.,1. முடிவுகளை மதிப்பிடு. // 2. அவள் காரை ஆய்வு செய்தாள். // 3. அவர்கள் எங்களை மதிப்பிட்டுள்ளனர்.,1. परिणामों का मूल्यांकन करें। // 2. उसने कार का मूल्यांकन किया। // 3. उन्होंने हमारा मूल्यांकन किया है।
Exaggerate / Exaggerated / Exaggerated,Day 1,Intermediate,மிகைப்படுத்து / படுத்தினேன் / படுத்தியுள்ளேன்,बढ़ा-चढ़ाकर कहना / कहा / कह चुका,1. Don't exaggerate. // 2. He exaggerated the story. // 3. You have exaggerated it.,1. மிகைப்படுத்தாதே. // 2. அவர் கதையை மிகைப்படுத்திக் கூறினார். // 3. நீ அதை மிகைப்படுத்திவிட்டாய்.,1. बढ़ा-चढ़ाकर मत कहो। // 2. उसने कहानी को बढ़ा-चढ़ाकर बताया। // 3. तुमने इसे बढ़ा-चढ़ाकर पेश किया है।
Examine / Examined / Examined,Day 1,Intermediate,ஆய்வு செய் / செய்தேன் / செய்துள்ளேன்,जाँच करना / की / कर चुका,1. Examine the patient. // 2. He examined the file. // 3. I have examined the evidence.,1. நோயாளியைப் பரிசோதி. // 2. அவர் கோப்பை ஆய்வு செய்தார். // 3. நான் ஆதாரத்தைப் பரிசோதித்தேன்.,1. मरीज की जांच करें। // 2. उसने फाइल की जांच की। // 3. मैंने सबूतों की जांच की है।
Exchange / Exchanged / Exchanged,Day 1,Intermediate,பரிமாறிக்கொள் / கொண்டேன் / கொண்டுள்ளேன்,विनिमय करना / किया / कर चुका,1. Exchange the gifts. // 2. They exchanged rings. // 3. I have exchanged the currency.,1. பரிசுகளைப் பரிமாறிக் கொள்ளுங்கள். // 2. அவர்கள் மோதிரங்களை மாற்றிக் கொண்டனர். // 3. நான் பணத்தை மாற்றியுள்ளேன்.,1. उपहारों का आदान-प्रदान करें। // 2. उन्होंने अंगूठियों का आदान-प्रदान किया। // 3. मैंने मुद्रा बदल ली है।
Excite / Excited / Excited,Day 2,Intermediate,உற்சாகப்படுத்து / படுத்தினேன் / படுத்தியுள்ளேன்,उत्साहित करना / किया / कर चुका,1. It excites me. // 2. The news excited him. // 3. You have excited the crowd.,1. அது எனக்கு உற்சாகமளிக்கிறது. // 2. செய்தி அவரை உற்சாகப்படுத்தியது. // 3. நீங்கள் கூட்டத்தை உற்சாகப்படுத்தினீர்கள்.,1. यह मुझे उत्साहित करता है। // 2. खबर ने उसे उत्साहित कर दिया। // 3. आपने भीड़ को उत्साहित कर दिया है।
Exclude / Excluded / Excluded,Day 2,Intermediate,விலக்கு / விலக்கினேன் / விலக்கியுள்ளேன்,निकालना / निकाला / निकाल चुका,1. Exclude the tax. // 2. They excluded him. // 3. I have excluded that option.,1. வரியைத் தவிர். // 2. அவர்கள் அவரை நீக்கினார்கள். // 3. நான் அந்த விருப்பத்தைத் தவிர்த்துவிட்டேன்.,1. टैक्स को बाहर रखें। // 2. उन्होंने उसे बाहर कर दिया। // 3. मैंने उस विकल्प को हटा दिया है।
Excuse / Excused / Excused,Day 2,Intermediate,மன்னிப்பு அளி / அளித்தேன் / அளித்துள்ளேன்,क्षमा करना / की / कर चुका,1. Excuse me. // 2. She excused his behavior. // 3. I have excused you.,1. என்னை மன்னியுங்கள். // 2. அவள் அவன் நடத்தையை மன்னித்தாள். // 3. நான் உன்னை மன்னித்துவிட்டேன்.,1. मुझे क्षमा करें। // 2. उसने उसके व्यवहार को माफ कर दिया। // 3. मैंने तुम्हें माफ कर दिया है।
Execute / Executed / Executed,Day 2,Intermediate,நிறைவேற்று / ஏற்றினேன் / ஏற்றியுள்ளேன்,निष्पादित करना / किया / कर चुका,1. Execute the plan. // 2. They executed the order. // 3. I have executed the task.,1. திட்டத்தைச் செயல்படுத்து. // 2. அவர்கள் உத்தரவை நிறைவேற்றினர். // 3. நான் பணியை முடித்துவிட்டேன்.,1. योजना को लागू करें। // 2. उन्होंने आदेश का पालन किया। // 3. मैंने कार्य पूरा कर लिया है।
Exercise / Exercised / Exercised,Day 2,Intermediate,பயிற்சி செய் / செய்தேன் / செய்துள்ளேன்,व्यायाम करना / किया / कर चुका,1. Exercise daily. // 2. He exercised his rights. // 3. I have exercised today.,1. தினமும் உடற்பயிற்சி செய். // 2. அவர் தனது உரிமையைப் பயன்படுத்தினார். // 3. நான் இன்று உடற்பயிற்சி செய்தேன்.,1. रोज व्यायाम करें। // 2. उसने अपने अधिकारों का प्रयोग किया। // 3. मैंने आज व्यायाम किया है।
Exhibit / Exhibited / Exhibited,Day 3,Intermediate,காட்சிப்படுத்து / படுத்தினேன் / படுத்தியுள்ளேன்,प्रदर्शित करना / किया / कर चुका,1. Exhibit the talent. // 2. He exhibited his art. // 3. They have exhibited here.,1. திறமையை வெளிப்படுத்து. // 2. அவர் தன் கலையை காட்சிப்படுத்தினார். // 3. அவர்கள் இங்கே காட்சிப்படுத்தியுள்ளனர்.,1. प्रतिभा का प्रदर्शन करें। // 2. उसने अपनी कला का प्रदर्शन किया। // 3. उन्होंने यहाँ प्रदर्शनी लगाई है।
Exist / Existed / Existed,Day 3,Intermediate,இரு / இருந்தது / இருந்திருக்கிறது,अस्तित्व में होना / था / हो चुका,1. Hope exists. // 2. Such things existed. // 3. It has existed for years.,1. நம்பிக்கை இருக்கிறது. // 2. அத்தகைய விஷயங்கள் இருந்தன. // 3. இது பல ஆண்டுகளாக இருந்து வருகிறது.,1. आशा मौजूद है। // 2. ऐसी चीजें मौजूद थीं। // 3. यह सालों से अस्तित्व में है।
Expand / Expanded / Expanded,Day 3,Intermediate,விரிவுபடுத்து / படுத்தினேன் / படுத்தியுள்ளேன்,विस्तार करना / किया / कर चुका,1. Expand the business. // 2. It expanded quickly. // 3. I have expanded the text.,1. தொழிலை விரிவுபடுத்து. // 2. அது வேகமாக விரிவடைந்தது. // 3. நான் உரையை விரிவுபடுத்தியுள்ளேன்.,1. व्यवसाय का विस्तार करें। // 2. यह तेजी से फैला। // 3. मैंने टेक्स्ट का विस्तार किया है।
Expect / Expected / Expected,Day 3,Intermediate,எதிர்பார் / பார்த்தேன் / பார்த்துள்ளேன்,उम्मीद करना / की / कर चुका,1. Expect the best. // 2. He expected a call. // 3. I have expected this.,1. நல்லதை எதிர்பார்க்கவும். // 2. அவர் அழைப்பை எதிர்நோக்கினார். // 3. நான் இதை எதிர்பார்த்தேன்.,1. अच्छे की उम्मीद करें। // 2. उसे फोन आने की उम्मीद थी। // 3. मैंने इसकी उम्मीद की थी।
Expel / Expelled / Expelled,Day 3,Intermediate,வெளியேற்று / ஏற்றினேன் / ஏற்றியுள்ளேன்,बाहर निकालना / निकाला / निकाल चुका,1. Expel the smoke. // 2. They expelled him. // 3. I have been expelled.,1. புகையை வெளியேற்று. // 2. அவர்கள் அவரை வெளியேற்றினர். // 3. நான் வெளியேற்றப்பட்டேன்.,1. धुआं बाहर निकालें। // 2. उन्होंने उसे निकाल दिया। // 3. मुझे निष्कासित कर दिया गया है।
Experience / Experienced / Experienced,Day 4,Intermediate,அனுபவி / அனுபவித்தேன் / அனுபவித்துள்ளேன்,अनुभव करना / किया / कर चुका,1. Experience life. // 2. He experienced pain. // 3. I have experienced joy.,1. வாழ்க்கையை அனுபவி. // 2. அவர் வலியை உணர்ந்தார். // 3. நான் மகிழ்ச்சியை அனுபவித்தேன்.,1. जीवन का अनुभव करें। // 2. उसने दर्द महसूस किया। // 3. मैंने खुशी का अनुभव किया है।
Explain / Explained / Explained,Day 4,Intermediate,விளக்கு / விளக்கினேன் / விளக்கியுள்ளேன்,समझाना / समझाया / समझा चुका,1. Explain the rule. // 2. He explained the map. // 3. I have explained everything.,1. விதியை விளக்கு. // 2. அவர் வரைபடத்தை விளக்கினார். // 3. நான் அனைத்தையும் விளக்கிவிட்டேன்.,1. नियम समझाएं। // 2. उसने नक्शा समझाया। // 3. मैंने सब कुछ समझा दिया है।
Explode / Exploded / Exploded,Day 4,Intermediate,வெடி / வெடித்தது / வெடித்திருக்கிறது,फटना / फटा / फट चुका,1. Bombs explode. // 2. The gas exploded. // 3. It has exploded.,1. குண்டுகள் வெடிக்கும். // 2. எரிவாயு வெடித்தது. // 3. அது வெடித்துவிட்டது.,1. बम फटते हैं। // 2. गैस फट गई। // 3. यह फट चुका है।
Explore / Explored / Explored,Day 4,Intermediate,ஆராய் / ஆராய்ந்தேன் / ஆராய்ந்துள்ளேன்,खोजना / खोजा / खोज चुका,1. Explore the world. // 2. He explored the cave. // 3. I have explored options.,1. உலகைச் சுற்றிப்பார். // 2. அவர் குகையை ஆராய்ந்தார். // 3. நான் வாய்ப்புகளை ஆராய்ந்தேன்.,1. दुनिया की सैर करें। // 2. उसने गुफा की खोज की। // 3. मैंने विकल्पों की तलाश की है।
Export / Exported / Exported,Day 4,Intermediate,ஏற்றுமதி செய் / செய்தேன் / செய்துள்ளேன்,निर्यात करना / किया / कर चुका,1. Export the tea. // 2. They exported grain. // 3. We have exported cars.,1. தேயிலையை ஏற்றுமதி செய். // 2. அவர்கள் தானியங்களை ஏற்றுமதி செய்தனர். // 3. நாங்கள் கார்களை ஏற்றுமதி செய்துள்ளோம்.,1. चाय का निर्यात करें। // 2. उन्होंने अनाज का निर्यात किया। // 3. हमने कारों का निर्यात किया है।
Expose / Exposed / Exposed,Day 5,Intermediate,வெளிப்படுத்து / படுத்தினேன் / படுத்தியுள்ளேன்,उजागर करना / किया / कर चुका,1. Expose the lie. // 2. He exposed the truth. // 3. The skin was exposed.,1. பொய்யை வெளிப்படுத்து. // 2. அவர் உண்மையை வெளிச்சம் போட்டுக் காட்டினார். // 3. தோல் வெளியே தெரிந்தது.,1. झूठ का पर्दाफाश करें। // 2. उसने सच उजागर किया। // 3. त्वचा खुली रह गई थी।
Express / Expressed / Expressed,Day 5,Intermediate,வெளிப்படுத்து / படுத்தினேன் / படுத்தியுள்ளேன்,व्यक्त करना / किया / कर चुका,1. Express your love. // 2. He expressed doubt. // 3. I have expressed my view.,1. உன் அன்பை வெளிப்படுத்து. // 2. அவர் சந்தேகத்தைத் தெரிவித்தார். // 3. நான் என் கருத்தை வெளிப்படுத்தினேன்.,1. अपना प्यार व्यक्त करें। // 2. उसने संदेह व्यक्त किया। // 3. मैंने अपना विचार व्यक्त किया है।
Extend / Extended / Extended,Day 5,Intermediate,நீட்டி / நீட்டினேன் / நீட்டியுள்ளேன்,बढ़ाना / बढ़ाया / बढ़ा चुका,1. Extend the deadline. // 2. He extended his hand. // 3. I have extended the trip.,1. காலக்கெடுவை நீட்டிக்கவும். // 2. அவர் கையை நீட்டினார். // 3. நான் பயணத்தை நீட்டித்துள்ளேன்.,1. समय सीमा बढ़ाएं। // 2. उसने अपना हाथ बढ़ाया। // 3. मैंने यात्रा बढ़ा दी है।
Extract / Extracted / Extracted,Day 5,Intermediate,பிரித்தெடு / எடுத்தேன் / எடுத்துள்ளேன்,निकालना / निकाला / निकाल चुका,1. Extract the tooth. // 2. He extracted the oil. // 3. I have extracted the file.,1. பல்லை பிடுங்கு (எடு). // 2. அவர் எண்ணெயைப் பிரித்தெடுத்தார். // 3. நான் கோப்பை எடுத்தேன்.,1. दांत निकालें। // 2. उसने तेल निकाला। // 3. मैंने फाइल निकाल ली है।
Face / Faced / Faced,Day 5,Intermediate,எதிர்நோக்கு / நோக்கினேன் / நோக்கியுள்ளேன்,सामना करना / किया / कर चुका,1. Face the truth. // 2. He faced the music. // 3. I have faced challenges.,1. உண்மையை எதிர்கொள். // 2. அவர் விளைவுகளைச் சந்தித்தார். // 3. நான் சவால்களை எதிர்கொண்டேன்.,1. सच का सामना करें। // 2. उसने मुसीबत का सामना किया। // 3. मैंने चुनौतियों का सामना किया है।
Fade / Faded / Faded,Day 6,Intermediate,மங்கு / மங்கியது / மங்கியுள்ளது,फीका पड़ना / पड़ा / पड़ चुका,1. Colors fade. // 2. The sound faded away. // 3. It has faded.,1. நிறங்கள் மங்கும். // 2. சத்தம் மெல்லத் தேய்ந்தது. // 3. அது மங்கிவிட்டது.,1. रंग फीके पड़ जाते हैं। // 2. आवाज धीमी हो गई। // 3. यह फीका पड़ गया है।
Fail / Failed / Failed,Day 6,Intermediate,தோல்வியடை / அடைந்தேன் / அடைந்துள்ளேன்,विफल होना / हुआ / हो चुका,1. Don't fail me. // 2. He failed the test. // 3. I have failed once.,1. என்னை ஏமாற்றிவிடாதே. // 2. அவர் தேர்வில் தோல்வியடைந்தார். // 3. நான் ஒருமுறை தோல்வியடைந்தேன்.,1. मुझे निराश मत करना। // 2. वह परीक्षा में फेल हो गया। // 3. मैं एक बार असफल रहा हूँ।
Faint / Fainted / Fainted,Day 6,Intermediate,மயக்கமடை / அடைந்தேன் / அடைந்துள்ளேன்,बेहोश होना / हुआ / हो चुका,1. Heat makes me faint. // 2. She fainted today. // 3. He has fainted.,1. வெயில் என்னை மயக்கமடையச் செய்கிறது. // 2. அவள் இன்று மயக்கமடைந்தாள். // 3. அவர் மயங்கிவிட்டார்.,1. गर्मी से मुझे चक्कर आते हैं। // 2. वह आज बेहोश हो गई। // 3. वह बेहोश हो गया है।
Fancy / Fancied / Fancied,Day 6,Intermediate,கற்பனை செய் / செய்தேன் / செய்துள்ளேன்,कल्पना करना / की / कर चुका,1. I fancy a tea. // 2. He fancied her. // 3. I have fancied this car.,1. எனக்கு ஒரு டீ குடிக்க ஆசை. // 2. அவர் அவளை விரும்பினார். // 3. நான் இந்த காரை விரும்பினேன்.,1. मुझे चाय पसंद है। // 2. उसने उसे पसंद किया। // 3. मैंने इस कार को पसंद किया है।
Fasten / Fastened / Fastened,Day 6,Intermediate,இறுக்கிக் கட்டு / கட்டினேன் / கட்டியுள்ளேன்,बाँधना / बाँधा / बाँध चुका,1. Fasten your belt. // 2. He fastened the gate. // 3. I have fastened it.,1. உன் பெல்ட்டை அணிந்துகொள். // 2. அவர் கேட்டைப் பூட்டினார். // 3. நான் அதைப் பொருத்தியுள்ளேன்.,1. अपनी बेल्ट बांध लें। // 2. उसने गेट बंद कर दिया। // 3. मैंने इसे बांध दिया है।
Fear / Feared / Feared,Day 7,Intermediate,பயப்படு / பயந்தேன் / பயந்துள்ளேன்,डरना / डरा / डर चुका,1. Don't fear death. // 2. He feared the dark. // 3. I have feared this.,1. மரணத்திற்குப் பயப்படாதே. // 2. அவர் இருட்டைக் கண்டு பயந்தார். // 3. நான் இதைக் கண்டு பயந்தேன்.,1. मौत से मत डरो। // 2. वह अंधेरे से डरता था। // 3. मैंने इसका डर महसूस किया है।
Fetch / Fetched / Fetched,Day 7,Intermediate,கொண்டு வா / வந்தேன் / வந்துள்ளேன்,जाकर लाना / लाया / ला चुका,1. Fetch some water. // 2. He fetched the ball. // 3. I have fetched the bag.,1. கொஞ்சம் தண்ணீர் கொண்டு வா. // 2. அவர் பந்தைக் கொண்டு வந்தார். // 3. நான் பையைக் கொண்டு வந்தேன்.,1. थोड़ा पानी लाओ। // 2. वह गेंद लेकर आया। // 3. मैं बैग ले आया हूँ।
Fight / Fought / Fought,Day 7,Intermediate,சண்டையிடு / இட்டேன் / இட்டுள்ளேன்,लड़ना / लड़ा / लड़ चुका,1. Fight for justice. // 2. They fought bravely. // 3. I have fought back.,1. நீதிக்காகப் போராடு. // 2. அவர்கள் வீரமாகப் போரிட்டனர். // 3. நான் எதிர்த்துப் போராடினேன்.,1. न्याय के लिए लड़ें। // 2. वे बहादुरी से लड़े। // 3. मैंने पलटवार किया है।
File / Filed / Filed,Day 7,Intermediate,கோப்பிடு / இட்டேன் / இட்டுள்ளேன்,फाइल करना / किया / कर चुका,1. File the report. // 2. He filed a case. // 3. I have filed the papers.,1. அறிக்கையைத் தாக்கல் செய். // 2. அவர் ஒரு வழக்குப் பதிவு செய்தார். // 3. நான் காகிதங்களைத் தாக்கல் செய்தேன்.,1. रिपोर्ट फाइल करें। // 2. उसने मामला दर्ज किया। // 3. मैंने कागजात जमा कर दिए हैं।
Fill / Filled / Filled,Day 7,Intermediate,நிரப்பு / நிரப்பினேன் / நிரப்பியுள்ளேன்,भरना / भरा / भर चुका,1. Fill the glass. // 2. He filled the tank. // 3. I have filled the form.,1. கண்ணாடியை நிரப்பு. // 2. அவர் டேங்க்கை நிரப்பினார். // 3. நான் படிவத்தைப் பூர்த்தி செய்தேன்.,1. गिलास भरें। // 2. उसने टैंक भर दिया। // 3. मैंने फॉर्म भर दिया है।
Film / Filmed / Filmed,Day 8,Intermediate,படம்பிடி / பிடித்தேன் / பிடித்துள்ளேன்,फिल्म बनाना / बनाई / बना चुका,1. Film the event. // 2. He filmed the cat. // 3. They have filmed here.,1. நிகழ்வைப் படம் பிடி. // 2. அவர் பூனையைப் படம் பிடித்தார். // 3. அவர்கள் இங்கே படம் பிடித்துள்ளனர்.,1. घटना को फिल्माएं। // 2. उसने बिल्ली का वीडियो बनाया। // 3. उन्होंने यहाँ फिल्म बनाई है।
Finance / Financed / Financed,Day 8,Intermediate,நிதியுதவி செய் / செய்தேன் / செய்துள்ளேன்,वित्त पोषण करना / किया / कर चुका,1. Finance the project. // 2. He financed the car. // 3. I have financed it.,1. திட்டத்திற்கு நிதி வழங்கு. // 2. அவர் காருக்கு நிதி வழங்கினார். // 3. நான் அதற்கு நிதி அளித்துள்ளேன்.,1. परियोजना को वित्तपोषित करें। // 2. उसने कार के लिए पैसे दिए। // 3. मैंने इसे फाइनेंस किया है।
Find / Found / Found,Day 8,Intermediate,கண்டறி / அறிந்தேன் / அறிந்துள்ளேன்,पाना / पाया / पा चुका,1. Find the key. // 2. He found his dog. // 3. I have found peace.,1. சாவியைக் கண்டுபிடி. // 2. அவர் தன் நாயைக் கண்டுபிடித்தார். // 3. நான் அமைதியைக் கண்டேன்.,1. चाबी ढूंढो। // 2. उसे अपना कुत्ता मिल गया। // 3. मुझे शांति मिल गई है।
Finish / Finished / Finished,Day 8,Intermediate,முடி / முடித்தேன் / முடித்துள்ளேன்,समाप्त करना / किया / कर चुका,1. Finish your food. // 2. He finished the task. // 3. I have finished.,1. உணவை முடி. // 2. அவர் பணியை முடித்தார். // 3. நான் முடித்துவிட்டேன்.,1. अपना खाना खत्म करें। // 2. उसने काम पूरा किया। // 3. मैंने काम खत्म कर लिया है।
Fire / Fired / Fired,Day 8,Intermediate,சுடு / சுட்டேன் / சுட்டுள்ளேன்,आग लगाना (या नौकरी से निकालना) / किया,1. Fire the gun. // 2. He fired the cook. // 3. I have fired it.,1. துப்பாக்கியால் சுடு. // 2. அவர் சமையல்காரரை வேலையிலிருந்து நீக்கினார். // 3. நான் அதைச் சுட்டேன்.,1. बंदूक चलाओ। // 2. उसने रसोइए को निकाल दिया। // 3. मैंने गोली चलाई है।
Fit / Fitted / Fitted,Day 9,Intermediate,பொருத்து / பொருத்தினேன் / பொருத்திலுள்ளேன்,फिट होना / हुआ / हो चुका,1. It fits well. // 2. He fitted the lock. // 3. It has fitted perfectly.,1. இது சரியாகப் பொருந்துகிறது. // 2. அவர் பூட்டைப் பொருத்தினார். // 3. அது கச்சிதமாகப் பொருந்தியது.,1. यह अच्छी तरह फिट बैठता है। // 2. उसने ताला लगाया। // 3. यह बिल्कुल सही बैठा है।
Fix / Fixed / Fixed,Day 9,Intermediate,சரிசெய் / செய்தேன் / செய்துள்ளேன்,ठीक करना / किया / कर चुका,1. Fix the tap. // 2. He fixed the date. // 3. I have fixed the TV.,1. குழாயைச் சரிசெய். // 2. அவர் தேதியை உறுதி செய்தார். // 3. நான் டிவியைச் சரிசெய்தேன்.,1. नल ठीक करें। // 2. उसने तारीख तय की। // 3. मैंने टीवी ठीक कर दिया है।
Flap / Flapped / Flapped,Day 9,Intermediate,படபட / அடித்தது / அடித்துள்ளது,फड़फड़ाना / फड़फड़ाया / चुका,1. Birds flap wings. // 2. It flapped in wind. // 3. It has flapped.,1. பறவைகள் இறக்கைகளை அடிக்கின்றன. // 2. அது காற்றில் அசைந்தது. // 3. அது அசைந்தது.,1. पक्षी पंख फड़फड़ाते हैं। // 2. यह हवा में फड़फड़ाया। // 3. यह फड़फड़ा चुका है।
Flash / Flashed / Flashed,Day 9,Intermediate,மின்னு / மின்னியது / மின்னியுள்ளது,चमकना / चमका / चमक चुका,1. Flash the light. // 2. It flashed bright. // 3. It has flashed.,1. விளக்கை ஒளிரவிடு. // 2. அது பிரகாசமாக மின்னியது. // 3. அது மின்னியது.,1. लाइट चमकाएं। // 2. यह जोर से चमका। // 3. यह चमक चुका है।
Flatten / Flattened / Flattened,Day 9,Intermediate,சமமாக்கு / ஆக்கினேன் / ஆக்கியுள்ளேன்,चपटा करना / किया / कर चुका,1. Flatten the dough. // 2. He flattened it. // 3. I have flattened the box.,1. மாவைத் தட்டையாக்கு. // 2. அவர் அதைத் தட்டையாக்கினார். // 3. நான் பெட்டியை நசுக்கினேன்.,1. आटा चपटा करें। // 2. उसने इसे चपटा कर दिया। // 3. मैंने डिब्बा चपटा कर दिया है।
Flatter / Flattered / Flattered,Day 10,Intermediate,புகழ் / புகழ்ந்தேன் / புகழ்ந்துள்ளேன்,चापलूसी करना / की / कर चुका,1. Don't flatter me. // 2. He flattered her. // 3. You have flattered him.,1. என்னைப் புகழாதே (ஐஸ் வைக்காதே). // 2. அவர் அவளைப் புகழ்ந்தார். // 3. நீ அவரைப் புகழ்ந்தாய்.,1. मेरी चापलूसी मत करो। // 2. उसने उसकी चापलूसी की। // 3. तुमने उसे चने के झाड़ पर चढ़ाया है।
Flee / Fled / Fled,Day 10,Intermediate,தப்பியோடிடு / ஓடினேன் / ஓடியுள்ளேன்,भाग जाना / भाग गया / भाग चुका,1. Flee the scene. // 2. He fled the city. // 3. They have fled.,1. இடத்திலிருந்து தப்பி ஓடு. // 2. அவர் நகரத்தை விட்டு ஓடினார். // 3. அவர்கள் தப்பி ஓடிவிட்டனர்.,1. मौके से भाग जाओ। // 2. वह शहर से भाग गया। // 3. वे भाग चुके हैं।
Float / Floated / Floated,Day 10,Intermediate,மித / மிதந்தேன் / மிதந்துள்ளேன்,तैरना (पानी पर) / तैरा / तैर चुका,1. Logs float. // 2. It floated away. // 3. It has floated.,1. கட்டைகள் மிதக்கும். // 2. அது மிதந்து சென்றது. // 3. அது மிதந்துவிட்டது.,1. लकड़ी तैरती है। // 2. यह तैरकर दूर चला गया। // 3. यह तैर चुका है।
Flood / Flooded / Flooded,Day 10,Intermediate,வெள்ளம் பெருக்கெடு / எடுத்தது / எடுத்துள்ளது,बाढ़ आना / आई / आ चुकी,1. Rivers flood. // 2. Water flooded the room. // 3. It has flooded.,1. ஆறுகள் பொங்கி வழியும் (வெள்ளம்). // 2. தண்ணீர் அறையை நிரப்பியது. // 3. வெள்ளம் வந்துவிட்டது.,1. नतियां उफनती हैं। // 2. कमरे में पानी भर गया। // 3. बाढ़ आ गई है।
Flow / Flowed / Flowed,Day 10,Intermediate,பாய் / பாய்ந்தது / பாய்ந்துள்ளது,बहना / बहा / बह चुका,1. Waters flow. // 2. Blood flowed out. // 3. It has flowed.,1. நீர் பாயும். // 2. ரத்தம் வெளியேறியது. // 3. அது பாய்ந்துவிட்டது.,1. पानी बहता है। // 2. खून बहने लगा। // 3. यह बह चुका है।
Flower / Flowered / Flowered,Day 11,Intermediate,பூ / பூத்தது / பூத்துள்ளது,फूल खिलना / खिला / खिल चुका,1. Plants flower. // 2. It flowered late. // 3. It has flowered.,1. செடிகள் பூக்கும். // 2. அது தாமதமாகப் பூத்தது. // 3. அது பூத்துள்ளது.,1. पौधे फूलते हैं। // 2. इसमें देर से फूल आए। // 3. इसमें फूल आ चुके हैं।
Fly / Flew / Flown,Day 11,Intermediate,பற / பறந்தேன் / பறந்துள்ளேன்,उड़ना / उड़ा / उड़ चुका,1. Birds fly. // 2. He flew to Paris. // 3. I have flown before.,1. பறவைகள் பறக்கும். // 2. அவர் பாரிஸிற்குப் பறந்தார் (விமானத்தில்). // 3. நான் முன்பு பறந்திருக்கிறேன்.,1. पक्षी उड़ते हैं। // 2. वह पेरिस गया। // 3. मैंने पहले उड़ान भरी है।
Focus / Focused / Focused,Day 11,Intermediate,கவனி / கவனித்தேன் / கவனித்துள்ளேன்,ध्यान केंद्रित करना / किया / चुका,1. Focus on study. // 2. He focused the lens. // 3. I have focused today.,1. படிப்பில் கவனம் செலுத்து. // 2. அவர் லென்ஸை ஒருநிலைப்படுத்தினார். // 3. நான் இன்று கவனம் செலுத்தினேன்.,1. पढ़ाई पर ध्यान दें। // 2. उसने लेंस फोकस किया। // 3. मैंने ध्यान केंद्रित किया है।
Fold / Folded / Folded,Day 11,Intermediate,மடி / மடித்தேன் / மடித்துள்ளேன்,मोड़ना / मोड़ा / मोड़ चुका,1. Fold the paper. // 2. He folded the shirt. // 3. I have folded the map.,1. காகிதத்தை மடி. // 2. அவர் சட்டையை மடித்தார். // 3. நான் வரைபடத்தை மடித்தேன்.,1. कागज मोड़ें। // 2. उसने शर्ट की तह लगाई। // 3. मैंने नक्शा मोड़ दिया है।
Follow / Followed / Followed,Day 11,Intermediate,பின்பற்று / பின்பற்றினேன் / பின்பற்றியுள்ளேன்,अनुसरण करना / किया / कर चुका,1. Follow me. // 2. He followed the rules. // 3. I have followed you.,1. என்னைப் பின்பற்று. // 2. அவர் விதைகளைப் பின்பற்றினார். // 3. நான் உன்னைப் பின்தொடர்ந்தேன்.,1. मेरे पीछे आओ। // 2. उसने नियमों का पालन किया। // 3. मैंने तुम्हारा पीछा किया है।
Fool / Fooled / Fooled,Day 12,Intermediate,ஏமாற்று / ஏமாற்றினேன் / ஏமாற்றியுள்ளேன்,मूर्ख बनाना / बनाया / बना चुका,1. Don't fool me. // 2. He fooled them. // 3. I have been fooled.,1. என்னை ஏமாற்றாதே. // 2. அவர் அவர்களை ஏமாற்றினார். // 3. நான் ஏமாற்றப்பட்டேன்.,1. मुझे बेवकूफ मत बनाओ। // 2. उसने उन्हें बेवकूफ बनाया। // 3. मुझे बेवकूफ बनाया गया है।
Force / Forced / Forced,Day 12,Intermediate,கட்டாயப்படுத்து / படுத்தினேன் / படுத்தியுள்ளேன்,मजबूर करना / किया / कर चुका,1. Don't force it. // 2. He forced the door. // 3. I have forced the issue.,1. அதைக் கட்டாயப்படுத்தாதே. // 2. அவர் கதையைப் பலவந்தமாகத் திறந்தார். // 3. நான் அதை வற்புறுத்தினேன்.,1. जबरदस्ती मत करो। // 2. उसने दरवाजा तोड़ा। // 3. मैंने दबाव डाला है।
Forecast / Forecast / Forecast,Day 12,Intermediate,முன்னறிவிப்பு செய் / செய்தேன் / செய்துள்ளேன்,भविष्यवाणी करना / की / कर चुका,1. Forecast rain. // 2. He forecast the loss. // 3. It has forecast snow.,1. மழையை முன்கூட்டியே கணி. // 2. அவர் இழப்பைக் கணித்தார். // 3. அது பனியைக் கணித்துள்ளது.,1. बारिश का अनुमान लगाएं। // 2. उसने नुकसान का अनुमान लगाया। // 3. बर्फबारी का अनुमान लगाया गया है।
Form / Formed / Formed,Day 12,Intermediate,உருவாக்கு / ஆக்கினேன் / ஆக்கியுள்ளேன்,बनाना / बनाया / बना चुका,1. Form a line. // 2. They formed a group. // 3. I have formed a habit.,1. ஒரு வரிசையை உருவாக்கு. // 2. அவர்கள் ஒரு குழுவை உருவாக்கினர். // 3. நான் ஒரு பழக்கத்தை வளர்த்தேன்.,1. एक लाइन बनाएं। // 2. उन्होंने एक समूह बनाया। // 3. मैंने एक आदत बना ली है।
Found / Founded / Founded,Day 12,Intermediate,நிறுவு / நிறுவினேன் / நிறுவியுள்ளேன்,स्थापित करना / किया / कर चुका,1. Found a club. // 2. He founded a school. // 3. It was founded in 1990.,1. ஒரு சங்கத்தை நிறுவு. // 2. அவர் ஒரு பள்ளியை நிறுவினார். // 3. அது 1990-ல் நிறுவப்பட்டது.,1. एक क्लब की स्थापना करें। // 2. उसने एक स्कूल की स्थापना की। // 3. इसकी स्थापना 1990 में हुई थी।
Frame / Framed / Framed,Day 13,Intermediate,வடிவமை / வடிவமைத்தேன் / வடிவமைத்துள்ளேன்,ढाँचा बनाना / बनाया / बना चुका,1. Frame the photo. // 2. He framed the plan. // 3. I have framed it.,1. புகைப்படத்திற்குச் சட்டம் போடு. // 2. அவர் திட்டத்தை வடிவமைத்தார். // 3. நான் அதைச் சட்டம் போட்டேன்.,1. फोटो फ्रेम करें। // 2. उसने योजना बनाई। // 3. मैंने इसे फ्रेम कर दिया है।
Free / Freed / Freed,Day 13,Intermediate,விடுவி / விடுவித்தேன் / விடுவித்துள்ளேன்,आज़ाद करना / किया / कर चुका,1. Free the birds. // 2. He freed the slave. // 3. I have freed my time.,1. பறவைகளை விடுவி. // 2. அவர் அடிமையை விடுவித்தார். // 3. நான் என் நேரத்தை ஒதுக்கினேன்.,1. पक्षियों को आजाद करो। // 2. उसने गुलाम को आजाद कर दिया। // 3. मैंने अपना समय खाली कर लिया है।
Freeze / Froze / Frozen,Day 13,Intermediate,உறை / உறைந்தேன் / உறைந்துள்ளேன்,जमना / जमा / जम चुका,1. Water freezes. // 2. It froze tonight. // 3. I have frozen the meat.,1. தண்ணீர் உறையும். // 2. அது இன்று இரவு உறைந்தது. // 3. நான் இறைச்சியை உறைய வைத்தேன்.,1. पानी जम जाता है। // 2. यह आज रात जम गया। // 3. मैंने मांस जमा दिया है।
Frighten / Frightened / Frightened,Day 13,Intermediate,பயமுறுத்து / படுத்தினேன் / படுத்தியுள்ளேன்,डराना / डराया / डरा चुका,1. Don't frighten him. // 2. It frightened me. // 3. I have been frightened.,1. அவனைப் பயமுறுத்தாதே. // 2. அது என்னைப் பயமுறுத்தியது. // 3. நான் பயந்துவிட்டேன்.,1. उसे डराओ मत। // इसने मुझे डरा दिया। // मैं डर गया हूँ।
Fry / Fried / Fried,Day 13,Intermediate,வறு / வறுத்தேன் / வறுத்துள்ளேன்,तलना / तला / तल चुका,1. Fry the fish. // 2. She fried eggs. // 3. I have fried the rice.,1. மீனை வறுக்கவும். // 2. அவள் முட்டையை வறுத்தாள். // 3. நான் சாதத்தை வறுத்தேன்.,1. मछली तलें। // 2. उसने अंडे तले। // 3. मैंने चावल भून लिए हैं।
Fulfill / Fulfilled / Fulfilled,Day 14,Intermediate,நிறைவேற்று / ஏற்றினேன் / ஏற்றியுள்ளேன்,पूरा करना / किया / कर चुका,1. Fulfill the dream. // 2. He fulfilled the duty. // 3. I have fulfilled it.,1. கனவை நனவாக்கு. // 2. அவர் கடமையை நிறைவேற்றினார். // 3. நான் அதை முடித்துவிட்டேன்.,1. सपना पूरा करें। // 2. उसने कर्तव्य पूरा किया। // 3. मैंने इसे पूरा कर दिया है।
Gain / Gained / Gained,Day 14,Intermediate,லாபம் பெறு / பெற்றேன் / பெற்றுள்ளேன்,लाभ पाना / पाया / पा चुका,1. Gain knowledge. // 2. He gained weight. // 3. I have gained time.,1. அறிவைப் பெறு. // 2. அவர் எடை கூடினார். // 3. நான் நேரத்தைப் பெற்றேன்.,1. ज्ञान प्राप्त करें। // उसका वजन बढ़ गया। // मुझे समय मिल गया है।
Gamble / Gambled / Gambled,Day 14,Intermediate,சூதாடு /ாடினேன் /ாடியுள்ளேன்,जुआ खेलना / खेला / खेल चुका,1. Don't gamble. // 2. He gambled all. // 3. I have gambled before.,1. சூதாடாதே. // 2. அவர் அனைத்தையும் பணயம் வைத்தார். // 3. நான் முன்பு சூதாடி இருக்கிறேன்.,1. जुआ मत खेलो। // उसने सब कुछ दांव पर लगा दिया। // मैंने पहले जुआ खेला है।
Gather / Gathered / Gathered,Day 14,Intermediate,ஒன்றுசேர் / சேர்ந்தேன் / சேர்ந்துள்ளேன்,इकट्ठा करना / किया / कर चुका,1. Gather the kids. // 2. They gathered wood. // 3. I have gathered info.,1. குழந்தைகளை ஒன்று திரட்டு. // 2. அவர்கள் விறகு சேகரித்தனர். // 3. நான் தகவலைச் சேகரித்தேன்.,1. बच्चों को इकट्ठा करो। // उन्होंने लकड़ी इकट्ठा की। // मैंने जानकारी जुटाई है।
Gaze / Gazed / Gazed,Day 14,Intermediate,உற்றுப்பார் / பார்த்தேன் / பார்த்துள்ளேன்,घूरना / घूरा / घूर चुका,1. Gaze at stars. // 2. He gazed at her. // 3. I have gazed long.,1. நட்சத்திரங்களைப் பார். // 2. அவர் அவளை உற்றுப் பார்த்தார். // 3. நான் நீண்ட நேரம் பார்த்தேன்.,1. सितारों को निहारें। // वह उसे निहारने लगा। // मैं देर तक देखता रहा।
Generalize / Generalized / Generalized,Day 15,Intermediate,பொதுமைப்படுத்து / படுத்தினேன் / படுத்தியுள்ளேன்,सामान्यीकरण करना / किया / चुका,1. Don't generalize. // 2. He generalized it. // 3. I have generalized.,1. பொதுவாகக் கூறாதே. // 2. அவர் அதைப் பொதுப்படையாகக் கூறினார். // 3. நான் பொதுப்படையாகப் பேசினேன்.,1. सामान्यीकरण न करें। // उसने इसे सामान्य बना दिया। // मैंने इसे सामान्य रूप से कहा है।
Generate / Generated / Generated,Day 15,Intermediate,உருவாக்கு / ஆக்கினேன் / ஆக்கியுள்ளேன்,उत्पन्न करना / किया / कर चुका,1. Generate power. // 2. It generated heat. // 3. We have generated sales.,1. மின்சாரம் தயாரி. // 2. அது வெப்பத்தை உண்டாக்கியது. // 3. நாங்கள் விற்பனையை உருவாக்கினோம்.,1. बिजली पैदा करें। // इसने गर्मी पैदा की। // हमने बिक्री बढ़ाई है।
Get / Got / Gotten,Day 15,Intermediate,பெறு / பெற்றேன் / பெற்றுள்ளேன்,प्राप्त करना / किया / कर चुका,1. Get a job. // 2. He got a gift. // 3. I have gotten late.,1. வேலை தேடு (பெறு). // 2. அவர் ஒரு பரிசு பெற்றார். // எனக்குத் தாமதமாகிவிட்டது.,1. नौकरी पाओ। // उसे एक उपहार मिला। // मुझे देर हो गई है।
Give / Gave / Given,Day 15,Intermediate,கொடு / கொடுத்தேன் / கொடுத்துள்ளேன்,देना / दिया / दे चुका,1. Give me a pen. // 2. He gave a speech. // 3. I have given my best.,1. எனக்கு ஒரு பேனா கொடு. // 2. அவர் ஒரு உரை ஆற்றினார். // 3. நான் என் சிறந்ததைக் கொடுத்துள்ளேன்.,1. मुझे एक पेन दो। // उसने भाषण दिया। // मैंने अपना सर्वश्रेष्ठ दिया है।
Glance / Glanced / Glanced,Day 15,Intermediate,லேசாகப் பார் / பார்த்தேன் / பார்த்துள்ளேன்,एक नज़र देखना / देखा / देख चुका,1. Glance at the book. // 2. He glanced back. // 3. I have glanced at it.,1. புத்தகத்தைச் சுருக்கமாகப் பார். // 2. அவர் திரும்பிப் பார்த்தார். // 3. நான் அதைப் பார்த்தேன்.,1. किताब पर एक नज़र डालें। // उसने पीछे मुड़कर देखा। // मैंने इस पर एक नज़र डाली है।
Glow / Glowed / Glowed,Day 16,Intermediate,பிரகாசி / பிரகாசித்தது / பிரகாசித்துள்ளது,चमकना / चमका / चमक चुका,1. Lamps glow. // 2. Her face glowed. // 3. It has glowed bright.,1. விளக்குகள் ஒளிரும். // 2. அவள் முகம் பொலிந்தது. // 3. அது பிரகாசமாக ஒளிர்ந்தது.,1. लैंप चमकते हैं। // उसका चेहरा दमक उठा। // यह चमक चुका है।
Glue / Glued / Glued,Day 16,Intermediate,ஒட்டு / ஒட்டினேன் / ஒட்டியுள்ளேன்,चिपकाना / चिपकाया / चिपका चुका,1. Glue the pieces. // 2. He glued the vase. // 3. I have glued it.,1. துண்டுகளை ஒட்டு. // 2. அவர் ஜாடியை ஒட்டினார். // 3. நான் அதை ஒட்டிவிட்டேன்.,1. टुकड़ों को चिपकाएं। // उसने फूलदान चिपकाया। // मैंने इसे चिपका दिया है।
Go / Went / Gone,Day 16,Intermediate,போ / போனேன் / போயுள்ளேன்,जाना / गया / जा चुका,1. Go to school. // 2. He went home. // 3. They have gone out.,1. பள்ளிக்குச் செல். // 2. அவர் வீட்டிற்குச் சென்றார். // 3. அவர்கள் வெளியே சென்றுவிட்டனர்.,1. स्कूल जाओ। // वह घर गया। // वे बाहर गए हैं।
Govern / Governed / Governed,Day 16,Intermediate,ஆட்சி செய் / செய்தேன் / செய்துள்ளேன்,शासन करना / किया / कर चुका,1. Govern the city. // 2. He governed well. // 3. I have governed.,1. நகரத்தை நிர்வகி. // 2. அவர் நன்றாக ஆட்சி செய்தார். // 3. நான் ஆட்சி செய்துள்ளேன்.,1. शहर पर शासन करें। // उसने अच्छा शासन किया। // मैंने शासन किया है।
Grab / Grabbed / Grabbed,Day 16,Intermediate,பிடி / பிடித்தேன் / பிடித்துள்ளேன்,लपकना / लपका / लपक चुका,1. Grab the bag. // 2. He grabbed my hand. // 3. I have grabbed it.,1. பையைப் பிடி (இழு). // 2. அவர் என் கையைப் பிடித்தார். // 3. நான் அதைப் பிடித்தேன்.,1. बैग पकड़ो। // उसने मेरा हाथ पकड़ लिया। // मैंने इसे पकड़ लिया है।
Comprehend / Comprehended / Comprehended,Day 17,Intermediate,புரிந்துகொள் / புரிந்துகொண்டேன் / கொண்டுள்ளேன்,समझना / समझा / समझ चुका,1. Comprehend the text. // 2. He comprehended all. // 3. I have comprehended.,1. உரையைப் புரிந்துகொள். // 2. அவர் அனைத்தையும் புரிந்துகொண்டார். // 3. நான் புரிந்துகொண்டேன்.,1. पाठ को समझें। // वह सब समझ गया। // मैं समझ चुका हूँ।
Compromise / Compromised / Compromised,Day 17,Intermediate,உடன்பாடு செய் / செய்தேன் / செய்துள்ளேன்,समझौता करना / किया / कर चुका,1. Don't compromise. // 2. They compromised. // 3. I have compromised.,1. விட்டுக்கொடுக்காதே. // 2. அவர்கள் சமரசம் செய்துகொண்டனர். // 3. நான் சமரசம் செய்தேன்.,1. समझौता न करें। // उन्होंने समझौता कर लिया। // मैंने समझौता किया है।
Conceal / Concealed / Concealed,Day 17,Intermediate,மறை / மறைத்தேன் / மறைத்துள்ளேன்,छिपाना / छिपाया / छिपा चुका,1. Conceal your pain. // 2. He concealed the gun. // 3. I have concealed it.,1. உன் வலியை மறை. // 2. அவர் துப்பாக்கியை மறைத்தார். // 3. நான் அதை மறைத்தேன்.,1. अपना दर्द छिपाओ। // उसने बंदूक छिपाई। // मैंने इसे छिपा दिया है।
Concede / Conceded / Conceded,Day 17,Intermediate,ஒப்புக்கொள் / கொண்டேன் / கொண்டுள்ளேன்,स्वीकार करना / किया / कर चुका,1. Concede the point. // 2. He conceded defeat. // 3. I have conceded.,1. கருத்தை ஏற்றுக்கொள். // 2. அவர் தோல்வியை ஒப்புக்கொண்டார். // 3. நான் ஒப்புக்கொண்டேன்.,1. बात मान लें। // उसने हार मान ली। // मैंने स्वीकार कर लिया है।
Concentrate / Concentrated / Concentrated,Day 17,Intermediate,கவனி / கவனித்தேன் / கவனித்துள்ளேன்,ध्यान केंद्रित करना / किया / चुका,1. Concentrate on work. // 2. He concentrated hard. // 3. I have concentrated.,1. வேலையில் கவனம் செலுத்து. // 2. அவர் தீவிரமாகக் கவனம் செலுத்தினார். // 3. நான் கவனம் செலுத்தினேன்.,1. काम पर ध्यान दें। // उसने कड़ा ध्यान लगाया। // मैंने ध्यान केंद्रित किया है।
Concern / Concerned / Concerned,Day 18,Intermediate,கவலைப்படு / பட்டேன் / பட்டுள்ளேன்,संबंधित होना / था / हो चुका,1. It concerns me. // 2. It concerned him. // 3. I have been concerned.,1. இது எனக்குக் கவலையளிக்கிறது. // 2. அது அவருக்குக் கவலையைத் தந்தது. // 3. நான் கவலையடைந்தேன்.,1. यह मेरी चिंता का विषय है। // इसने उसे चिंतित किया। // मैं चिंतित रहा हूँ।
Conclude / Concluded / Concluded,Day 18,Intermediate,முடிவு செய் / செய்தேன் / செய்துள்ளேன்,निष्कर्ष निकालना / निकाला / चुका,1. Conclude the meeting. // 2. He concluded the deal. // 3. We have concluded.,1. கூட்டத்தை முடித்து வை. // 2. அவர் ஒப்பந்தத்தை முடித்தார். // 3. நாங்கள் முடித்துவிட்டோம்.,1. बैठक समाप्त करें। // उसने सौदा तय किया। // हमने निष्कर्ष निकाल लिया है।
Condemn / Condemned / Condemned,Day 18,Intermediate,கண்டனம் செய் / செய்தேன் / செய்துள்ளேன்,निंदा करना / की / कर चुका,1. Condemn the crime. // 2. They condemned him. // 3. I have condemned it.,1. குற்றத்தைக் கண்டிக்கவும். // 2. அவர்கள் அவரைக் கண்டித்தனர். // 3. நான் அதைக் கண்டித்தேன்.,1. अपराध की निंदा करें। // उन्होंने उसकी निंदा की। // मैंने इसकी निंदा की है।
Condense / Condensed / Condensed,Day 18,Intermediate,சுருக்கு / சுருக்கினேன் / சுருக்கியுள்ளேன்,संक्षिप्त करना / किया / कर चुका,1. Condense the milk. // 2. He condensed the story. // 3. It has condensed.,1. பாலைச் சுருக்கு (காய்ச்சு). // 2. அவர் கதையைச் சுருக்கினார். // 3. அது சுருங்கியது.,1. दूध गाढ़ा करें। // उसने कहानी को छोटा किया। // यह गाढ़ा हो चुका है।
Conduct / Conducted / Conducted,Day 18,Intermediate,நடத்து / நடத்தினேன் / நடத்தியுள்ளேன்,संचालन करना / किया / कर चुका,1. Conduct a test. // 2. He conducted a tour. // 3. I have conducted puja.,1. தேர்வு நடத்து. // 2. அவர் ஒரு சுற்றுலாவை நடத்தினார். // 3. நான் பூஜை நடத்தினேன்.,1. परीक्षा आयोजित करें। // उसने दौरा आयोजित किया। // मैंने पूजा संपन्न की है।
Confer / Conferred / Conferred,Day 19,Intermediate,ஆலோசனை செய் / செய்தேன் / செய்துள்ளேன்,परामर्श करना / किया / कर चुका,1. Confer a title. // 2. They conferred today. // 3. I have conferred.,1. பட்டம் வழங்கு. // 2. அவர்கள் இன்று ஆலோசித்தனர். // 3. நான் ஆலோசனை நடத்தினேன்.,1. उपाधि प्रदान करें। // उन्होंने आज विचार-विमर्श किया। // मैंने चर्चा की है।
Confess / Confessed / Confessed,Day 19,Intermediate,ஒப்புக்கொள் / கொண்டேன் / கொண்டுள்ளேன்,दोष स्वीकार करना / किया / चुका,1. Confess your sin. // 2. He confessed the theft. // 3. I have confessed.,1. உன் பாவத்தை ஒப்புக்கொள். // 2. அவர் திருட்டை ஒப்புக்கொண்டார். // 3. நான் ஒப்புக்கொண்டேன்.,1. अपना पाप स्वीकार करें। // उसने चोरी कबूल की। // मैंने कबूल कर लिया है।
Confide / Confided / Confided,Day 19,Intermediate,ரகசியம் கூறு / கூறினேன் / கூறியுள்ளேன்,गुप्त बात कहना / कही / कह चुका,1. Confide in me. // 2. He confided his plan. // 3. I have confided.,1. என்னிடம் ரகசியத்தைக் கூறு. // 2. அவர் தன் திட்டத்தைக் கூறினார். // 3. நான் ரகசியத்தைக் கூறினேன்.,1. मुझ पर विश्वास करें। // उसने अपनी योजना बताई। // मैंने विश्वास जताया है।
Confine / Confined / Confined,Day 19,Intermediate,சிறைப்படுத்து / படுத்தினேன் / படுத்தியுள்ளேன்,सीमित करना / किया / कर चुका,1. Confine the dog. // 2. He was confined to bed. // 3. I have confined it.,1. நாயைக் கட்டிப்போடு (அடைத்துவை). // 2. அவர் படுக்கையிலேயே முடங்கினார். // 3. நான் அதைக் கட்டுப்படுத்தினேன்.,1. कुत्ते को सीमित रखें। // वह बिस्तर तक सीमित था। // मैंने इसे सीमित कर दिया है।
Confirm / Confirmed / Confirmed,Day 19,Intermediate,உறுதிப்படுத்து / படுத்தினேன் / படுத்தியுள்ளேன்,पुष्टि करना / की / कर चुका,1. Confirm the date. // 2. He confirmed the news. // 3. I have confirmed it.,1. தேதியை உறுதிப்படுத்து. // 2. அவர் செய்தியை உறுதிப்படுத்தினார். // 3. நான் உறுதி செய்தேன்.,1. तारीख की पुष्टि करें। // उसने खबर की पुष्टि की। // मैंने पुष्टि कर दी है।
Conflict / Conflicted / Conflicted,Day 20,Intermediate,முரண்படு / பட்டேன் / பட்டுள்ளேன்,टकराव होना / हुआ / हो चुका,1. Interests conflict. // 2. They conflicted today. // 3. We have conflicted.,1. நலன்கள் முரண்படுகின்றன. // 2. அவர்கள் இன்று முரண்பட்டனர். // 3. நாங்கள் முரண்பட்டோம்.,1. हितों में टकराव है। // वे आज भिड़ गए। // हमारा विवाद हुआ है।
Conform / Conformed / Conformed,Day 20,Intermediate,இணங்கு / இணங்கினேன் / இணங்கியுள்ளேன்,अनुपालन करना / किया / कर चुका,1. Conform to rules. // 2. He conformed well. // 3. They have conformed.,1. விதிகளுக்குக் கட்டுப்படு. // 2. அவர் நன்றாக ஒத்துப்போனார். // 3. அவர்கள் கட்டுப்பட்டனர்.,1. नियमों का पालन करें। // उसने अच्छा पालन किया। // उन्होंने नियमों को माना है।
Confront / Confronted / Confronted,Day 20,Intermediate,எதிர்கொள் / கொண்டேன் / கொண்டுள்ளேன்,सामना करना / किया / कर चुका,1. Confront the truth. // 2. He confronted them. // 3. I have confronted it.,1. உண்மையை எதிர்கொள். // 2. அவர் அவர்களை எதிர்கொண்டார். // 3. நான் எதிர்கொண்டேன்.,1. सच का सामना करें। // उसने उनका सामना किया। // मैंने सामना किया है।
Confuse / Confused / Confused,Day 20,Intermediate,குழப்பு / குழப்பினேன் / குழப்பியுள்ளேன்,भ्रमित करना / किया / कर चुका,1. Don't confuse me. // 2. It confused him. // 3. I have been confused.,1. என்னைக் குழப்பாதே. // 2. அது அவரைக் குழப்பியது. // 3. நான் குழப்பமடைந்தேன்.,1. मुझे भ्रमित मत करो। // इसने उसे उलझा दिया। // मैं उलझन में हूँ।
Congratulate / Congratulated / Congratulated,Day 20,Intermediate,வாழ்த்து / வாழ்த்தினேன் / வாழ்த்தியுள்ளேன்,बधाई देना / दी / दे चुका,1. Congratulate him. // 2. He congratulated me. // 3. I have congratulated.,1. அவருக்கு வாழ்த்துச் சொல்லுங்கள். // 2. அவர் எனக்கு வாழ்த்து தெரிவித்தார். // 3. நான் வாழ்த்தினேன்.,1. उसे बधाई दें। // उसने मुझे बधाई दी। // मैंने बधाई दी है।
Connect / Connected / Connected,Day 21,Intermediate,இணை / இணைத்தேன் / இணைத்துள்ளேன்,जोड़ना / जोड़ा / जोड़ चुका,1. Connect the wires. // 2. He connected the call. // 3. I have connected it.,1. கம்பிகளை இணைக்கவும். // 2. அவர் அழைப்பை இணைத்தார். // 3. நான் அதை இணைத்துள்ளேன்.,1. तारों को जोड़ें। // 2. उसने कॉल कनेक्ट किया। // 3. मैंने इसे जोड़ दिया है।
Conquer / Conquered / Conquered,Day 21,Intermediate,வெல் / வென்றேன் / வென்றுள்ளேன்,जीतना / जीता / जीत चुका,1. Conquer your fears. // 2. He conquered the land. // 3. They have conquered.,1. உன் பயத்தை வெல்லு. // 2. அவர் நிலத்தைக் கைப்பற்றினார். // 3. அவர்கள் வென்றுவிட்டார்கள்.,1. अपने डर पर विजय पाएं। // 2. उसने जमीन जीत ली। // 3. उन्होंने जीत हासिल की है।
Consecrate / Consecrated / Consecrated,Day 21,Intermediate,புனிதப்படுத்து / படுத்தினேன் / படுத்தியுள்ளேன்,पवित्र करना / किया / कर चुका,1. Consecrate the temple. // 2. They consecrated the site. // 3. It was consecrated.,1. கோயிலைப் பிரதிஷ்டை செய். // 2. அவர்கள் இடத்தை புனிதப்படுத்தினர். // 3. அது புனிதப்படுத்தப்பட்டது.,1. मंदिर को प्रतिष्ठित करें। // 2. उन्होंने स्थल को पवित्र किया। // 3. इसे पवित्र किया गया था।
Consent / Consented / Consented,Day 21,Intermediate,சம்மதி / சம்மதித்தேன் / சம்மதித்துள்ளேன்,सहमति देना / दी / दे चुका,1. Consent to the terms. // 2. He consented to go. // 3. She has consented.,1. நிபந்தனைகளுக்குச் சம்மதி. // 2. அவர் செல்லச் சம்மதித்தார். // 3. அவள் சம்மதித்துவிட்டாள்.,1. शर्तों पर सहमति दें। // 2. उसने जाने की सहमति दी। // 3. उसने सहमति दे दी है।
Conserve / Conserved / Conserved,Day 21,Intermediate,பாதுகா / பாதுகாத்தேன் / பாதுகாத்துள்ளேன்,संरक्षण करना / किया / कर चुका,1. Conserve energy. // 2. She conserved water. // 3. We have conserved it.,1. ஆற்றலைச் சேமிக்கவும். // 2. அவள் தண்ணீரைச் சேமித்தாள். // 3. நாங்கள் அதைப் பாதுகாத்துள்ளோம்.,1. ऊर्जा बचाएं। // 2. उसने पानी बचाया। // 3. हमने इसे संरक्षित किया है।
Consider / Considered / Considered,Day 22,Intermediate,பரிசீலி / பரிசீலித்தேன் / பரிசீலித்துள்ளேன்,विचार करना / किया / कर चुका,1. Consider the facts. // 2. He considered my offer. // 3. I have considered it.,1. உண்மைகளைப் பரிசீலி. // 2. அவர் என் சலுகையை யோசித்தார். // 3. நான் அதைப் பரிசீலித்துள்ளேன்.,1. तथ्यों पर विचार करें। // 2. उसने मेरे प्रस्ताव पर विचार किया। // 3. मैंने इस पर विचार किया है।
Consign / Consigned / Consigned,Day 22,Intermediate,ஒப்படை / ஒப்படைத்தேன் / ஒப்படைத்துள்ளேன்,सौंपना / सौंपा / सौंप चुका,1. Consign the goods. // 2. He consigned the box. // 3. It was consigned to me.,1. பொருட்களை அனுப்பு. // 2. அவர் பெட்டியை அனுப்பினார். // 3. அது எனக்கு அனுப்பப்பட்டது.,1. माल भेजें। // 2. उसने डिब्बा भेजा। // 3. इसे मुझे सौंपा गया था।
Consist / Consisted / Consisted,Day 22,Intermediate,கொண்டிரு / கொண்டிருந்தேன் / கொண்டுள்ளேன்,शामिल होना / था / हो चुका,1. It consists of wood. // 2. It consisted of salt. // 3. It has consisted of bits.,1. இது மரத்தால் ஆனது. // 2. இது உப்பைக் கொண்டிருந்தது. // 3. இது துண்டுகளைக் கொண்டிருந்தது.,1. इसमें लकड़ी होती है। // 2. इसमें नमक था। // 3. इसमें टुकड़े शामिल थे।
Console / Consoled / Consoled,Day 22,Intermediate,ஆறுதல் கூறு / கூறினேன் / கூறியுள்ளேன்,सांत्वना देना / दी / दे चुका,1. Console the child. // 2. She consoled him. // 3. I have consoled her.,1. குழந்தையைத் தேற்று. // 2. அவள் அவனைத் தேற்றினாள். // 3. நான் அவளைத் தேற்றினேன்.,1. बच्चे को दिलासा दें। // 2. उसने उसे सांत्वना दी। // 3. मैंने उसे दिलासा दिया है।
Consolidate / Consolidated / Consolidated,Day 22,Intermediate,ஒருங்கிணை / இணைத்தேன் / இணைந்துள்ளேன்,मजबूत करना / किया / कर चुका,1. Consolidate power. // 2. They consolidated the data. // 3. We have consolidated.,1. அதிகாரத்தை ஒருங்கிணைக்கவும். // 2. அவர்கள் தரவை ஒருங்கிணைத்தனர். // 3. நாங்கள் ஒருங்கிணைத்துள்ளோம்.,1. शक्ति को मजबूत करें। // 2. उन्होंने डेटा को समेकित किया। // 3. हमने इसे मजबूत किया है।
Conspire / Conspired / Conspired,Day 23,Intermediate,சதி செய் / செய்தேன் / செய்துள்ளேன்,साजिश करना / की / कर चुका,1. Don't conspire. // 2. They conspired against him. // 3. You have conspired.,1. சதி செய்யாதே. // 2. அவர்கள் அவருக்கு எதிராகச் சதி செய்தனர். // 3. நீ சதி செய்துள்ளாய்.,1. साजिश मत करो। // 2. उन्होंने उसके खिलाफ साजिश रची। // 3. तुमने साजिश रची है।
Construct / Constructed / Constructed,Day 23,Intermediate,கட்டு / கட்டினேன் / கட்டியுள்ளேன்,निर्माण करना / किया / कर चुका,1. Construct a building. // 2. They constructed it. // 3. We have constructed it.,1. கட்டிடத்தை உருவாக்கு. // 2. அவர்கள் அதை உருவாக்கினர். // 3. நாங்கள் அதை உருவாக்கியுள்ளோம்.,1. इमारत का निर्माण करें। // 2. उन्होंने इसका निर्माण किया। // 3. हमने इसका निर्माण किया है।
Consult / Consulted / Consulted,Day 23,Intermediate,ஆலோசி / ஆலோசித்தேன் / ஆலோசித்துள்ளேன்,सलाह लेना / ली / ले चुका,1. Consult a doctor. // 2. He consulted me. // 3. I have consulted the lawyer.,1. மருத்துவரை ஆலோசிக்கவும். // 2. அவர் என்னை கலந்தாலோசித்தார். // 3. நான் வழக்கறிஞரை அணுகினேன்.,1. डॉक्टर से सलाह लें। // 2. उसने मुझसे सलाह ली। // 3. मैंने वकील से सलाह ली है।
Consume / Consumed / Consumed,Day 23,Intermediate,நுகர் / நுகர்ந்தேன் / நுகர்ந்துள்ளேன்,उपभोग करना / किया / कर चुका,1. Consume healthy food. // 2. He consumed tea. // 3. It has consumed time.,1. நல்ல உணவை உட்கொள். // 2. அவர் தேநீர் அருந்தினார். // 3. அது நேரத்தை விழுங்கியது.,1. स्वस्थ भोजन का सेवन करें। // 2. उसने चाय पी। // 3. इसमें समय लगा है।
Contact / Contacted / Contacted,Day 23,Intermediate,தொடர்புகொள் / கொண்டேன் / கொண்டுள்ளேன்,संपर्क करना / किया / कर चुका,1. Contact the manager. // 2. She contacted him. // 3. I have contacted her.,1. மேலாளரை அணுகவும். // 2. அவள் அவரைத் தொடர்பு கொண்டாள். // 3. நான் அவளைத் தொடர்பு கொண்டேன்.,1. प्रबंधक से संपर्क करें। // 2. उसने उससे संपर्क किया। // 3. मैंने उससे संपर्क किया है।
Contain / Contained / Contained,Day 24,Intermediate,கொண்டிரு / கொண்டிருந்தேன் / கொண்டுள்ளேன்,समाहित होना / था / हो चुका,1. Contain the spread. // 2. It contained gold. // 3. It has contained water.,1. பரவலைக் கட்டுப்படுத்து. // 2. அதில் தங்கம் இருந்தது. // 3. அதில் தண்ணீர் இருந்தது.,1. फैलाव को रोकें। // 2. इसमें सोना था। // 3. इसमें पानी था।
Contaminate / Contaminated / Contaminated,Day 24,Intermediate,அசுத்தப்படுத்து / படுத்தினேன் / படுத்தியுள்ளேன்,दूषित करना / किया / कर चुका,1. Don't contaminate. // 2. It contaminated the soil. // 3. It has contaminated.,1. மாசுபடுத்தாதே. // 2. அது மண்ணை மாசுபடுத்தியது. // 3. அது மாசுபட்டுவிட்டது.,1. दूषित न करें। // 2. इसने मिट्टी को दूषित कर दिया। // 3. यह दूषित हो गया है।
Contemplate / Contemplated / Contemplated,Day 24,Intermediate,சிந்தி / சிந்தித்தேன் / சிந்தித்துள்ளேன்,मनन करना / किया / कर चुका,1. Contemplate life. // 2. He contemplated the plan. // 3. I have contemplated.,1. வாழ்க்கையைச் சிந்தி. // 2. அவர் திட்டத்தை ஆலோசித்தார். // 3. நான் ஆலோசித்துள்ளேன்.,1. जीवन पर विचार करें। // 2. उसने योजना पर विचार किया। // 3. मैंने विचार किया है।
Contend / Contended / Contended,Day 24,Intermediate,போட்டியிடு / இட்டேன் / இட்டுள்ளேன்,संघर्ष करना / किया / कर चुका,1. Contend for glory. // 2. He contended well. // 3. They have contended.,1. புகழுக்காகப் போராடு. // 2. அவர் நன்றாகப் போராடினார். // 3. அவர்கள் போட்டியிட்டனர்.,1. महिमा के लिए संघर्ष करें। // 2. उसने अच्छी टक्कर दी। // 3. उन्होंने मुकाबला किया है।
Content / Contented / Contented,Day 24,Intermediate,திருப்திப்படுத்து / படுத்தினேன் / படுத்தியுள்ளேன்,संतुष्ट करना / किया / कर चुका,1. Content yourself. // 2. He contented the guest. // 3. I am contented.,1. திருப்தி அடை. // 2. அவர் விருந்தினரைத் திருப்திப்படுத்தினார். // 3. நான் திருப்தி அடைந்துள்ளேன்.,1. खुद को संतुष्ट करें। // 2. उसने अतिथि को संतुष्ट किया। // 3. मैं संतुष्ट हूँ।
Continue / Continued / Continued,Day 25,Intermediate,தொடரு / தொடர்ந்தேன் / தொடர்ந்துள்ளேன்,जारी रखना / रखा / रख चुका,1. Continue the story. // 2. It continued raining. // 3. We have continued.,1. கதையைத் தொடரவும். // 2. மழை தொடர்ந்தது. // 3. நாங்கள் தொடர்ந்துள்ளோம்.,1. कहानी जारी रखें। // 2. बारिश जारी रही। // 3. हमने जारी रखा है।
Contract / Contracted / Contracted,Day 25,Intermediate,ஒப்பந்தம் செய் / செய்தேன் / செய்துள்ளேன்,अनुबंध करना / किया / कर चुका,1. Muscles contract. // 2. He contracted a fever. // 3. It has contracted.,1. தசைகள் சுருங்கும். // 2. அவருக்குக் காய்ச்சல் வந்தது. // 3. அது சுருங்கிவிட்டது.,1. मांसपेशियां सिकुड़ती हैं। // 2. उसे बुखार हो गया। // 3. यह सिकुड़ गया है।
Contradict / Contradicted / Contradicted,Day 25,Intermediate,மறுத்துக் கூறு / கூறினேன் / கூறியுள்ளேன்,खंडन करना / किया / कर चुका,1. Don't contradict me. // 2. He contradicted her. // 3. You have contradicted.,1. என்னை மறுத்துப் பேசாதே. // 2. அவர் அவளை மறுத்தார். // 3. நீ முரண்பட்டாய்.,1. मेरी बात मत काटो। // 2. उसने उसकी बात का विरोध किया। // 3. तुमने विरोध किया है।
Contrast / Contrasted / Contrasted,Day 25,Intermediate,வேறுபடுத்திக்காட்டு / காட்டினேன் / காட்டியுள்ளேன்,तुलना करना / की / कर चुका,1. Contrast the colors. // 2. She contrasted the items. // 3. We have contrasted.,1. நிறங்களை ஒப்பிடு. // 2. அவள் பொருட்களை ஒப்பிட்டாள். // 3. நாங்கள் ஒப்பிட்டுப் பார்த்தோம்.,1. रंगों की तुलना करें। // 2. उसने वस्तुओं की तुलना की। // 3. हमने तुलना की है।
Contribute / Contributed / Contributed,Day 25,Intermediate,பங்களி / பங்களித்தேன் / பங்களித்துள்ளேன்,योगदान देना / दिया / दे चुका,1. Contribute money. // 2. He contributed a lot. // 3. I have contributed.,1. பணம் பங்களிப்பு செய். // 2. அவர் நிறைய பங்களித்தார். // 3. நான் பங்களித்துள்ளேன்.,1. धन का योगदान दें। // 2. उसने बहुत योगदान दिया। // 3. मैंने योगदान दिया है।
Control / Controlled / Controlled,Day 26,Intermediate,கட்டுப்படுத்து / படுத்தினேன் / படுத்தியுள்ளேன்,नियंत्रण करना / किया / कर चुका,1. Control your anger. // 2. He controlled it. // 3. I have controlled.,1. கோபத்தைக் கட்டுப்படுத்து. // 2. அவர் அதைக் கட்டுப்படுத்தினார். // 3. நான் கட்டுப்படுத்தினேன்.,1. अपने गुस्से पर काबू रखें। // 2. उसने इसे नियंत्रित किया। // 3. मैंने काबू पा लिया है।
Convene / Convened / Convened,Day 26,Intermediate,கூட்டு / கூட்டினேன் / கூட்டியுள்ளேன்,बुलाना (सभा) / बुलाया / चुका,1. Convene a meeting. // 2. They convened today. // 3. It was convened.,1. கூட்டத்தைக் கூட்டு. // 2. அவர்கள் இன்று கூடினார்கள். // 3. அது கூட்டப்பட்டது.,1. बैठक बुलाएं। // 2. वे आज एकत्र हुए। // 3. इसे बुलाया गया था।
Converge / Converged / Converged,Day 26,Intermediate,ஒரு புள்ளியில் இணை / இணைந்தேன் / இணைந்துள்ளேன்,मिलना (एक बिंदु पर) / मिला / चुका,1. Roads converge. // 2. Paths converged here. // 3. They have converged.,1. சாலைகள் இணைகின்றன. // 2. பாதைகள் இங்கே இணைந்தன. // 3. அவை இணைந்துள்ளன.,1. सड़कें मिलती हैं। // 2. रास्ते यहाँ मिले। // 3. वे एक साथ मिल गए हैं।
Converse / Conversed / Conversed,Day 26,Intermediate,உரையாடு /ாடினேன் /ாடியுள்ளேன்,बातचीत करना / की / कर चुका,1. Converse with them. // 2. We conversed long. // 3. I have conversed.,1. அவர்களுடன் உரையாடு. // 2. நாங்கள் நீண்ட நேரம் உரையாடினோம். // 3. நான் உரையாடினேன்.,1. उनसे बात करें। // 2. हमने देर तक बातचीत की। // 3. मैंने बातचीत की है।
Convert / Converted / Converted,Day 26,Intermediate,மாற்று / மாற்றினேன் / மாற்றியுள்ளேன்,बदलना / बदला / बदल चुका,1. Convert the currency. // 2. He converted the file. // 3. It was converted.,1. பணத்தை மாற்றவும். // 2. அவர் கோப்பை மாற்றினார். // 3. அது மாற்றப்பட்டது.,1. मुद्रा बदलें। // 2. उसने फाइल बदली। // 3. इसे बदल दिया गया था।
Convey / Conveyed / Conveyed,Day 27,Intermediate,தெரிவி / தெரிவித்தேன் / தெரிவித்துள்ளேன்,सूचित करना / किया / कर चुका,1. Convey the message. // 2. She conveyed her joy. // 3. I have conveyed it.,1. செய்தியைத் தெரிவி. // 2. அவள் தன் மகிழ்ச்சியைத் தெரிவித்தாள். // 3. நான் அதைத் தெரிவித்தேன்.,1. संदेश पहुँचाएँ। // 2. उसने अपनी खुशी व्यक्त की। // 3. मैंने इसे पहुँचा दिया है।
Convict / Convicted / Convicted,Day 27,Intermediate,குற்றவாளி எனத் தீர்மானி / தீர்மானித்தேன் / தீர்மானித்துள்ளேன்,अपराधी ठहराना / ठहराया / चुका,1. Convict the thief. // 2. They convicted him. // 3. He was convicted.,1. திருடனைத் தண்டி (குற்றவாளி எனத் தீர்மானி). // 2. அவர்கள் அவனைத் தண்டித்தனர். // 3. அவர் தண்டிக்கப்பட்டார்.,1. चोर को दोषी ठहराएं। // 2. उन्होंने उसे दोषी ठहराया। // 3. उसे दोषी ठहराया गया था।
Convince / Convinced / Convinced,Day 27,Intermediate,சம்மதிக்கவை / வைத்தேன் / வைத்துள்ளேன்,मनाना / मनाया / मना चुका,1. Convince me. // 2. She convinced him. // 3. I have convinced them.,1. என்னை நம்ப வை. // 2. அவள் அவனைச் சம்மதிக்க வைத்தாள். // 3. நான் அவர்களைச் சம்மதிக்க வைத்தேன்.,1. मुझे विश्वास दिलाएं। // 2. उसने उसे मना लिया। // 3. मैंने उन्हें मना लिया है।
Cook / Cooked / Cooked,Day 27,Intermediate,சமை / சமைத்தேன் / சமைத்துள்ளேன்,पकाना / पकाया / पका चुका,1. Cook the food. // 2. He cooked lunch. // 3. I have cooked.,1. உணவைச் சமை. // 2. அவர் மதிய உணவு சமைத்தார். // 3. நான் சமைத்தேன்.,1. खाना पकाएं। // 2. उसने दोपहर का खाना बनाया। // 3. मैंने खाना बना लिया है।
Cooperate / Cooperated / Cooperated,Day 27,Intermediate,ஒத்துழை / ஒத்துழைத்தேன் / ஒத்துழைத்துள்ளேன்,सहयोग करना / किया / कर चुका,1. Cooperate with us. // 2. They cooperated well. // 3. We have cooperated.,1. எங்களுடன் ஒத்துழைக்கவும். // 2. அவர்கள் நன்றாக ஒத்துழைத்தனர். // 3. நாங்கள் ஒத்துழைத்தோம்.,1. हमारे साथ सहयोग करें। // 2. उन्होंने अच्छा सहयोग किया। // 3. हमने सहयोग किया है।
Coordinate / Coordinated / Coordinated,Day 28,Intermediate,ஒருங்கிணை / இணைத்தேன் / இணைந்துள்ளேன்,समन्वय करना / किया / कर चुका,1. Coordinate the event. // 2. She coordinated all. // 3. We have coordinated.,1. நிகழ்வை ஒருங்கிணைக்கவும். // 2. அவள் அனைத்தையும் ஒருங்கிணைத்தாள். // 3. நாங்கள் ஒருங்கிணைத்தோம்.,1. कार्यक्रम का समन्वय करें। // 2. उसने सब कुछ समन्वित किया। // 3. हमने तालमेल बिठा लिया है।
Cope / Coped / Coped,Day 28,Intermediate,சமாளி / சமாளித்தேன் / சமாளித்துள்ளேன்,सामना करना / किया / कर चुका,1. Cope with stress. // 2. He coped well. // 3. I have coped.,1. மன அழுத்தத்தைச் சமாளி. // 2. அவர் நன்றாகச் சமாளித்தார். // 3. நான் சமாளித்தேன்.,1. तनाव का सामना करें। // 2. उसने अच्छी तरह सामना किया। // 3. मैंने संभाल लिया है।
Correct / Corrected / Corrected,Day 28,Intermediate,திருத்து / திருத்தினேன் / திருத்தியுள்ளேன்,सुधारना / सुधारा / सुधार चुका,1. Correct the error. // 2. He corrected me. // 3. I have corrected it.,1. பிழையைச் சரிசெய். // 2. அவர் என்னைத் திருத்தினார். // 3. நான் அதைச் சரிசெய்தேன்.,1. गलती सुधारें। // 2. उसने मुझे सही किया। // 3. मैंने इसे सुधार दिया है।
Correspond / Corresponded / Corresponded,Day 28,Intermediate,தொடர்புகொள் / கொண்டேன் / கொண்டுள்ளேன்,पत्राचार करना / किया / कर चुका,1. Letters correspond. // 2. He corresponded with her. // 3. We have corresponded.,1. கடிதங்கள் ஒத்துப்போகின்றன. // 2. அவர் அவளுடன் தொடர்பு கொண்டார் (கடிதம் மூலம்). // 3. நாங்கள் தொடர்பு கொண்டோம்.,1. पत्र मेल खाते हैं। // 2. उसने उसके साथ पत्राचार किया। // 3. हमने बातचीत की है।
Corrode / Corroded / Corroded,Day 28,Intermediate,துருப்பிடி / பிடித்தது / பிடித்துள்ளது,जंग लगना / लगा / लग चुका,1. Acids corrode metal. // 2. It corroded the pipe. // 3. It has corroded.,1. அமிலங்கள் உலோகத்தை அரிக்கும். // 2. அது குழாயை அரித்தது. // 3. அது அரித்துவிட்டது.,1. एसिड धातु को सड़ा देता है। // 2. इसने पाइप को गला दिया। // 3. इसमें जंग लग गया है।
Corrupt / Corrupted / Corrupted,Day 29,Intermediate,சீரழி / சீரழித்தேன் / சீரழித்துள்ளேன்,भ्रष्ट करना / किया / कर चुका,1. Don't corrupt others. // 2. Greed corrupted him. // 3. It has been corrupted.,1. மற்றவர்களைச் சீரழிக்காதே. // 2. பேராசை அவரைச் சீரழித்தது. // 3. அது சீரழிந்துவிட்டது.,1. दूसरों को भ्रष्ट न करें। // 2. लालच ने उसे भ्रष्ट कर दिया। // 3. यह भ्रष्ट हो चुका है।
Cost / Cost / Cost,Day 29,Intermediate,விலையாகு / ஆனது / ஆகியுள்ளது,कीमत होना / थी / हो चुका,1. It costs $10. // 2. It cost me a lot. // 3. It has cost life.,1. இதன் விலை $10. // 2. இது எனக்கு அதிகச் செலவானது. // 3. இது உயிரைப் பலிவாங்கியது.,1. इसकी कीमत $10 है। // 2. इसमें मुझे बहुत खर्च करना पड़ा। // 3. इसमें जान की कीमत चुकानी पड़ी।
Counsel / Counseled / Counseled,Day 29,Intermediate,அறிவுரை கூறு / கூறினேன் / கூறியுள்ளேன்,सलाह देना / दी / दे चुका,1. Counsel the student. // 2. He counseled me. // 3. I have counseled.,1. மாணவருக்கு ஆலோசனை கூறு. // 2. அவர் எனக்கு ஆலோசனை வழங்கினார். // 3. நான் ஆலோசனை வழங்கினேன்.,1. छात्र को सलाह दें। // 2. उसने मुझे सलाह दी। // 3. मैंने परामर्श दिया है।
Count / Counted / Counted,Day 29,Intermediate,எண்ணு / எண்ணினேன் / எண்ணியுள்ளேன்,गिनना / गिना / गिन चुका,1. Count the days. // 2. He counted the cash. // 3. I have counted.,1. நாட்களை எண்ணு. // 2. அவர் பணத்தை எண்ணினார். // 3. நான் எண்ணிவிட்டேன்.,1. दिन गिनें। // 2. उसने नकदी गिनी। // 3. मैंने गिन लिया है।
Counter / Countered / Countered,Day 29,Intermediate,எதிர்வாதம் செய் / செய்தேன் / செய்துள்ளேன்,विरोध करना / किया / कर चुका,1. Counter the move. // 2. He countered the blow. // 3. They have countered.,1. நகர்வை முறியடி. // 2. அவர் அடியைத் தடுத்தார். // 3. அவர்கள் முறியடித்தனர்.,1. कदम का जवाब दें। // 2. उसने वार को रोका। // 3. उन्होंने मुकाबला किया है।
Couple / Coupled / Coupled,Day 30,Intermediate,இணை / இணைத்தேன் / இணைத்துள்ளேன்,जोड़ना / जोड़ा / जोड़ चुका,1. Couple the wagons. // 2. They coupled the links. // 3. It was coupled.,1. பெட்டிகளை இணைக்கவும். // 2. அவர்கள் இணைப்புகளை இணைத்தனர். // 3. அது இணைக்கப்பட்டது.,1. डिब्बों को जोड़ें। // 2. उन्होंने कड़ियों को जोड़ा। // 3. इसे जोड़ दिया गया था।
Cover / Covered / Covered,Day 30,Intermediate,மூடு / மூடினேன் / மூடியுள்ளேன்,ढकना / ढका / ढक चुका,1. Cover the box. // 2. He covered his face. // 3. I have covered it.,1. பெட்டியை மூடு. // 2. அவர் முகத்தை மூடிக்கொண்டார். // 3. நான் அதை மூடினேன்.,1. डिब्बे को ढको। // 2. उसने अपना चेहरा ढक लिया। // 3. मैंने इसे ढक दिया है।
Crack / Cracked / Cracked,Day 30,Intermediate,பிள / பிளந்தது / பிளந்துள்ளது,दरार पड़ना / पड़ी / पड़ चुकी,1. Glass cracks. // 2. It cracked today. // 3. It has cracked.,1. கண்ணாடி உடையும் (விரிசல்). // 2. அது இன்று விரிசல் அடைந்தது. // 3. அது விரிசல் அடைந்துவிட்டது.,1. कांच चटकता है। // 2. यह आज चटक गया। // 3. इसमें दरार आ गई है।
Crash / Crashed / Crashed,Day 30,Intermediate,மோது / மோதியது / மோதியிருக்கிறது,टकराना / टकराया / टकरा चुका,1. Planes crash. // 2. The car crashed. // 3. It has crashed.,1. விமானங்கள் மோதும். // 2. கார் மோதியது. // 3. அது மோதிவிட்டது.,1. विमान दुर्घटनाग्रस्त होते हैं। // 2. कार टकरा गई। // 3. यह क्रैश हो गया है।
Crave / Craved / Craved,Day 30,Intermediate,ஏங்கு / ஏங்கினேன் / ஏங்கியுள்ளேன்,तरसना / तरसा / तरस चुका,1. I crave sweets. // 2. He craved attention. // 3. I have craved this.,1. எனக்கு இனிப்பு ஏங்குகிறது. // 2. அவர் கவனத்தை ஏங்கினார். // 3. நான் இதை ஏங்கினேன்.,1. मुझे मिठाई की लालसा है। // 2. वह ध्यान चाहता था। // 3. मैंने इसकी लालसा की है।
Create / Created / Created,Day 31,Intermediate,உருவாக்கு / ஆக்கினேன் / ஆக்கியுள்ளேன்,बनाना / बनाया / बना चुका,1. Create a mess. // 2. He created art. // 3. We have created it.,1. குழப்பத்தை உருவாக்கு. // 2. அவர் கலையை உருவாக்கினார். // 3. நாங்கள் அதை உருவாக்கினோம்.,1. गड़बड़ पैदा करें। // 2. उसने कला बनाई। // 3. हमने इसे बनाया है।
Credit / Credited / Credited,Day 31,Intermediate,வரவு வை / வைத்தேன் / வைத்துள்ளேன்,श्रेय देना / दिया / दे चुका,1. Credit the account. // 2. They credited me. // 3. It was credited.,1. கணக்கில் வரவு வை. // 2. அவர்கள் எனக்கு வரவு வைத்தனர். // 3. அது வரவு வைக்கப்பட்டது.,1. खाते में जमा करें। // 2. उन्होंने मुझे श्रेय दिया। // 3. इसे जमा किया गया था।
Creep / Crept / Crept,Day 31,Intermediate,ஊர்ந்து செல் / சென்றேன் / சென்றுள்ளேன்,रेंगना / रेंगा / रेंग चुका,1. Don't creep. // 2. He crept out. // 3. Time has crept by.,1. ஊர்ந்து செல்லாதே. // 2. அவர் வெளியே ஊர்ந்து சென்றார். // 3. நேரம் மெல்லக் கடந்துவிட்டது.,1. रेंगो मत। // 2. वह रेंगते हुए बाहर निकला। // 3. समय धीरे से बीत गया है।
Criticize / Criticized / Criticized,Day 31,Intermediate,விமர்சி / விமர்சித்தேன் / விமர்சித்துள்ளேன்,आलोचना करना / की / कर चुका,1. Don't criticize. // 2. He criticized her. // 3. You have criticized.,1. விமர்சிக்காதே. // 2. அவர் அவளை விமர்சித்தார். // 3. நீ விமர்சித்தாய்.,1. आलोचना न करें। // 2. उसने उसकी आलोचना की। // 3. तुमने आलोचना की है।
Cross / Crossed / Crossed,Day 31,Intermediate,கடந்து செல் / சென்றேன் / சென்றுள்ளேன்,पार करना / किया / कर चुका,1. Cross the line. // 2. He crossed the road. // 3. I have crossed.,1. கோட்டைத் தாண்டு. // 2. அவர் சாலையைக் கடந்தார். // 3. நான் கடந்துவிட்டேன்.,1. रेखा पार करें। // 2. उसने सड़क पार की। // 3. मैंने पार कर लिया है।
Crouch / Crouched / Crouched,Day 32,Intermediate,குனி / குனிந்தேன் / குனிந்துள்ளேன்,झुकना / झुका / झुक चुका,1. Crouch down. // 2. He crouched low. // 3. I have crouched.,1. குனிந்து உட்காரு. // 2. அவர் தாழ்வாகக் குனிந்தார். // 3. நான் குனிந்தேன்.,1. नीचे झुकें। // 2. वह नीचे झुक गया। // 3. मैं झुक गया हूँ।
Crowd / Crowded / Crowded,Day 32,Intermediate,திரளு / திரண்டனர் / திரண்டுள்ளனர்,भीड़ लगाना / लगाई / लगा चुका,1. Don't crowd me. // 2. They crowded the hall. // 3. It was crowded.,1. என்னைக் கூட்டமாக நெருக்காதே. // 2. அவர்கள் மண்டபத்தில் கூட்டமாகத் திரண்டனர். // 3. அங்கே கூட்டம் அதிகமாக இருந்தது.,1. मुझे भीड़ में मत घेरो। // 2. उन्होंने हॉल में भीड़ लगा दी। // 3. वहां भीड़ थी।
Crown / Crowned / Crowned,Day 32,Intermediate,முடிசூட்டு / சூட்டினேன் / சூட்டியுள்ளேன்,ताज पहनाना / पहनाया / चुका,1. Crown the king. // 2. They crowned him. // 3. He was crowned.,1. அரசனுக்கு மகுடம் சூட்டு. // 2. அவர்கள் அவருக்கு மகுடம் சூட்டினார்கள். // 3. அவருக்கு மகுடம் சூட்டப்பட்டது.,1. राजा को ताज पहनाएं। // 2. उन्होंने उसे ताज पहनाया। // 3. उसे ताज पहनाया गया था।
Crucial / Crucialed / Crucialed,Day 32,Intermediate,முக்கியமாக்கு / ஆக்கினேன் / ஆக்கியுள்ளேன்,महत्वपूर्ण बनाना / बनाया / चुका,1. It is crucial. // 2. It was crucialed. // 3. It has been crucialed.,1. இது முக்கியமானது. // 2. அது முக்கியப்படுத்தப்பட்டது. // 3. அது முக்கியப்படுத்தப்பட்டுள்ளது.,1. यह महत्वपूर्ण है। // 2. इसे महत्वपूर्ण बनाया गया था। // 3. इसे महत्वपूर्ण माना गया है।
Crush / Crushed / Crushed,Day 32,Intermediate,நசுக்கு / நசுக்கினேன் / நசுக்கியுள்ளேன்,कुचलना / कुचला / कुचल चुका,1. Crush the ice. // 2. He crushed it. // 3. I have crushed.,1. ஐஸை நசுக்கவும். // 2. அவர் அதை நசுக்கினார். // 3. நான் நசுக்கினேன்.,1. बर्फ को कुचलें। // 2. उसने इसे कुचल दिया। // 3. मैंने कुचल दिया है।
Cry / Cried / Cried,Day 33,Intermediate,அழு / அழுதேன் / அழுதுள்ளேன்,रोना / रोया / रो चुका,1. Don't cry. // 2. She cried aloud. // 3. He has cried.,1. அழாதே. // 2. அவள் சத்தமாக அழுதாள். // 3. அவர் அழுதுள்ளார்.,1. रोओ मत। // 2. वह जोर से चिल्लाई। // 3. वह रोया है।
Cultivate / Cultivated / Cultivated,Day 33,Intermediate,பயிரிடு / இட்டேன் / இட்டுள்ளேன்,खेती करना / की / कर चुका,1. Cultivate plants. // 2. He cultivated land. // 3. We have cultivated.,1. செடிகளை வளர்க்கவும். // 2. அவர் நிலத்தைப் பயிரிட்டார். // 3. நாங்கள் பயிரிட்டுள்ளோம்.,1. पौधों की खेती करें। // 2. उसने भूमि पर खेती की। // 3. हमने खेती की है।
Curb / Curbed / Curbed,Day 33,Intermediate,கட்டுப்படுத்து / படுத்தினேன் / படுத்தியுள்ளேன்,नियंत्रण करना / किया / कर चुका,1. Curb your spending. // 2. He curbed the dog. // 3. It was curbed.,1. உன் செலவைக் கட்டுப்படுத்து. // 2. அவர் நாயைக் கட்டுப்படுத்தினார். // 3. அது கட்டுப்படுத்தப்பட்டது.,1. अपने खर्च पर अंकुश लगाएं। // 2. उसने कुत्ते को रोका। // 3. इसे नियंत्रित किया गया था।
Cure / Cured / Cured,Day 33,Intermediate,குணப்படுத்து / படுத்தினேன் / படுத்தியுள்ளேன்,इलाज करना / किया / कर चुका,1. Cure the illness. // 2. He cured me. // 3. I am cured.,1. நோயைக் குணப்படுத்து. // 2. அவர் என்னைக் குணப்படுத்தினார். // 3. நான் குணமடைந்துவிட்டேன்.,1. बीमारी का इलाज करें। // 2. उसने मुझे ठीक किया। // 3. मैं ठीक हो गया हूँ।
Curl / Curled / Curled,Day 33,Intermediate,சுருட்டு / சுருட்டினேன் / சுருட்டியுள்ளேன்,घुमाना / घुमाया / घुमा चुका,1. Curl your hair. // 2. She curled it. // 3. It has curled.,1. முடியைச் சுருட்டு. // 2. அவள் அதைச் சுருட்டினாள். // 3. அது சுருண்டுவிட்டது.,1. अपने बालों को घुंघराला करें। // 2. उसने इसे घुंघराला बनाया। // 3. यह मुड़ गया है।
Curse / Cursed / Cursed,Day 34,Intermediate,சபி / சபித்தேன் / சபித்துள்ளேன்,शाप देना / दिया / दे चुका,1. Don't curse. // 2. He cursed him. // 3. I have been cursed.,1. சபிக்காதே. // 2. அவர் அவனைச் சபித்தார். // 3. நான் சபிக்கப்பட்டேன்.,1. श्राप मत दो। // 2. उसने उसे कोसा। // 3. मुझे श्राप दिया गया है।
Curtail / Curtailed / Curtailed,Day 34,Intermediate,குறை / குறைத்தேன் / குறைத்துள்ளேன்,घटाना / घटाया / घटा चुका,1. Curtail expenses. // 2. He curtailed the trip. // 3. It was curtailed.,1. செலவுகளைக் குறை. // 2. அவர் பயணத்தைக் குறைத்தார். // 3. அது குறைக்கப்பட்டது.,1. खर्चों में कटौती करें। // 2. उसने यात्रा छोटी कर दी। // 3. इसमें कटौती की गई थी।
Curve / Curved / Curved,Day 34,Intermediate,வளை / வளைத்தேன் / வளைந்துள்ளேன்,मोड़ना / मोड़ा / मोड़ चुका,1. Curve the line. // 2. It curved left. // 3. It has curved.,1. கோட்டை வளைக்கவும். // 2. அது இடதுபுறம் வளைந்தது. // 3. அது வளைந்துவிட்டது.,1. रेखा को मोड़ें। // 2. यह बाईं ओर मुड़ गया। // 3. यह मुड़ गया है।
Custom / Customed / Customed,Day 34,Intermediate,பழக்கப்படுத்து / படுத்தினேன் / படுத்தியுள்ளேன்,आदत डालना / डाली / डाल चुका,1. Custom the order. // 2. He customed it. // 3. I have customed.,1. ஆர்டரைத் தனிப்பயனாக்கு. // 2. அவர் அதைத் தனிப்பயனாக்கினார். // 3. நான் தனிப்பயனாக்கினேன்.,1. ऑर्डर को अनुकूलित करें। // 2. उसने इसे अनुकूलित किया। // 3. मैंने अनुकूलित किया है।
Cut / Cut / Cut,Day 34,Intermediate,வெட்டு / வெட்டினேன் / வெட்டியுள்ளேன்,काटना / काटा / काट चुका,1. Cut the paper. // 2. He cut the wood. // 3. I have cut it.,1. காகிதத்தை வெட்டு. // 2. அவர் மரத்தை வெட்டினார். // 3. நான் அதை வெட்டினேன்.,1. कागज काटें। // 2. उसने लकड़ी काटी। // 3. मैंने इसे काट दिया है।
Damage / Damaged / Damaged,Day 35,Intermediate,சேதப்படுத்து / படுத்தினேன் / படுத்தியுள்ளேன்,नुकसान पहुँचाना / पहुँचाया / चुका,1. Don't damage it. // 2. It damaged the car. // 3. It is damaged.,1. அதைச் சேதப்படுத்தாதே. // 2. அது காரைச் சேதப்படுத்தியது. // 3. அது சேதமடைந்துள்ளது.,1. इसे नुकसान न पहुँचाएँ। // 2. इसने कार को नुकसान पहुँचाया। // 3. यह क्षतिग्रस्त है।
Damp / Damped / Damped,Day 35,Intermediate,நனை / நனைத்தேன் / நனைத்துள்ளேன்,गीला करना / किया / कर चुका,1. Damp the cloth. // 2. He damped the fire. // 3. It was damped.,1. துணியை நனைக்கவும். // 2. அவர் நெருப்பை அணைத்தார் (ஈரமாக்கினார்). // 3. அது ஈரமாக்கப்பட்டது.,1. कपड़े को गीला करें। // 2. उसने आग को बुझा दिया। // 3. इसे गीला कर दिया गया था।
Dance / Danced / Danced,Day 35,Intermediate,நடனமாடு /ாடினேன் /ாடியுள்ளேன்,नाचना / नाचा / नाच चुका,1. Dance with joy. // 2. She danced well. // 3. They have danced.,1. மகிழ்ச்சியில் ஆடு. // 2. அவள் நன்றாக ஆடினாள். // 3. அவர்கள் ஆடினார்கள்.,1. खुशी से नाचो। // 2. उसने अच्छा डांस किया। // 3. वे नाच चुके हैं।
Dare / Dared / Dared,Day 35,Intermediate,துணி / துணிந்தேன் / துணிந்துள்ளேன்,हिम्मत करना / की / कर चुका,1. Dare to dream. // 2. He dared me. // 3. I have dared.,1. கனவு காணத் துணி. // 2. அவர் எனக்குச் சவால் விட்டார். // 3. நான் துணிந்தேன்.,1. सपना देखने की हिम्मत करो। // 2. उसने मुझे चुनौती दी। // 3. मैंने हिम्मत की है।
Darken / Darkened / Darkened,Day 35,Intermediate,இருட்டாக்கு / ஆக்கினேன் / ஆக்கியுள்ளேன்,अंधेरा करना / किया / कर चुका,1. Darken the room. // 2. It darkened quickly. // 3. It has darkened.,1. அறையை இருட்டாக்கு. // 2. அது வேகமாக இருட்டியது. // 3. அது இருட்டிவிட்டது.,1. कमरे में अंधेरा करें। // 2. यह जल्दी अंधेरा हो गया। // 3. अंधेरा हो चुका है।
Dash / Dashed / Dashed,Day 36,Intermediate,விரைந்து செல் / சென்றேன் / சென்றுள்ளேன்,तेज़ी से दौड़ना / दौड़ा / चुका,1. Dash to the door. // 2. He dashed out. // 3. I have dashed.,1. கதவை நோக்கி ஓடு. // 2. அவர் வெளியே விரைந்தார். // 3. நான் விரைந்தேன்.,1. दरवाजे की ओर दौड़ें। // 2. वह तेजी से बाहर निकला। // 3. मैं तेजी से भागा हूँ।
Date / Dated / Dated,Day 36,Intermediate,தேதியிடு / இட்டேன் / இட்டுள்ளேன்,तारीख डालना / डाली / डाल चुका,1. Date the letter. // 2. He dated the check. // 3. It was dated.,1. கடிதத்தில் தேதியிடு. // 2. அவர் செக்கில் தேதியிட்டார். // 3. அதில் தேதியிடப்பட்டது.,1. पत्र पर तारीख डालें। // 2. उसने चेक पर तारीख डाली। // 3. इस पर तारीख डली थी।
Dazzle / Dazzled / Dazzled,Day 36,Intermediate,கண் கூசவை / வைத்தேன் / வைத்துள்ளேன்,चकाचौंध करना / की / कर चुका,1. Dazzle the crowd. // 2. It dazzled me. // 3. She has dazzled.,1. கூட்டத்தைப் பிரமிக்க வை. // 2. அது என்னைப் பிரமிக்க வைத்தது. // 3. அவள் பிரமிக்க வைத்தாள்.,1. भीड़ को चकित करें। // 2. इसने मुझे चकित कर दिया। // उसने सबको चकित कर दिया है।
Deadly / Deadlied / Deadlied,Day 36,Intermediate,கொல்லு / கொன்றேன் / கொன்றுள்ளேன்,घातक होना / था / हो चुका,1. It is deadly. // 2. He deadlied it. // 3. It has deadlied.,1. இது ஆபத்தானது. // 2. அவர் அதை ஆபத்தாக்கினார். // 3. அது ஆபத்தாகிவிட்டது.,1. यह घातक है। // 2. उसने इसे घातक बना दिया। // यह घातक हो गया है।
Deafen / Deafened / Deafened,Day 36,Intermediate,செவிடாக்கு / ஆக்கினேன் / ஆக்கியுள்ளேன்,बहरा करना / किया / कर चुका,1. Noise deafens. // 2. It deafened me. // 3. I am deafened.,1. சத்தம் செவிடாக்கும். // 2. அது என்னைச் செவிடாக்கியது. // 3. நான் செவிடாகிவிட்டேன்.,1. शोर बहरा कर देता है। // 2. इसने मुझे बहरा कर दिया। // मैं बहरा हो गया हूँ।
Deal / Dealt / Dealt,Day 37,Intermediate,கையாளு / கையாண்டேன் / கையாண்டுள்ளேன்,निपटना / निपटा / निपट चुका,1. Deal the cards. // 2. He dealt with it. // 3. I have dealt.,1. சீட்டுக்களைப் பகிர்ந்து கொடு. // 2. அவர் அதைக் கையாண்டார். // 3. நான் கையாண்டேன்.,1. ताश बांटें। // 2. उसने इसे संभाला। // मैंने सौदा कर लिया है।
Debate / Debated / Debated,Day 37,Intermediate,விவாதி / விவாதித்தேன் / விவாதித்துள்ளேன்,बहस करना / की / कर चुका,1. Debate the topic. // 2. They debated long. // 3. We have debated.,1. தலைப்பை விவாதி. // 2. அவர்கள் நீண்ட நேரம் விவாதித்தனர். // 3. நாங்கள் விவாதித்தோம்.,1. विषय पर बहस करें। // 2. उन्होंने देर तक बहस की। // हमने बहस की है।
Decay / Decayed / Decayed,Day 37,Intermediate,அழுகு / அழுகியது / அழுகியுள்ளது,सड़ना / सड़ा / सड़ चुका,1. Teeth decay. // 2. It decayed fast. // 3. It has decayed.,1. பற்கள் சொத்தையாகும். // 2. அது வேகமாக அழிந்தது. // 3. அது அழிந்துவிட்டது.,1. दांत सड़ते हैं। // 2. यह जल्दी सड़ गया। // यह सड़ चुका है।
Deceive / Deceived / Deceived,Day 37,Intermediate,ஏமாற்று / ஏமாற்றினேன் / ஏமாற்றியுள்ளேன்,धोखा देना / दिया / दे चुका,1. Don't deceive. // 2. He deceived me. // 3. I was deceived.,1. ஏமாற்றாதே. // 2. அவர் என்னை ஏமாற்றினார். // 3. நான் ஏமாற்றப்பட்டேன்.,1. धोखा मत दो। // 2. उसने मुझे धोखा दिया। // मुझे धोखा दिया गया था।
Decide / Decided / Decided,Day 37,Intermediate,தீர்மானி / தீர்மானித்தேன் / தீர்மானித்துள்ளேன்,निर्णय लेना / लिया / ले चुका,1. Decide now. // 2. He decided to stay. // 3. I have decided.,1. இப்பொழுதே தீர்மானி. // 2. அவர் தங்குவதற்கு முடிவெடுத்தார். // 3. நான் முடிவெடுத்துவிட்டேன்.,1. अभी फैसला करें। // 2. उसने रुकने का फैसला किया। // मैंने फैसला कर लिया है।
Declare / Declared / Declared,Day 38,Intermediate,அறிவி / அறிவித்தேன் / அறிவித்துள்ளேன்,घोषित करना / किया / कर चुका,1. Declare the winner. // 2. He declared it. // 3. They have declared.,1. வெற்றியாளரை அறிவி. // 2. அவர் அதை அறிவித்தார். // 3. அவர்கள் அறிவித்துள்ளனர்.,1. विजेता घोषित करें। // 2. उसने इसकी घोषणा की। // उन्होंने घोषणा कर दी है।
Decline / Declined / Declined,Day 38,Intermediate,மறு / மறுத்தேன் / மறுத்துள்ளேன்,अस्वीकार करना / किया / कर चुका,1. Decline the offer. // 2. It declined slowly. // 3. Prices have declined.,1. சலுகையை மறுக்கவும். // 2. அது மெல்லக் குறைந்தது. // 3. விலைகள் குறைந்துள்ளன.,1. प्रस्ताव अस्वीकार करें। // 2. इसमें धीरे-धीरे गिरावट आई। // कीमतें कम हो गई हैं।
Decorate / Decorated / Decorated,Day 38,Intermediate,அலங்கரி / அலங்கரித்தேன் / அலங்கரித்துள்ளேன்,सजाना / सजाया / सजा चुका,1. Decorate the hall. // 2. She decorated it. // 3. I have decorated.,1. மண்டபத்தை அலங்கரி. // 2. அவள் அதை அலங்கரித்தாள். // 3. நான் அலங்கரித்தேன்.,1. हॉल सजाएं। // 2. उसने इसे सजाया। // मैंने सजावट कर ली है।
Decrease / Decreased / Decreased,Day 38,Intermediate,குறை / குறைத்தேன் / குறைத்துள்ளேன்,घटाना / घटाया / घटा चुका,1. Decrease speed. // 2. It decreased. // 3. Pain has decreased.,1. வேகத்தைக் குறை. // 2. அது குறைந்தது. // 3. வலி குறைந்துள்ளது.,1. गति कम करें। // 2. यह कम हो गया। // दर्द कम हो गया है।
Dedicate / Dedicated / Dedicated,Day 38,Intermediate,அர்ப்பணி / பணித்தேன் / பணித்துள்ளேன்,समर्पित करना / किया / कर चुका,1. Dedicate the book. // 2. He dedicated it. // 3. I have dedicated.,1. புத்தகத்தை அர்ப்பணி. // 2. அவர் அதை அர்ப்பணித்தார். // 3. நான் அர்ப்பணித்தேன்.,1. पुस्तक समर्पित करें। // 2. उसने इसे समर्पित किया। // मैंने समर्पित कर दिया है।
Deduce / Deduced / Deduced,Day 39,Intermediate,ஊகி / ஊகித்தேன் / ஊகித்துள்ளேன்,निष्कर्ष निकालना / निकाला / चुका,1. Deduce the logic. // 2. He deduced the truth. // 3. I have deduced.,1. தர்க்கத்தைக் கண்டறி. // 2. அவர் உண்மையை ஊகித்தார். // 3. நான் ஊகித்தேன்.,1. तर्क का निष्कर्ष निकालें। // 2. उसने सच का पता लगाया। // मैंने निष्कर्ष निकाल लिया है।
Defeat / Defeated / Defeated,Day 39,Intermediate,தோற்கடி / அடித்தேன் / அடித்துள்ளேன்,हराना / हराया / हरा चुका,1. Defeat him. // 2. He defeated them. // 3. We have defeated.,1. அவனைத் தோற்கடி. // 2. அவர் அவர்களைத் தோற்கடித்தார். // 3. நாங்கள் தோற்கடித்தோம்.,1. उसे हराओ। // 2. उसने उन्हें हरा दिया। // हमने हरा दिया है।
Defend / Defended / Defended,Day 39,Intermediate,பாதுகா / பாதுகாத்தேன் / பாதுகாத்துள்ளேன்,रक्षा करना / की / कर चुका,1. Defend the country. // 2. He defended me. // 3. They have defended.,1. நாட்டைப் பாதுகாக்கவும். // 2. அவர் என்னைப் பாதுகாத்தார். // 3. அவர்கள் பாதுகாத்தனர்.,1. देश की रक्षा करें। // 2. उसने मेरा बचाव किया। // उन्होंने रक्षा की है।
Define / Defined / Defined,Day 39,Intermediate,வரையறு / அறுத்தேன் / அறுத்துள்ளேன்,परिभाषित करना / किया / कर चुका,1. Define the word. // 2. He defined it. // 3. I have defined.,1. வார்த்தையை விளக்கு. // 2. அவர் அதை விளக்கினார். // 3. நான் விளக்கியுள்ளேன்.,1. शब्द को परिभाषित करें। // 2. उसने इसे परिभाषित किया। // मैंने परिभाषित किया है।
Deflate / Deflated / Deflated,Day 39,Intermediate,காற்றை வெளியேற்று / ஏற்றினேன் / ஏற்றியுள்ளேன்,हवा निकालना / निकाली / निकाल चुका,1. Deflate the tire. // 2. It deflated. // 3. I have deflated it.,1. டயரை இறக்கிவிடு (காற்று). // 2. அது காற்றிறங்கியது. // 3. நான் காற்றை இறக்கினேன்.,1. टायर की हवा निकालें। // 2. इसकी हवा निकल गई। // मैंने हवा निकाल दी है।
Deflect / Deflected / Deflected,Day 40,Intermediate,திசைதிருப்பு / திருப்பினேன் / திருப்பியுள்ளேன்,मोड़ना / मोड़ा / मोड़ चुका,1. Deflect the light. // 2. It deflected away. // 3. It was deflected.,1. ஒளியைத் திருப்பு. // 2. அது திசை மாறியது. // 3. அது திசை திருப்பப்பட்டது.,1. प्रकाश को मोड़ें। // 2. यह मुड़ गया। // इसे मोड़ दिया गया था।
Deform / Deformed / Deformed,Day 40,Intermediate,உருமாற்று / மாற்றினேன் / மாற்றியுள்ளேன்,विकृत करना / किया / कर चुका,1. Heat deforms it. // 2. It deformed. // 3. It has deformed.,1. வெப்பம் அதை உருக்குலைக்கும். // 2. அது உருக்குலைந்தது. // 3. அது உருக்குலைந்துவிட்டது.,1. गर्मी इसे विकृत कर देती है। // 2. यह विकृत हो गया। // यह विकृत हो चुका है।
Defy / Defied / Defied,Day 40,Intermediate,எதிர்த்து நில் / நின்றேன் / நின்றுள்ளேன்,अवज्ञा करना / की / कर चुका,1. Defy the law. // 2. He defied me. // 3. They have defied.,1. சட்டத்தை மீறு. // 2. அவர் என்னை எதிர்த்தார். // 3. அவர்கள் எதிர்த்தனர்.,1. कानून की अवज्ञा करें। // 2. उसने मुझे चुनौती दी। // उन्होंने अवज्ञा की है।
Degrade / Degraded / Degraded,Day 40,Intermediate,தரம் தாழ்த்து / தாழ்த்தினேன் / தாழ்த்தியுள்ளேன்,अपमानित करना / किया / कर चुका,1. Don't degrade. // 2. It degraded fast. // 3. He was degraded.,1. தரம் குறைக்காதே. // 2. அது வேகமாகச் சீரழிந்தது. // 3. அவர் தரம் தாழ்த்தப்பட்டார்.,1. अपमानित न करें। // 2. यह जल्दी खराब हो गया। // उसे अपमानित किया गया था।
Delay / Delayed / Delayed,Day 40,Intermediate,தாமதப்படுத்து / படுத்தினேன் / படுத்தியுள்ளேன்,विलंब करना / किया / कर चुका,1. Delay the start. // 2. He delayed us. // 3. It was delayed.,1. தொடங்குவதைத் தாமதப்படுத்து. // 2. அவர் எங்களைத் தாமதப்படுத்தினார். // 3. அது தாமதமானது.,1. शुरू करने में देरी करें। // 2. उसने हमें देर करा दी। // इसमें देरी हुई थी।
Delegate / Delegated / Delegated,Day 41,Intermediate,பிரதிநிதித்துவப்படுத்து / படுத்தினேன் / படுத்தியுள்ளேன்,प्रतिनिधि चुनना / चुना / चुका,1. Delegate the work. // 2. She delegated it. // 3. I have delegated.,1. வேலையை ஒப்படைக்கவும். // 2. அவள் அதை ஒப்படைத்தாள். // 3. நான் ஒப்படைத்துள்ளேன்.,1. काम सौंपें। // 2. उसने इसे सौंपा। // 3. मैंने सौंप दिया है।
Delete / Deleted / Deleted,Day 41,Intermediate,நீக்கு / நீக்கினேன் / நீக்கியுள்ளேன்,मिटाना / मिटाया / मिटा चुका,1. Delete the file. // 2. He deleted it. // 3. It is deleted.,1. கோப்பை நீக்கவும். // 2. அவர் அதை நீக்கினார். // 3. அது நீக்கப்பட்டது.,1. फ़ाइल हटाएं। // 2. उसने इसे हटा दिया। // 3. यह हटा दिया गया है।
Deliberate / Deliberated / Deliberated,Day 41,Intermediate,ஆலோசி / ஆலோசித்தேன் / ஆலோசித்துள்ளேன்,विचार-विमर्श करना / किया / चुका,1. Deliberate the issue. // 2. They deliberated. // 3. We have deliberated.,1. விவகாரத்தை ஆலோசி. // 2. அவர்கள் ஆலோசித்தனர். // 3. நாங்கள் ஆலோசித்துள்ளோம்.,1. मुद्दे पर विचार करें। // 2. उन्होंने विचार किया। // 3. हमने विचार किया है।
Delight / Delighted / Delighted,Day 41,Intermediate,மகிழ்ச்சியூட்டு / ஊட்டினேன் / ஊட்டியுள்ளேன்,आनंदित करना / किया / कर चुका,1. It delights me. // 2. It delighted her. // 3. You have delighted us.,1. அது எனக்கு மகிழ்ச்சியளிக்கிறது. // 2. அது அவளை மகிழ்வித்தது. // 3. நீங்கள் எங்களை மகிழ்வித்தீர்கள்.,1. यह मुझे खुश करता है। // 2. इसने उसे खुश किया। // 3. आपने हमें खुश किया है।
Deliver / Delivered / Delivered,Day 41,Intermediate,விநியோகி / யோகித்தேன் / யோகித்துள்ளேன்,पहुँचाना / पहुँचाया / पहुँचा चुका,1. Deliver the mail. // 2. He delivered it. // 3. I have delivered.,1. தபாலை விநியோகி. // 2. அவர் அதை வழங்கினார். // 3. நான் வழங்கியுள்ளேன்.,1. मेल पहुँचाएं। // 2. उसने इसे पहुँचाया। // 3. मैंने पहुँचा दिया है।
Demolish / Demolished / Demolished,Day 42,Intermediate,இடி / இடித்தேன் / இடித்துள்ளேன்,ध्वस्त करना / किया / कर चुका,1. Demolish the wall. // 2. They demolished it. // 3. It was demolished.,1. சுவரை இடிக்கவும். // 2. அவர்கள் அதை இடித்தார்கள். // 3. அது இடிக்கப்பட்டது.,1. दीवार गिरा दो। // 2. उन्होंने इसे ढहा दिया। // 3. इसे गिरा दिया गया था।
Demonstrate / Demonstrated / Demonstrated,Day 42,Intermediate,செய்துகாட்டு / காட்டினேன் / காட்டியுள்ளேன்,प्रदर्शन करना / किया / कर चुका,1. Demonstrate the tool. // 2. He demonstrated it. // 3. I have demonstrated.,1. கருவியை விளக்கு. // 2. அவர் அதை விளக்கினார். // 3. நான் விளக்கிக் காட்டினேன்.,1. उपकरण का प्रदर्शन करें। // 2. उसने इसका प्रदर्शन किया। // 3. मैंने प्रदर्शन किया है।
Denounce / Denounced / Denounced,Day 42,Intermediate,பகிரங்கமாக கண்டி / கண்டித்தேன் / கண்டித்துள்ளேன்,आरोप लगाना / लगाया / लगा चुका,1. Denounce the act. // 2. They denounced it. // 3. We have denounced.,1. செயலைக் கண்டிக்கவும். // 2. அவர்கள் அதைக் கண்டித்தனர். // 3. நாங்கள் கண்டித்துள்ளோம்.,1. कृत्य की निंदा करें। // 2. उन्होंने इसकी निंदा की। // 3. हमने निंदा की है।
Depart / Departed / Departed,Day 42,Intermediate,புறப்படு / புறப்பட்டேன் / புறப்பட்டுள்ளேன்,प्रस्थान करना / किया / कर चुका,1. Depart now. // 2. The train departed. // 3. He has departed.,1. புறப்படு. // 2. ரயில் புறப்பட்டது. // 3. அவர் புறப்பட்டுவிட்டார்.,1. प्रस्थान करें। // 2. ट्रेन रवाना हुई। // 3. वह प्रस्थान कर चुका है।
Depend / Depended / Depended,Day 42,Intermediate,சார்ந்திரு / சார்ந்திருந்தேன் / சார்ந்துள்ளேன்,निर्भर होना / था / हो चुका,1. Depend on me. // 2. He depended on it. // 3. I have depended.,1. என்னைச் சார்ந்து இரு. // 2. அவர் அதைச் சார்ந்திருந்தார். // 3. நான் சார்ந்திருந்தேன்.,1. मुझ पर निर्भर रहें। // 2. वह इस पर निर्भर था। // 3. मैं निर्भर रहा हूँ।
Depict / Depicted / Depicted,Day 43,Intermediate,சித்தரி / சித்தரித்தேன் / சித்தரித்துள்ளேன்,चित्रित करना / किया / कर चुका,1. Depict the scene. // 2. It depicted history. // 3. I have depicted.,1. காட்சியைச் சித்தரி. // 2. அது வரலாற்றைச் சித்தரித்தது. // 3. நான் சித்தரித்துள்ளேன்.,1. दृश्य का चित्रण करें। // 2. इसने इतिहास को दर्शाया। // 3. मैंने चित्रण किया है।
Deplore / Deplored / Deplored,Day 43,Intermediate,வருந்து / வருந்தினேன் / வருந்தியுள்ளேன்,विलाप करना / किया / कर चुका,1. Deplore the loss. // 2. They deplored it. // 3. We have deplored.,1. இழப்புக்கு வருந்து. // 2. அவர்கள் வருந்தினார்கள். // 3. நாங்கள் வருந்தினோம்.,1. नुकसान पर खेद जताएं। // 2. उन्होंने खेद जताया। // 3. हमने खेद जताया है।
Deposit / Deposited / Deposited,Day 43,Intermediate,வைப்பு செய் / செய்தேன் / செய்துள்ளேன்,जमा करना / किया / कर चुका,1. Deposit the money. // 2. He deposited it. // 3. I have deposited.,1. பணத்தைச் செலுத்து. // 2. அவர் அதைச் செலுத்தினார். // 3. நான் செலுத்தினேன்.,1. पैसा जमा करें। // 2. उसने जमा किया। // 3. मैंने जमा कर दिया है।
Deprave / Depraved / Depraved,Day 43,Intermediate,கெடு / கெடுத்தேன் / கெடுத்துள்ளேன்,भ्रष्ट करना / किया / कर चुका,1. Power depraves. // 2. It depraved him. // 3. He was depraved.,1. அதிகாரம் சீரழிக்கும். // 2. அது அவரைச் சீரழித்தது. // 3. அவர் சீரழிந்தார்.,1. सत्ता भ्रष्ट करती है। // 2. इसने उसे भ्रष्ट किया। // 3. वह भ्रष्ट था।
Depress / Depressed / Depressed,Day 43,Intermediate,மனச்சோர்வடை / அடைந்தேன் / அடைந்துள்ளேன்,उदास करना / किया / कर चुका,1. It depresses me. // 2. It depressed him. // 3. I was depressed.,1. அது என்னைச் சோர்வடையச் செய்கிறது. // 2. அது அவரைச் சோர்வடையச் செய்தது. // 3. நான் சோர்வடைந்தேன்.,1. यह मुझे उदास करता है। // 2. इसने उसे उदास किया। // 3. मैं उदास था।
Deprive / Deprived / Deprived,Day 44,Intermediate,பறி / பறித்தேன் / பறித்துள்ளேன்,वंचित करना / किया / कर चुका,1. Don't deprive him. // 2. It deprived me. // 3. They were deprived.,1. அவரை வஞ்சிக்காதே. // 2. அது என் உரிமையைப் பறித்தது. // 3. அவர்கள் வஞ்சிக்கப்பட்டனர்.,1. उसे वंचित न करें। // 2. इसने मुझे वंचित किया। // 3. वे वंचित थे।
Derive / Derived / Derived,Day 44,Intermediate,பெறு / பெற்றேன் / பெற்றுள்ளேன்,प्राप्त करना / किया / कर चुका,1. Derive the formula. // 2. He derived it. // 3. It is derived.,1. சூத்திரத்தைப் பெறவும். // 2. அவர் அதைப் பெற்றார். // 3. அது பெறப்பட்டது.,1. सूत्र प्राप्त करें। // 2. उसने इसे प्राप्त किया। // 3. यह प्राप्त किया गया है।
Descend / Descended / Descended,Day 44,Intermediate,இறங்கு / இறங்கினேன் / இறங்கியுள்ளேன்,उतरना / उतरा / उतर चुका,1. Descend the stairs. // 2. He descended. // 3. We have descended.,1. படிக்கட்டில் இறங்கு. // 2. அவர் இறங்கினார். // 3. நாங்கள் இறங்கினோம்.,1. सीढ़ियों से नीचे उतरें। // 2. वह नीचे उतरा। // 3. हम नीचे उतर चुके हैं।
Describe / Described / Described,Day 44,Intermediate,விவரி / விவரித்தேன் / விவரித்துள்ளேன்,वर्णन करना / किया / कर चुका,1. Describe the car. // 2. He described it. // 3. I have described.,1. காரை விவரி. // 2. அவர் அதை விவரித்தார். // 3. நான் விவரித்துள்ளேன்.,1. कार का वर्णन करें। // 2. उसने इसका वर्णन किया। // 3. मैंने वर्णन किया है।
Desert / Deserted / Deserted,Day 44,Intermediate,கைவிடு / கைவிட்டேன் / கைவிட்டுள்ளேன்,त्यागना / त्यागा / त्याग चुका,1. Don't desert them. // 2. He deserted it. // 3. They have deserted.,1. அவர்களைக் கைவிடாதே. // 2. அவர் அதைக் கைவிட்டார். // 3. அவர்கள் கைவிட்டனர்.,1. उन्हें न छोड़ें। // 2. उसने इसे छोड़ दिया। // 3. उन्होंने छोड़ दिया है।
Deserve / Deserved / Deserved,Day 45,Intermediate,தகுதியாயிரு / இருந்தேன் / இருந்துள்ளேன்,योग्य होना / था / हो चुका,1. You deserve it. // 2. He deserved it. // 3. We have deserved.,1. நீ இதற்குத் தகுதியானவன். // 2. அவர் அதற்குத் தகுதியானவர். // 3. நாங்கள் தகுதியானவர்கள்.,1. आप इसके हकदार हैं। // 2. वह इसके हकदार थे। // 3. हम हकदार रहे हैं।
Design / Designed / Designed,Day 45,Intermediate,வடிவமை / அமைத்தேன் / அமைத்துள்ளேன்,योजना बनाना / बनाई / बना चुका,1. Design a logo. // 2. She designed it. // 3. I have designed.,1. சின்னத்தை வடிவமை. // 2. அவள் அதை வடிவமைத்தாள். // 3. நான் வடிவமைத்தேன்.,1. लोगो डिज़ाइन करें। // 2. उसने डिज़ाइन किया। // 3. मैंने डिज़ाइन किया है।
Desire / Desired / Desired,Day 45,Intermediate,விரும்பு / விரும்பினேன் / விரும்பியுள்ளேன்,इच्छा करना / की / कर चुका,1. I desire peace. // 2. He desired it. // 3. It was desired.,1. அமைதியை விரும்பு. // 2. அவர் அதை விரும்பினார். // 3. அது விரும்பப்பட்டது.,1. शांति की इच्छा करें। // 2. उसने इसकी इच्छा की। // 3. इसकी इच्छा की गई थी।
Despair / Despaired / Despaired,Day 45,Intermediate,நம்பிக்கையிழு / இழந்தேன் / இழந்துள்ளேன்,निराश होना / हुआ / हो चुका,1. Don't despair. // 2. He despaired. // 3. I have despaired.,1. நம்பிக்கையிழக்காதே. // 2. அவர் நம்பிக்கையிழந்தார். // 3. நான் நம்பிக்கையிழந்தேன்.,1. निराश न हों। // 2. वह निराश हुआ। // 3. मैं निराश हुआ हूँ।
Detach / Detached / Detached,Day 45,Intermediate,பிரி / பிரித்தேன் / பிரித்துள்ளேன்,अलग करना / किया / कर चुका,1. Detach the sheet. // 2. He detached it. // 3. It is detached.,1. தாளைப் பிரி. // 2. அவர் அதைப் பிரித்தார். // 3. அது பிரிக்கப்பட்டது.,1. शीट को अलग करें। // 2. उसने इसे अलग किया। // 3. यह अलग हो गया है।
Detect / Detected / Detected,Day 46,Intermediate,கண்டுபிடி / பிடித்தேன் / பிடித்துள்ளேன்,पता लगाना / लगाया / लगा चुका,1. Detect the error. // 2. It detected smoke. // 3. I have detected.,1. பிழையைக் கண்டறி. // 2. அது புகையைக் கண்டறிந்தது. // 3. நான் கண்டறிந்தேன்.,1. त्रुटि का पता लगाएं। // 2. इसने धुएँ का पता लगाया। // 3. मैंने पता लगा लिया है।
Deter / Deterred / Deterred,Day 46,Intermediate,தடுத்து நிறுத்து / நிறுத்தினேன் / நிறுத்தியுள்ளேன்,रोकना / रोका / रोक चुका,1. Deter the crime. // 2. It deterred him. // 3. They were deterred.,1. குற்றத்தைத் தடு. // 2. அது அவரைத் தடுத்தது. // 3. அவர்கள் தடுக்கப்பட்டனர்.,1. अपराध को रोकें। // 2. इसने उसे रोका। // 3. उन्हें रोका गया था।
Determine / Determined / Determined,Day 46,Intermediate,தீர்மானி / தீர்மானித்தேன் / தீர்மானித்துள்ளேன்,निर्धारित करना / किया / कर चुका,1. Determine the cost. // 2. He determined. // 3. I have determined.,1. விலையைத் தீர்மானி. // 2. அவர் தீர்மானித்தார். // 3. நான் தீர்மானித்தேன்.,1. लागत निर्धारित करें। // 2. उसने ठान लिया। // 3. मैंने ठान लिया है।
Detest / Detested / Detested,Day 46,Intermediate,வெறு / வெறுத்தேன் / வெறுத்துள்ளேன்,नफरत करना / की / कर चुका,1. I detest lies. // 2. He detested it. // 3. I have detested.,1. பொய்களை வெறுக்கிறேன். // 2. அவர் அதை வெறுத்தார். // 3. நான் வெறுத்தேன்.,1. झूठ से नफरत करें। // 2. उसने इससे नफरत की। // 3. मैंने नफरत की है।
Develop / Developed / Developed,Day 46,Intermediate,வளர் / வளர்ந்தேன் / வளர்ந்துள்ளேன்,विकसित करना / किया / कर चुका,1. Develop the city. // 2. It developed. // 3. We have developed.,1. நகரத்தை மேம்படுத்து. // 2. அது மேம்பட்டது. // 3. நாங்கள் மேம்பட்டுள்ளோம்.,1. शहर का विकास करें। // 2. यह विकसित हुआ। // 3. हमने विकसित किया है।
Deviate / Deviated / Deviated,Day 47,Intermediate,விலகிச் செல் / சென்றேன் / சென்றுள்ளேன்,विचलित होना / हुआ / हो चुका,1. Don't deviate. // 2. He deviated. // 3. It has deviated.,1. திசை மாறாதே. // 2. அவர் திசை மாறினார். // 3. அது மாறிவிட்டது.,1. विचलित न हों। // 2. वह भटक गया। // 3. यह भटक गया है।
Devise / Devised / Devised,Day 47,Intermediate,திட்டம் வகு / வகுத்தேன் / வகுத்துள்ளேன்,योजना तैयार करना / की / कर चुका,1. Devise a plan. // 2. He devised a tool. // 3. We have devised.,1. திட்டத்தை வகுக்கவும். // 2. அவர் கருவியை உருவாக்கினார். // 3. நாங்கள் உருவாக்கினோம்.,1. योजना बनाएं। // 2. उसने एक उपकरण बनाया। // 3. हमने इसे तैयार किया है।
Devote / Devoted / Devoted,Day 47,Intermediate,அர்ப்பணி / பணித்தேன் / பணித்துள்ளேன்,समर्पित करना / किया / कर चुका,1. Devote your time. // 2. He devoted it. // 3. I am devoted.,1. காலத்தை அர்ப்பணி. // 2. அவர் அதை அர்ப்பணித்தார். // 3. நான் அர்ப்பணித்துள்ளேன்.,1. समय समर्पित करें। // 2. उसने समर्पित किया। // 3. मैं समर्पित हूँ।
Devour / Devoured / Devoured,Day 47,Intermediate,ஆவலுடன் உண் / உண்டேன் / உண்டுள்ளேன்,लालच से खाना / खाया / खा चुका,1. Devour the food. // 2. He devoured it. // 3. It was devoured.,1. உணவை விழுங்கு. // 2. அவர் அதை விழுங்கினார். // 3. அது விழுங்கப்பட்டது.,1. खाना जल्दी खाएं। // 2. उसने इसे खा लिया। // 3. इसे खा लिया गया था।
Diagnose / Diagnosed / Diagnosed,Day 47,Intermediate,நோய் கண்டறி / அறிந்தேன் / அறிந்துள்ளேன்,निदान करना / किया / कर चुका,1. Diagnose the fever. // 2. He diagnosed it. // 3. I have diagnosed.,1. காய்ச்சலைக் கண்டறி. // 2. அவர் அதைக் கண்டறிந்தார். // 3. நான் கண்டறிந்தேன்.,1. बुखार का निदान करें। // 2. उसने इसका निदान किया। // 3. मैंने निदान कर लिया है।
Dictate / Dictated / Dictated,Day 48,Intermediate,கட்டளையிடு / இட்டேன் / இட்டுள்ளேன்,हुक्म चलाना / चलाया / चला चुका,1. Dictate the notes. // 2. He dictated it. // 3. I have dictated.,1. குறிப்புகளைச் சொல்லு. // 2. அவர் அதைச் சொன்னார். // 3. நான் சொல்லியுள்ளேன்.,1. नोट्स बोलकर लिखाएं। // 2. उसने लिखाया। // 3. मैंने लिखाया है।
Differ / Differed / Differed,Day 48,Intermediate,மாறுபடு / பட்டேன் / பட்டுள்ளேன்,अलग होना / था / हो चुका,1. Opinions differ. // 2. They differed. // 3. We have differed.,1. கருத்துக்கள் மாறுபடும். // 2. அவர்கள் மாறுபட்டனர். // 3. நாங்கள் மாறுபட்டோம்.,1. राय अलग होना। // 2. वे अलग थे। // 3. हम अलग रहे हैं।
Digest / Digested / Digested,Day 48,Intermediate,செரிமானம் செய் / செய்தேன் / செய்துள்ளேன்,पचाना / पचाया / पचा चुका,1. Digest the food. // 2. It digested. // 3. It has digested.,1. உணவைச் செரிமானம் செய். // 2. அது செரித்தது. // 3. அது செரித்துவிட்டது.,1. भोजन पचाएं। // 2. यह पच गया। // 3. यह पच चुका है।
Diminish / Diminished / Diminished,Day 48,Intermediate,குறை / குறைத்தேன் / குறைத்துள்ளேன்,कम होना / हुआ / हो चुका,1. Diminish the risk. // 2. It diminished. // 3. It has diminished.,1. அபாயத்தைக் குறை. // 2. அது குறைந்தது. // 3. அது குறைந்துவிட்டது.,1. जोखिम कम करें। // 2. यह कम हुआ। // 3. यह कम हो गया है।
Dip / Dipped / Dipped,Day 48,Intermediate,நனை / நனைத்தேன் / நனைத்துள்ளேன்,डुबोना / डुबोया / डुबो चुका,1. Dip the biscuit. // 2. He dipped it. // 3. I have dipped.,1. பிஸ்கட்டை நனை. // 2. அவர் அதை நனைத்தார். // 3. நான் நனைத்தேன்.,1. बिस्किट डुबोएं। // 2. उसने इसे डुबोया। // 3. मैंने डुबोया है।
Direct / Directed / Directed,Day 49,Intermediate,வழிநடத்து / நடத்தினேன் / நடத்தியுள்ளேன்,निर्देशित करना / किया / कर चुका,1. Direct the movie. // 2. He directed me. // 3. I have directed.,1. படத்தை இயக்கு. // 2. அவர் என்னை வழிநடத்தினார். // 3. நான் இயக்கினேன்.,1. फिल्म का निर्देशन करें। // 2. उसने निर्देशित किया। // 3. मैंने निर्देशन किया है।
Disable / Disabled / Disabled,Day 49,Intermediate,முடக்கு / முடக்கினேன் / முடக்கியுள்ளேன்,अक्षम करना / किया / कर चुका,1. Disable the alarm. // 2. He disabled it. // 3. It is disabled.,1. அலாரத்தை முடக்கு. // 2. அவர் அதை முடக்கினார். // 3. அது முடக்கப்பட்டது.,1. अलार्म बंद करें। // 2. उसने अक्षम किया। // 3. यह अक्षम है।
Disadvantage / Disadvantaged / Disadvantaged,Day 49,Intermediate,பாதகத்தை ஏற்படுத்து / படுத்தினேன் / படுத்தியுள்ளேன்,नुकसान पहुँचाना / पहुँचाया / चुका,1. Don't disadvantage them. // 2. It disadvantaged us. // 3. They were disadvantaged.,1. பாதகமாக்காதே. // 2. அது எங்களைப் பாதகப்படுத்தியது. // 3. அவர்கள் பாதகமடைந்தனர்.,1. उन्हें नुकसान न पहुँचाएँ। // 2. इसने हमें नुकसान पहुँचाया। // 3. वे नुकसान में थे।
Disagree / Disagreed / Disagreed,Day 49,Intermediate,உடன்படாதிரு / பட்டேன் / பட்டுள்ளேன்,असहमत होना / हुआ / हो चुका,1. Disagree with him. // 2. He disagreed. // 3. I have disagreed.,1. அவருடன் முரண்படு. // 2. அவர் முரண்பட்டார். // 3. நான் முரண்பட்டேன்.,1. उससे असहमत हों। // 2. वह असहमत था। // 3. मैं असहमत हूँ।
Disappear / Disappeared / Disappeared,Day 49,Intermediate,மறை / மறைந்தேன் / மறைந்துள்ளேன்,गायब होना / हुआ / हो चुका,1. Don't disappear. // 2. It disappeared. // 3. He has disappeared.,1. மறைந்துவிடாதே. // 2. அது மறைந்தது. // 3. அவர் மறைந்துவிட்டார்.,1. गायब न हों। // 2. यह गायब हुआ। // 3. वह गायब हो गया है।
Disappoint / Disappointed / Disappointed,Day 50,Intermediate,ஏமாற்றமளி / அளித்தேன் / அளித்துள்ளேன்,निराश करना / किया / कर चुका,1. Don't disappoint me. // 2. It disappointed. // 3. I am disappointed.,1. ஏமாற்றாதே. // 2. அது ஏமாற்றியது. // 3. நான் ஏமாற்றமடைந்தேன்.,1. निराश न करें। // 2. निराशा हुई। // 3. मैं निराश हूँ।
Disapprove / Disapproved / Disapproved,Day 50,Intermediate,அங்கீகரிக்க மறு / மறுத்தேன் / மறுத்துள்ளேன்,अस्वीकार करना / किया / कर चुका,1. Disapprove the plan. // 2. He disapproved. // 3. I have disapproved.,1. திட்டத்தை நிராகரி. // 2. அவர் நிராகரித்தார். // 3. நான் நிராகரித்தேன்.,1. योजना को नामंजूर करें। // 2. उसने नामंजूर किया। // 3. मैंने नामंजूर किया है।
Discard / Discarded / Discarded,Day 50,Intermediate,எறிந்துவிடு / விட்டேன் / விட்டுள்ளேன்,फेंक देना / फेंका / फेंक चुका,1. Discard the trash. // 2. He discarded it. // 3. I have discarded.,1. குப்பையை எறிந்துவிடு. // 2. அவர் அதை எறிந்தார். // 3. நான் எறிந்துவிட்டேன்.,1. कचरा फेंक दें। // 2. उसने फेंका। // 3. मैंने फेंक दिया है।
Discern / Discerned / Discerned,Day 50,Intermediate,பகுத்தறி / அறிந்தேன் / அறிந்துள்ளேன்,पहचानना / पहचाना / पहचान चुका,1. Discern the truth. // 2. He discerned. // 3. I have discerned.,1. உண்மையை உணர். // 2. அவர் உணர்ந்தார். // 3. நான் உணர்ந்தேன்.,1. सच पहचानें। // 2. उसने पहचाना। // 3. मैंने पहचाना है।
Discharge / Discharged / Discharged,Day 50,Intermediate,விடுவி / விடுவித்தேன் / விடுவித்துள்ளேன்,मुक्त करना / किया / कर चुका,1. Discharge the patient. // 2. They discharged. // 3. He was discharged.,1. விடுவிக்கவும். // 2. அவர்கள் விடுவித்தனர். // 3. அவர் விடுவிக்கப்பட்டார்.,1. छुट्टी दें। // 2. उन्होंने दी। // 3. उसे छुट्टी मिली।
Disclose / Disclosed / Disclosed,Day 51,Intermediate,வெளிப்படுத்து / படுத்தினேன் / படுத்தியுள்ளேன்,खुलासा करना / किया / कर चुका,1. Disclose the facts. // 2. He disclosed it. // 3. It was disclosed.,1. உண்மையை வெளிப்படுத்து. // 2. அவர் வெளிப்படுத்தினார். // 3. அது வெளிப்படுத்தப்பட்டது.,1. तथ्यों का खुलासा करें। // 2. उसने किया। // 3. खुलासा हुआ।
Disconnect / Disconnected / Disconnected,Day 51,Intermediate,துண்டி / துண்டித்தேன் / துண்டித்துள்ளேன்,अलग करना / किया / कर चुका,1. Disconnect the TV. // 2. He disconnected it. // 3. It is disconnected.,1. இணைப்பைத் துண்டி. // 2. அவர் துண்டித்தார். // 3. அது துண்டிக்கப்பட்டது.,1. टीवी डिस्कनेक्ट करें। // 2. उसने किया। // 3. यह अलग है।
Discontinue / Discontinued / Discontinued,Day 51,Intermediate,நிறுத்து / நிறுத்தினேன் / நிறுத்தியுள்ளேன்,बंद करना / किया / कर चुका,1. Discontinue the service. // 2. He discontinued. // 3. It was discontinued.,1. சேவையை நிறுத்து. // 2. அவர் நிறுத்தினார். // 3. அது நிறுத்தப்பட்டது.,1. सेवा बंद करें। // 2. उसने किया। // 3. बंद हो गया।
Discourage / Discouraged / Discouraged,Day 51,Intermediate,மனச்சோர்வடையச் செய் / செய்தேன் / செய்துள்ளேன்,हतोत्साहित करना / किया / चुका,1. Don't discourage her. // 2. It discouraged him. // 3. I was discouraged.,1. ஊக்கமளிக்காமல் இருக்காதே. // 2. அது அவரைச் சோர்வடையச் செய்தது. // 3. நான் சோர்வடைந்தேன்.,1. उसे हतोत्साहित न करें। // 2. निराशा हुई। // 3. मैं हतोत्साहित था।
Discover / Discovered / Discovered,Day 51,Intermediate,கண்டறி / அறிந்தேன் / அறிந்துள்ளேன்,खोजना / खोजा / खोज चुका,1. Discover the secret. // 2. He discovered it. // 3. I have discovered.,1. ரகசியத்தைக் கண்டுபிடி. // 2. அவர் கண்டுபிடித்தார். // 3. நான் கண்டுபிடித்தேன்.,1. रहस्य खोजें। // 2. उसने खोजा। // 3. मैंने खोजा है।
Discriminate / Discriminated / Discriminated,Day 52,Intermediate,பாகுபாடு காட்டு / காட்டினேன் / காட்டியுள்ளேன்,भेदभाव करना / किया / कर चुका,1. Don't discriminate. // 2. He discriminated. // 3. They have discriminated.,1. பாகுபாடு காட்டாதே. // 2. அவர் பாகுபடுத்தினார். // 3. அவர்கள் பாகுபடுத்தினர்.,1. भेदभाव न करें। // 2. उसने किया। // 3. उन्होंने किया है।
Discuss / Discussed / Discussed,Day 52,Intermediate,விவாதி / விவாதித்தேன் / விவாதித்துள்ளேன்,चर्चा करना / की / कर चुका,1. Discuss the topic. // 2. They discussed. // 3. We have discussed.,1. விவாதி. // 2. அவர்கள் விவாதித்தனர். // 3. நாங்கள் விவாதித்தோம்.,1. चर्चा करें। // 2. उन्होंने की। // 3. हमने की है।
Disdain / Disdained / Disdained,Day 52,Intermediate,அலட்சியப்படுத்து / படுத்தினேன் / படுத்தியுள்ளேன்,तिरस्कार करना / किया / कर चुका,1. Don't disdain others. // 2. He disdained it. // 3. I have disdained.,1. அலட்சியப்படுத்தாதே. // 2. அவர் அலட்சியப்படுத்தினார். // 3. நான் அலட்சியப்படுத்தினேன்.,1. तिरस्कार न करें। // 2. उसने किया। // 3. मैंने किया है।
Disengage / Disengaged / Disengaged,Day 52,Intermediate,விடுவி / விடுவித்தேன் / விடுவித்துள்ளேன்,मुक्त करना / किया / कर चुका,1. Disengage the gear. // 2. He disengaged it. // 3. It is disengaged.,1. விடுவிக்கவும். // 2. அவர் விடுவித்தார். // 3. அது விடுபட்டது.,1. मुक्त करें। // 2. उसने किया। // 3. यह मुक्त है।
Disfigure / Disfigured / Disfigured,Day 52,Intermediate,உருக்குலை / குலைத்தேன் / குலைத்துள்ளேன்,विरूपित करना / किया / कर चुका,1. Disfigure the art. // 2. He disfigured it. // 3. It is disfigured.,1. உருக்குலை. // 2. அவர் உருக்குலைத்தார். // 3. அது உருக்குலைந்தது.,1. कला को कुरूप करें। // 2. उसने किया। // 3. यह कुरूप है।
Disgrace / Disgraced / Disgraced,Day 53,Intermediate,அவமானப்படுத்து / படுத்தினேன் / படுத்தியுள்ளேன்,अपमानित करना / किया / कर चुका,1. Don't disgrace us. // 2. He disgraced them. // 3. I was disgraced.,1. அவமானப்படுத்தாதே. // 2. அவர் அவமானப்படுத்தினார். // 3. நான் அவமானப்பட்டேன்.,1. अपमानित न करें। // 2. उसने किया। // 3. मैं अपमानित था।
Disguise / Disguised / Disguised,Day 53,Intermediate,மாறுவேடமிடு / இட்டேன் / இட்டுள்ளேன்,भेष बदलना / बदला / बदल चुका,1. Disguise yourself. // 2. He disguised. // 3. I have disguised.,1. மாறுவேடம் போடு. // 2. அவர் மாறுவேடமிட்டார். // 3. நான் மாறுவேடமிட்டேன்.,1. वेश बदलें। // 2. उसने बदला। // 3. मैंने बदला है।
Disgust / Disgusted / Disgusted,Day 53,Intermediate,அருவருப்படையச் செய் / செய்தேன் / செய்துள்ளேன்,घृणा करना / की / कर चुका,1. It disgusts me. // 2. It disgusted her. // 3. I was disgusted.,1. அது அருவருப்பளிக்கிறது. // 2. அது அருவருப்பளித்தது. // 3. நான் அருவருப்படைந்தேன்.,1. घृणा आती है। // 2. घृणा हुई। // 3. मुझे घृणा हुई।
Dishonor / Dishonored / Dishonored,Day 53,Intermediate,அவமதி / அவமதித்தேன் / அவமதித்துள்ளேன்,अपमान करना / किया / कर चुका,1. Don't dishonor them. // 2. He dishonored it. // 3. We were dishonored.,1. அவமதிக்காதே. // 2. அவர் அவமதித்தார். // 3. நாங்கள் அவமதிக்கப்பட்டோம்.,1. अनादर न करें। // 2. उसने किया। // 3. अनादर हुआ।
Disinfect / Disinfected / Disinfected,Day 53,Intermediate,கிருமி நீக்கம் செய் / செய்தேன் / செய்துள்ளேன்,कीटाणुरहित करना / किया / चुका,1. Disinfect the room. // 2. He disinfected. // 3. It is disinfected.,1. கிருமி நீக்கம் செய். // 2. அவர் நீக்கம் செய்தார். // 3. அது நீக்கப்பட்டது.,1. कमरे को कीटाणुरहित करें। // 2. उसने किया। // 3. यह स्वच्छ है।
Disintegrate / Disintegrated / Disintegrated,Day 54,Intermediate,சிதை / சிதைந்தது / சிதைந்துள்ளது,बिखरना / बिखरा / बिखर चुका,1. It disintegrates. // 2. It disintegrated. // 3. It has disintegrated.,1. சிதைந்துவிடும். // 2. அது சிதைந்தது. // 3. அது சிதைந்துவிட்டது.,1. बिखरना। // 2. वह बिखर गया। // 3. यह बिखर चुका है।
Dislike / Disliked / Disliked,Day 54,Intermediate,வெறு / வெறுத்தேன் / வெறுத்துள்ளேன்,नापसंद करना / किया / कर चुका,1. I dislike sweets. // 2. He disliked it. // 3. I have disliked.,1. எனக்குப் பிடிக்கவில்லை. // 2. அவருக்குப் பிடிக்கவில்லை. // 3. எனக்குப் பிடிக்கவில்லை.,1. नापसंद करें। // 2. उसने किया। // 3. मैंने किया है।
Dislocate / Dislocated / Dislocated,Day 54,Intermediate,இடமாற்று / மாற்றினேன் / மாற்றியுள்ளேன்,विस्थापित करना / किया / कर चुका,1. Dislocate the bone. // 2. He dislocated it. // 3. It is dislocated.,1. இடம் பெயரச் செய். // 2. அவர் இடம் பெயர்த்தார். // 3. அது பெயர்ந்தது.,1. विस्थापित करें। // 2. उसने किया। // 3. यह विस्थापित है।
Dismay / Dismayed / Dismayed,Day 54,Intermediate,திகிலடையச் செய் / செய்தேன் / செய்துள்ளேன்,हताश करना / किया / कर चुका,1. Don't dismay. // 2. It dismayed me. // 3. I was dismayed.,1. திகிலடையாதே. // 2. அது திகிலூட்டியது. // 3. நான் திகிலடைந்தேன்.,1. बेचैन न हों। // 2. बेचैनी हुई। // 3. मैं बेचैन था।
Dismiss / Dismissed / Dismissed,Day 54,Intermediate,நீக்கு / நீக்கினேன் / நீக்கியுள்ளேன்,खारिज करना / किया / कर चुका,1. Dismiss the worker. // 2. He dismissed it. // 3. It was dismissed.,1. பணிநீக்கம் செய். // 2. அவர் தள்ளுபடி செய்தார். // 3. அது செய்யப்பட்டது.,1. बर्खास्त करें। // 2. उसने किया। // 3. बर्खास्त हुआ।
Disobey / Disobeyed / Disobeyed,Day 55,Intermediate,கீழ்ப்படிய மறு / மறுத்தேன் / மறுத்துள்ளேன்,आज्ञा न मानना / मानी / मान चुका,1. Don't disobey rules. // 2. He disobeyed. // 3. You have disobeyed.,1. மீறாதே. // 2. அவர் கீழ்ப்படியவில்லை. // 3. நீ கீழ்ப்படியவில்லை.,1. नियमों की अवज्ञा न करें। // 2. उसने की। // 3. तुमने की है।
Disorder / Disordered / Disordered,Day 55,Intermediate,சீர்குலை / குலைத்தேன் / குலைத்துள்ளேன்,अव्यवस्थित करना / किया / चुका,1. Disorder the books. // 2. He disordered it. // 3. It is disordered.,1. கலைத்துப்போடு. // 2. அவர் கலைத்தார். // 3. அது கலைந்தது.,1. अव्यवस्थित करें। // 2. उसने किया। // 3. यह अव्यवस्थित है।
Disown / Disowned / Disowned,Day 55,Intermediate,உரிமை மறு / மறுத்தேன் / மறுத்துள்ளேன்,अस्वीकार करना / किया / कर चुका,1. Disown him. // 2. He disowned her. // 3. I have disowned.,1. துறந்துவிடு. // 2. அவர் துறந்தார். // 3. நான் துறந்தேன்.,1. त्याग दें। // 2. उसने त्यागा। // 3. मैंने त्यागा है।
Dispatch / Dispatched / Dispatched,Day 55,Intermediate,அனுப்பிவை / வைத்தேன் / வைத்துள்ளேன்,भेजना / भेजा / भेज चुका,1. Dispatch the goods. // 2. He dispatched. // 3. It was dispatched.,1. அனுப்பிவை. // 2. அவர் அனுப்பினார். // 3. அது அனுப்பப்பட்டது.,1. माल भेजें। // 2. उसने भेजा। // 3. भेजा गया।
Dispel / Dispelled / Dispelled,Day 55,Intermediate,விரட்டியடி / அடித்தேன் / அடித்துள்ளேன்,दूर करना / किया / कर चुका,1. Dispel the doubt. // 2. It dispelled fear. // 3. Fear has dispelled.,1. சந்தேகத்தைப் போக்கு. // 2. அது நீங்கியது. // 3. பயம் நீங்கியது.,1. संदेह दूर करें। // 2. दूर हुआ। // 3. डर दूर हुआ।
Displace / Displaced / Displaced,Day 56,Intermediate,இடமாற்று / மாற்றினேன் / மாற்றியுள்ளேன்,विस्थापित करना / किया / कर चुका,1. Displace the object. // 2. He displaced it. // 3. It was displaced.,1. இடமாற்று. // 2. அவர் மாற்றினார். // 3. அது மாற்றப்பட்டது.,1. विस्थापित करें। // 2. उसने किया। // 3. विस्थापित हुआ।
Display / Displayed / Displayed,Day 56,Intermediate,காட்சிப்படுத்து / படுத்தினேன் / படுத்தியுள்ளேன்,प्रदर्शित करना / किया / कर चुका,1. Display the price. // 2. He displayed it. // 3. I have displayed.,1. காண்பி. // 2. அவர் காண்பித்தார். // 3. நான் காண்பித்தேன்.,1. मूल्य दिखाएँ। // 2. उसने दिखाया। // 3. मैंने दिखाया है।
Displease / Displeased / Displeased,Day 56,Intermediate,அதிருப்தியூட்டு / ஊட்டினேன் / ஊட்டியுள்ளேன்,अप्रसन्न करना / किया / कर चुका,1. Don't displease her. // 2. It displeased him. // 3. He was displeased.,1. அதிருப்தியாக்காதே. // 2. அது அதிருப்தியளித்தது. // 3. அவர் அதிருப்தியடைந்தார்.,1. नाराज न करें। // 2. नाराजगी हुई। // 3. वह नाराज था।
Dispose / Disposed / Disposed,Day 56,Intermediate,அகற்று / அகற்றினேன் / அகற்றியுள்ளேன்,निपटाना / निपटाया / निपटा चुका,1. Dispose the waste. // 2. He disposed it. // 3. It was disposed.,1. அகற்று. // 2. அவர் அகற்றினார். // 3. அது அகற்றப்பட்டது.,1. कचरे का निपटान करें। // 2. उसने किया। // 3. निपटान हुआ।
Disprove / Disproved / Disproved,Day 56,Intermediate,பொய் என நிரூபி / நிரூபித்தேன் / நிரூபித்துள்ளேன்,गलत साबित करना / किया / चुका,1. Disprove the theory. // 2. He disproved it. // 3. I have disproved.,1. பொய் என நிரூபி. // 2. அவர் நிரூபித்தார். // 3. நான் நிரூபித்தேன்.,1. सिद्धांत को गलत साबित करें। // 2. उसने किया। // 3. मैंने किया है।
Dispute / Disputed / Disputed,Day 57,Intermediate,விவாதி / விவாதித்தேன் / விவாதித்துள்ளேன்,विवाद करना / किया / कर चुका,1. Dispute the bill. // 2. They disputed. // 3. We have disputed.,1. விவாதி (தர்க்கம்). // 2. அவர்கள் தர்க்கித்தனர். // 3. நாங்கள் தர்க்கித்தோம்.,1. बिल पर विवाद करें। // 2. उन्होंने किया। // 3. हमने किया है।
Disqualify / Disqualified / Disqualified,Day 57,Intermediate,தகுதியிழக்கச் செய் / செய்தேன் / செய்துள்ளேன்,अयोग्य ठहराना / ठहराया / चुका,1. Disqualify him. // 2. He disqualified. // 3. He was disqualified.,1. தகுதியிழக்கச் செய். // 2. அவர் தகுதியிழந்தார். // 3. அவர் தகுதியிழந்தார்.,1. अयोग्य घोषित करें। // 2. वह हुआ। // 3. अयोग्य हुआ।
Disregard / Disregarded / Disregarded,Day 57,Intermediate,அலட்சியப்படுத்து / படுத்தினேன் / படுத்தியுள்ளேன்,उपेक्षा करना / की / कर चुका,1. Disregard the notice. // 2. He disregarded. // 3. I have disregarded.,1. அலட்சியப்படுத்து. // 2. அவர் அலட்சியப்படுத்தினார். // 3. நான் அலட்சியப்படுத்தினேன்.,1. उपेक्षा करें। // 2. उसने की। // 3. मैंने की है।
Disrupt / Disrupted / Disrupted,Day 57,Intermediate,இடையூறு செய் / செய்தேன் / செய்துள்ளேன்,बाधित करना / किया / कर चुका,1. Disrupt the flow. // 2. It disrupted. // 3. It has disrupted.,1. இடையூறு செய். // 2. அது இடையூறானது. // 3. அது இடையூறாக இருந்தது.,1. प्रवाह बाधित करें। // 2. बाधित हुआ। // 3. बाधित हुआ है।
Dissolve / Dissolved / Dissolved,Day 57,Intermediate,கரை / கரைத்தேன் / கரைத்துள்ளேன்,घोलना / घोला / घोल चुका,1. Dissolve the salt. // 2. It dissolved. // 3. It has dissolved.,1. கரைக்கவும். // 2. அது கரைந்தது. // 3. அது கரைந்துவிட்டது.,1. नमक घोलें। // 2. वह घुल गया। // 3. वह घुल चुका है।
Distant / Distanted / Distanted,Day 58,Intermediate,தொலைவிலிரு / இருந்தேன் / இருந்துள்ளேன்,दूर होना / था / हो चुका,1. Distance yourself. // 2. He distanted. // 3. I am distanted.,1. விலகி இரு. // 2. அவர் விலகினார். // 3. நான் விலகினேன்.,1. दूरी बनाएं। // 2. उसने बनाई। // 3. मैं दूर हूँ।
Distinguish / Distinguished / Distinguished,Day 58,Intermediate,வேறுபடுத்து / படுத்தினேன் / படுத்தியுள்ளேன்,अंतर करना / किया / कर चुका,1. Distinguish colors. // 2. He distinguished. // 3. I have distinguished.,1. வேறுபடுத்திப் பார். // 2. அவர் வேறுபடுத்தினார். // 3. நான் வேறுபடுத்தினேன்.,1. रंगों में अंतर करें। // 2. उसने किया। // 3. मैंने किया है।
Distort / Distorted / Distorted,Day 58,Intermediate,உருமாற்று / மாற்றினேன் / மாற்றியுள்ளேன்,विकृत करना / किया / कर चुका,1. Don't distort facts. // 2. He distorted it. // 3. It is distorted.,1. திரிக்காதே. // 2. அவர் திரித்தார். // 3. அது திரிந்தது.,1. तथ्यों को विकृत न करें। // 2. उसने किया। // 3. यह विकृत है।
Distract / Distracted / Distracted,Day 58,Intermediate,கவனத்தைத் திருப்பு / திருப்பினேன் / திருப்பியுள்ளேன்,ध्यान भटकाना / भटकाया / चुका,1. Don't distract me. // 2. He distracted. // 3. I was distracted.,1. திசைதிருப்பாதே. // 2. அவர் திசைதிருப்பினார். // 3. நான் திசைமாறினேன்.,1. ध्यान न भटकाएं। // 2. उसने भटकाया। // 3. मेरा ध्यान भटक गया।
Distribute / Distributed / Distributed,Day 58,Intermediate,விநியோகி / விநியோகித்தேன் / விநியோகித்துள்ளேன்,वितरित करना / किया / कर चुका,1. Distribute masks. // 2. He distributed. // 3. I have distributed.,1. பகிர்ந்தளி. // 2. அவர் அளித்தார். // 3. நான் அளித்தேன்.,1. वितरित करें। // 2. उसने किया। // 3. मैंने किया है।
Distrust / Distrusted / Distrusted,Day 59,Intermediate,சந்தேகப்படு / பட்டேன் / பட்டுள்ளேன்,अविश्वास करना / किया / कर चुका,1. Don't distrust him. // 2. He distrusted. // 3. I have distrusted.,1. நம்பாதே. // 2. அவர் நம்பவில்லை. // 3. நான் நம்பவில்லை.,1. अविश्वास न करें। // 2. उसने किया। // 3. मैंने किया है।
Divert / Diverted / Diverted,Day 59,Intermediate,திசைதிருப்பு / திருப்பினேன் / திருப்பியுள்ளேன்,मार्ग बदलना / बदला / बदल चुका,1. Divert the route. // 2. He diverted it. // 3. It was diverted.,1. திசைதிருப்பு. // 2. அவர் திருப்பினார். // 3. அது திருப்பப்பட்டது.,1. रास्ता मोड़ें। // 2. उसने मोड़ा। // 3. मोड़ दिया गया।
Divide / Divided / Divided,Day 59,Intermediate,பிரி / பிரித்தேன் / பிரித்துள்ளேன்,विभाजित करना / किया / कर चुका,1. Divide the cake. // 2. He divided it. // 3. I have divided.,1. பிரி. // 2. அவர் பிரித்தார். // 3. நான் பிரித்தேன்.,1. केक विभाजित करें। // 2. उसने किया। // 3. मैंने किया है।
Divorce / Divorced / Divorced,Day 59,Intermediate,விவாகரத்து செய் / செய்தேன் / செய்துள்ளேன்,तलाक देना / दिया / दे चुका,1. Divorce her. // 2. They divorced. // 3. They have divorced.,1. விவாகரத்து செய். // 2. அவர்கள் செய்துகொண்டனர். // 3. அவர்கள் செய்துவிட்டனர்.,1. तलाक दें। // 2. उन्होंने लिया। // 3. उन्होंने ले लिया है।
Dominate / Dominated / Dominated,Day 59,Intermediate,ஆதிக்கம் செலுத்து / செலுத்தினேன் / செலுத்தியுள்ளேன்,हावी होना / हुआ / हो चुका,1. Dominate the game. // 2. He dominated. // 3. He has dominated.,1. ஆதிக்கம் செலுத்து. // 2. அவர் செலுத்தினார். // 3. அவர் செலுத்தினார்.,1. हावी होना। // 2. वह हावी था। // 3. वह हावी रहा है।
Donate / Donated / Donated,Day 60,Intermediate,தானம் செய் / செய்தேன் / செய்துள்ளேன்,दान करना / किया / कर चुका,1. Donate money. // 2. He donated. // 3. I have donated.,1. தானம் செய். // 2. அவர் செய்தார். // 3. நான் செய்தேன்.,1. धन दान करें। // 2. उसने किया। // 3. मैंने किया है।
Doubt / Doubted / Doubted,Day 60,Intermediate,சந்தேகப்படு / பட்டேன் / பட்டுள்ளேன்,संदेह करना / किया / कर चुका,1. Don't doubt me. // 2. He doubted it. // 3. I have doubted.,1. சந்தேகிக்காதே. // 2. அவர் சந்தேகித்தார். // 3. நான் சந்தேகித்தேன்.,1. मुझ पर संदेह न करें। // 2. उसने किया। // 3. मैंने किया है।
Draft / Drafted / Drafted,Day 60,Intermediate,வரைவு செய் / செய்தேன் / செய்துள்ளேன்,मसौदा तैयार करना / किया / चुका,1. Draft a mail. // 2. He drafted it. // 3. I have drafted.,1. வரைவு செய். // 2. அவர் செய்தார். // 3. நான் செய்தேன்.,1. ईमेल ड्राफ्ट करें। // 2. उसने किया। // 3. मैंने किया है।
Drag / Dragged / Dragged,Day 60,Intermediate,இழு / இழுத்தேன் / இழுத்துள்ளேன்,घसीटना / घसीटा / घसीट चुका,1. Drag the chair. // 2. He dragged it. // 3. I have dragged.,1. நாற்காலியை இழு. // 2. அவர் இழுத்தார். // 3. நான் இழுத்தேன்.,1. कुर्सी खींचें। // 2. उसने खींचा। // 3. मैंने खींचा है।
Drain / Drained / Drained,Day 60,Intermediate,வடிகட்டு / கட்டினேன் / கட்டியுள்ளேன்,निकालना (द्रव) / निकाला / निकाल चुका,1. Drain the oil. // 2. It drained. // 3. It has drained.,1. வடிக்கவும். // 2. அது வடிந்தது. // 3. அது வடிந்துவிட்டது.,1. तेल निकाल दें। // 2. वह बह गया। // 3. वह बह चुका है।
Dread / Dreaded / Dreaded,Day 61,Intermediate,பயப்படு / பயந்தேன் / பயந்துள்ளேன்,डरना (भयभीत होना) / डरा / चुका,1. Don't dread the exam. // 2. He dreaded it. // 3. It was dreaded.,1. தேர்வுக்கு அஞ்சாதே. // 2. அவர் அதற்கு அஞ்சினார். // 3. அது அஞ்சப்பட்டது.,1. परीक्षा से न डरें। // 2. वह इससे डरता था। // 3. इससे डरा गया था।
Dream / Dreamed / Dreamed,Day 61,Intermediate,கனவு காண் / கண்டேன் / கண்டிருக்கிறேன்,सपना देखना / देखा / देख चुका,1. Dream big. // 2. He dreamed last night. // 3. I have dreamed.,1. பெரிய கனவு காணுங்கள். // 2. அவர் நேற்று கனவு கண்டார். // 3. நான் கனவு கண்டுள்ளேன்.,1. बड़े सपने देखें। // 2. उसने कल रात सपना देखा। // 3. मैंने सपना देखा है।
Drench / Drenched / Drenched,Day 61,Intermediate,நனை / நனைத்தேன் / நனைத்துள்ளேன்,भिगोना / भिगोया / भिगो चुका,1. Drench the plants. // 2. Rain drenched me. // 3. I am drenched.,1. செடிகளை நனைக்கவும். // 2. மழை என்னை நனைத்தது. // 3. நான் நனைந்துவிட்டேன்.,1. पौधों को भिगो दें। // 2. बारिश ने मुझे भिगो दिया। // 3. मैं भीग गया हूँ।
Dress / Dressed / Dressed,Day 61,Intermediate,ஆடை அணி / அணிந்தேன் / அணிந்துள்ளேன்,तैयार होना / हुआ / हो चुका,1. Dress quickly. // 2. She dressed well. // 3. They are dressed.,1. சீக்கிரம் உடை அணியுங்கள். // 2. அவள் நன்றாக உடை அணிந்தாள். // 3. அவர்கள் உடை அணிந்துள்ளனர்.,1. जल्दी कपड़े पहनें। // 2. उसने अच्छे कपड़े पहने। // 3. उन्होंने कपड़े पहने हैं।
Drift / Drifted / Drifted,Day 61,Intermediate,மிதந்து செல் / சென்றேன் / சென்றுள்ளேன்,बहना / बहा / बह चुका,1. Don't drift away. // 2. The boat drifted. // 3. It has drifted.,1. விலகிச் செல்லாதே. // 2. படகு மிதந்து சென்றது. // 3. அது மிதந்து சென்றது.,1. दूर न बहें। // 2. नाव बह गई। // 3. वह बह गई है।
Drill / Drilled / Drilled,Day 62,Intermediate,துளையிடு / இட்டேன் / இட்டுள்ளேன்,छेद करना / किया / कर चुका,1. Drill a hole. // 2. He drilled it. // 3. It is drilled.,1. ஓட்டை போடு. // 2. அவர் துளையிட்டார். // 3. அது துளையிடப்பட்டது.,1. छेद करें। // 2. उसने छेद किया। // 3. इसमें छेद किया गया है।
Drip / Dripped / Dripped,Day 62,Intermediate,சொட்டு / சொட்டியது / சொட்டியுள்ளது,टपकना / टपका / टपक चुका,1. Let it drip. // 2. It dripped all day. // 3. It has dripped.,1. சொட்டட்டும். // 2. அது நாள் முழுவதும் சொட்டியது. // 3. அது சொட்டிவிட்டது.,1. इसे टपकने दें। // 2. यह पूरे दिन टपका। // 3. यह टपक चुका है।
Drive / Drove / Driven,Day 62,Intermediate,ஓட்டு / ஓட்டினேன் / ஓட்டியுள்ளேன்,गाड़ी चलाना / चलाई / चला चुका,1. Drive carefully. // 2. He drove the car. // 3. I have driven.,1. கவனமாக ஓட்டு. // 2. அவர் கார் ஓட்டினார். // 3. நான் ஓட்டியுள்ளேன்.,1. सावधानी से चलाएं। // 2. उसने कार चलाई। // 3. मैंने चलाई है।
Drop / Dropped / Dropped,Day 62,Intermediate,போடு / போட்டேன் / போட்டுள்ளேன்,गिराना / गिराया / गिरा चुका,1. Drop the pen. // 2. He dropped it. // 3. It was dropped.,1. பேனாவைக் கீழே போடு. // 2. அவர் அதைக் கீழே போட்டார். // 3. அது கீழே விழுந்தது.,1. पेन गिरा दो। // 2. उसने इसे गिरा दिया। // 3. इसे गिरा दिया गया था।
Drown / Drowned / Drowned,Day 62,Intermediate,நீரில் மூழ்கு / மூழ்கினேன் / மூழ்கியுள்ளேன்,डूबना (प्राण जाना) / डूबा / चुका,1. Don't drown. // 2. He drowned. // 3. They have drowned.,1. மூழ்காதே. // 2. அவர் மூழ்கினார். // 3. அவர்கள் மூழ்கிவிட்டனர்.,1. डूबें नहीं। // 2. वह डूब गया। // 3. वे डूब गए हैं।
Dry / Dried / Dried,Day 63,Intermediate,உலரவை / வைத்தேன் / வைத்துள்ளேன்,सुखाना / सुखाया / सुखा चुका,1. Dry your hands. // 2. She dried it. // 3. It is dried.,1. கைகளை உலர வை. // 2. அவள் அதை உலர வைத்தாள். // 3. அது உலர்த்தப்பட்டது.,1. अपने हाथ सुखाएं। // 2. उसने इसे सुखाया। // 3. यह सूख गया है।
Dub / Dubbed / Dubbed,Day 63,Intermediate,பெயரிடு / இட்டேன் / இட்டுள்ளேன்,नाम देना / दिया / दे चुका,1. Dub the movie. // 2. He dubbed it. // 3. It is dubbed.,1. மொழிமாற்றம் (டப்பிங்) செய். // 2. அவர் டப்பிங் செய்தார். // 3. அது டப்பிங் செய்யப்பட்டது.,1. फिल्म डब करें। // 2. उसने इसे डब किया। // 3. इसे डब किया गया है।
Dump / Dumped / Dumped,Day 63,Intermediate,கொட்டு / கொட்டினேன் / கொட்டியுள்ளேன்,फेंकना (ढेर) / फेंका / फेंक चुका,1. Dump the waste. // 2. He dumped it. // 3. It was dumped.,1. கழிவுகளைக் கொட்டு. // 2. அவர் அதைக் கொட்டினார். // 3. அது கொட்டப்பட்டது.,1. कचरा फेंक दो। // 2. उसने इसे फेंक दिया। // 3. इसे फेंक दिया गया था।
Duplicate / Duplicated / Duplicated,Day 63,Intermediate,நகலெடு / எடுத்தேன் / எடுத்துள்ளேன்,प्रतिलिपि बनाना / बनाई / चुका,1. Duplicate the key. // 2. He duplicated it. // 3. It is duplicated.,1. நகல் எடு. // 2. அவர் நகலெடுத்தார். // 3. அது நகலெடுக்கப்பட்டது.,1. चाबी की नकल बनाएं। // 2. उसने नकल बनाई। // 3. इसकी नकल की गई है।
Dwell / Dwelt / Dwelt,Day 63,Intermediate,வசி / வசித்தேன் / வசித்துள்ளேன்,निवास करना / किया / कर चुका,1. Don't dwell on it. // 2. They dwelt there. // 3. I have dwelt.,1. அதையே நினைக்காதே. // 2. அவர்கள் அங்கே வசித்தனர். // 3. நான் வசித்தேன்.,1. इस पर न अटके रहें। // 2. वे वहाँ रहते थे। // 3. मैं रहा हूँ।
Earn / Earned / Earned,Day 64,Intermediate,சம்பாதி / சம்பாதித்தேன் / சம்பாதித்துள்ளேன்,कमाना / कमाया / कमा चुका,1. Earn respect. // 2. He earned money. // 3. I have earned.,1. மரியாதையை சம்பாதி. // 2. அவர் பணம் சம்பாதித்தார். // 3. நான் சம்பாதித்தேன்.,1. सम्मान कमाएं। // 2. उसने पैसा कमाया। // 3. मैंने कमाया है।
Ease / Eased / Eased,Day 64,Intermediate,எளிதாக்கு / ஆக்கினேன் / ஆக்கியுள்ளேன்,आसान बनाना / बनाया / बना चुका,1. Ease the pain. // 2. It eased. // 3. The stress has eased.,1. வலியைத் தணி. // 2. அது தணிந்தது. // 3. மன அழுத்தம் தணிந்தது.,1. दर्द कम करें। // 2. यह कम हुआ। // 3. तनाव कम हो गया है।
Echo / Echoed / Echoed,Day 64,Intermediate,எதிரொலி / ஒலித்தது / ஒலித்திருக்கிறது,गूँजना / गूँजा / गूँज चुका,1. Sound will echo. // 2. It echoed. // 3. It has echoed.,1. சத்தம் எதிரொலிக்கும். // 2. அது எதிரொலித்தது. // 3. அது எதிரொலித்துள்ளது.,1. आवाज गूँजेगी। // 2. यह गूँजा। // 3. यह गूँज चुका है।
Eclipse / Eclipsed / Eclipsed,Day 64,Intermediate,கிரகணம் / மறைத்தது / மறைத்துள்ளது,ग्रहण लगना / लगा / लग चुका,1. Moon will eclipse. // 2. It eclipsed. // 3. Sun has eclipsed.,1. கிரகணம் ஏற்படும். // 2. அது மறைத்தது. // 3. சூரிய கிரகணம் ஏற்பட்டது.,1. ग्रहण लगेगा। // 2. इसने ग्रहण लगाया। // 3. सूर्य ग्रहण लग चुका है।
Edit / Edited / Edited,Day 64,Intermediate,திருத்து / திருத்தினேன் / திருத்தியுள்ளேன்,संपादन करना / किया / कर चुका,1. Edit the video. // 2. He edited it. // 3. I have edited.,1. வீடியோவைத் திருத்து. // 2. அவர் திருத்தினார். // 3. நான் திருத்தினேன்.,1. वीडियो संपादित करें। // 2. उसने संपादित किया। // 3. मैंने संपादित किया है।
Educate / Educated / Educated,Day 65,Intermediate,கல்வி கற்பி / கற்பித்தேன் / கற்பித்துள்ளேன்,शिक्षित करना / किया / कर चुका,1. Educate the kids. // 2. He educated them. // 3. I am educated.,1. குழந்தைகளுக்குக் கல்வி புகட்டு. // 2. அவர் கற்பித்தார். // 3. நான் கல்வி கற்றவன்.,1. बच्चों को शिक्षित करें। // 2. उसने उन्हें शिक्षित किया। // 3. मैं शिक्षित हूँ।
Effect / Effected / Effected,Day 65,Intermediate,விளைவை ஏற்படுத்து / படுத்தினேன் / படுத்தியுள்ளேன்,प्रभाव डालना / डाला / डाल चुका,1. Effect change. // 2. It effected him. // 3. Change was effected.,1. மாற்றத்தை உண்டாக்கு. // 2. அது அவரைப் பாதித்தது. // 3. மாற்றம் உண்டானது.,1. बदलाव लाएं। // 2. इसने उसे प्रभावित किया। // 3. बदलाव लाया गया था।
Eject / Ejected / Ejected,Day 65,Intermediate,வெளியேற்று / ஏற்றினேன் / ஏற்றியுள்ளேன்,बाहर निकालना / निकाला / निकाल चुका,1. Eject the disc. // 2. He ejected it. // 3. It was ejected.,1. வட்டை வெளியேற்று. // 2. அவர் வெளியேற்றினார். // 3. அது வெளியேற்றப்பட்டது.,1. डिस्क बाहर निकालें। // 2. उसने इसे निकाला। // 3. इसे निकाल दिया गया था।
Elaborate / Elaborated / Elaborated,Day 65,Intermediate,விரிவாகக் கூறு / கூறினேன் / கூறியுள்ளேன்,विस्तार से बताना / बताया / चुका,1. Elaborate the plan. // 2. He elaborated. // 3. I have elaborated.,1. திட்டத்தை விளக்கு. // 2. அவர் விளக்கினார். // 3. நான் விளக்கியுள்ளேன்.,1. योजना विस्तार से बताएं। // 2. उसने विस्तार से बताया। // 3. मैंने विस्तार से बताया है।
Elect / Elected / Elected,Day 65,Intermediate,தேர்ந்தெடு / எடுத்தேன் / எடுத்துள்ளேன்,चुनाव करना / किया / कर चुका,1. Elect a leader. // 2. They elected him. // 3. He was elected.,1. தலைவரைத் தேர்ந்தெடு. // 2. அவர்கள் அவரைத் தேர்ந்தெடுத்தனர். // 3. அவர் தேர்ந்தெடுக்கப்பட்டார்.,1. नेता चुनें। // 2. उन्होंने उसे चुना। // 3. वह चुना गया था।
Elevate / Elevated / Elevated,Day 66,Intermediate,உயர்த்து / உயர்த்தினேன் / உயர்த்தியுள்ளேன்,ऊपर उठाना / उठाया / उठा चुका,1. Elevate your status. // 2. It elevated him. // 3. It was elevated.,1. நிலையை உயர்த்து. // 2. அது அவரை உயர்த்தியது. // 3. அது உயர்த்தப்பட்டது.,1. अपना स्तर बढ़ाएं। // 2. इसने उसे ऊपर उठाया। // 3. इसे ऊपर उठाया गया था।
Eliminate / Eliminated / Eliminated,Day 66,Intermediate,நீக்கு / நீக்கினேன் / நீக்கியுள்ளேன்,हटाना / हटाया / हटा चुका,1. Eliminate errors. // 2. He eliminated it. // 3. It was eliminated.,1. பிழைகளை நீக்கு. // 2. அவர் அதை நீக்கினார். // 3. அது நீக்கப்பட்டது.,1. गलतियों को हटा दें। // 2. उसने इसे हटा दिया। // 3. इसे हटा दिया गया था।
Elongate / Elongated / Elongated,Day 66,Intermediate,நீட்டு / நீட்டினேன் / நீட்டியுள்ளேன்,लंबा करना / किया / कर चुका,1. Elongate the wire. // 2. It elongated. // 3. It has elongated.,1. கம்பியை நீட்டு. // 2. அது நீளமானது. // 3. அது நீண்டுவிட்டது.,1. तार को लंबा करें। // 2. यह लंबा हुआ। // 3. यह लंबा हो गया है।
Elude / Eluded / Eluded,Day 66,Intermediate,தப்பிச் செல் / சென்றேன் / சென்றுள்ளேன்,बच निकलना / निकला / निकल चुका,1. Elude the police. // 2. He eluded them. // 3. They have eluded.,1. தப்பித்துச் செல். // 2. அவர் தப்பினார். // 3. அவர்கள் தப்பித்துவிட்டனர்.,1. पुलिस से बचें। // 2. वह उनसे बच निकला। // 3. वे बच निकले हैं।
Emancipate / Emancipated / Emancipated,Day 66,Intermediate,விடுதலை செய் / செய்தேன் / செய்துள்ளேன்,स्वतंत्र करना / किया / कर चुका,1. Emancipate them. // 2. He emancipated. // 3. They were emancipated.,1. விடுதலை செய். // 2. அவர் விடுவித்தார். // 3. அவர்கள் விடுவிக்கப்பட்டனர்.,1. स्वतंत्र करें। // 2. उसने स्वतंत्र किया। // 3. उन्हें स्वतंत्र किया गया था।
Embark / Embarked / Embarked,Day 67,Intermediate,பயணத்தைத் தொடங்கு / தொடங்கினேன் / தொடங்கியுள்ளேன்,प्रारंभ करना / किया / कर चुका,1. Embark on a trip. // 2. He embarked. // 3. We have embarked.,1. பயணத்தைத் தொடங்கு. // 2. அவர் தொடங்கினார். // 3. நாங்கள் தொடங்கினோம்.,1. यात्रा शुरू करें। // 2. उसने शुरू की। // 3. हमने शुरू कर दी है।
Embarrass / Embarrassed / Embarrassed,Day 67,Intermediate,சங்கடப்படுத்து / படுத்தினேன் / படுத்தியுள்ளேன்,शर्मिंदा करना / किया / कर चुका,1. Don't embarrass me. // 2. It embarrassed her. // 3. I was embarrassed.,1. சங்கடப்படுத்தாதே. // 2. அது அவளைச் சங்கடப்படுத்தியது. // 3. நான் சங்கடப்பட்டேன்.,1. मुझे शर्मिंदा न करें। // 2. इसने उसे शर्मिंदा किया। // 3. मैं शर्मिंदा था।
Embed / Embedded / Embedded,Day 67,Intermediate,பதி / பதித்தேன் / பதித்துள்ளேன்,जड़ना / जड़ा / जड़ चुका,1. Embed the video. // 2. He embedded it. // 3. It is embedded.,1. வீடியோவைப் பதிப்பி. // 2. அவர் பதித்தார். // 3. அது பதிக்கப்பட்டது.,1. वीडियो एम्बेड करें। // 2. उसने इसे लगाया। // 3. यह लगा हुआ है।
Embellish / Embellished / Embellished,Day 67,Intermediate,அழகுபடுத்து / படுத்தினேன் / படுத்தியுள்ளேன்,सजाना / सजाया / सजा चुका,1. Embellish the story. // 2. She embellished it. // 3. It was embellished.,1. கதையை மெருகூட்டு. // 2. அவள் மெருகூட்டினாள். // 3. அது மெருகூட்டப்பட்டது.,1. कहानी को सजाएं। // 2. उसने इसे सजाया। // 3. इसे सजाया गया था।
Embody / Embodied / Embodied,Day 67,Intermediate,உள்ளடக்கு / அடக்கினேன் / அடக்கியுள்ளேன்,अवतार लेना / लिया / ले चुका,1. Embody the values. // 2. He embodied it. // 3. It is embodied.,1. நற்பண்புகளை வெளிப்படுத்து. // 2. அவர் வெளிப்படுத்தினார். // 3. அது வெளிப்படுத்தப்பட்டது.,1. मूल्यों को अपनाएं। // 2. उसने इसे दर्शाया। // 3. इसे दर्शाया गया है।
Embrace / Embraced / Embraced,Day 68,Intermediate,தழுவு / தழுவினேன் / தழுவியுள்ளேன்,गले लगाना / लगाया / लगा चुका,1. Embrace change. // 2. He embraced her. // 3. We have embraced.,1. மாற்றத்தை ஏற்றுக்கொள். // 2. அவர் அவளைத் தழுவினார். // 3. நாங்கள் தழுவினோம்.,1. बदलाव को गले लगाएं। // 2. उसने उसे गले लगाया। // 3. हमने गले लगाया है।
Emerge / Emerged / Emerged,Day 68,Intermediate,வெளிப்படு / பட்டேன் / பட்டுள்ளேன்,उभरना / उभरा / उभर चुका,1. Emerge slowly. // 2. He emerged. // 3. Truth has emerged.,1. வெளிப்படு. // 2. அவர் வெளியே வந்தார். // 3. உண்மை வெளிப்பட்டது.,1. उभरना। // 2. वह बाहर आया। // 3. सच सामने आया है।
Emphasize / Emphasized / Emphasized,Day 68,Intermediate,வலியுறுத்து / படுத்தினேன் / படுத்தியுள்ளேன்,ज़ोर देना / दिया / दे चुका,1. Emphasize the point. // 2. He emphasized. // 3. I have emphasized.,1. வலியுறுத்து. // 2. அவர் வலியுறுத்தினார். // 3. நான் வலியுறுத்தினேன்.,1. बात पर जोर दें। // 2. उसने जोर दिया। // 3. मैंने जोर दिया है।
Employ / Employed / Employed,Day 68,Intermediate,வேலைக்கு வை / வைத்தேன் / வைத்துள்ளேன்,काम पर रखना / रखा / रख चुका,1. Employ workers. // 2. He employed ten. // 3. I am employed.,1. வேலைக்கு அமர்த்து. // 2. அவர் அமர்த்தினார். // 3. நான் வேலையில் இருக்கிறேன்.,1. काम पर रखें। // 2. उसने दस को रखा। // 3. मैं कार्यरत हूँ।
Empower / Empowered / Empowered,Day 68,Intermediate,அதிகாரப்படுத்து / படுத்தினேன் / படுத்தியுள்ளேன்,सशक्त बनाना / बनाया / बना चुका,1. Empower women. // 2. It empowered me. // 3. They are empowered.,1. அதிகாரம் அளி. // 2. அது எனக்கு வலுவூட்டியது. // 3. அவர்கள் வலுவூட்டப்பட்டனர்.,1. सशक्त बनाएं। // 2. इसने मुझे सशक्त बनाया। // 3. वे सशक्त हैं।
Empty / Emptied / Emptied,Day 69,Intermediate,காலி செய் / செய்தேன் / செய்துள்ளேன்,खाली करना / किया / कर चुका,1. Empty the glass. // 2. He emptied it. // 3. It is emptied.,1. கண்ணாடியைக் காலி செய். // 2. அவர் காலி செய்தார். // 3. அது காலி செய்யப்பட்டது.,1. गिलास खाली करें। // 2. उसने इसे खाली किया। // 3. इसे खाली कर दिया गया है।
Emulate / Emulated / Emulated,Day 69,Intermediate,பின்பற்று / பின்பற்றினேன் / பின்பற்றியுள்ளேன்,अनुकरण करना / किया / कर चुका,1. Emulate him. // 2. He emulated me. // 3. We have emulated.,1. பின்பற்று. // 2. அவர் என்னைப் பின்பற்றினார். // 3. நாங்கள் பின்பற்றினோம்.,1. अनुकरण करें। // 2. उसने मेरा अनुकरण किया। // 3. हमने अनुकरण किया है।
Enable / Enabled / Enabled,Day 69,Intermediate,செயல்படுத்து / படுத்தினேன் / படுத்தியுள்ளேன்,सक्षम करना / किया / कर चुका,1. Enable the setting. // 2. It enabled it. // 3. It is enabled.,1. அமைப்பைச் செயல்படுத்து. // 2. அது செயல்படுத்தியது. // 3. அது செயல்படுத்தப்பட்டது.,1. सेटिंग सक्षम करें। // 2. इसने इसे सक्षम किया। // 3. यह सक्षम है।
Enact / Enacted / Enacted,Day 69,Intermediate,சட்டமாக்கு / ஆக்கினேன் / ஆக்கியுள்ளேன்,कानून बनाना / बनाया / बना चुका,1. Enact the law. // 2. They enacted it. // 3. Law was enacted.,1. சட்டத்தை இயற்று. // 2. அவர்கள் இயற்றினார்கள். // 3. சட்டம் இயற்றப்பட்டது.,1. कानून लागू करें। // 2. उन्होंने इसे लागू किया। // 3. कानून लागू किया गया था।
Encapsulate / Encapsulated / Encapsulated,Day 69,Intermediate,சுருக்கு / சுருக்கினேன் / சுருக்கியுள்ளேன்,संक्षेप में कहना / कहा / कह चुका,1. Encapsulate data. // 2. He encapsulated. // 3. It is encapsulated.,1. தகவலைச் சுருக்கு. // 2. அவர் சுருக்கினார். // 3. அது சுருக்கப்பட்டது.,1. डेटा को संक्षिप्त करें। // 2. उसने संक्षिप्त किया। // 3. यह संक्षिप्त है।
Enclose / Enclosed / Enclosed,Day 70,Intermediate,இணை / இணைத்தேன் / இணைத்துள்ளேன்,संलग्न करना / किया / कर चुका,1. Enclose the photo. // 2. He enclosed it. // 3. It is enclosed.,1. புகைப்படத்தை இணை. // 2. அவர் இணைத்தார். // 3. அது இணைக்கப்பட்டது.,1. फोटो संलग्न करें। // 2. उसने इसे संलग्न किया। // 3. यह संलग्न है।
Encounter / Encountered / Encountered,Day 70,Intermediate,எதிர்கொள் / கொண்டேன் / கொண்டுள்ளேன்,सामना करना / किया / कर चुका,1. Encounter problems. // 2. I encountered him. // 3. We have encountered.,1. எதிர்கொள். // 2. நான் அவரைச் சந்தித்தேன். // 3. நாங்கள் எதிர்கொண்டோம்.,1. समस्याओं का सामना करें। // 2. मैं उससे मिला। // 3. हमने सामना किया है।
Encourage / Encouraged / Encouraged,Day 70,Intermediate,ஊக்குவி / வித்தேன் / வித்துள்ளேன்,प्रोत्साहित करना / किया / चुका,1. Encourage them. // 2. He encouraged me. // 3. I am encouraged.,1. ஊக்கப்படுத்து. // 2. அவர் ஊக்கப்படுத்தினார். // 3. நான் ஊக்கமடைந்தேன்.,1. प्रोत्साहित करें। // 2. उसने मुझे प्रोत्साहित किया। // 3. मैं प्रोत्साहित हूँ।
Encroach / Encroached / Encroached,Day 70,Intermediate,ஆக்கிரமிப்பு செய் / செய்தேன் / செய்துள்ளேன்,अतिक्रमण करना / किया / कर चुका,1. Don't encroach. // 2. He encroached. // 3. It was encroached.,1. ஆக்கிரமிக்காதே. // 2. அவர் ஆக்கிரமித்தார். // 3. அது ஆக்கிரமிக்கப்பட்டது.,1. अतिक्रमण न करें। // 2. उसने अतिक्रमण किया। // 3. अतिक्रमण किया गया था।
Endanger / Endangered / Endangered,Day 70,Intermediate,ஆபத்தை ஏற்படுத்து / படுத்தினேன் / படுத்தியுள்ளேன்,खतरे में डालना / डाला / डाल चुका,1. Don't endanger life. // 2. It endangered us. // 3. They were endangered.,1. ஆபத்தில் ஆழ்த்தாதே. // 2. அது எங்களை ஆபத்தில் ஆழ்த்தியது. // 3. அவர்கள் ஆபத்திலிருந்தனர்.,1. जीवन खतरे में न डालें। // 2. इसने हमें खतरे में डाला। // 3. वे खतरे में थे।
Endear / Endeared / Endeared,Day 71,Intermediate,அன்புக்குரியவராக்கு / ஆக்கினேன் / ஆக்கியுள்ளேன்,प्रिय बनाना / बनाया / बना चुका,1. Endear yourself. // 2. He endeared all. // 3. She is endeared.,1. பிரியமாக இரு. // 2. அவர் அனைவரையும் கவர்ந்தார். // 3. அவள் பிரியமானவள்.,1. प्रिय बनें। // 2. उसने सबका दिल जीत लिया। // 3. वह प्रिय है।
Endorse / Endorsed / Endorsed,Day 71,Intermediate,ஆதரி / ஆதரித்தேன் / ஆதரித்துள்ளேன்,समर्थन करना / किया / कर चुका,1. Endorse the check. // 2. He endorsed it. // 3. I have endorsed.,1. கையெழுத்திடு (ஆதரி). // 2. அவர் ஆதரித்தார். // 3. நான் ஆதரித்தேன்.,1. समर्थन करें। // 2. उसने समर्थन किया। // 3. मैंने समर्थन किया है।
Endow / Endowed / Endowed,Day 71,Intermediate,வழங்கு / வழங்கினேன் / வழங்கியுள்ளேன்,दान देना / दिया / दे चुका,1. Endow with funds. // 2. He endowed it. // 3. They were endowed.,1. நிதியளி. // 2. அவர் நிதியளித்தார். // 3. அவர்களுக்கு அளிக்கப்பட்டது.,1. धन प्रदान करें। // 2. उसने प्रदान किया। // 3. उन्हें प्रदान किया गया था।
Endure / Endured / Endured,Day 71,Intermediate,தாங்கு / தாங்கினேன் / தாங்கியுள்ளேன்,सहना / सहा / सह चुका,1. Endure the pain. // 2. He endured it. // 3. I have endured.,1. வலியைப் பொறுத்துக்கொள். // 2. அவர் பொறுத்துக்கொண்டார். // 3. நான் பொறுத்துக்கொண்டேன்.,1. दर्द सहें। // 2. उसने इसे सहा। // 3. मैंने सहा है।
Enforce / Enforced / Enforced,Day 71,Intermediate,நடைமுறைப்படுத்து / படுத்தினேன் / படுத்தியுள்ளேன்,लागू करना / किया / कर चुका,1. Enforce rules. // 2. They enforced it. // 3. It was enforced.,1. விதிகளை நடைமுறைப்படுத்து. // 2. அவர்கள் நடைமுறைப்படுத்தினர். // 3. அது நடைமுறைப்படுத்தப்பட்டது.,1. नियम लागू करें। // 2. उन्होंने इसे लागू किया। // 3. इसे लागू किया गया था।
Engage / Engaged / Engaged,Day 72,Intermediate,ஈடுபடு / பட்டேன் / பட்டுள்ளேன்,शामिल होना / हुआ / हो चुका,1. Engage in work. // 2. He engaged me. // 3. We are engaged.,1. வேலையில் ஈடுபடு. // 2. அவர் என்னை ஈடுபடுத்தினார். // 3. நாங்கள் ஈடுபட்டுள்ளோம்.,1. काम में लगें। // 2. उसने मुझे लगाया। // 3. हम लगे हुए हैं।
Engender / Engendered / Engendered,Day 72,Intermediate,உருவாக்கு / ஆக்கினேன் / ஆக்கியுள்ளேன்,उत्पन्न करना / किया / कर चुका,1. Engender hope. // 2. It engendered. // 3. Fear was engendered.,1. நம்பிக்கையை உருவாக்கு. // 2. அது உருவானது. // 3. பயம் உருவானது.,1. आशा उत्पन्न करें। // 2. यह उत्पन्न हुआ। // 3. डर पैदा हुआ था।
Engineer / Engineered / Engineered,Day 72,Intermediate,வடிவமை / அமைத்தேன் / அமைத்துள்ளேன்,निर्माण करना / किया / कर चुका,1. Engineer the bridge. // 2. He engineered it. // 3. It was engineered.,1. பாலத்தை வடிவமை. // 2. அவர் வடிவமைத்தார். // 3. அது வடிவமைக்கப்பட்டது.,1. पुल का निर्माण करें। // 2. उसने इसका निर्माण किया। // 3. इसका निर्माण किया गया था।
Engrave / Engraved / Engraved,Day 72,Intermediate,செதுக்கு / செதுக்கினேன் / செதுக்கியுள்ளேன்,नक्काशी करना / की / कर चुका,1. Engrave the name. // 2. He engraved it. // 3. It is engraved.,1. பெயரைச் செதுக்கு. // 2. அவர் செதுக்கினார். // 3. அது செதுக்கப்பட்டது.,1. नाम खोदें। // 2. उसने इसे खोदा। // 3. यह खुदा हुआ है।
Enhance / Enhanced / Enhanced,Day 72,Intermediate,மேம்படுத்து / படுத்தினேன் / படுத்தியுள்ளேன்,सुधारना / सुधारा / सुधार चुका,1. Enhance the quality. // 2. It enhanced. // 3. It is enhanced.,1. தரத்தை மேம்படுத்து. // 2. அது மேம்பட்டது. // 3. அது மேம்படுத்தப்பட்டது.,1. गुणवत्ता बढ़ाएं। // 2. यह बढ़ी। // 3. यह बढ़ गई है।
Enjoy / Enjoyed / Enjoyed,Day 73,Intermediate,மகிழ் / மகிழ்ந்தேன் / மகிழ்ந்துள்ளேன்,आनंद लेना / लिया / ले चुका,1. Enjoy the day. // 2. He enjoyed it. // 3. I have enjoyed.,1. நாளை ரசி. // 2. அவர் ரசித்தார். // 3. நான் ரசித்தேன்.,1. दिन का आनंद लें। // 2. उसने आनंद लिया। // 3. मैंने आनंद लिया है।
Enlarge / Enlarged / Enlarged,Day 73,Intermediate,பெரிதாக்கு / ஆக்கினேன் / ஆக்கியுள்ளேன்,बड़ा करना / किया / कर चुका,1. Enlarge the photo. // 2. He enlarged it. // 3. It is enlarged.,1. புகைப்படத்தைப் பெரிதாக்கு. // 2. அவர் பெரிதாக்கினார். // 3. அது பெரிதாக்கப்பட்டது.,1. फोटो बड़ा करें। // 2. उसने इसे बड़ा किया। // 3. यह बड़ा हो गया है।
Enlighten / Enlightened / Enlightened,Day 73,Intermediate,தெளிவுபடுத்து / படுத்தினேன் / படுத்தியுள்ளேன்,स्पष्ट करना / किया / कर चुका,1. Enlighten me. // 2. He enlightened us. // 3. I am enlightened.,1. அறிவொளி புகட்டு. // 2. அவர் விளக்கமளித்தார். // 3. நான் தெளிவடைந்தேன்.,1. मुझे समझाएं। // 2. उसने हमें समझाया। // 3. मुझे समझ आ गया है।
Enlist / Enlisted / Enlisted,Day 73,Intermediate,பட்டியலிடு / இட்டேன் / இட்டுள்ளேன்,भर्ती करना / किया / कर चुका,1. Enlist help. // 2. He enlisted. // 3. They have enlisted.,1. உதவியைப் பெறு (சேர்). // 2. அவர் சேர்ந்தார். // 3. அவர்கள் சேர்ந்துள்ளனர்.,1. मदद लें। // 2. वह भर्ती हुआ। // 3. वे भर्ती हो गए हैं।
Enliven / Enlivened / Enlivened,Day 73,Intermediate,உற்சாகப்படுத்து / படுத்தினேன் / படுத்தியுள்ளேன்,जीवंत बनाना / बनाया / बना चुका,1. Enliven the party. // 2. It enlivened. // 3. We were enlivened.,1. உற்சாகப்படுத்து. // 2. அது உற்சாகப்படுத்தியது. // 3. நாங்கள் உற்சாகமடைந்தோம்.,1. पार्टी में जान डालें। // 2. इसने जान डाल दी। // 3. हम उत्साहित थे।
Enquire / Enquired / Enquired,Day 74,Intermediate,விசாரி / விசாரித்தேன் / விசாரித்துள்ளேன்,पूछताछ करना / की / कर चुका,1. Enquire within. // 2. He enquired. // 3. I have enquired.,1. உள்ளே விசாரி. // 2. அவர் விசாரித்தார். // 3. நான் விசாரித்தேன்.,1. पूछताछ करें। // 2. उसने पूछताछ की। // 3. मैंने पूछताछ की है।
Enrage / Enraged / Enraged,Day 74,Intermediate,ஆத்திரப்படுத்து / படுத்தினேன் / படுத்தியுள்ளேன்,क्रोधित करना / किया / कर चुका,1. Don't enrage him. // 2. It enraged me. // 3. They were enraged.,1. ஆத்திரப்படுத்தாதே. // 2. அது எனக்குக் கோபமூட்டியது. // 3. அவர்கள் ஆத்திரமடைந்தனர்.,1. उसे गुस्सा न दिलाएं। // 2. इसने मुझे गुस्सा दिलाया। // 3. वे गुस्से में थे।
Enrich / Enriched / Enriched,Day 74,Intermediate,செழுமைப்படுத்து / படுத்தினேன் / படுத்தியுள்ளேன்,समृद्ध करना / किया / कर चुका,1. Enrich the soil. // 2. It enriched me. // 3. Life is enriched.,1. மண்ணை வளப்படுத்து. // 2. அது என்னை வளப்படுத்தியது. // 3. வாழ்க்கை வளமானது.,1. मिट्टी को उपजाऊ बनाएं। // 2. इसने मुझे समृद्ध किया। // 3. जीवन समृद्ध है।
Enrol / Enrolled / Enrolled,Day 74,Intermediate,பதிவு செய் / செய்தேன் / செய்துள்ளேன்,नामांकन करना / किया / कर चुका,1. Enrol now. // 2. He enrolled. // 3. I am enrolled.,1. பதிவு செய். // 2. அவர் பதிவு செய்தார். // 3. நான் பதிந்துள்ளேன்.,1. नामांकन करें। // 2. उसने नामांकन किया। // 3. मेरा नामांकन हो गया है।
Enshrine / Enshrined / Enshrined,Day 74,Intermediate,நிலைநிறுத்து / நிறுத்தினேன் / நிறுத்தியுள்ளேன்,संजोना / संजोया / संजो चुका,1. Enshrine rights. // 2. It enshrined. // 3. Laws are enshrined.,1. உரிமைகளைப் பாதுகாத்திடு. // 2. அது பாதுகாக்கப்பட்டது. // 3. சட்டங்கள் பாதுகாக்கப்படுகின்றன.,1. अधिकारों को सुरक्षित करें। // 2. इसने सुरक्षित किया। // 3. कानून सुरक्षित हैं।
Enslave / Enslaved / Enslaved,Day 75,Intermediate,அடிமையாக்கு / ஆக்கினேன் / ஆக்கியுள்ளேன்,गुलाम बनाना / बनाया / बना चुका,1. Don't enslave. // 2. He enslaved them. // 3. They were enslaved.,1. அடிமைப்படுத்தாதே. // 2. அவர் அடிமைப்படுத்தினார். // 3. அவர்கள் அடிமைப்பட்டனர்.,1. गुलाम न बनाएं। // 2. उसने उन्हें गुलाम बनाया। // 3. वे गुलाम थे।
Ensure / Ensured / Ensured,Day 75,Intermediate,உறுதி செய் / செய்தேன் / செய்துள்ளேன்,सुनिश्चित करना / किया / कर चुका,1. Ensure safety. // 2. He ensured it. // 3. It is ensured.,1. பாதுகாப்பை உறுதிப்படுத்து. // 2. அவர் உறுதிப்படுத்தினார். // 3. அது உறுதி செய்யப்பட்டது.,1. सुरक्षा सुनिश्चित करें। // 2. उसने सुनिश्चित किया। // 3. यह सुनिश्चित है।
Entail / Entailed / Entailed,Day 75,Intermediate,விளைவை ஏற்படுத்து / படுத்தினேன் / படுத்தியுள்ளேன்,आवश्यक बनाना / बनाया / चुका,1. It will entail risk. // 2. It entailed. // 3. Costs were entailed.,1. ஆபத்தை ஏற்படுத்தும். // 2. அது விளைவித்தது. // 3. செலவுகள் ஏற்பட்டன.,1. इसमें जोखिम होगा। // 2. इसमें शामिल था। // 3. लागत शामिल थी।
Entangle / Entangled / Entangled,Day 75,Intermediate,சிக்க வை / வைத்தேன் / வைத்துள்ளேன்,उलझाना / उलझाया / उलझा चुका,1. Don't entangle. // 2. It entangled. // 3. They are entangled.,1. சிக்க வைக்காதே. // 2. அது சிக்கியது. // 3. அவர்கள் சிக்கிக்கொண்டனர்.,1. न उलझाएं। // 2. यह उलझ गया। // 3. वे उलझे हुए हैं।
Enter / Entered / Entered,Day 75,Intermediate,நுழை / நுழைந்தேன் / நுழைந்துள்ளேன்,प्रवेश करना / किया / कर चुका,1. Enter the room. // 2. He entered. // 3. I have entered.,1. அறைக்குள் நுழை. // 2. அவர் நுழைந்தார். // 3. நான் நுழைந்துள்ளேன்.,1. कमरे में प्रवेश करें। // 2. वह अंदर आया। // 3. मैंने प्रवेश किया है।
Entertain / Entertained / Entertained,Day 76,Intermediate,மகிழ்வி / வித்தேன் / வித்துள்ளேன்,मनोरंजन करना / किया / कर चुका,1. Entertain guests. // 2. He entertained. // 3. I was entertained.,1. விருந்தினரை உபசரி. // 2. அவர் மகிழ்வித்தார். // 3. நான் மகிழ்ந்தேன்.,1. मेहमानों का मनोरंजन करें। // 2. उसने मनोरंजन किया। // 3. मेरा मनोरंजन हुआ।
Enthral / Enthralled / Enthralled,Day 76,Intermediate,வசீகரி / வசீகரித்தேன் / வசீகரித்துள்ளேன்,मंत्रमुग्ध करना / किया / चुका,1. It will enthral you. // 2. It enthralled. // 3. I was enthralled.,1. உங்களை வசீகரிக்கும். // 2. அது வசீகரித்தது. // 3. நான் வசீகரிக்கப்பட்டேன்.,1. यह आपको मंत्रमुग्ध कर देगा। // 2. इसने मंत्रमुग्ध किया। // 3. मैं मंत्रमुग्ध था।
Entice / Enticed / Enticed,Day 76,Intermediate,கவர் / கவர்ந்தேன் / கவர்ந்துள்ளேன்,लुभाना / लुभाया / लुभा चुका,1. Entice them. // 2. It enticed him. // 3. I was enticed.,1. ஆசை காட்டு (கவர்). // 2. அது அவரைக் கவர்ந்தது. // 3. நான் கவரப்பட்டேன்.,1. लुभाना। // 2. इसने उसे लुभाया। // 3. मैं लुभाया गया था।
Entitle / Entitled / Entitled,Day 76,Intermediate,உரிமை அளி / அளித்தேன் / அளித்துள்ளேன்,हकदार होना / था / हो चुका,1. Entitle the book. // 2. It entitled him. // 3. You are entitled.,1. தலைப்பிடு (உரிமை அளி). // 2. அது அவருக்கு உரிமையளித்தது. // 3. உனக்கு உரிமையுண்டு.,1. हकदार बनाना। // 2. इसने उसे हकदार बनाया। // 3. आप हकदार हैं।
Entrust / Entrusted / Entrusted,Day 76,Intermediate,ஒப்படை / ஒப்படைத்தேன் / ஒப்படைத்துள்ளேன்,भरोसा करके सौंपना / सौंपा / चुका,1. Entrust the task. // 2. He entrusted me. // 3. I was entrusted.,1. பணியை ஒப்படை. // 2. அவர் என்னிடம் ஒப்படைத்தார். // 3. நான் ஒப்படைக்கப்பட்டேன்.,1. कार्य सौंपें। // 2. उसने मुझे सौंपा। // 3. मुझे सौंपा गया था।
Enumerate / Enumerated / Enumerated,Day 77,Intermediate,வரிசைப்படுத்து / படுத்தினேன் / படுத்தியுள்ளேன்,गणना करना / की / कर चुका,1. Enumerate items. // 2. He enumerated. // 3. I have enumerated.,1. பட்டியலிடு (எண்ணு). // 2. அவர் பட்டியலிட்டார். // 3. நான் எண்ணியுள்ளேன்.,1. गणना करें। // 2. उसने गणना की। // 3. मैंने गणना की है।
Envelop / Enveloped / Enveloped,Day 77,Intermediate,சூழ் / சூழ்ந்தேன் / சூழ்ந்துள்ளேன்,ढंकना / ढंका / ढंक चुका,1. Envelop the gift. // 2. It enveloped. // 3. It is enveloped.,1. பரிசை மூடு (உறை). // 2. அது மூடியது. // 3. அது மூடப்பட்டது.,1. लपेटें। // 2. इसने लपेटा। // 3. यह लिपटा हुआ है।
Envisage / Envisaged / Envisaged,Day 77,Intermediate,கற்பனை செய் / செய்தேன் / செய்துள்ளேன்,परिकल्पना करना / की / कर चुका,1. Envisage the future. // 2. He envisaged. // 3. It was envisaged.,1. எதிர்காலத்தை நோக்கு. // 2. அவர் கற்பனை செய்தார். // 3. அது எதிர்பார்க்கப்பட்டது.,1. भविष्य की कल्पना करें। // 2. उसने कल्पना की। // 3. इसकी कल्पना की गई थी।
Envy / Envied / Envied,Day 77,Intermediate,பொறாமைப்படு / பட்டேன் / பட்டுள்ளேன்,ईर्ष्या करना / की / कर चुका,1. Don't envy him. // 2. She envied me. // 3. I have envied.,1. பொறாமைப்படாதே. // 2. அவள் பொறாமைப்பட்டாள். // 3. நான் பொறாமைப்பட்டேன்.,1. ईर्ष्या न करें। // 2. उसने ईर्ष्या की। // 3. मैंने ईर्ष्या की है।
Equip / Equipped / Equipped,Day 77,Intermediate,தயார்படுத்து / படுத்தினேன் / படுத்தியுள்ளேன்,सुसज्जित करना / किया / कर चुका,1. Equip the team. // 2. He equipped it. // 3. I am equipped.,1. அணியைத் தயார் செய். // 2. அவர் தயார் செய்தார். // 3. நான் தயாராக இருக்கிறேன்.,1. टीम को सुसज्जित करें। // 2. उसने सुसज्जित किया। // 3. मैं सुसज्जित हूँ।
Eradicate / Eradicated / Eradicated,Day 78,Intermediate,வேரறு / அறுத்தேன் / அறுத்துள்ளேன்,उन्मूलन करना / किया / कर चुका,1. Eradicate poverty. // 2. They eradicated. // 3. It was eradicated.,1. வறுமையை ஒழி. // 2. அவர்கள் ஒழித்தனர். // 3. அது ஒழிக்கப்பட்டது.,1. गरीबी मिटाएं। // 2. उन्होंने मिटाया। // 3. इसे मिटा दिया गया था।
Erase / Erased / Erased,Day 78,Intermediate,அழி / அழித்தேன் / அழித்துள்ளேன்,मिटाना / मिटाया / मिटा चुका,1. Erase the mark. // 2. He erased it. // 3. It is erased.,1. அடையாளத்தை அழி. // 2. அவர் அழித்தார். // 3. அது அழிக்கப்பட்டது.,1. निशान मिटा दें। // 2. उसने मिटाया। // 3. यह मिट गया है।
Erect / Erected / Erected,Day 78,Intermediate,நிறுவு / நிறுவினேன் / நிறுவியுள்ளேன்,निर्माण करना / किया / कर चुका,1. Erect the building. // 2. They erected it. // 3. It was erected.,1. கட்டிடத்தை நிறுவு. // 2. அவர்கள் நிறுவினர். // 3. அது நிறுவப்பட்டது.,1. इमारत खड़ी करें। // 2. उन्होंने बनाई। // 3. इसे बनाया गया था।
Erode / Eroded / Eroded,Day 78,Intermediate,அரி / அரித்தது / அரித்துள்ளது,नष्ट होना / हुआ / हो चुका,1. Soil will erode. // 2. It eroded. // 3. It has eroded.,1. மண் அரிக்கும். // 2. அது அரித்தது. // 3. அது அரித்துவிட்டது.,1. मिट्टी का कटाव। // 2. कटाव हुआ। // 3. कटाव हो चुका है।
Err / Erred / Erred,Day 78,Intermediate,தவறு செய் / செய்தேன் / செய்துள்ளேன்,गलती करना / की / कर चुका,1. Don't err. // 2. He erred. // 3. We have erred.,1. தவறு செய்யாதே. // 2. அவர் தவறினார். // 3. நாங்கள் தவறிழைத்தோம்.,1. गलती न करें। // 2. उसने गलती की। // 3. हमने गलती की है।
Escape / Escaped / Escaped,Day 79,Intermediate,தப்பி / தப்பித்தேன் / தப்பித்துள்ளேன்,बच निकलना / निकला / निकल चुका,1. Escape now. // 2. He escaped. // 3. They have escaped.,1. தப்பித்துவிடு. // 2. அவர் தப்பினார். // 3. அவர்கள் தப்பித்துவிட்டனர்.,1. बच निकलें। // 2. वह बच गया। // 3. वे बच निकले हैं।
Escort / Escorted / Escorted,Day 79,Intermediate,பாதுகாப்பாக அழைத்துச் செல் / சென்றேன் / சென்றுள்ளேன்,अनुरक्षण करना / किया / चुका,1. Escort the lady. // 2. He escorted her. // 3. I was escorted.,1. பாதுகாப்புக்குச் செல். // 2. அவர் அழைத்துச் சென்றார். // 3. நான் அழைத்துச் செல்லப்பட்டேன்.,1. साथ चलें। // 2. वह उसके साथ गया। // 3. मुझे ले जाया गया।
Establish / Established / Established,Day 79,Intermediate,நிறுவு / நிறுவினேன் / நிறுவியுள்ளேன்,स्थापित करना / किया / कर चुका,1. Establish a firm. // 2. He established. // 3. It is established.,1. நிறுவனத்தை நிறுவு. // 2. அவர் நிறுவினார். // 3. அது நிறுவப்பட்டது.,1. स्थापना करें। // 2. उसने की। // 3. यह स्थापित है।
Esteem / Esteemed / Esteemed,Day 79,Intermediate,மதி / மதித்தேன் / மதித்துள்ளேன்,आदर करना / किया / कर चुका,1. Esteem him. // 2. They esteemed it. // 3. He is esteemed.,1. மதிக்கவும். // 2. அவர்கள் மதித்தனர். // 3. அவர் மதிக்கப்படுகிறார்.,1. सम्मान करें। // 2. उन्होंने किया। // 3. वह सम्मानित है।
Estrange / Estranged / Estranged,Day 79,Intermediate,பிரி / பிரித்தேன் / பிரித்துள்ளேன்,दूर करना / किया / कर चुका,1. Don't estrange. // 2. It estranged him. // 3. They are estranged.,1. பிரித்துவிடாதே. // 2. அது அவரைப் பிரித்தது. // 3. அவர்கள் பிரிந்துள்ளனர்.,1. अलग न करें। // 2. इसने उसे अलग किया। // 3. वे अलग हो गए हैं।
Etch / Etched / Etched,Day 80,Intermediate,செதுக்கு / செதுக்கினேன் / செதுக்கியுள்ளேன்,नक्काशी करना / की / कर चुका,1. Etch the glass. // 2. He etched it. // 3. It is etched.,1. கண்ணாடியில் செதுக்கு. // 2. அவர் செதுக்கினார். // 3. அது செதுக்கப்பட்டது.,1. नक्काशी करें। // 2. उसने की। // 3. यह खुदा हुआ है।
Evacuate / Evacuated / Evacuated,Day 80,Intermediate,வெளியேற்று / ஏற்றினேன் / ஏற்றியுள்ளேன்,खाली करना / किया / कर चुका,1. Evacuate the area. // 2. They evacuated. // 3. It was evacuated.,1. இடத்தை விட்டு வெளியேறு. // 2. அவர்கள் வெளியேறினர். // 3. அது காலி செய்யப்பட்டது.,1. जगह खाली करें। // 2. उन्होंने की। // 3. इसे खाली किया गया था।
Evade / Evaded / Evaded,Day 80,Intermediate,தவிர் / தவிர்த்தேன் / தவிர்த்துள்ளேன்,बचना / बचा / बच चुका,1. Evade the taxes. // 2. He evaded. // 3. I have evaded.,1. வரி ஏய்ப்பு செய். // 2. அவர் தப்பினார். // 3. நான் தப்பித்தேன்.,1. कर से बचें। // 2. वह बच गया। // 3. मैं बच गया हूँ।
Evaporate / Evaporated / Evaporated,Day 80,Intermediate,ஆவியாகு / ஆனது / ஆகியுள்ளது,वाष्पित होना / हुआ / हो चुका,1. Water will evaporate. // 2. It evaporated. // 3. It has evaporated.,1. தண்ணீர் ஆவியாகும். // 2. அது ஆவியானது. // 3. அது ஆவியாகிவிட்டது.,1. पानी वाष्पित होगा। // 2. यह हुआ। // 3. यह वाष्पित हो चुका है।
Evict / Evicted / Evicted,Day 80,Intermediate,வெளியேற்று / ஏற்றினேன் / ஏற்றியுள்ளேன்,बेदखल करना / किया / कर चुका,1. Evict the tenant. // 2. He evicted them. // 3. They were evicted.,1. வெளியேற்றவும். // 2. அவர் வெளியேற்றினார். // 3. அவர்கள் வெளியேற்றப்பட்டனர்.,1. बेदखल करें। // 2. उसने किया। // 3. उन्हें बेदखल किया गया था।
Evidence / Evidenced / Evidenced,Day 81,Intermediate,சான்று பகர் / பகர்ந்தேன் / பகர்ந்துள்ளேன்,प्रमाणित करना / किया / कर चुका,1. Evidence your claim. // 2. He evidenced it. // 3. It was evidenced.,1. உரிமைக்கோரலை நிரூபி. // 2. அவர் நிரூபித்தார். // 3. அது நிரூபிக்கப்பட்டது.,1. अपने दावे का प्रमाण दें। // 2. उसने प्रमाण दिया। // 3. प्रमाण दिया गया था।
Evoke / Evoked / Evoked,Day 81,Intermediate,நினைவுபடுத்து / படுத்தினேன் / படுத்தியுள்ளேன்,याद दिलाना / दिलाई / दिला चुका,1. Evoke memories. // 2. It evoked joy. // 3. They were evoked.,1. நினைவுகளைத் தூண்டு. // 2. அது மகிழ்ச்சியைத் தூண்டியது. // 3. அவை தூண்டப்பட்டன.,1. यादें ताजा करें। // 2. इसने खुशी जगाई। // 3. वे जागृत हुए।
Evolve / Evolved / Evolved,Day 81,Intermediate,பரிணமி / மித்தேன் / மித்துள்ளேன்,विकसित होना / हुआ / हो चुका,1. Species will evolve. // 2. It evolved. // 3. Humans have evolved.,1. உயிரினங்கள் பரிணமிக்கும். // 2. அது பரிணமித்தது. // 3. மனிதர்கள் பரிணமித்தனர்.,1. प्रजातियाँ विकसित होंगी। // 2. यह विकसित हुआ। // 3. मनुष्य विकसित हुए हैं।
Exacerbate / Exacerbated / Exacerbated,Day 81,Intermediate,மோசமாக்கு / ஆக்கினேன் / ஆக்கியுள்ளேன்,बिगाड़ना / बिगाड़ा / बिगाड़ चुका,1. Don't exacerbate the pain. // 2. It exacerbated. // 3. Issues were exacerbated.,1. வலியைத் தீவிரப்படுத்தாதே. // 2. அது தீவிரமானது. // 3. பிரச்சினைகள் தீவிரமடைந்தன.,1. दर्द को और न बढ़ाएं। // 2. यह बढ़ गया। // 3. मुद्दे और गंभीर हो गए।
Exalt / Exalted / Exalted,Day 81,Intermediate,உயர்த்து / உயர்த்தினேன் / உயர்த்தியுள்ளேன்,प्रशंसा करना / की / कर चुका,1. Exalt the leader. // 2. They exalted him. // 3. He was exalted.,1. உயர்த்திப் பேசு. // 2. அவர்கள் உயர்த்தினர். // 3. அவர் உயர்த்தப்பட்டார்.,1. महिमामंडन करें। // 2. उन्होंने किया। // 3. वह प्रतिष्ठित हुआ।
Exasperate / Exasperated / Exasperated,Day 82,Intermediate,கோபமூட்டு / ஊட்டினேன் / ஊட்டியுள்ளேன்,गुस्सा दिलाना / दिलाया / चुका,1. Don't exasperate me. // 2. It exasperated him. // 3. I was exasperated.,1. எரிச்சலூட்டாதே. // 2. அது அவருக்கு எரிச்சலூட்டியது. // 3. நான் எரிச்சலடைந்தேன்.,1. मुझे परेशान न करें। // 2. इसने उसे हताश किया। // 3. मैं हताश था।
Excavate / Excavated / Excavated,Day 82,Intermediate,அகழ்ந்தெடு / எடுத்தேன் / எடுத்துள்ளேன்,खुदाई करना / की / कर चुका,1. Excavate the site. // 2. They excavated. // 3. It was excavated.,1. அகழ்வாராய்ச்சி செய். // 2. அவர்கள் தோண்டினர். // 3. அது தோண்டப்பட்டது.,1. खुदाई करें। // 2. उन्होंने खुदाई की। // 3. खुदाई की गई थी।
Exceed / Exceeded / Exceeded,Day 82,Intermediate,மீறு / மீறினேன் / மீறியுள்ளேன்,सीमा पार करना / की / कर चुका,1. Don't exceed the limit. // 2. He exceeded it. // 3. It was exceeded.,1. எல்லையைத் தாண்டாதே. // 2. அவர் தாண்டினார். // 3. அது தாண்டப்பட்டது.,1. सीमा से अधिक न बढ़ें। // 2. वह आगे निकल गया। // 3. सीमा पार हो गई।
Excel / Excelled / Excelled,Day 82,Intermediate,சிறந்து விளங்கு / விளங்கினேன் / விளங்கியுள்ளேன்,श्रेष्ठ होना / था / हो चुका,1. Excel in studies. // 2. He excelled. // 3. You have excelled.,1. படிப்பில் சிறந்து விளங்கு. // 2. அவர் சிறந்து விளங்கினார். // 3. நீ சிறந்து விளங்கினாய்.,1. पढ़ाई में श्रेष्ठ बनें। // 2. वह श्रेष्ठ रहा। // 3. आपने श्रेष्ठ प्रदर्शन किया।
Exclaim / Exclaimed / Exclaimed,Day 82,Intermediate,வியந்து கூறு / கூறினேன் / கூறியுள்ளேன்,चिल्लाना / चिल्लाया / चिल्ला चुका,1. Exclaim in joy. // 2. He exclaimed. // 3. They have exclaimed.,1. ஆச்சரியத்தில் கூச்சலிடு. // 2. அவர் கூச்சலிட்டார். // 3. அவர்கள் கூச்சலிட்டனர்.,1. खुशी में चिल्लाएं। // 2. वह चिल्लाया। // 3. वे चिल्लाए हैं।
Excommunicate / Excommunicated / Excommunicated,Day 83,Intermediate,ஜாதிநீக்கம் செய் / செய்தேன் / செய்துள்ளேன்,बहिष्कृत करना / किया / कर चुका,1. Excommunicate him. // 2. They excommunicated. // 3. He was excommunicated.,1. விலக்கி வை. // 2. அவர்கள் விலக்கினர். // 3. அவர் விலக்கப்பட்டார்.,1. बहिष्कृत करें। // 2. उन्होंने किया। // 3. उसे बहिष्कृत किया गया।
Exculpate / Exculpated / Exculpated,Day 83,Intermediate,குற்றமற்றவர் என நிரூபி / நிரூபித்தேன் / நிரூபித்துள்ளேன்,दोषमुक्त करना / किया / चुका,1. Exculpate the innocent. // 2. It exculpated him. // 3. He was exculpated.,1. குற்றமற்றவர் என நிரூபி. // 2. அது அவரை விடுவித்தது. // 3. அவர் விடுவிக்கப்பட்டார்.,1. दोषमुक्त करें। // 2. इसने उसे दोषमुक्त किया। // 3. वह दोषमुक्त हुआ।
Exemplify / Exemplified / Exemplified,Day 83,Intermediate,உதாரணமாகக் காட்டு / காட்டினேன் / காட்டியுள்ளேன்,उदाहरण देना / दिया / दे चुका,1. Exemplify the rule. // 2. It exemplified. // 3. Values were exemplified.,1. உதாரணமாகக் காட்டு. // 2. அது உதாரணமாக விளங்கியது. // 3. பண்புகள் உதாரணமாகக் காட்டப்பட்டன.,1. उदाहरण दें। // 2. यह उदाहरण बना। // 3. मूल्यों का उदाहरण दिया गया।
Exempt / Exempted / Exempted,Day 83,Intermediate,விலக்கு அளி / அளித்தேன் / அளித்துள்ளேன்,छूट देना / दी / दे चुका,1. Exempt him. // 2. They exempted it. // 3. I am exempted.,1. விலக்கு அளி. // 2. அவர்கள் விலக்கினர். // 3. எனக்கு விலக்கு உண்டு.,1. छूट दें। // 2. उन्होंने छूट दी। // 3. मुझे छूट मिली है।
Exert / Exerted / Exerted,Day 83,Intermediate,முயற்சி செலுத்து / செலுத்தினேன் / செலுத்தியுள்ளேன்,प्रयास करना / किया / कर चुका,1. Exert pressure. // 2. He exerted. // 3. Force was exerted.,1. அழுத்தத்தைக் கொடு. // 2. அவர் கொடுத்தார். // 3. விசை கொடுக்கப்பட்டது.,1. दबाव डालें। // 2. उसने डाला। // 3. बल लगाया गया था।
Exhale / Exhaled / Exhaled,Day 84,Intermediate,மூச்சை வெளிவிடு / விட்டேன் / விட்டுள்ளேன்,सांस छोड़ना / छोड़ी / छोड़ चुका,1. Exhale slowly. // 2. He exhaled. // 3. I have exhaled.,1. மூச்சை வெளியே விடு. // 2. அவர் வெளியிட்டார். // 3. நான் வெளியிட்டேன்.,1. सांस बाहर छोड़ें। // 2. उसने छोड़ी। // 3. मैंने सांस छोड़ी है।
Exhilarate / Exhilarated / Exhilarated,Day 84,Intermediate,குதூகலப்படுத்து / படுத்தினேன் / படுத்தியுள்ளேன்,आनंदित करना / किया / कर चुका,1. It will exhilarate you. // 2. It exhilarated. // 3. I am exhilarated.,1. உங்களை உற்சாகப்படுத்தும். // 2. அது உற்சாகப்படுத்தியது. // 3. நான் உற்சாகமாக இருக்கிறேன்.,1. यह आपको प्रफुल्लित कर देगा। // 2. इसने प्रफुल्लित किया। // 3. मैं प्रफुल्लित हूँ।
Exhort / Exhorted / Exhorted,Day 84,Intermediate,வலியுறுத்து / படுத்தினேன் / படுத்தியுள்ளேன்,उपदेश देना / दिया / दे चुका,1. Exhort the crowd. // 2. He exhorted. // 3. They have exhorted.,1. அறிவுரை கூறு (தூண்டு). // 2. அவர் தூண்டினார். // 3. அவர்கள் தூண்டினர்.,1. प्रोत्साहित करें (समझाएं)। // 2. उसने समझाया। // 3. उन्होंने समझाया है।
Exhume / Exhumed / Exhumed,Day 84,Intermediate,தோண்டியெடு / எடுத்தேன் / எடுத்துள்ளேன்,खोदकर निकालना / निकाला / चुका,1. Exhume the body. // 2. They exhumed it. // 3. It was exhumed.,1. உடலைத் தோண்டி எடு. // 2. அவர்கள் தோண்டி எடுத்தனர். // 3. அது தோண்டி எடுக்கப்பட்டது.,1. शव को खोदकर निकालें। // 2. उन्होंने निकाला। // 3. इसे खोदकर निकाला गया था।
Exile / Exiled / Exiled,Day 84,Intermediate,நாடுகடத்து / கடத்தினேன் / கடத்தியுள்ளேன்,निर्वासित करना / किया / कर चुका,1. Exile the rebel. // 2. He was exiled. // 3. They have exiled.,1. நாடு கடத்து. // 2. அவர் நாடு கடத்தப்பட்டார். // 3. அவர்கள் நாடு கடத்தினர்.,1. निर्वासित करें। // 2. उसे निर्वासित किया गया था। // 3. उन्होंने निर्वासित किया है।
Exit / Exited / Exited,Day 85,Intermediate,வெளியேறு / ஏறினேன் / ஏறியுள்ளேன்,बाहर निकलना / निकला / निकल चुका,1. Exit the room. // 2. He exited. // 3. I have exited.,1. வெளியேறு. // 2. அவர் வெளியேறினார். // 3. நான் வெளியேறினேன்.,1. बाहर निकलें। // 2. वह बाहर निकला। // 3. मैं बाहर निकल गया हूँ।
Exonerate / Exonerated / Exonerated,Day 85,Intermediate,குற்றமற்றவர் என விடுவி / விடுவித்தேன் / விடுவித்துள்ளேன்,दोषमुक्त करना / किया / चुका,1. Exonerate him. // 2. It exonerated her. // 3. He was exonerated.,1. குற்றமற்றவர் என விடுவி. // 2. அது அவளை விடுவித்தது. // 3. அவர் விடுவிக்கப்பட்டார்.,1. दोषमुक्त करें। // 2. इसने उसे दोषमुक्त किया। // 3. वह दोषमुक्त हो गया।
Expend / Expended / Expended,Day 85,Intermediate,செலவழி / வழித்தேன் / வழித்துள்ளேன்,व्यय करना / किया / कर चुका,1. Expend energy. // 2. He expended funds. // 3. It was expended.,1. செலவிடு. // 2. அவர் செலவிட்டார். // 3. அது செலவிடப்பட்டது.,1. खर्च करें। // 2. उसने खर्च किया। // 3. खर्च किया गया था।
Experiment / Experimented / Experimented,Day 85,Intermediate,பரிசோதனை செய் / செய்தேன் / செய்துள்ளேன்,प्रयोग करना / किया / कर चुका,1. Experiment now. // 2. He experimented. // 3. I have experimented.,1. பரிசோதனை செய். // 2. அவர் பரிசோதித்தார். // 3. நான் பரிசோதித்துள்ளேன்.,1. प्रयोग करें। // 2. उसने प्रयोग किया। // 3. मैंने प्रयोग किया है।
Expire / Expired / Expired,Day 85,Intermediate,காலாவதியாகு / ஆனது / ஆகியுள்ளது,समाप्त होना / हुआ / हो चुका,1. It will expire soon. // 2. It expired. // 3. Time has expired.,1. காலாவதியாகும். // 2. அது காலாவதியானது. // 3. நேரம் முடிந்துவிட்டது.,1. समाप्त हो जाएगा। // 2. यह समाप्त हो गया। // 3. समय समाप्त हो गया है।
Explicate / Explicated / Explicated,Day 86,Intermediate,விவரி / விவரித்தேன் / விவரித்துள்ளேன்,व्याख्या करना / की / कर चुका,1. Explicate the text. // 2. He explicated. // 3. It was explicated.,1. விவரமாக விளக்கு. // 2. அவர் விளக்கினார். // 3. அது விளக்கப்பட்டது.,1. विस्तार से समझाएं। // 2. उसने समझाया। // 3. इसे समझाया गया था।
Exploit / Exploited / Exploited,Day 86,Intermediate,சுரண்டு / சுரண்டினேன் / சுரண்டியுள்ளேன்,शोषण करना / किया / कर चुका,1. Don't exploit them. // 2. He exploited it. // 3. I was exploited.,1. சுரண்டாதே (பயன்படுத்து). // 2. அவர் சுரண்டினார். // 3. நான் சுரண்டப்பட்டேன்.,1. शोषण न करें। // 2. उसने शोषण किया। // 3. मेरा शोषण हुआ।
Expound / Expounded / Expounded,Day 86,Intermediate,விவரி / விவரித்தேன் / விவரித்துள்ளேன்,विस्तार से बताना / बताया / चुका,1. Expound the theory. // 2. He expounded. // 3. It has been expounded.,1. விரிவாகக் கூறு. // 2. அவர் கூறினார். // 3. அது கூறப்பட்டுள்ளது.,1. प्रतिपादन करें। // 2. उसने प्रतिपादन किया। // 3. प्रतिपादन किया गया है।
Extenuate / Extenuated / Extenuated,Day 86,Intermediate,தணி / தணித்தேன் / தணித்துள்ளேன்,कम करना / किया / कर चुका,1. Extenuate the fault. // 2. It extenuated. // 3. Circumstances extenuated.,1. தணி (குறைத்துக்காட்டு). // 2. அது தணிந்தது. // 3. சூழ்நிலைகள் தணித்தன.,1. कम करना। // 2. इसने कम किया। // 3. परिस्थितियों ने कम किया।
Exterminate / Exterminated / Exterminated,Day 86,Intermediate,அழி / அழித்தேன் / அழித்துள்ளேன்,विनाश करना / किया / कर चुका,1. Exterminate pests. // 2. They exterminated. // 3. It was exterminated.,1. அடியோடு அழி. // 2. அவர்கள் அழித்தனர். // 3. அது அழிக்கப்பட்டது.,1. समूल नष्ट करें। // 2. उन्होंने नष्ट किया। // 3. इसे नष्ट कर दिया गया था।
Extinguish / Extinguished / Extinguished,Day 87,Intermediate,அணை / அணைத்தேன் / அணைத்துள்ளேன்,बुझाना / बुझाया / बुझा चुका,1. Extinguish the fire. // 2. He extinguished it. // 3. It is extinguished.,1. தீயை அணை. // 2. அவர் அணைத்தார். // 3. அது அணைக்கப்பட்டது.,1. आग बुझाएं। // 2. उसने बुझाया। // 3. यह बुझ गया है।
Extol / Extolled / Extolled,Day 87,Intermediate,புகழ் / புகழ்ந்தேன் / புகழ்ந்துள்ளேன்,प्रशंसा करना / की / कर चुका,1. Extol his virtues. // 2. They extolled him. // 3. He was extolled.,1. புகழ்ந்து பேசு. // 2. அவர்கள் புகழ்ந்தனர். // 3. அவர் புகழப்பட்டார்.,1. प्रशंसा करें। // 2. उन्होंने प्रशंसा की। // 3. उसकी प्रशंसा की गई।
Extradite / Extradited / Extradited,Day 87,Intermediate,ஒப்படை / ஒப்படைத்தேன் / ஒப்படைத்துள்ளேன்,प्रत्यर्पित करना / किया / कर चुका,1. Extradite the criminal. // 2. They extradited. // 3. He was extradited.,1. ஒப்படை (குற்றவாளியை). // 2. அவர்கள் ஒப்படைத்தனர். // 3. அவர் ஒப்படைக்கப்பட்டார்.,1. प्रत्यर्पित करें। // 2. उन्होंने किया। // 3. उसे प्रत्यर्पित किया गया।
Fabricate / Fabricated / Fabricated,Day 87,Intermediate,உருவாக்கு / ஆக்கினேன் / ஆக்கியுள்ளேன்,निर्माण करना / किया / कर चुका,1. Fabricate the truth. // 2. He fabricated. // 3. It was fabricated.,1. பொய் புனை. // 2. அவர் புனைந்தார். // 3. அது புனையப்பட்டது.,1. झूठ गढ़ना। // 2. उसने गढ़ा। // 3. इसे गढ़ा गया था।
Facilitate / Facilitated / Facilitated,Day 87,Intermediate,எளிதாக்கு / ஆக்கினேன் / ஆக்கியுள்ளேன்,सुगम बनाना / बनाया / बना चुका,1. Facilitate the work. // 2. It facilitated us. // 3. It was facilitated.,1. எளிதாக்கு. // 2. அது எளிதாக்கியது. // 3. அது எளிதாக்கப்பட்டது.,1. सुगम बनाएं। // 2. इसने सुगम बनाया। // 3. इसे सुगम बनाया गया था।
Fake / Faked / Faked,Day 88,Intermediate,போலியாக உருவாக்கு / ஆக்கினேன் / ஆக்கியுள்ளேன்,नकली बनाना / बनाया / बना चुका,1. Don't fake it. // 2. He faked a call. // 3. It was faked.,1. போலி செய்யாதே. // 2. அவர் போலியாகச் செய்தார். // 3. அது போலியாகச் செய்யப்பட்டது.,1. दिखावा न करें। // 2. उसने दिखावा किया। // 3. यह फर्जी था।
Falsify / Falsified / Falsified,Day 88,Intermediate,பொய்யாக்கு / ஆக்கினேன் / ஆக்கியுள்ளேன்,जाली बनाना / बनाया / बना चुका,1. Don't falsify data. // 2. He falsified it. // 3. It is falsified.,1. திருத்தாதே (தவறாக). // 2. அவர் தவறாக்கினார். // 3. அது தவறாக்கப்பட்டது.,1. जालसाजी न करें। // 2. उसने की। // 3. इसे गलत ठहराया गया है।
Falter / Faltered / Faltered,Day 88,Intermediate,தடுமாறு / மாறினேன் / மாறியுள்ளேன்,डगमगाना / डगमगाया / डगमगा चुका,1. Don't falter now. // 2. He faltered. // 3. Voice has faltered.,1. தயங்காதே. // 2. அவர் தயங்கினார். // 3. குரல் தழுதழுத்தது.,1. डगमगाएं नहीं। // 2. वह डगमगा गया। // 3. आवाज डगमगा गई।
Familiarize / Familiarized / Familiarized,Day 88,Intermediate,பழக்கப்படுத்து / படுத்தினேன் / படுத்தியுள்ளேன்,परिचित होना / हुआ / हो चुका,1. Familiarize yourself. // 2. He familiarized. // 3. I am familiarized.,1. பழகிக்கொள். // 2. அவர் பழக்கப்படுத்தினார். // 3. நான் பழகிக்கொண்டேன்.,1. परिचित हों। // 2. उसने परिचित कराया। // 3. मैं परिचित हूँ।
Fan / Fanned / Fanned,Day 88,Intermediate,விசிறி விடு / விட்டேன் / விட்டுள்ளேன்,पंखा करना / किया / कर चुका,1. Fan the flame. // 2. She fanned herself. // 3. I have fanned.,1. விசிறிவிடு. // 2. அவள் விசிறிக்கொண்டாள். // 3. நான் விசிறினேன்.,1. पंखा करें। // 2. उसने खुद को पंखा किया। // 3. मैंने पंखा किया है।
Fascinate / Fascinated / Fascinated,Day 89,Intermediate,வசீகரி / வசீகரித்தேன் / வசீகரித்துள்ளேன்,आकर्षित करना / किया / कर चुका,1. It fascinates me. // 2. It fascinated him. // 3. I am fascinated.,1. அது கவருகிறது. // 2. அது அவரைக் கவர்ந்தது. // 3. நான் ஈர்க்கப்பட்டேன்.,1. यह मुझे आकर्षित करता है। // 2. इसने उसे आकर्षित किया। // 3. मैं मंत्रमुग्ध हूँ।
Fashion / Fashioned / Fashioned,Day 89,Intermediate,வடிவமை / அமைத்தேன் / அமைத்துள்ளேன்,आकार देना / दिया / दे चुका,1. Fashion a bowl. // 2. He fashioned it. // 3. It was fashioned.,1. உருவாக்கு (வடிவமை). // 2. அவர் உருவாக்கினார். // 3. அது உருவாக்கப்பட்டது.,1. आकार देना। // 2. उसने इसे बनाया। // 3. इसे बनाया गया था।
Fast / Fasted / Fasted,Day 89,Intermediate,விரதமிரு / இருந்தேன் / இருந்துள்ளேன்,उपवास करना / किया / कर चुका,1. Fast for health. // 2. He fasted today. // 3. I have fasted.,1. விரதம் இரு. // 2. அவர் விரதம் இருந்தார். // 3. நான் விரதம் இருந்தேன்.,1. उपवास रखें। // 2. उसने उपवास रखा। // 3. मैंने उपवास रखा है।
Fatalize / Fatalized / Fatalized,Day 89,Intermediate,தலைவிதி என விடு / விட்டேன் / விட்டுள்ளேன்,घातक बनाना / बनाया / बना चुका,1. Don't fatalize. // 2. He fatalized events. // 3. It was fatalized.,1. விதியென விடு. // 2. அவர் விதியெனக் கருதினார். // 3. அது விதியெனக் கருதப்பட்டது.,1. भाग्यवादी होना। // 2. उसने भाग्य पर छोड़ा। // 3. इसे भाग्य माना गया।
Fathom / Fathomed / Fathomed,Day 89,Intermediate,ஆழம் அறி / அறிந்தேன் / அறிந்துள்ளேன்,गहराई मापना / मापी / माप चुका,1. Fathom the depth. // 2. He fathomed it. // 3. It is fathomed.,1. ஆழம் காணு (புரிந்துகொள்). // 2. அவர் புரிந்துகொண்டார். // 3. அது புரிந்துகொள்ளப்பட்டது.,1. गहराई नापना (समझना)। // 2. उसने समझा। // 3. इसे समझ लिया गया है।
Fatigue / Fatigued / Fatigued,Day 90,Intermediate,சோர்வடை / அடைந்தேன் / அடைந்துள்ளேன்,थकाना / थकाया / थका चुका,1. Work will fatigue you. // 2. It fatigued me. // 3. I am fatigued.,1. சோர்வடையச் செய்யும். // 2. அது என்னைச் சோர்வடையச் செய்தது. // 3. நான் சோர்வடைந்துள்ளேன்.,1. थकान होना। // 2. इसने मुझे थका दिया। // 3. मैं थक गया हूँ।
Fault / Faulted / Faulted,Day 90,Intermediate,குற்றம் கண்டுபிடி / பிடித்தேன் / பிடித்துள்ளேன்,दोष निकालना / निकाला / चुका,1. Don't fault him. // 2. He faulted me. // 3. They have faulted.,1. குற்றம் காணாதே. // 2. அவர் என்மீது குற்றம் கண்டார். // 3. அவர்கள் குற்றம் கண்டனர்.,1. दोष न निकालें। // 2. उसने मुझ पर दोष निकाला। // 3. उन्होंने दोष निकाला है।
Favor / Favored / Favored,Day 90,Intermediate,ஆதரவளி / அளித்தேன் / அளித்துள்ளேன்,समर्थन करना / किया / कर चुका,1. Favor the bold. // 2. Luck favored him. // 3. We are favored.,1. ஆதரி (சாதகமாக இரு). // 2. அதிர்ஷ்டம் அவருக்குச் சாதகமாக இருந்தது. // 3. எங்களுக்குச் சாதகமாக அமைந்தது.,1. पक्ष लें। // 2. भाग्य ने उसका साथ दिया। // 3. हम पर कृपा हुई।
Feast / Feasted / Feasted,Day 90,Intermediate,விருந்து உண் / உண்டேன் / உண்டுள்ளேன்,दावत उड़ाना / उड़ाई / उड़ा चुका,1. Feast on the food. // 2. They feasted. // 3. We have feasted.,1. விருந்து உண். // 2. அவர்கள் விருந்துண்டனர். // 3. நாங்கள் விருந்துண்டோம்.,1. दावत उड़ाना। // 2. उन्होंने दावत की। // 3. हमने दावत की है।
Feather / Feathered / Feathered,Day 90,Intermediate,இறகால் மூடு / மூடினேன் / மூடியுள்ளேன்,पंख लगाना / लगाया / लगा चुका,1. Feather the nest. // 2. He feathered it. // 3. It is feathered.,1. சிறகுகளால் மூடு. // 2. அவர் மெருகூட்டினார். // 3. அது மெருகூட்டப்பட்டது.,1. पंख लगाना। // 2. उसने पंख लगाए। // 3. यह पंखदार है।
Feature / Featured / Featured,Day 91,Intermediate,சிறப்பித்துக் காட்டு / காட்டினேன் / காட்டியுள்ளேன்,विशेषता बताना / बताई / बता चुका,1. Feature the product. // 2. It featured him. // 3. He was featured.,1. முன்னிலைப்படுத்து. // 2. அது அவரைச் சித்தரித்தது. // 3. அவர் இடம்பெற்றார்.,1. मुख्य रूप से दिखाना। // 2. इसमें उसे दिखाया गया। // 3. उसे दिखाया गया था।
Federalize / Federalized / Federalized,Day 91,Intermediate,கூட்டமைப்பாக்கு / ஆக்கினேன் / ஆக்கியுள்ளேன்,संघ बनाना / बनाया / बना चुका,1. Federalize the laws. // 2. They federalized. // 3. It was federalized.,1. கூட்டமைப்பாக்கு. // 2. அவர்கள் கூட்டமைப்பாக்கினர். // 3. அது கூட்டமைப்பாக்கப்பட்டது.,1. संघीकरण करना। // 2. उन्होंने किया। // 3. इसका संघीकरण किया गया।
Feed / Fed / Fed,Day 91,Intermediate,உணவளி / உணவளித்தேன் / உணவளித்துள்ளேன்,खिलाना / खिलाया / खिला चुका,1. Feed the cat. // 2. He fed the birds. // 3. I have fed.,1. உணவளி. // 2. அவர் பறவைகளுக்கு உணவளித்தார். // 3. நான் உணவளித்தேன்.,1. खिलाओ। // 2. उसने पक्षियों को खिलाया। // 3. मैंने खिला दिया है।
Feel / Felt / Felt,Day 91,Intermediate,உணர் / உணர்ந்தேன் / உணர்ந்துள்ளேன்,महसूस करना / किया / कर चुका,1. Feel the texture. // 2. He felt happy. // 3. I have felt.,1. உணர். // 2. அவர் மகிழ்ச்சியாக உணர்ந்தார். // 3. நான் உணர்ந்தேன்.,1. महसूस करें। // 2. उसे खुशी महसूस हुई। // 3. मैंने महसूस किया है।
Feign / Feigned / Feigned,Day 91,Intermediate,சாக்குப்போக்கு சொல் / சொன்னேன் / சொல்லியுள்ளேன்,बहाना करना / किया / कर चुका,1. Don't feign sleep. // 2. He feigned illness. // 3. She has feigned.,1. பாசாங்கு செய். // 2. அவர் உடல்நலக்குறைவு போலப் பாசாங்கு செய்தார். // 3. அவள் பாசாங்கு செய்தாள்.,1. बहाना बनाना। // 2. उसने बीमारी का बहाना किया। // 3. उसने बहाना किया है।
Felicitate / Felicitated / Felicitated,Day 92,Intermediate,பாராட்டு / பாராட்டினேன் / பாராட்டியுள்ளேன்,अभिनंदन करना / किया / कर चुका,1. Felicitate the winner. // 2. They felicitated him. // 3. He was felicitated.,1. பாராட்டுத் தெரிவி. // 2. அவர்கள் அவரைப் பாராட்டினர். // 3. அவர் பாராட்டப்பட்டார்.,1. अभिनंदन करें। // 2. उन्होंने उसका अभिनंदन किया। // 3. उसका अभिनंदन किया गया।
Felt / Felted / Felted,Day 92,Intermediate,கம்பளியாக்கு / ஆக்கினேன் / ஆக்கியுள்ளேன்,नमदा बनाना / बनाया / बना चुका,1. Felt the fabric. // 2. It felted up. // 3. It is felted.,1. மெருகூட்டு (கம்பளி ஆக்கு). // 2. அது உருவானது. // 3. அது மெருகூட்டப்பட்டது.,1. नमदा बनाना। // 2. यह जम गया। // 3. यह जमा हुआ है।
Feminize / Feminized / Feminized,Day 92,Intermediate,பெண்தன்மையாக்கு / ஆக்கினேன் / ஆக்கியுள்ளேன்,स्त्री बनाना / बनाया / बना चुका,1. Feminize the role. // 2. It feminized. // 3. It was feminized.,1. பெண்ணாக்கு. // 2. அது பெண்ணியமானது. // 3. அது பெண்ணாக்கப்பட்டது.,1. स्त्रीवत बनाना। // 2. इसने बनाया। // 3. इसे बनाया गया था।
Fence / Fenced / Fenced,Day 92,Intermediate,வேலியிடு / இட்டேன் / இட்டுள்ளேன்,घेरा डालना / डाला / डाल चुका,1. Fence the garden. // 2. He fenced it. // 3. It is fenced.,1. வேலி போடு. // 2. அவர் வேலியிட்டார். // 3. அது வேலியிடப்பட்டது.,1. बाड़ लगाना। // 2. उसने बाड़ लगाई। // 3. इसमें बाड़ लगी है।
Ferment / Fermented / Fermented,Day 92,Intermediate,புளிக்கவை / வைத்தேன் / வைத்துள்ளேன்,खमीर उठाना / उठाया / उठा चुका,1. Let it ferment. // 2. It fermented. // 3. It has fermented.,1. நொதிக்க விடு. // 2. அது நொதித்தது. // 3. அது நொதித்துவிட்டது.,1. खमीर उठाना। // 2. यह खमीर उठा। // 3. इसमें खमीर उठ चुका है।
Ferry / Ferried / Ferried,Day 93,Intermediate,படகில் கடத்து / கடத்தினேன் / கடத்தியுள்ளேன்,नाव से ढोना / ढोया / ढो चुका,1. Ferry the people. // 2. He ferried them. // 3. We were ferried.,1. படகில் ஏற்றிச் செல். // 2. அவர் அழைத்துச் சென்றார். // 3. நாங்கள் அழைத்துச் செல்லப்பட்டோம்.,1. नौका से पार उतारना। // 2. उसने उन्हें पार उतारा। // 3. हमें पार उतारा गया।
Fertilize / Fertilized / Fertilized,Day 93,Intermediate,உரமிடு / இட்டேன் / இட்டுள்ளேன்,उपजाऊ बनाना / बनाया / बना चुका,1. Fertilize the soil. // 2. He fertilized it. // 3. It is fertilized.,1. உரமிடு. // 2. அவர் உரமிட்டார். // 3. அது உரமிடப்பட்டது.,1. खाद डालें। // 2. उसने खाद डाली। // 3. खाद डाली गई है।
Fetter / Fettered / Fettered,Day 93,Intermediate,விலங்கிடு / இட்டேன் / இட்டுள்ளேன்,बेड़ी डालना / डाली / डाल चुका,1. Don't fetter him. // 2. They fettered. // 3. He was fettered.,1. விலங்கிடு (தளை). // 2. அவர்கள் விலங்கிட்டனர். // 3. அவர் விலங்கிடப்பட்டார்.,1. बेड़ियाँ डालना। // 2. उन्होंने बेड़ियाँ डालीं। // 3. उसे बेड़ियों में जकड़ा गया।
Feud / Feuded / Feuded,Day 93,Intermediate,பகைகொள் / கொண்டேன் / கொண்டுள்ளேன்,झगड़ा करना / किया / कर चुका,1. Don't feud. // 2. They feuded for years. // 3. Families have feuded.,1. பகைகொள். // 2. அவர்கள் பகைத்துக் கொண்டனர். // 3. குடும்பங்கள் பகைத்தன.,1. झगड़ा करना। // 2. वे वर्षों तक लड़े। // 3. परिवारों में झगड़ा रहा है।
Fib / Fibbed / Fibbed,Day 93,Intermediate,பொய் சொல் / சொன்னேன் / சொல்லியுள்ளேன்,छोटी झूठ बोलना / बोली / बोल चुका,1. Don't fib. // 2. He fibbed to me. // 3. You have fibbed.,1. பொய் சொல்லு. // 2. அவர் என்னிடம் பொய் சொன்னார். // 3. நீ பொய் சொன்னாய்.,1. झूठ बोलना। // 2. उसने मुझसे झूठ बोला। // 3. तुमने झूठ बोला है।
Field / Fielded / Fielded,Day 94,Intermediate,களமிறங்கு / இறங்கினேன் / இறங்கியுள்ளேன்,मैदान में उतारना / उतारा / चुका,1. Field the ball. // 2. He fielded well. // 3. They have fielded.,1. பந்தைப் பிடி (களமிறங்கு). // 2. அவர் நன்றாகப் பிடித்தார். // 3. அவர்கள் பிடித்தனர்.,1. गेंद रोकना। // 2. उसने अच्छी फील्डिंग की। // 3. उन्होंने फील्डिंग की है।
Figure / Figured / Figured,Day 94,Intermediate,எண்ணு / எண்ணினேன் / எண்ணியுள்ளேன்,हिसाब लगाना / लगाया / लगा चुका,1. Figure out the math. // 2. He figured it. // 3. I have figured.,1. கணக்கிடு (புரிந்துகொள்). // 2. அவர் கணக்கிட்டார். // 3. நான் புரிந்துகொண்டேன்.,1. हिसाब लगाना (समझना)। // 2. उसने हिसाब लगाया। // 3. मैंने समझ लिया है।
Filter / Filtered / Filtered,Day 94,Intermediate,வடிகட்டு / கட்டினேன் / கட்டியுள்ளேன்,छानना / छाना / छान चुका,1. Filter the water. // 2. He filtered it. // 3. It is filtered.,1. வடிகட்டு. // 2. அவர் வடிகட்டினார். // 3. அது வடிகட்டப்பட்டது.,1. पानी छानें। // 2. उसने इसे छाना। // 3. इसे छान लिया गया है।
Finalize / Finalized / Finalized,Day 94,Intermediate,உறுதிப்படுத்து / படுத்தினேன் / படுத்தியுள்ளேன்,अंतिम रूप देना / दिया / दे चुका,1. Finalize the deal. // 2. They finalized. // 3. It is finalized.,1. இறுதி செய். // 2. அவர்கள் இறுதி செய்தனர். // 3. அது முடிவானது.,1. अंतिम रूप दें। // 2. उन्होंने अंतिम रूप दिया। // 3. यह तय हो गया है।
Fine / Fined / Fined,Day 94,Intermediate,அபராதம் விதி / விதித்தேன் / விதித்துள்ளேன்,जुर्माना करना / किया / कर चुका,1. Fine the driver. // 2. They fined him. // 3. I was fined.,1. அபராதம் விதி. // 2. அவர்கள் அபராதம் விதித்தனர். // 3. எனக்கு அபராதம் விதிக்கப்பட்டது.,1. जुर्माना लगाना। // 2. उन्होंने उस पर जुर्माना लगाया। // 3. मुझ पर जुर्माना लगा।
Finger / Fingered / Fingered,Day 95,Intermediate,விரலால் தொடு / தொட்டேன் / தொட்டுள்ளேன்,अंगुलियों से छूना / छुआ / चुका,1. Don't finger the glass. // 2. He fingered it. // 3. It was fingered.,1. விரலால் தொடு. // 2. அவர் தொட்டார். // 3. அது தொடப்பட்டது.,1. अंगुली लगाना। // 2. उसने इसे छुआ। // 3. इसे छुआ गया था।
Firm / Firmed / Firmed,Day 95,Intermediate,உறுதிப்படுத்து / படுத்தினேன் / படுத்தியுள்ளேன்,दृढ़ करना / किया / कर चुका,1. Firm the soil. // 2. It firmed up. // 3. Muscles have firmed.,1. உறுதிப்படுத்து. // 2. அது உறுதியானது. // 3. தசைகள் உறுதியாயின.,1. मजबूत करना। // 2. यह मजबूत हुआ। // 3. मांसपेशियां मजबूत हुई हैं।
Fish / Fished / Fished,Day 95,Intermediate,மீன் பிடி / பிடித்தேன் / பிடித்துள்ளேன்,मछली पकड़ना / पकड़ी / चुका,1. Fish in the lake. // 2. He fished all day. // 3. I have fished.,1. மீன் பிடி. // 2. அவர் மீன் பிடித்தார். // 3. நான் மீன் பிடித்தேன்.,1. मछली पकड़ना। // 2. उसने दिन भर मछली पकड़ी। // 3. मैंने मछली पकड़ी है।
Fizz / Fizzed / Fizzed,Day 95,Intermediate,நுரைத்துப்பொங்கு / பொங்கியது / பொங்கியுள்ளது,सनसनाना / सनसनाया / सनसना चुका,1. Let it fizz. // 2. It fizzed. // 3. Soda has fizzed.,1. நுரைக்கட்டும். // 2. அது நுரைத்தது. // 3. சோடா நுரைத்தது.,1. सनसनाना (झाग उठना)। // 2. यह सनसनाया। // 3. सोडा में झाग उठा।
Flabbergast / Flabbergasted / Flabbergasted,Day 95,Intermediate,அதிரவை / வைத்தேன் / வைத்துள்ளேன்,अचंभित करना / किया / कर चुका,1. It will flabbergast you. // 2. It flabbergasted me. // 3. I am flabbergasted.,1. திகைக்க வைக்கும். // 2. அது என்னைத் திகைக்க வைத்தது. // 3. நான் திகைப்படைந்தேன்.,1. हक्का-बक्का करना। // 2. इसने मुझे हैरान कर दिया। // 3. मैं दंग हूँ।
Flag / Flagged / Flagged,Day 96,Intermediate,குறியிடு / இட்டேன் / இட்டுள்ளேன்,झंडी दिखाना / दिखाई / दिखा चुका,1. Flag the email. // 2. He flagged it. // 3. It is flagged.,1. அடையாளமிடு. // 2. அவர் அடையாளமிட்டார். // 3. அது அடையாளமிடப்பட்டது.,1. चिन्हित करें। // 2. उसने चिन्हित किया। // 3. इसे चिन्हित किया गया है।
Flake / Flaked / Flaked,Day 96,Intermediate,செதிலாக உதிர் / உதிர்ந்தது / உதிர்ந்துள்ளது,पपड़ी उतरना / उतरी / उतर चुकी,1. Paint will flake. // 2. It flaked off. // 3. It has flaked.,1. செதில் போல உரியும். // 2. அது உரிந்தது. // 3. அது உரிந்துவிட்டது.,1. पपड़ी उतरना। // 2. यह उखड़ गया। // 3. पपड़ी उतर चुकी है।
Flame / Flamed / Flamed,Day 96,Intermediate,ஜுவாலையாக எரி / எரிந்தது / எரிந்துள்ளது,आग की लपटें उठना / उठी / उठ चुकी,1. Don't flame others. // 2. It flamed up. // 3. He was flamed.,1. சுடர்விடு (திட்டு). // 2. அது சுடர்விட்டது. // 3. அவர் திட்டப்பட்டார்.,1. जलना (भड़कना)। // 2. यह भड़क उठा। // 3. वह गुस्से में था।
Flare / Flared / Flared,Day 96,Intermediate,திடீரென எரி / எரிந்தது / எரிந்துள்ளது,चमक उठना / चमका / चमक चुका,1. Tempers flare. // 2. It flared up. // 3. Light has flared.,1. தழல் விடு. // 2. அது திடீரென வெளிப்பட்டது. // 3. ஒளி ஜொலித்தது.,1. भड़कना। // 2. यह भड़क उठा। // 3. रोशनी चमक उठी।
Flavor / Flavored / Flavored,Day 96,Intermediate,சுவையூட்டு / ஊட்டினேன் / ஊட்டியுள்ளேன்,स्वाद बढ़ाना / बढ़ाया / बढ़ा चुका,1. Flavor the soup. // 2. He flavored it. // 3. It is flavored.,1. சுவையூட்டு. // 2. அவர் சுவையூட்டினார். // 3. அது சுவையூட்டப்பட்டது.,1. स्वाद बढ़ाना। // 2. उसने स्वाद बढ़ाया। // 3. यह स्वादयुक्त है।
Flaw / Flawed / Flawed,Day 97,Intermediate,குறைப்படுத்து / படுத்தினேன் / படுத்தியுள்ளேன்,दोषपूर्ण बनाना / बनाया / चुका,1. Don't flaw the work. // 2. It flawed the plan. // 3. It is flawed.,1. குறைப்படுத்து. // 2. அது திட்டத்தைக் குறைப்படுத்தியது. // 3. அது குறையுடையது.,1. त्रुटिपूर्ण बनाना। // 2. इसने योजना बिगाड़ दी। // 3. यह त्रुटिपूर्ण है।
Fleece / Fleeced / Fleeced,Day 97,Intermediate,ஏமாற்றிப் பறி / பறித்தேன் / பறித்துள்ளேன்,ठगना / ठगा / ठग चुका,1. Don't fleece him. // 2. They fleeced us. // 3. I was fleeced.,1. ஏமாற்றிப் பறி. // 2. அவர்கள் எங்களை ஏமாற்றினர். // 3. நான் ஏமாற்றப்பட்டேன்.,1. ठगना। // 2. उन्होंने हमें ठगा। // 3. मैं ठगा गया।
Flesh / Fleshed / Fleshed,Day 97,Intermediate,தசைப்பற்றாக்கு / ஆக்கினேன் / ஆக்கியுள்ளேன்,मांसल बनाना / बनाया / बना चुका,1. Flesh out the idea. // 2. He fleshed it out. // 3. It is fleshed out.,1. முழுமைப்படுத்து. // 2. அவர் முழுமைப்படுத்தினார். // 3. அது முழுமையாக்கப்பட்டது.,1. विस्तार देना। // 2. उसने विस्तार दिया। // 3. इसे विस्तार दिया गया है।
Flex / Flexed / Flexed,Day 97,Intermediate,வளை / வளைத்தேன் / வளைத்துள்ளேன்,मोड़ना (मांसपेशी) / मोड़ा / चुका,1. Flex your muscles. // 2. He flexed. // 3. I have flexed.,1. தசையை இறுக்கு. // 2. அவர் இறுக்கினார். // 3. நான் இறுக்கினேன்.,1. मोड़ना (अकड़ना)। // 2. उसने मांसपेशियां सिकोड़ीं। // 3. मैंने सिकोड़ा है।
Flick / Flicked / Flicked,Day 97,Intermediate,தட்டிவிடு / தட்டினேன் / தட்டியுள்ளேன்,झटकना / झटका / झटक चुका,1. Flick the switch. // 2. He flicked it. // 3. I have flicked.,1. தட்டிவிடு. // 2. அவர் தட்டினார். // 3. நான் தட்டினேன்.,1. झटके से मारना। // 2. उसने स्विच दबाया। // 3. मैंने दबाया है।
Flicker / Flickered / Flickered,Day 98,Intermediate,விட்டுவிட்டு ஒளிர் / ஒளிர்ந்தது / ஒளிர்ந்துள்ளது,टिमटिमाना / टिमटिमाय / चुका,1. Lights flicker. // 2. It flickered. // 3. It has flickered.,1. மிளிரு (மின்னு). // 2. அது மின்னி மறைந்தது. // 3. அது மின்னி மறைந்தது.,1. टिमटिमाना। // 2. यह टिमटिमाया। // 3. यह टिमटिमा चुका है।
Flight / Flighted / Flighted,Day 98,Intermediate,பறக்கவிடு / விட்டேன் / விட்டுள்ளேன்,उड़ान भरना / भरी / भर चुका,1. Flight the ball. // 2. He flighted it. // 3. It was flighted.,1. காற்றில் பறக்கவிடு. // 2. அவர் பறக்கவிட்டார். // 3. அது பறக்கவிடப்பட்டது.,1. उड़ान भरना। // 2. उसने उड़ाया। // 3. इसे उड़ाया गया था।
Flinch / Flinched / Flinched,Day 98,Intermediate,பின்வாங்கு / வாங்கினேன் / வாங்கியுள்ளேன்,हिचकना / हिचका / हिचक चुका,1. Don't flinch. // 2. He flinched. // 3. They have flinched.,1. பின்வாங்காதே (தயங்கு). // 2. அவர் தயங்கினார். // 3. அவர்கள் தயங்கினர்.,1. हिचकिचाना। // 2. वह हिचकिचाया। // 3. वे हिचकिचाए हैं।
Fling / Flung / Flung,Day 98,Intermediate,எறி / எறிந்தேன் / எறிந்துள்ளேன்,फेंकना / फेंका / फेंक चुका,1. Fling the stone. // 2. He flung it. // 3. It was flung.,1. எறி (வீசு). // 2. அவர் எறிந்தார். // 3. அது எறியப்பட்டது.,1. जोर से फेंकना। // 2. उसने फेंका। // 3. इसे फेंका गया था।
Flip / Flipped / Flipped,Day 98,Intermediate,புரட்டு / புரட்டினேன் / புரட்டியுள்ளேன்,पलटना / पलटा / पलट चुका,1. Flip the coin. // 2. He flipped it. // 3. I have flipped.,1. சுண்டிவிடு. // 2. அவர் சுண்டினார். // 3. நான் சுண்டினேன்.,1. पलटना। // 2. उसने पलटा। // 3. मैंने पलट दिया है।
Flirt / Flirted / Flirted,Day 99,Intermediate,நயம்காட்டு / காட்டினேன் / காட்டியுள்ளேன்,इश्कबाज़ी करना / की / कर चुका,1. Don't flirt. // 2. He flirted with her. // 3. They have flirted.,1. காதல் விளையாட்டு செய். // 2. அவர் விளையாடினார். // 3. அவர்கள் விளையாடினர்.,1. इश्कबाजी करना। // 2. उसने उसके साथ फ्लर्ट किया। // 3. उन्होंने फ्लर्ट किया है।
Flit / Flitted / Flitted,Day 99,Intermediate,வேகமாகச் செல் / சென்றேன் / சென்றுள்ளேன்,तेज़ी से निकलना / निकला / चुका,1. Birds flit. // 2. It flitted away. // 3. It has flitted.,1. சிறகடித்துப் பற. // 2. அது பறந்தது. // 3. அது பறந்துவிட்டது.,1. फुदकना। // 2. वह फुदक कर गई। // 3. वह फुदक चुकी है।
Flock / Flocked / Flocked,Day 99,Intermediate,கூட்டமாகச் சேர் / சேர்ந்தேன் / சேர்ந்துள்ளேன்,झुंड में आना / आया / आ चुका,1. People flock. // 2. They flocked here. // 3. Birds have flocked.,1. கூட்டமாகச் சேர். // 2. அவர்கள் கூடினர். // 3. பறவைகள் கூடின.,1. झुंड बनाना। // 2. वे यहाँ उमड़ पड़े। // 3. पक्षी इकट्ठा हुए हैं।
Flog / Flogged / Flogged,Day 99,Intermediate,சாட்டையால் அடி / அடித்தேன் / அடித்துள்ளேன்,कोड़े मारना / मारे / मार चुका,1. Flog the horse. // 2. He flogged it. // 3. It was flogged.,1. சாட்டையால் அடி. // 2. அவர் அடித்தார். // 3. அது அடிக்கப்பட்டது.,1. कोड़े मारना। // 2. उसने कोड़े मारे। // 3. उसे कोड़े मारे गए थे।
Floor / Floored / Floored,Day 99,Intermediate,தரையில் தள்ளு / தள்ளினேன் / தள்ளியுள்ளேன்,हैरान कर देना / किया / कर चुका,1. Floor the gas. // 2. It floored me. // 3. He was floored.,1. தரைமட்டமாக்கு (வியக்க வை). // 2. அது என்னை வியக்க வைத்தது. // 3. அவர் வீழ்த்தப்பட்டார்.,1. हैरान करना। // 2. इसने मुझे हैरान किया। // 3. वह दंग रह गया।
Flop / Flopped / Flopped,Day 100,Intermediate,தொப்பென்று விழு / விழுந்தது / விழுந்துள்ளது,धप से गिरना / गिरा / गिर चुका,1. Don't flop. // 2. The movie flopped. // 3. It has flopped.,1. தோல்வியடை. // 2. படம் தோல்வியடைந்தது. // 3. அது தோல்வியடைந்துவிட்டது.,1. असफल होना। // 2. फिल्म फ्लॉप हो गई। // 3. यह फ्लॉप हो चुकी है।
Flourish / Flourished / Flourished,Day 100,Intermediate,செழித்து வளர் / வளர்ந்தேன் / வளர்ந்துள்ளேன்,फलना-फूलना / फला-फूला / चुका,1. Business will flourish. // 2. It flourished. // 3. We have flourished.,1. செழித்தோங்கு. // 2. அது செழித்தது. // 3. நாங்கள் செழித்தோம்.,1. फलना-फूलना। // 2. यह फला-फूला। // 3. हम समृद्ध हुए हैं।
Flout / Flouted / Flouted,Day 100,Intermediate,அவமதி / அவமதித்தேன் / அவமதித்துள்ளேன்,अवज्ञा करना / की / कर चुका,1. Don't flout rules. // 2. He flouted them. // 3. Laws were flouted.,1. மீறு (அலட்சியப்படுத்து). // 2. அவர் மீறினார். // 3. சட்டங்கள் மீறப்பட்டன.,1. अवज्ञा करना। // 2. उसने अवज्ञा की। // 3. नियमों का उल्लंघन किया गया।
Fluctuate / Fluctuated / Fluctuated,Day 100,Intermediate,ஏற்றத்தாழ்வடை / அடைந்தது / அடைந்துள்ளது,उतार-चढ़ाव होना / हुआ / चुका,1. Prices fluctuate. // 2. It fluctuated. // 3. It has fluctuated.,1. ஏறி இறங்கும். // 2. அது ஏறி இறங்கியது. // 3. அது மாறியுள்ளது.,1. उतार-चढ़ाव होना। // 2. यह बढ़ा-घटा। // 3. इसमें उतार-चढ़ाव हुआ है।
Flush / Flushed / Flushed,Day 100,Intermediate,நீரால் கழுவு / கழுவினேன் / கழுவியுள்ளேன்,साफ़ करना (पानी से) / किया / चुका,1. Flush the toilet. // 2. He flushed it. // 3. Face has flushed.,1. நீரால் கழுவு (சிவந்து போ). // 2. அவர் கழுவினார். // 3. முகம் சிவந்தது.,1. पानी से साफ करना। // 2. उसने फ्लश किया। // 3. चेहरा लाल हो गया।
Fluster / Flustered / Flustered,Day 101,Intermediate,பதற்றப்படுத்து / படுத்தினேன் / படுத்தியுள்ளேன்,घबराहट पैदा करना / की / चुका,1. Don't fluster me. // 2. It flustered him. // 3. I am flustered.,1. பதற்றப்படுத்து. // 2. அது அவரைப் பதற்றப்படுத்தியது. // 3. நான் பதற்றமடைந்தேன்.,1. घबराहट पैदा करना। // 2. इसने उसे घबरा दिया। // 3. मैं घबराया हुआ हूँ।
Flutter / Fluttered / Fluttered,Day 101,Intermediate,படபடவென அடி / அடித்தது / அடித்துள்ளது,फड़फड़ाना / फड़फड़ाया / चुका,1. Hearts flutter. // 2. It fluttered. // 3. Flag has fluttered.,1. துடி (படபட). // 2. அது படபடத்தது. // 3. கொடி அசைந்தது.,1. फड़फड़ाना। // 2. यह फड़फड़ाया। // 3. झंडा फहराया है।
Foal / Foaled / Foaled,Day 101,Intermediate,குட்டி போடு / போட்டது / போட்டுள்ளது,बछेड़ा जनना / जना / जन चुका,1. Mare will foal. // 2. She foaled. // 3. She has foaled.,1. குட்டி போடு (குதிரை). // 2. அது குட்டி போட்டது. // 3. அது குட்டி போட்டுள்ளது.,1. बछेड़ा देना। // 2. उसने बछेड़ा दिया। // 3. उसने जन्म दिया है।
Foam / Foamed / Foamed,Day 101,Intermediate,நுரை தள்ளு / தள்ளியது / தள்ளியுள்ளது,झाग उठना / उठा / उठ चुका,1. Soap will foam. // 2. It foamed up. // 3. It has foamed.,1. நுரை தள்ளு. // 2. அது நுரைத்தது. // 3. அது நுரைத்துள்ளது.,1. झाग उठना। // 2. झाग उठा। // 3. झाग उठ चुका है।
Fog / Fogged / Fogged,Day 101,Intermediate,மூடுபனியால் மறை / மறைத்தது / மறைத்துள்ளது,कोहरा छाना / छाया / छा चुका,1. Don't fog the glass. // 2. It fogged up. // 3. It is fogged.,1. மங்கச் செய் (மூடுபனி). // 2. அது மங்கியது. // 3. அது மங்கியுள்ளது.,1. धुंधला करना। // 2. यह धुंधला हो गया। // 3. यह धुंधला है।
Foil / Foiled / Foiled,Day 102,Intermediate,முறியடி / அடித்தேன் / அடித்துள்ளேன்,विफल करना / किया / कर चुका,1. Foil the plan. // 2. He foiled it. // 3. They were foiled.,1. முறியடி. // 2. அவர் முறியடித்தார். // 3. அவர்கள் முறியடிக்கப்பட்டனர்.,1. विफल करना। // 2. उसने विफल किया। // 3. वे विफल रहे।
Foment / Fomented / Fomented,Day 102,Intermediate,தூண்டிவிடு / விட்டேன் / விட்டுள்ளேன்,भड़काना / भड़काया / भड़का चुका,1. Don't foment trouble. // 2. He fomented it. // 3. It was fomented.,1. தூண்டிவிடு. // 2. அவர் தூண்டினார். // 3. அது தூண்டப்பட்டது.,1. भड़काना। // 2. उसने भड़काया। // 3. इसे भड़काया गया था।
Fondle / Fondled / Fondled,Day 102,Intermediate,செல்லமாகக் கொஞ்சு / கொஞ்சினேன் / கொஞ்சியுள்ளேன்,प्यार से सहलाना / सहलाया / चुका,1. Don't fondle. // 2. He fondled the pet. // 3. It was fondled.,1. வருடிக்கொடு. // 2. அவர் தடவிக்கொடுத்தார். // 3. அது தடவிக்கொடுக்கப்பட்டது.,1. प्यार से सहलाना। // 2. उसने सहलाया। // 3. उसे सहलाया गया।
Foot / Footed / Footed,Day 102,Intermediate,கால் வை / வைத்தேன் / வைத்துள்ளேன்,पैर रखना / रखा / रख चुका,1. Foot the bill. // 2. He footed it. // 3. I have footed.,1. பணம் செலுத்து. // 2. அவர் செலுத்தினார். // 3. நான் செலுத்தினேன்.,1. बिल भरना। // 2. उसने भरा। // 3. मैंने भर दिया है।
Forbid / Forbade / Forbidden,Day 102,Intermediate,தடை செய் / செய்தேன் / செய்துள்ளேன்,मना करना / किया / कर चुका,1. Forbid entry. // 2. He forbade it. // 3. It is forbidden.,1. தடை செய். // 2. அவர் தடுத்தார். // 3. அது தடுக்கப்பட்டது.,1. मना करना। // 2. उसने मना किया। // 3. यह वर्जित है।
Ford / Forded / Forded,Day 103,Intermediate,நடந்து கட / கடந்தேன் / கடந்துள்ளேன்,पैदल पार करना / किया / कर चुका,1. Ford the river. // 2. They forded it. // 3. We have forded.,1. ஆற்றைக் கடந்து செல். // 2. அவர்கள் கடந்தனர். // 3. நாங்கள் கடந்தோம்.,1. नदी पार करना। // 2. उन्होंने पार की। // 3. हमने पार कर ली है।
Foreclose / Foreclosed / Foreclosed,Day 103,Intermediate,முன்கூட்டியே அடை / அடைத்தேன் / அடைத்துள்ளேன்,स्वामित्व ले लेना / लिया / चुका,1. Foreclose the house. // 2. They foreclosed. // 3. It was foreclosed.,1. பறிமுதல் செய் (அடமானம்). // 2. அவர்கள் பறிமுதல் செய்தனர். // 3. அது பறிமுதல் செய்யப்பட்டது.,1. गिरवी संपत्ति जब्त करना। // 2. उन्होंने किया। // 3. इसे जब्त किया गया।
Forego / Forewent / Foregone,Day 103,Intermediate,விட்டுவிடு / விட்டேன் / விட்டுள்ளேன்,त्यागना / त्यागा / त्याग चुका,1. Forego the profit. // 2. He forewent it. // 3. I have foregone.,1. விட்டுவிடு (துற). // 2. அவர் துறந்தார். // 3. நான் துறந்தேன்.,1. त्याग देना। // 2. उसने त्याग दिया। // 3. मैंने त्याग दिया है।
Foresee / Foresaw / Foreseen,Day 103,Intermediate,முன்கூட்டியே அறி / அறிந்தேன் / அறிந்துள்ளேன்,पहले से देख लेना / देखा / चुका,1. Foresee the risk. // 2. He foresaw it. // 3. It was foreseen.,1. முன்கூட்டியே உணர். // 2. அவர் உணர்ந்தார். // 3. அது உணரப்பட்டது.,1. पूर्वभास होना। // 2. उसने पहले ही देख लिया। // 3. यह पहले ही देख लिया गया था।
Foreshadow / Foreshadowed / Foreshadowed,Day 103,Intermediate,முன்னரே சுட்டிக்காட்டு / காட்டினேன் / காட்டியுள்ளேன்,पूर्वाभास देना / दिया / दे चुका,1. Events foreshadow. // 2. It foreshadowed. // 3. It was foreshadowed.,1. முன்னறிவிப்பு செய். // 2. அது முன்னறிவித்தது. // 3. அது முன்னறிவிக்கப்பட்டது.,1. पूर्वानुमान देना। // 2. इसने संकेत दिया। // 3. यह पहले ही संकेत दिया गया था।
Forestall / Forestalled / Forestalled,Day 104,Intermediate,முன்கூட்டியே தடுத்திடு / தடுத்தேன் / தடுத்துள்ளேன்,पहले ही रोक देना / रोका / चुका,1. Forestall the move. // 2. He forestalled. // 3. It was forestalled.,1. முந்திக்கொள் (தடு). // 2. அவர் தடுத்தார். // 3. அது தடுக்கப்பட்டது.,1. पहले ही रोक लेना। // 2. उसने रोक लिया। // 3. इसे रोक लिया गया था।
Forewarn / Forewarned / Forewarned,Day 104,Intermediate,முன்கூட்டியே எச்சரி / எச்சரித்தேன் / எச்சரித்துள்ளேன்,पहले से सचेत करना / किया / चुका,1. Forewarn him. // 2. I forewarned you. // 3. They were forewarned.,1. முன்கூட்டியே எச்சரி. // 2. நான் எச்சரித்தேன். // 3. அவர்கள் எச்சரிக்கப்பட்டனர்.,1. पहले से चेतावनी देना। // 2. मैंने चेतावनी दी थी। // 3. उन्हें चेतावनी दी गई थी।
Forfeit / Forfeited / Forfeited,Day 104,Intermediate,இழ / இழந்தேன் / இழந்திருக்கிறேன்,ज़ब्त करना / किया / कर चुका,1. Forfeit the prize. // 2. He forfeited it. // 3. It is forfeited.,1. இழக்க நேரிடும். // 2. அவர் இழந்தார். // 3. அது பறிபோனது.,1. अधिकार खोना/जब्त होना। // 2. उसने खो दिया। // 3. यह जब्त हो गया है।
Forge / Forged / Forged,Day 104,Intermediate,உருவாக்கு / உருவாக்கினேன் / உருவாக்கியுள்ளேன்,गढ़ना / गढ़ा / गढ़ चुका,1. Forge a sword. // 2. He forged the sign. // 3. It was forged.,1. வாளை உருவாக்கு. // 2. அவர் கையெழுத்தை மோசடி செய்தார். // 3. அது உருவாக்கப்பட்டது.,1. तलवार गढ़ें। // 2. उसने जाली हस्ताक्षर किए। // 3. इसे गढ़ा गया था।
Forget / Forgot / Forgotten,Day 104,Intermediate,மற / மறந்தேன் / மறந்திருக்கிறேன்,भूलना / भूला / भूल चुका,1. Don't forget. // 2. He forgot the keys. // 3. I have forgotten.,1. மறக்காதே. // 2. அவர் சாவியை மறந்தார். // 3. நான் மறந்துவிட்டேன்.,1. भूलना मत। // 2. वह चाबियाँ भूल गया। // 3. मैं भूल गया हूँ।
Forgive / Forgave / Forgiven,Day 105,Intermediate,மன்னி / மன்னித்தேன் / மன்னித்திருக்கிறேன்,क्षमा करना / की / कर चुका,1. Forgive me. // 2. She forgave him. // 3. I have forgiven.,1. என்னை மன்னித்துவிடு. // 2. அவள் அவனை மன்னித்தாள். // 3. நான் மன்னித்துவிட்டேன்.,1. मुझे माफ कर दो। // 2. उसने उसे माफ कर दिया। // 3. मैंने माफ कर दिया है।
Fork / Forked / Forked,Day 105,Intermediate,பிரியவை / வைத்தேன் / வைத்துள்ளேன்,विभाजित होना / हुआ / हो चुका,1. Fork the hay. // 2. The road forked. // 3. It has forked.,1. கவடு போடு (பிரி). // 2. சாலை இரண்டாகப் பிரிந்தது. // 3. அது பிரிந்துள்ளது.,1. काँटे से उठाना। // 2. सड़क दो भागों में बंट गई। // 3. यह बंट चुका है।
Formalize / Formalized / Formalized,Day 105,Intermediate,முறைப்படுத்து / படுத்தினேன் / படுத்தியுள்ளேன்,औपचारिक बनाना / बनाया / बना चुका,1. Formalize the deal. // 2. They formalized it. // 3. It is formalized.,1. முறைப்படுத்து. // 2. அவர்கள் முறைப்படுத்தினர். // 3. அது முறைப்படுத்தப்பட்டது.,1. औपचारिक रूप देना। // 2. उन्होंने इसे औपचारिक बनाया। // 3. इसे औपचारिक रूप दिया गया है।
Format / Formatted / Formatted,Day 105,Intermediate,வடிவமை / வடிவமைத்தேன் / வடிவமைத்துள்ளேன்,प्रारूप तैयार करना / किया / चुका,1. Format the disk. // 2. He formatted it. // 3. It is formatted.,1. வடிவமைப்பை மாற்று. // 2. அவர் வடிவமைத்தார். // 3. அது வடிவமைக்கப்பட்டது.,1. प्रारूप तैयार करें। // 2. उसने फॉर्मेट किया। // 3. यह फॉर्मेट किया गया है।
Formulate / Formulated / Formulated,Day 105,Intermediate,திட்டமிடு / இட்டேன் / இட்டுள்ளேன்,तैयार करना / किया / कर चुका,1. Formulate a plan. // 2. He formulated. // 3. It was formulated.,1. திட்டத்தை வகு. // 2. அவர் வகுத்தார். // 3. அது வகுக்கப்பட்டது.,1. योजना बनाना। // 2. उसने योजना बनाई। // 3. योजना बनाई गई थी।
Forsake / Forsook / Forsaken,Day 106,Intermediate,கைவிடு / கைவிட்டேன் / கைவிட்டுள்ளேன்,त्यागना / त्यागा / त्याग चुका,1. Don't forsake me. // 2. He forsook her. // 3. I have forgotten.,1. கைவிடாதே. // 2. அவர் அவளைக் கைவிட்டார். // 3. நான் கைவிட்டுவிட்டேன்.,1. मुझे मत त्यागो। // 2. उसने उसे त्याग दिया। // 3. मैंने त्याग दिया है।
Fortify / Fortified / Fortified,Day 106,Intermediate,பலப்படுத்து / படுத்தினேன் / படுத்தியுள்ளேன்,मज़बूत करना / किया / कर चुका,1. Fortify the walls. // 2. They fortified. // 3. It is fortified.,1. பலப்படுத்து. // 2. அவர்கள் பலப்படுத்தினர். // 3. அது பலப்படுத்தப்பட்டது.,1. मजबूत करना। // 2. उन्होंने मजबूत किया। // 3. यह मजबूत है।
Forward / Forwarded / Forwarded,Day 106,Intermediate,அனுப்பிவை / வைத்தேன் / வைத்துள்ளேன்,आगे भेजना / भेजा / भेज चुका,1. Forward the mail. // 2. He forwarded it. // 3. It was forwarded.,1. முன்னோக்கி அனுப்பு. // 2. அவர் அனுப்பினார். // 3. அது அனுப்பப்பட்டது.,1. आगे भेजें। // 2. उसने इसे आगे भेजा। // 3. इसे आगे भेजा गया था।
Foster / Fostered / Fostered,Day 106,Intermediate,வளர்த்தெடு / எடுத்தேன் / எடுத்துள்ளேன்,बढ़ावा देना / दिया / दे चुका,1. Foster growth. // 2. They fostered him. // 3. He was fostered.,1. வளர்த்தெடு. // 2. அவர்கள் அவனை வளர்த்தனர். // 3. அவர் வளர்க்கப்பட்டார்.,1. बढ़ावा देना। // 2. उन्होंने उसे पाला। // 3. उसे पाला गया था।
Fracture / Fractured / Fractured,Day 106,Intermediate,முறி / முறிந்தது / முறிந்துள்ளது,तोड़ना (हड्डी) / तोड़ा / तोड़ चुका,1. Don't fracture it. // 2. He fractured his arm. // 3. It is fractured.,1. உடைக்காதே (எலும்பு). // 2. அவர் கையை உடைத்துக்கொண்டார். // 3. அது உடைந்துள்ளது.,1. हड्डी तोड़ना। // 2. उसने अपना हाथ तुड़वा लिया। // 3. यह टूटा हुआ है।
Franchise / Franchised / Franchised,Day 107,Intermediate,உரிமையளி / அளித்தேன் / அளித்துள்ளேன்,विशेषाधिकार देना / दिया / दे चुका,1. Franchise the brand. // 2. They franchised. // 3. It is franchised.,1. உரிமை வழங்கு. // 2. அவர்கள் உரிமை வழங்கினர். // 3. அது உரிமை வழங்கப்பட்டது.,1. विशेषाधिकार देना। // 2. उन्होंने फ्रेंचाइजी दी। // 3. यह फ्रेंचाइजी है।
Frank / Franked / Franked,Day 107,Intermediate,முத்திரையிடு / இட்டேன் / இட்டுள்ளேன்,मुहर लगाना / लगाई / लगा चुका,1. Frank the letter. // 2. He franked it. // 3. It was franked.,1. முத்திரையிடு. // 2. அவர் முத்திரையிட்டார். // 3. அது முத்திரையிடப்பட்டது.,1. डाक टिकट लगाना। // 2. उसने मुहर लगाई। // 3. मुहर लगाई गई थी।
Fraternize / Fraternized / Fraternized,Day 107,Intermediate,நட்புக்கொள் / கொண்டேன் / கொண்டுள்ளேன்,भाईचारा बढ़ाना / बढ़ाया / चुका,1. Don't fraternize. // 2. They fraternized. // 3. We have fraternized.,1. நட்பு பாராட்டு. // 2. அவர்கள் பழகினர். // 3. நாங்கள் பழகினோம்.,1. भाईचारे से रहना। // 2. वे साथ मिले-जुले। // 3. हम साथ रहे हैं।
Frequent / Frequented / Frequented,Day 107,Intermediate,அடிக்கடி செல் / சென்றேன் / சென்றுள்ளேன்,अक्सर जाना / गया / जा चुका,1. Frequent the cafe. // 2. He frequented. // 3. I have frequented.,1. அடிக்கடி செல். // 2. அவர் அடிக்கடி சென்றார். // 3. நான் அடிக்கடி சென்றுள்ளேன்.,1. अक्सर जाना। // 2. वह अक्सर जाता था। // 3. मैं अक्सर जाता रहा हूँ।
Fret / Fretted / Fretted,Day 107,Intermediate,வருத்தப்படு / பட்டேன் / பட்டுள்ளேன்,चिढ़ना / चिढ़ा / चिढ़ चुका,1. Don't fret. // 2. She fretted all day. // 3. I have fretted.,1. கவலைப்படாதே. // 2. அவள் கவலைப்பட்டாள். // 3. நான் கவலைப்பட்டேன்.,1. चिन्ता करना। // 2. वह दिन भर चिन्तित रही। // 3. मैंने चिन्ता की है।
Frisk / Frisked / Frisked,Day 108,Intermediate,சோதனையிடு / இட்டேன் / இட்டுள்ளேன்,तलाशी लेना / ली / ले चुका,1. Frisk the suspect. // 2. They frisked him. // 3. He was frisked.,1. சோதனை இடு. // 2. அவர்கள் சோதித்தனர். // 3. அவர் சோதிக்கப்பட்டார்.,1. तलाशी लेना। // 2. उन्होंने उसकी तलाशी ली। // 3. उसकी तलाशी ली गई।
Frown / Frowned / Frowned,Day 108,Intermediate,முகம் சுளி / சுளித்தேன் / சுளித்துள்ளேன்,तेवर चढ़ाना / चढ़ाए / चढ़ा चुका,1. Don't frown. // 2. He frowned at me. // 3. They have frowned.,1. முகத்தைச் சுளிக்காதே. // 2. அவர் என்னைப் பார்த்து முறைத்தார். // 3. அவர்கள் முறைத்தனர்.,1. त्यौरियां चढ़ाना। // 2. उसने मुंह सिकोड़ा। // 3. उन्होंने मुंह सिकोड़ा है।
Frustrate / Frustrated / Frustrated,Day 108,Intermediate,ஏமாற்றமளி / அளித்தேன் / அளித்துள்ளேன்,निराश करना / किया / कर चुका,1. Don't frustrate him. // 2. It frustrated me. // 3. I am frustrated.,1. ஏமாற்றாதே. // 2. அது எனக்கு ஏமாற்றமளித்தது. // 3. நான் ஏமாற்றமடைந்தேன்.,1. निराश करना। // 2. इसने मुझे निराश किया। // 3. मैं निराश हूँ।
Function / Functioned / Functioned,Day 108,Intermediate,செயல்படு / பட்டது / பட்டுள்ளது,कार्य करना / किया / कर चुका,1. Machines function. // 2. It functioned well. // 3. It has functioned.,1. இயங்கு. // 2. அது நன்றாக இயங்கியது. // 3. அது இயங்கியுள்ளது.,1. काम करना। // 2. इसने अच्छा काम किया। // 3. इसने काम किया है।
Fund / Funded / Funded,Day 108,Intermediate,நிதியளி / அளித்தேன் / அளித்துள்ளேன்,वित्तपोषित करना / किया / कर चुका,1. Fund the project. // 2. They funded it. // 3. It is funded.,1. நிதியளி. // 2. அவர்கள் நிதியளித்தனர். // 3. அது நிதியளிக்கப்பட்டது.,1. वित्तपोषित करना। // 2. उन्होंने फंड दिया। // 3. यह फंडेड है।
Furnish / Furnished / Furnished,Day 109,Intermediate,வழங்கு / வழங்கினேன் / வழங்கியுள்ளேன்,सुसज्जित करना / किया / कर चुका,1. Furnish the house. // 2. He furnished it. // 3. It is furnished.,1. அலங்கரி. // 2. அவர் அலங்கரித்தார். // 3. அது அலங்கரிக்கப்பட்டது.,1. सुसज्जित करना। // 2. उसने इसे सजाया। // 3. यह सजा हुआ है।
Furrow / Furrowed / Furrowed,Day 109,Intermediate,பள்ளமிடு / இட்டேன் / இட்டுள்ளேன்,झुर्री डालना / डाली / डाल चुका,1. Furrow the field. // 2. He furrowed. // 3. It is furrowed.,1. உழு (சுருக்கு). // 2. அவர் உழுதார். // 3. அது உழப்பட்டது.,1. हल चलाना। // 2. उसने हल चलाया। // 3. खेत जुता हुआ है।
Further / Furthered / Furthered,Day 109,Intermediate,முன்னேற்று / ஏற்றினேன் / ஏற்றியுள்ளேன்,आगे बढ़ाना / बढ़ाया / बढ़ा चुका,1. Further the cause. // 2. It furthered him. // 3. It was furthered.,1. மேம்படுத்து. // 2. அது அவரை முன்னேற்றியது. // 3. அது முன்னேற்றப்பட்டது.,1. आगे बढ़ाना। // 2. इसने उसे आगे बढ़ाया। // 3. इसे आगे बढ़ाया गया।
Fuse / Fused / Fused,Day 109,Intermediate,இணை / இணைத்தேன் / இணைத்துள்ளேன்,पिघलाना / पिघलाया / पिघला चुका,1. Fuse the wires. // 2. It fused. // 3. It has fused.,1. இணை. // 2. அது இணைந்தது. // 3. அது இணைந்துவிட்டது.,1. फ्यूज होना। // 2. यह जुड़ गया। // 3. यह जुड़ चुका है।
Gag / Gagged / Gagged,Day 109,Intermediate,வாயடை / அடைத்தேன் / அடைத்துள்ளேன்,मुँह बंद करना / किया / कर चुका,1. Gag the mouth. // 2. They gagged him. // 3. He was gagged.,1. வாயை அடை. // 2. அவர்கள் வாயை அடைத்தனர். // 3. அவர் வாய் அடைக்கப்பட்டார்.,1. मुँह बंद करना। // 2. उन्होंने मुँह बंद कर दिया। // 3. उसका मुँह बंद था।
Gainsay / Gainsaid / Gainsaid,Day 110,Intermediate,மறுத்துக் கூறு / கூறினேன் / கூறியுள்ளேன்,विरोध करना / किया / कर चुका,1. Don't gainsay me. // 2. He gainsaid. // 3. It was gainsaid.,1. மறுத்துப் பேசு. // 2. அவர் மறுத்தார். // 3. அது மறுக்கப்பட்டது.,1. विरोध करना। // 2. उसने नकारा। // 3. इसे नकारा गया था।
Garner / Garnered / Garnered,Day 110,Intermediate,சேகரி / சேகரித்தேன் / சேகரித்துள்ளேன்,संचित करना / किया / कर चुका,1. Garner support. // 2. He garnered it. // 3. I have garnered.,1. சேகரி. // 2. அவர் சேகரித்தார். // 3. நான் சேகரித்துள்ளேன்.,1. संचित करना। // 2. उसने इकट्ठा किया। // 3. मैंने इकट्ठा किया है।
Garnish / Garnished / Garnished,Day 110,Intermediate,அலங்கரி / அலங்கரித்தேன் / அலங்கரித்துள்ளேன்,सजाना / सजाया / सजा चुका,1. Garnish the dish. // 2. She garnished it. // 3. It is garnished.,1. அலங்கரி (உணவை). // 2. அவள் அலங்கரித்தாள். // 3. அது அலங்கரிக்கப்பட்டது.,1. सजाना। // 2. उसने सजाया। // 3. यह सजा हुआ है।
Gasp / Gasped / Gasped,Day 110,Intermediate,மூச்சு வாங்கு / வாங்கினேன் / வாங்கியுள்ளேன்,हाँफना / हाँफा / हाँफ चुका,1. Gasp for air. // 2. He gasped. // 3. They have gasped.,1. மூச்சு வாங்கு. // 2. அவர் மூச்சு வாங்கினார். // 3. அவர்கள் மூச்சு வாங்கினர்.,1. हाँफना। // 2. वह हाँफने लगा। // 3. वे हाँफ रहे हैं।
Gauge / Gauged / Gauged,Day 110,Intermediate,அளவிடு / அளவிட்டேன் / அளவிட்டுள்ளேன்,मापना / मापा / माप चुका,1. Gauge the depth. // 2. He gauged it. // 3. It was gauged.,1. அளவிடு. // 2. அவர் அளவிட்டார். // 3. அது அளவிடப்பட்டது.,1. मापना। // 2. उसने मापा। // 3. इसे मापा गया था।
Gesture / Gestured / Gestured,Day 111,Intermediate,சைகை செய் / செய்தேன் / செய்துள்ளேன்,इशारा करना / किया / कर चुका,1. Gesture to him. // 2. He gestured. // 3. I have gestured.,1. சைகை செய். // 2. அவர் சைகை செய்தார். // 3. நான் சைகை செய்தேன்.,1. इशारा करना। // 2. उसने इशारा किया। // 3. मैंने इशारा किया है।
Get / Got / Gotten,Day 111,Intermediate,பெறு / பெற்றேன் / பெற்றுள்ளேன்,प्राप्त करना / किया / कर चुका,1. Get the book. // 2. I got it. // 3. I have gotten.,1. புத்தகத்தை எடு. // 2. நான் எடுத்தேன். // 3. நான் எடுத்துள்ளேன்.,1. प्राप्त करना। // 2. मुझे मिल गया। // 3. मुझे मिल चुका है।
Giggle / Giggled / Giggled,Day 111,Intermediate,இகழ்ச்சியாகச் சிரி / சிரித்தேன் / சிரித்துள்ளேன்,खिसियाना / खिसियाया / चुका,1. Don't giggle. // 2. She giggled. // 3. They have giggled.,1. சிரி. // 2. அவள் சிரித்தாள். // 3. அவர்கள் சிரித்தனர்.,1. खिसियाना। // 2. वह हंसी। // 3. वे हंसे हैं।
Gild / Gilded / Gilded,Day 111,Intermediate,முலாம் பூசு / பூசினேன் / பூசியுள்ளேன்,मुलम्मा चढ़ाना / चढ़ाया / चुका,1. Gild the frame. // 2. He gilded it. // 3. It is gilded.,1. முலாம் பூசு. // 2. அவர் பூசினார். // 3. அது பூசப்பட்டது.,1. मुलम्मा चढ़ाना। // 2. उसने पानी चढ़ाया। // 3. यह सुनहरी है।
Glare / Glared / Glared,Day 111,Intermediate,முறைத்துப் பார் / பார்த்தேன் / பார்த்துள்ளேன்,घूरना (क्रोध से) / घूरा / चुका,1. Don't glare. // 2. He glared at me. // 3. I was glared at.,1. உற்றுப் பார். // 2. அவர் என்னைப் பார்த்தார். // 3. நான் முறைக்கப்பட்டேன்.,1. घूरना। // 2. उसने मुझे घूरा। // 3. मुझे घूरा गया।
Glass / Glassed / Glassed,Day 112,Intermediate,கண்ணாடியால் மூடு / மூடினேன் / மூடியுள்ளேன்,शीशा लगाना / लगाया / लगा चुका,1. Glass the surface. // 2. He glassed it. // 3. It is glassed.,1. கண்ணாடி இடு. // 2. அவர் பொருத்தினார். // 3. அது பொருத்தப்பட்டது.,1. शीशा लगाना। // 2. उसने शीशा लगाया। // 3. इसमें शीशा लगा है।
Glaze / Glazed / Glazed,Day 112,Intermediate,மெருகூட்டு / ஊட்டினேன் / ஊட்டியுள்ளேன்,चिकना करना / किया / कर चुका,1. Glaze the cake. // 2. She glazed it. // 3. It is glazed.,1. பளபளப்பாக்கு. // 2. அவள் பளபளப்பாக்கினாள். // 3. அது பளபளப்பானது.,1. चमक लाना। // 2. उसने इसे चमकाया। // 3. यह चमकदार है।
Gleam / Gleamed / Gleamed,Day 112,Intermediate,மின்னு / மின்னியது / மின்னியுள்ளது,चमकना / चमका / चमक चुका,1. Eyes gleam. // 2. It gleamed. // 3. Stars have gleamed.,1. மின்னு. // 2. அது மின்னியது. // 3. நட்சத்திரங்கள் மின்னின.,1. चमकना। // 2. यह चमका। // 3. सितारे चमके हैं।
Glide / Glided / Glided,Day 112,Intermediate,வழுக்கிச் செல் / சென்றேன் / சென்றுள்ளேன்,फिसलना / फिसला / फिसल चुका,1. Glide on ice. // 2. He glided. // 3. It has glided.,1. நழுவிச் செல். // 2. அவர் நழுவினார். // 3. அது நழுவியுள்ளது.,1. फिसलना। // 2. वह फिसला। // 3. यह फिसल चुका है।
Glimpse / Glimpsed / Glimpsed,Day 112,Intermediate,ஒரு கணம் பார் / பார்த்தேன் / பார்த்துள்ளேன்,झलक पाना / पाई / पा चुका,1. Glimpse the star. // 2. I glimpsed it. // 3. I have glimpsed.,1. ஒரு பார்வை பார். // 2. நான் பார்த்தேன். // 3. நான் பார்த்துள்ளேன்.,1. झलक देखना। // 2. मैंने झलक देखी। // 3. मैंने झलक देखी है।
Glisten / Glistened / Glistened,Day 113,Intermediate,மின்னு / மின்னியது / மின்னியுள்ளது,झिलमिलाना / झिलमिलाया / चुका,1. Water glisten. // 2. It glistened. // 3. It has glistened.,1. பளபளவென மின்னு. // 2. அது மின்னியது. // 3. அது மின்னியுள்ளது.,1. चमकना। // 2. यह चमका। // 3. यह चमक चुका है।
Glitter / Glittered / Glittered,Day 113,Intermediate,ஜொலி / ஜொலித்தது / ஜொலித்துள்ளது,चमकना / चमका / चमक चुका,1. Gold will glitter. // 2. It glittered. // 3. It has glittered.,1. ஜொலி. // 2. அது ஜொலித்தது. // 3. அது ஜொலித்துள்ளது.,1. जगमगाना। // 2. यह जगमगाया। // 3. यह जगमगा चुका है।
Glorify / Glorified / Glorified,Day 113,Intermediate,மகிமைப்படுத்து / படுத்தினேன் / படுத்தியுள்ளேன்,महिमामंडन करना / किया / चुका,1. Glorify God. // 2. They glorified him. // 3. He is glorified.,1. மகிமைப்படுத்து. // 2. அவர்கள் துதித்தனர். // 3. அவர் துதிக்கப்பட்டார்.,1. महिमामंडन करना। // 2. उन्होंने महिमा की। // 3. उसकी महिमा की गई।
Gloss / Glossed / Glossed,Day 113,Intermediate,பளபளப்பாக்கு / ஆக்கினேன் / ஆக்கியுள்ளேன்,चमक देना / दी / दे चुका,1. Gloss the paper. // 2. He glossed it. // 3. It is glossed.,1. மெருகூட்டு. // 2. அவர் மெருகூட்டினார். // 3. அது மெருகூட்டப்பட்டது.,1. चमक देना। // 2. उसने चमक दी। // 3. यह चमकदार है।
Gnaw / Gnawed / Gnawed,Day 113,Intermediate,அரி / அரித்தது / அரித்துள்ளது,कुतरना / कुतरा / कुतर चुका,1. Don't gnaw the bone. // 2. He gnawed it. // 3. It was gnawed.,1. கறித்துத் தின். // 2. அவர் கறித்தார். // 3. அது கறிக்கப்பட்டது.,1. कुतरना। // 2. उसने कुतरा। // 3. इसे कुतरा गया था।
Goad / Goaded / Goaded,Day 114,Intermediate,தூண்டிவிடு / விட்டேன் / விட்டுள்ளேன்,उकसाना / उकसाया / उकसा चुका,1. Goad him to act. // 2. He goaded me. // 3. I was goaded.,1. தூண்டிவிடு. // 2. அவர் தூண்டினார். // 3. நான் தூண்டப்பட்டேன்.,1. उकसाना। // 2. उसने मुझे उकसाया। // 3. मुझे उकसाया गया था।
Grace / Graced / Graced,Day 114,Intermediate,பெருமைப்படுத்து / படுத்தினேன் / படுத்தியுள்ளேன்,सुशोभित करना / किया / चुका,1. Grace the event. // 2. She graced it. // 3. We are graced.,1. சிறப்பி. // 2. அவள் சிறப்பித்தாள். // 3. நாங்கள் ஆசீர்வதிக்கப்பட்டோம்.,1. सुशोभित करना। // 2. उसने सुशोभित किया। // 3. हम धन्य हैं।
Grade / Graded / Graded,Day 114,Intermediate,வரிசைப்படுத்து / படுத்தினேன் / படுத்தியுள்ளேன்,श्रेणीबद्ध करना / किया / चुका,1. Grade the papers. // 2. He graded them. // 3. I am graded.,1. தரப்படுத்து. // 2. அவர் தரம் பிரித்தார். // 3. நான் தரம் பிரிக்கப்பட்டேன்.,1. श्रेणी देना। // 2. उसने ग्रेड दिया। // 3. मुझे ग्रेड दिया गया है।
Graduate / Graduated / Graduated,Day 114,Intermediate,பட்டம் பெறு / பெற்றேன் / பெற்றுள்ளேன்,स्नातक होना / हुआ / हो चुका,1. Graduate this year. // 2. He graduated. // 3. I have graduated.,1. பட்டம் பெறு. // 2. அவர் பட்டம் பெற்றார். // 3. நான் பட்டம் பெற்றுள்ளேன்.,1. स्नातक होना। // 2. वह स्नातक हुआ। // 3. मैंने स्नातक किया है।
Graft / Grafted / Grafted,Day 114,Intermediate,ஒட்டுப்போடு / போட்டேன் / போட்டுள்ளேன்,कलम लगाना / लगाई / लगा चुका,1. Graft the plant. // 2. He grafted it. // 3. It is grafted.,1. ஒட்டுப் போடு. // 2. அவர் ஒட்டினார். // 3. அது ஒட்டப்பட்டது.,1. कलम लगाना। // 2. उसने कलम लगाई। // 3. इसमें कलम लगाई गई है।
Grant / Granted / Granted,Day 115,Intermediate,அனுமதி / அனுமதித்தேன் / அனுமதித்துள்ளேன்,प्रदान करना / किया / कर चुका,1. Grant the wish. // 2. He granted it. // 3. Permission is granted.,1. அனுமதி வழங்கு. // 2. அவர் வழங்கினார். // 3. அனுமதி வழங்கப்பட்டது.,1. प्रदान करना। // 2. उसने प्रदान किया। // 3. अनुमति दी गई है।
Grapple / Grappled / Grappled,Day 115,Intermediate,மல்யுத்தம் செய் / செய்தேன் / செய்துள்ளேன்,हाथापाई करना / की / कर चुका,1. Grapple with fear. // 2. He grappled. // 3. We have grappled.,1. மல்லுக்கட்டு. // 2. அவர் போராடினார். // 3. நாங்கள் போராடினோம்.,1. जूझना। // 2. वह जूझता रहा। // 3. हम जूझते रहे हैं।
Grasp / Grasped / Grasped,Day 115,Intermediate,இறுகப் பிடி / பிடித்தேன் / பிடித்துள்ளேன்,पकड़ना / पकड़ा / पकड़ चुका,1. Grasp the idea. // 2. He grasped it. // 3. I have grasped.,1. பிடி (புரிந்துகொள்). // 2. அவர் புரிந்துகொண்டார். // 3. நான் புரிந்துகொண்டேன்.,1. पकड़ना। // 2. उसने समझा। // 3. मैंने समझ लिया है।
Grate / Grated / Grated,Day 115,Intermediate,துருவு / துருவினேன் / துருவியுள்ளேன்,रगड़ना / रगड़ा / रगड़ चुका,1. Grate the cheese. // 2. She grated it. // 3. It is grated.,1. துருவு. // 2. அவள் துருவினாள். // 3. அது துருவப்பட்டது.,1. कद्दूकस करना। // 2. उसने कद्दूकस किया। // 3. यह कद्दूकस किया गया है।
Gratify / Gratified / Gratified,Day 115,Intermediate,திருப்திப்படுத்து / படுத்தினேன் / படுத்தியுள்ளேன்,संतुष्ट करना / किया / कर चुका,1. Gratify the needs. // 2. It gratified me. // 3. I am gratified.,1. திருப்திப்படுத்து. // 2. அது திருப்தியளித்தது. // 3. நான் திருப்தியடைந்தேன்.,1. संतुष्ट करना। // 2. इसने मुझे संतुष्ट किया। // 3. मैं संतुष्ट हूँ।
Graze / Grazed / Grazed,Day 116,Intermediate,மேய் / மேய்ந்தது / மேய்ந்துள்ளது,चरना / चरा / चर चुका,1. Cattle graze. // 2. It grazed. // 3. Cows have grazed.,1. மேய். // 2. அது மேய்ந்தது. // 3. பசுக்கள் மேய்ந்தன.,1. चरना। // 2. वह चरा। // 3. गाएं चर चुकी हैं।
Grease / Greased / Greased,Day 116,Intermediate,எண்ணெய் பூசு / பூசினேன் / பூசியுள்ளேன்,चिकना करना / किया / कर चुका,1. Grease the pan. // 2. He greased it. // 3. It is greased.,1. எண்ணெய் பூசு. // 2. அவர் பூசினார். // 3. அது பூசப்பட்டது.,1. चिकनाई लगाना। // 2. उसने चिकनाई लगाई। // 3. इसमें चिकनाई लगी है।
Greet / Greeted / Greeted,Day 116,Intermediate,வரவேற் / வரவேற்றேன் / வரவேற்றுள்ளேன்,अभिवादन करना / किया / कर चुका,1. Greet them. // 2. He greeted me. // 3. I was greeted.,1. வாழ்த்து. // 2. அவர் வாழ்த்தினார். // 3. நான் வாழ்த்தப்பட்டேன்.,1. अभिवादन करना। // 2. उसने मेरा अभिवादन किया। // 3. मेरा स्वागत हुआ।
Grieve / Grieved / Grieved,Day 116,Intermediate,வருத்தப்படு / பட்டேன் / பட்டுள்ளேன்,शोक करना / किया / कर चुका,1. Don't grieve. // 2. He grieved. // 3. They have grieved.,1. துக்கப்படு. // 2. அவர் துக்கப்பட்டார். // 3. அவர்கள் துக்கப்பட்டனர்.,1. शोक मनाना। // 2. उसने शोक मनाया। // 3. उन्होंने शोक मनाया है।
Grill / Grilled / Grilled,Day 116,Intermediate,சுடு / சுட்டேன் / சுட்டுள்ளேன்,भूनना / भूना / भून चुका,1. Grill the fish. // 2. He grilled it. // 3. It is grilled.,1. வாட்டு (சுடு). // 2. அவர் சுட்டார். // 3. அது சுடப்பட்டது.,1. भूनना। // 2. उसने भूना। // 3. इसे भूना गया है।
Grin / Grinned / Grinned,Day 117,Intermediate,பல்லுக்காட்டிச் சிரி / சிரித்தேன் / சிரித்துள்ளேன்,मुस्कुराना / मुस्कुराया / चुका,1. Grin widely. // 2. He grinned. // 3. They have grinned.,1. சிரி. // 2. அவர் சிரித்தார். // 3. அவர்கள் சிரித்தனர்.,1. मुस्कुराना। // 2. वह मुस्कुराया। // 3. वे मुस्कुराए हैं।
Grind / Ground / Ground,Day 117,Intermediate,அரை / அரைத்தேன் / அரைத்துள்ளேன்,पीसना / पीसा / पीस चुका,1. Grind the spices. // 2. She ground it. // 3. It is ground.,1. அரை. // 2. அவள் அரைத்தாள். // 3. அது அரைக்கப்பட்டது.,1. पीसना। // 2. उसने पीसा। // 3. यह पिसा हुआ है।
Grip / Gripped / Gripped,Day 117,Intermediate,பிடி / பிடித்தேன் / பிடித்துள்ளேன்,कसकर पकड़ना / पकड़ा / चुका,1. Grip the bat. // 2. He gripped it. // 3. It was gripped.,1. இறுகப் பிடி. // 2. அவர் பிடித்தார். // 3. அது பிடிக்கப்பட்டது.,1. पकड़ना। // 2. उसने पकड़ा। // 3. इसे पकड़ा गया था।
Groan / Groaned / Groaned,Day 117,Intermediate,முனகு / முனகினேன் / முனகியுள்ளேன்,कराहना / कराह / कराह चुका,1. Don't groan. // 2. He groaned. // 3. They have groaned.,1. முனகு. // 2. அவர் முனகினார். // 3. அவர்கள் முனகினர்.,1. कराहना। // 2. वह कराह उठा। // 3. वे कराह रहे हैं।
Groom / Groomed / Groomed,Day 117,Intermediate,தயார் செய் / செய்தேன் / செய்துள்ளேன்,तैयार करना / किया / कर चुका,1. Groom the dog. // 2. He groomed it. // 3. It is groomed.,1. தூய்மைப்படுத்து. // 2. அவர் தூய்மைப்படுத்தினார். // 3. அது தூய்மைப்படுத்தப்பட்டது.,1. सवारना। // 2. उसने इसे संवारा। // 3. यह तैयार है।
Grope / Groped / Groped,Day 118,Intermediate,தடவித் தேடு / தேடினேன் / தேடியுள்ளேன்,टटोलना / टटोला / टटोल चुका,1. Grope in dark. // 2. He groped. // 3. I have groped.,1. தடவு (இருட்டில்). // 2. அவர் தடவினார். // 3. நான் தடவினேன்.,1. टटोलना। // 2. उसने टटोला। // 3. मैंने टटोला है।
Ground / Grounded / Grounded,Day 118,Intermediate,அடிப்படையாகக் கொள் / கொண்டேன் / கொண்டுள்ளேன்,ज़मीन पर रखना / रखा / रख चुका,1. Ground the wire. // 2. He grounded him. // 3. He is grounded.,1. தரையிறக்கு. // 2. அவர் தடுத்தார். // 3. அவர் தண்டிக்கப்பட்டார்.,1. रोकना। // 2. उसने उसे रोका। // 3. वह प्रतिबंधित है।
Group / Grouped / Grouped,Day 118,Intermediate,குழுவாக்கு / ஆக்கினேன் / ஆக்கியுள்ளேன்,समूह बनाना / बनाया / बना चुका,1. Group the items. // 2. He grouped them. // 3. They are grouped.,1. குழுப்படுத்து. // 2. அவர் குழுப்படுத்தினார். // 3. அவை குழுவாக்கப்பட்டன.,1. समूह बनाना। // 2. उसने समूह बनाया। // 3. वे समूहबद्ध हैं।
Grow / Grew / Grown,Day 118,Intermediate,வளர் / வளர்ந்தேன் / வளர்ந்துள்ளேன்,बढ़ना / बढ़ा / बढ़ चुका,1. Plants grow. // 2. He grew tall. // 3. It has grown.,1. வளர். // 2. அவர் வளர்ந்தார். // 3. அது வளர்ந்துவிட்டது.,1. बढ़ना। // 2. वह बढ़ा हुआ। // 3. यह बढ़ चुका है।
Growl / Growled / Growled,Day 118,Intermediate,உறுமு / உறுமியது / உறுமியுள்ளது,गुर्राना / गुर्राया / गुर्रा चुका,1. Dogs growl. // 2. It growled. // 3. It has growled.,1. உறுமு. // 2. அது உறுமியது. // 3. அது உறுமியுள்ளது.,1. गुर्राना। // 2. वह गुर्राया। // 3. वह गुर्रा चुका है।
Guarantee / Guaranteed / Guaranteed,Day 119,Intermediate,உத்தரவாதம் அளி / அளித்தேன் / அளித்துள்ளேன்,गारंटी देना / दी / दे चुका,1. Guarantee safety. // 2. He guaranteed. // 3. It is guaranteed.,1. உத்தரவாதம் அளி. // 2. அவர் அளித்தார். // 3. அது உறுதி செய்யப்பட்டது.,1. गारंटी देना। // 2. उसने गारंटी दी। // 3. इसकी गारंटी है।
Guard / Guarded / Guarded,Day 119,Intermediate,காவல்கா / காத்தேன் / காத்துள்ளேன்,रक्षा करना / की / कर चुका,1. Guard the gate. // 2. He guarded it. // 3. It is guarded.,1. காவல் காடு. // 2. அவர் காவல் காத்தார். // 3. அது காக்கப்படுக்கிறது.,1. रक्षा करना। // 2. उसने रक्षा की। // 3. इसकी रक्षा की जा रही है।
Guess / Guessed / Guessed,Day 119,Intermediate,ஊகி / ஊகித்தேன் / ஊகித்துள்ளேன்,अनुमान लगाना / लगाया / लगा चुका,1. Guess the answer. // 2. He guessed. // 3. I have guessed.,1. ஊகி. // 2. அவர் ஊகித்தார். // 3. நான் ஊகித்தேன்.,1. अनुमान लगाना। // 2. उसने अनुमान लगाया। // 3. मैंने अनुमान लगाया है।
Guide / Guided / Guided,Day 119,Intermediate,வழிகாட்டு / காட்டினேன் / காட்டியுள்ளேன்,मार्ग दिखाना / दिखाया / दिखा चुका,1. Guide the team. // 2. He guided us. // 3. I am guided.,1. வழிகாட்டு. // 2. அவர் வழிகாட்டினார். // 3. நான் வழிகாட்டப்பட்டேன்.,1. मार्गदर्शन करना। // 2. उसने हमारा मार्गदर्शन किया। // 3. मेरा मार्गदर्शन हुआ।
Gulp / Gulped / Gulped,Day 119,Intermediate,விழுங்கு / விழுங்கினேன் / விழுங்கியுள்ளேன்,निगलना / निगला / निगल चुका,1. Gulp the water. // 2. He gulped. // 3. I have gulped.,1. விழுங்கு. // 2. அவர் விழுங்கினார். // 3. நான் விழுங்கினேன்.,1. गटकना। // 2. उसने गटक लिया। // 3. मैंने गटक लिया है।
Gush / Gushed / Gushed,Day 120,Intermediate,பீறிட்டுப் பாய் / பாய்ந்தது / பாய்ந்துள்ளது,तेज़ी से बहना / बहा / बह चुका,1. Oil will gush. // 2. It gushed out. // 3. It has gushed.,1. பீறிட்டுப் பாய். // 2. அது பாய்ந்தது. // 3. அது பாய்ந்துள்ளது.,1. तेजी से बहना। // 2. यह तेजी से निकला। // 3. यह बह चुका है।
Habituate / Habituated / Habituated,Day 120,Intermediate,பழக்கப்படுத்து / படுத்தினேன் / படுத்தியுள்ளேன்,अभ्यस्त होना / हुआ / हो चुका,1. Habituate them. // 2. He habituated. // 3. I am habituated.,1. பழக்கப்படுத்து. // 2. அவர் பழக்கப்படுத்தினார். // 3. நான் பழகிவிட்டேன்.,1. अभ्यस्त होना। // 2. उसने अभ्यस्त किया। // 3. मैं अभ्यस्त हूँ।
Hack / Hacked / Hacked,Day 120,Intermediate,வெட்டு / வெட்டினேன் / வெட்டியுள்ளேன்,काटना / काटा / काट चुका,1. Hack the wood. // 2. He hacked it. // 3. It was hacked.,1. வெட்டு. // 2. அவர் வெட்டினார். // 3. அது வெட்டப்பட்டது.,1. काटना। // 2. उसने काटा। // 3. इसे काटा गया था।
Hail / Hailed / Hailed,Day 120,Intermediate,வாழ்த்து / வாழ்த்தினேன் / வாழ்த்தியுள்ளேன்,ओले पड़ना / पड़े / पड़ चुके,1. Hail the king. // 2. It hailed today. // 3. They have hailed.,1. வாழ்த்து. // 2. ஆலங்கட்டி மழை பெய்தது. // 3. அவர்கள் வாழ்த்தினர்.,1. ओले गिरना। // 2. आज ओले गिरे। // 3. उन्होंने जयजयकार की।
Halt / Halted / Halted,Day 120,Intermediate,நிறுத்து / நிறுத்தினேன் / நிறுத்தியுள்ளேன்,रुकना / रुका / रुक चुका,1. Halt the car. // 2. He halted. // 3. It has halted.,1. நிறுத்து. // 2. அவர் நிறுத்தினார். // 3. அது நின்றுவிட்டது.,1. रोकना। // 2. वह रुक गया। // 3. यह रुक चुका है।
Hammer / Hammered / Hammered,Day 121,Intermediate,சுத்தியலால் அடி / அடித்தேன் / அடித்துள்ளேன்,हथौड़े से मारना / मारा / चुका,1. Hammer the nail. // 2. He hammered it. // 3. It is hammered.,1. சுத்தியலால் அடி. // 2. அவர் அடித்தார். // 3. அது அடிக்கப்பட்டது.,1. हथौड़े से मारना। // 2. उसने हथौड़ा मारा। // 3. इसे पीटा गया है।
Hamper / Hampered / Hampered,Day 121,Intermediate,தடையை ஏற்படுத்து / ஏற்படுத்தினேன் / ஏற்படுத்தியுள்ளேன்,बाधा डालना / डाली / डाल चुका,1. Don't hamper work. // 2. It hampered. // 3. I was hampered.,1. தடை செய். // 2. அது தடுத்தது. // 3. நான் தடுக்கப்பட்டேன்.,1. बाधा डालना। // 2. इसने बाधा डाली। // 3. मुझे रोका गया था।
Hand / Handed / Handed,Day 121,Intermediate,ஒப்படை / ஒப்படைத்தேன் / ஒப்படைத்துள்ளேன்,सौंपना / सौंपा / सौंप चुका,1. Hand the bag. // 2. He handed it. // 3. I have handed.,1. கையில் கொடு. // 2. அவர் கொடுத்தார். // 3. நான் கொடுத்தேன்.,1. हाथ में देना। // 2. उसने इसे दिया। // 3. मैंने दे दिया है।
Handle / Handled / Handled,Day 121,Intermediate,கையாளு / கையாண்டேன் / கையாண்டுள்ளேன்,संभालना / संभाला / संभाल चुका,1. Handle with care. // 2. He handled it. // 3. It was handled.,1. கையாளு. // 2. அவர் கையாண்டார். // 3. அது கையாளப்பட்டது.,1. संभालना। // 2. उसने इसे संभाला। // 3. इसे संभाला गया था।
Hang / Hung / Hung,Day 121,Intermediate,தொங்கு / தொங்கினேன் / தொங்கியுள்ளேன்,लटकाना / लटकाया / लटका चुका,1. Hang the coat. // 2. He hung it. // 3. It is hung.,1. தொங்கவிடு. // 2. அவர் தொங்கவிட்டார். // 3. அது தொங்கவிடப்பட்டுள்ளது.,1. लटकाना। // 2. उसने इसे लटकाया। // 3. यह लटका हुआ है।
Happen / Happened / Happened,Day 122,Intermediate,நட / நடந்தது / நடந்திருக்கிறது,होना / हुआ / हो चुका,1. Things happen. // 2. It happened. // 3. It has happened.,1. நடக்கும். // 2. அது நடந்தது. // 3. அது நடந்துவிட்டது.,1. होना। // 2. यह हुआ। // 3. यह हो चुका है।
Harass / Harassed / Harassed,Day 122,Intermediate,துன்புறுத்து / துன்புறுத்தினேன் / துன்புறுத்தியுள்ளேன்,परेशान करना / किया / कर चुका,1. Don't harass. // 2. He harassed her. // 3. I was harassed.,1. துன்புறுத்து. // 2. அவர் துன்புறுத்தினார். // 3. நான் துன்புறுத்தப்பட்டேன்.,1. परेशान करना। // 2. उसने उसे परेशान किया। // 3. मुझे परेशान किया गया।
Harbor / Harbored / Harbored,Day 122,Intermediate,அடைக்கலம் கொடு / கொடுத்தேன் / கொடுத்துள்ளேன்,शरण देना / दी / दे चुका,1. Harbor the ship. // 2. He harbored him. // 3. It was harbored.,1. அடைக்கலம் கொடு. // 2. அவர் அடைக்கலம் தந்தார். // 3. அது அடைக்கலம் அளிக்கப்பட்டது.,1. आश्रय देना। // 2. उसने उसे आश्रय दिया। // 3. उसे आश्रय दिया गया था।
Harden / Hardened / Hardened,Day 122,Intermediate,கடினமாக்கு / ஆக்கினேன் / ஆக்கியுள்ளேன்,कड़ा करना / किया / कर चुका,1. Harden the clay. // 2. It hardened. // 3. It has hardened.,1. கடினமாக்கு. // 2. அது கடினமானது. // 3. அது கடினமாகிவிட்டது.,1. सख्त करना। // 2. यह सख्त हुआ। // 3. यह सख्त हो चुका है।
Harm / Harmed / Harmed,Day 122,Intermediate,தீங்கு செய் / செய்தேன் / செய்துள்ளேன்,नुकसान पहुँचाना / पहुँचाया / चुका,1. Don't harm life. // 2. It harmed me. // 3. No harm was done.,1. தீங்கு செய்யாதே. // 2. அது எனக்குத் தீங்கு செய்தது. // 3. தீங்கு எதுவும் நடக்கவில்லை.,1. नुकसान न पहुँचाएँ। // 2. इसने मुझे नुकसान पहुँचाया। // 3. कोई नुकसान नहीं हुआ।
Harmonize / Harmonized / Harmonized,Day 123,Intermediate,இணக்கப்படுத்து / படுத்தினேன் / படுத்தியுள்ளேன்,सामंजस्य बिठाना / बिठाया / चुका,1. Harmonize colors. // 2. It harmonized. // 3. They are harmonized.,1. ஒருமைப்படுத்து. // 2. அது இணைந்தது. // 3. அவை இணைக்கப்பட்டுள்ளன.,1. सामंजस्य बिठाना। // 2. इसने सामंजस्य बिठाया। // 3. वे सामंजस्य में हैं।
Harness / Harnessed / Harnessed,Day 123,Intermediate,பயன்படுத்து / பயன்படுத்தினேன் / பயன்படுத்தியுள்ளேன்,उपयोग करना / किया / कर चुका,1. Harness energy. // 2. He harnessed. // 3. It is harnessed.,1. பயன்படுத்து. // 2. அவர் பயன்படுத்தினார். // 3. அது பயன்படுத்தப்பட்டது.,1. उपयोग में लाना। // 2. उसने उपयोग किया। // 3. इसका उपयोग किया गया है।
Harrow / Harrowed / Harrowed,Day 123,Intermediate,துன்புறுத்து / துன்புறுத்தினேன் / துன்புறுத்தியுள்ளேன்,कष्ट देना / दिया / दे चुका,1. Harrow the land. // 2. He harrowed. // 3. It is harrowed.,1. நிலத்தைச் சமப்படுத்து. // 2. அவர் சமப்படுத்தினார். // 3. அது சமப்படுத்தப்பட்டது.,1. पटेला चलाना। // 2. उसने पटेला चलाया। // 3. खेत बराबर किया गया है।
Hasten / Hastened / Hastened,Day 123,Intermediate,வேகப்படுத்து / படுத்தினேன் / படுத்தியுள்ளேன்,जल्दी करना / की / कर चुका,1. Hasten the process. // 2. He hastened. // 3. Speed was hastened.,1. துரிதப்படுத்து. // 2. அவர் துரிதப்படுத்தினார். // 3. வேகம் துரிதப்படுத்தப்பட்டது.,1. जल्दी करना। // 2. उसने जल्दी की। // 3. गति तेज की गई थी।
Hatch / Hatched / Hatched,Day 123,Intermediate,அடை கா / காத்தேன் / காத்துள்ளது,अंडे सेना / सेया / से चुका,1. Eggs will hatch. // 2. It hatched. // 3. They have hatched.,1. பொரி. // 2. அது பொரிந்தது. // 3. அவை பொரிந்துவிட்டன.,1. अंडे से निकलना। // 2. अंडा फूटा। // 3. वे निकल आए हैं।
Hate / Hated / Hated,Day 124,Intermediate,வெறு / வெறுத்தேன் / வெறுத்துள்ளேன்,नफरत करना / की / कर चुका,1. Don't hate. // 2. He hated it. // 3. I have hated.,1. வெறுக்காதே. // 2. அவர் வெறுத்தார். // 3. நான் வெறுத்துள்ளேன்.,1. नफरत न करें। // 2. वह इससे नफरत करता था। // 3. मैंने नफरत की है।
Haul / Hauled / Hauled,Day 124,Intermediate,இழுத்துச் செல் / சென்றேன் / சென்றுள்ளேன்,घसीटना / घसीटा / घसीट चुका,1. Haul the load. // 2. He hauled it. // 3. It was hauled.,1. இழுத்துச் செல். // 2. அவர் இழுத்தார். // 3. அது இழுக்கப்பட்டது.,1. खींचना। // 2. उसने इसे खींचा। // 3. इसे खींचा गया था।
Haunt / Haunted / Haunted,Day 124,Intermediate,அடிக்கடி தோன்று / தோன்றியது / தோன்றியுள்ளது,डराना (या बार-बार आना) / डराया,1. Ghosts haunt. // 2. It haunted me. // 3. I am haunted.,1. அச்சுறுத்து. // 2. அது என்னை அச்சுறுத்தியது. // 3. நான் அச்சுறுத்தப்பட்டேன்.,1. डराना। // 2. इसने मुझे डराया। // 3. मैं डरा हुआ हूँ।
Have / Had / Had,Day 124,Intermediate,கொண்டிரு / கொண்டிருந்தேன் / கொண்டுள்ளேன்,पास होना / था / हो चुका,1. I have a pen. // 2. He had a car. // 3. We have had lunch.,1. என்னிடம் இருக்கிறது. // 2. அவரிடம் இருந்தது. // 3. நாங்கள் சாப்பிட்டுவிட்டோம்.,1. मेरे पास है। // 2. उसके पास था। // 3. हमने कर लिया है।
Hazard / Hazarded / Hazarded,Day 124,Intermediate,துணிந்து செய் / செய்தேன் / செய்துள்ளேன்,जोखिम उठाना / उठाया / उठा चुका,1. Hazard a guess. // 2. He hazarded his life. // 3. It was hazarded.,1. துணிந்து சொல். // 2. அவர் உயிரைப் பணயம் வைத்தார். // 3. அது பணயம் வைக்கப்பட்டது.,1. जोखिम उठाना। // 2. उसने जान जोखिम में डाली। // 3. जोखिम उठाया गया था।
Head / Headed / Headed,Day 125,Intermediate,தலைமை தாங்கு / தாங்கினேன் / தாங்கியுள்ளேன்,नेतृत्व करना / किया / कर चुका,1. Head the team. // 2. He headed north. // 3. It was headed by him.,1. தலைமை தாங்கு. // 2. அவர் வடக்கு நோக்கிச் சென்றார். // 3. அது அவரால வழிநடத்தப்பட்டது.,1. नेतृत्व करना। // 2. वह उत्तर की ओर बढ़ा। // 3. इसका नेतृत्व उसके द्वारा किया गया।
Heal / Healed / Healed,Day 125,Intermediate,குணமாக்கு / ஆக்கினேன் / ஆக்கியுள்ளேன்,ठीक होना / हुआ / हो चुका,1. Heal the wound. // 2. It healed fast. // 3. It is healed.,1. குணமாக்கு. // 2. அது விரைவாகக் குணமானது. // 3. அது ஆறிவிட்டது.,1. ठीक होना। // 2. यह जल्दी ठीक हो गया। // 3. यह ठीक हो गया है।
Heap / Heaped / Heaped,Day 125,Intermediate,குவித்துவை / வைத்தேன் / வைத்துள்ளேன்,ढेर लगाना / लगाया / लगा चुका,1. Heap the sand. // 2. He heaped praise. // 3. It was heaped.,1. குவித்து வை. // 2. அவர் புகழாராம் சூட்டினார். // 3. அது குவிக்கப்பட்டது.,1. ढेर लगाना। // 2. उसने तारीफों के ढेर लगा दिए। // 3. ढेर लगाया गया था।
Hear / Heard / Heard,Day 125,Intermediate,கேள் / கேட்டேன் / கேட்டுள்ளேன்,सुनना / सुना / सुन चुका,1. Hear the music. // 2. I heard a noise. // 3. Have you heard?,1. கேள். // 2. நான் ஒரு சத்தம் கேட்டேன். // 3. நீ கேள்விப்பட்டாயா?,1. सुनना। // 2. मैंने एक आवाज सुनी। // 3. क्या आपने सुना है?
Hearten / Heartened / Heartened,Day 125,Intermediate,தைரியப்படுத்து / படுத்தினேன் / படுத்தியுள்ளேன்,प्रोत्साहित करना / किया / चुका,1. Hearten the weary. // 2. It heartened me. // 3. I am heartened.,1. ஊக்கப்படுத்து. // 2. அது எனக்குத் தெம்பளித்தது. // 3. நான் ஊக்கமடைந்தேன்.,1. प्रोत्साहित करना। // 2. इसने मेरा उत्साह बढ़ाया। // 3. मेरा उत्साह बढ़ा है।
Heat / Heated / Heated,Day 126,Intermediate,சூடுபடுத்து / படுத்தினேன் / படுத்தியுள்ளேன்,गर्म करना / किया / कर चुका,1. Heat the milk. // 2. He heated it. // 3. It is heated.,1. சூடுபடுத்து. // 2. அவர் சூடுபடுத்தினார். // 3. அது சூடாக்கப்பட்டது.,1. गर्म करें। // 2. उसने इसे गर्म किया। // 3. यह गर्म है।
Heave / Heaved / Heaved,Day 126,Intermediate,மூச்சுவாங்கு / வாங்கினேன் / வாங்கியுள்ளேன்,जोर से खींचना / खींचा / खींचा चुका,1. Heave the rope. // 2. He heaved a sigh. // 3. It was heaved.,1. பலமாக இழு. // 2. அவர் பெருமூச்சு விட்டார். // 3. அது இழுக்கப்பட்டது.,1. जोर से खींचना। // 2. उसने आह भरी। // 3. इसे खींचा गया था।
Heckle / Heckled / Heckled,Day 126,Intermediate,குறுக்கிட்டு கேள்வி கேள் / கேட்டேன் / கேட்டுள்ளேன்,सवालों से तंग करना / किया / चुका,1. Don't heckle. // 2. They heckled him. // 3. He was heckled.,1. குறுக்கிட்டு ஏளனம் செய். // 2. அவர்கள் அவரை ஏளனம் செய்தனர். // 3. அவர் ஏளனம் செய்யப்பட்டார்.,1. टोकना/हुटिंग करना। // 2. उन्होंने उसे टोका। // 3. उसे टोका गया था।
Heed / Heeded / Heeded,Day 126,Intermediate,கவனி / கவனித்தேன் / கவனித்துள்ளேன்,ध्यान देना / दिया / दे चुका,1. Heed the advice. // 2. He heeded it. // 3. It was heeded.,1. கவனி (கீழ்ப்படி). // 2. அவர் கவனித்தார். // 3. அது கவனிக்கப்பட்டது.,1. ध्यान देना। // 2. उसने ध्यान दिया। // 3. ध्यान दिया गया था।
Heighten / Heightened / Heightened,Day 126,Intermediate,உயர்த்து / உயர்த்தினேன் / உயர்த்தியுள்ளேன்,बढ़ाना / बढ़ाया / बढ़ा चुका,1. Heighten the tone. // 2. It heightened fear. // 3. It is heightened.,1. அதிகப்படுத்து. // 2. அது பயத்தை அதிகரித்தது. // 3. அது அதிகரிக்கப்பட்டது.,1. बढ़ाना। // 2. इसने डर बढ़ा दिया। // 3. यह बढ़ा हुआ है।
Help / Helped / Helped,Day 127,Intermediate,உதவி செய் / செய்தேன் / செய்துள்ளேன்,मदद करना / की / कर चुका,1. Help the poor. // 2. He helped me. // 3. I was helped.,1. உதவி செய். // 2. அவர் எனக்கு உதவினார். // 3. எனக்கு உதவி செய்யப்பட்டது.,1. मदद करना। // 2. उसने मेरी मदद की। // 3. मेरी मदद की गई।
Hem / Hemmed / Hemmed,Day 127,Intermediate,ஓரத்தைத் தை / தைத்தேன் / தைத்துள்ளேன்,किनारा मोड़ना / मोड़ा / मोड़ चुका,1. Hem the cloth. // 2. She hemmed it. // 3. It is hemmed.,1. ஓரத்தைத் தையல் செய். // 2. அவள் ஓரத்தைத் தைத்தாள். // 3. அது தைக்கப்பட்டது.,1. गोटा लगाना/किनारा सिलना। // 2. उसने किनारा सिला। // 3. किनारा सिला हुआ है।
Herald / Heralded / Heralded,Day 127,Intermediate,முன்னறிவிப்பு செய் / செய்தேன் / செய்துள்ளேன்,घोषणा करना / की / कर चुका,1. Herald the news. // 2. It heralded change. // 3. It was heralded.,1. முன்னறிவிப்பு செய். // 2. அது மாற்றத்தை முன்னறிவித்தது. // 3. அது அறிவிக்கப்பட்டது.,1. घोषणा करना। // 2. इसने बदलाव का संकेत दिया। // 3. इसकी घोषणा की गई थी।
Hesitate / Hesitated / Hesitated,Day 127,Intermediate,தயங்கு / தயங்கினேன் / தயங்கியுள்ளேன்,हिचकिचाना / हिचकिचाया / चुका,1. Don't hesitate. // 2. He hesitated. // 3. They have hesitated.,1. தயங்காதே. // 2. அவர் தயங்கினார். // 3. அவர்கள் தயங்கினர்.,1. हिचकिचाना। // 2. वह हिचकिचाया। // 3. वे हिचकिचाए हैं।
Hide / Hid / Hidden,Day 127,Intermediate,மறை / மறைத்தேன் / மறைத்துள்ளேன்,छिपाना / छिपाया / छिपा चुका,1. Hide the gift. // 2. He hid the truth. // 3. It is hidden.,1. ஒளித்து வை. // 2. அவர் உண்மையை மறைத்தார். // 3. அது மறைக்கப்பட்டுள்ளது.,1. छुपाना। // 2. उसने सच छुपाया। // 3. यह छुपा हुआ है।
Highlight / Highlighted / Highlighted,Day 128,Intermediate,சிறப்பித்துக் காட்டு / காட்டினேன் / காட்டியுள்ளேன்,मुख्य रूप से दिखाना / दिखाया / चुका,1. Highlight the text. // 2. He highlighted it. // 3. It is highlighted.,1. முக்கியப்படுத்து. // 2. அவர் கோடிட்டுக் காட்டினார். // 3. அது முக்கியப்படுத்தப்பட்டது.,1. मुख्य रूप से दिखाना। // 2. उसने इसे हाईलाइट किया। // 3. यह हाईलाइट है।
Hinder / Hindered / Hindered,Day 128,Intermediate,தடையை ஏற்படுத்து / ஏற்படுத்தினேன் / ஏற்படுத்தியுள்ளேன்,बाधा डालना / डाली / डाल चुका,1. Don't hinder him. // 2. It hindered us. // 3. Growth was hindered.,1. தடை செய். // 2. அது எங்களைத் தடுத்தது. // 3. வளர்ச்சி தடுக்கப்பட்டது.,1. बाधा डालना। // 2. इसने हमें रोका। // 3. विकास में बाधा आई।
Hinge / Hinged / Hinged,Day 128,Intermediate,சார்ந்திரு / சார்ந்திருந்தது / சார்ந்துயிருக்கிறது,निर्भर होना / था / हो चुका,1. It will hinge on luck. // 2. It hinged on that. // 3. It is hinged.,1. ஆதாரமாக இரு. // 2. அது அதைச் சார்ந்து இருந்தது. // 3. அது பொருத்தப்பட்டுள்ளது.,1. निर्भर होना। // 2. यह उस पर निर्भर था। // 3. यह टिका हुआ है।
Hint / Hinted / Hinted,Day 128,Intermediate,ஜாடை காட்டு / காட்டினேன் / காட்டியுள்ளேன்,संकेत देना / दिया / दे चुका,1. Hint at the secret. // 2. He hinted at it. // 3. I have hinted.,1. ஜாடை காட்டு. // 2. அவர் ஜாடை காட்டினார். // 3. நான் ஜாடை காட்டினேன்.,1. संकेत देना। // 2. उसने संकेत दिया। // 3. मैंने संकेत दिया है।
Hire / Hired / Hired,Day 128,Intermediate,வாடகைக்கு அமர்த்து / அமர்த்தினேன் / அமர்த்தியுள்ளேன்,किराये पर लेना / लिया / ले चुका,1. Hire a taxi. // 2. They hired him. // 3. I was hired.,1. வாடகைக்கு எடு. // 2. அவர்கள் அவரை வேலைக்கு எடுத்தனர். // 3. நான் வேலைக்கு எடுக்கப்பட்டேன்.,1. किराए पर लेना/नौकरी देना। // 2. उन्होंने उसे काम पर रखा। // 3. मुझे काम पर रखा गया।
Hiss / Hissed / Hissed,Day 129,Intermediate,சீறு / சீறியது / சீறியுள்ளது,फुफकारना / फुफकारा / फुफकार चुका,1. Snakes hiss. // 2. It hissed. // 3. Steam has hissed.,1. சீறு. // 2. அது சீறியது. // 3. ஆவி சீறியது.,1. फुफकारना। // 2. वह फुफकारा। // 3. भाप फुफकारी।
Hit / Hit / Hit,Day 129,Intermediate,அடி / அடித்தேன் / அடித்துள்ளேன்,मारना / मारा / मार चुका,1. Hit the ball. // 2. He hit me. // 3. I have hit it.,1. அடி. // 2. அவர் என்னை அடித்தார். // 3. நான் அதை அடித்துள்ளேன்.,1. मारना। // 2. उसने मुझे मारा। // 3. मैंने इसे मारा है।
Hitch / Hitched / Hitched,Day 129,Intermediate,இணை / இணைத்தேன் / இணைத்துள்ளேன்,बाँधना / बाँधा / बाँध चुका,1. Hitch the trailer. // 2. He hitched it. // 3. It is hitched.,1. கொக்கி போடு. // 2. அவர் இணைத்தார். // 3. அது இணைக்கப்பட்டுள்ளது.,1. जोड़ना (गाड़ी आदि)। // 2. उसने इसे जोड़ा। // 3. यह जुड़ा हुआ है।
Hoard / Hoarded / Hoarded,Day 129,Intermediate,பதுக்கிவை / வைத்தேன் / வைத்துள்ளேன்,जमाखोरी करना / की / कर चुका,1. Don't hoard food. // 2. He hoarded money. // 3. It was hoarded.,1. பதுக்கி வை. // 2. அவர் பணத்தைப் பதுக்கினார். // 3. அது பதுக்கப்பட்டது.,1. जमाखोरी करना। // 2. उसने पैसा जमा किया। // 3. इसे जमा किया गया था।
Hoist / Hoisted / Hoisted,Day 129,Intermediate,உயர்த்து / உயர்த்தினேன் / உயர்த்தியுள்ளேன்,फहराना (या उठाना) / फहराया,1. Hoist the flag. // 2. They hoisted it. // 3. It is hoisted.,1. ஏற்று (கொடி). // 2. அவர்கள் ஏற்றினர். // 3. அது ஏற்றப்பட்டது.,1. फहराना (झंडा)। // 2. उन्होंने इसे फहराया। // 3. इसे फहराया गया है।
Hold / Held / Held,Day 130,Intermediate,பிடி / பிடித்தேன் / பிடித்துள்ளேன்,पकड़ना / पकड़ा / पकड़ चुका,1. Hold my hand. // 2. He held the baby. // 3. It was held.,1. பிடி. // 2. அவர் குழந்தையைப் பிடித்தார். // 3. அது நடத்தப்பட்டது.,1. पकड़ना। // 2. उसने बच्चे को पकड़ा। // 3. यह आयोजित किया गया था।
Hole / Holed / Holed,Day 130,Intermediate,துளையிடு / இட்டேன் / இட்டுள்ளேன்,छेद करना / किया / कर चुका,1. Hole the board. // 2. He holed the ball. // 3. It is holed.,1. துளையிடு. // 2. அவர் பந்தை ஓட்டையில் போட்டார். // 3. அது துளையிடப்பட்டது.,1. छेद करना। // 2. उसने छेद किया। // 3. इसमें छेद है।
Hollow / Hollowed / Hollowed,Day 130,Intermediate,குடை / குடைந்தேன் / குடைந்துள்ளேன்,खोखला करना / किया / कर चुका,1. Hollow the log. // 2. He hollowed it. // 3. It is hollowed.,1. குடை (வெறுமையாக்கு). // 2. அவர் குடைந்தார். // 3. அது குடையப்பட்டது.,1. खोखला करना। // 2. उसने इसे खोखला किया। // 3. यह खोखला है।
Honor / Honored / Honored,Day 130,Intermediate,கௌரவி / கௌரவித்தேன் / கௌரவித்துள்ளேன்,सम्मानित करना / किया / कर चुका,1. Honor your parents. // 2. They honored him. // 3. He was honored.,1. கௌரவி. // 2. அவர்கள் அவரை கௌரவித்தனர். // 3. அவர் கௌரவிக்கப்பட்டார்.,1. सम्मानित करना। // 2. उन्होंने उसे सम्मानित किया। // 3. उसे सम्मानित किया गया।
Hook / Hooked / Hooked,Day 130,Intermediate,கொக்கியில் மாட்டு / மாட்டினேன் / மாட்டியுள்ளேன்,फँसाना / फँसाया / फँसा चुका,1. Hook the curtain. // 2. He hooked it. // 3. It is hooked.,1. கொக்கி போடு. // 2. அவர் மாட்டினார். // 3. அது மாட்டப்பட்டுள்ளது.,1. फँसाना/कुंडी लगाना। // 2. उसने इसे फँसाया। // 3. यह फँसा हुआ है।
Hoot / Hooted / Hooted,Day 131,Intermediate,கூச்சலிடு / இட்டேன் / இட்டுள்ளேன்,शोर मचाना / मचाया / मचा चुका,1. Owls hoot. // 2. He hooted. // 3. Crowds have hooted.,1. கூச்சலிடு/அலறு. // 2. அவர் கூச்சலிட்டார். // 3. கூட்டத்தினர் கூச்சலிட்டனர்.,1. हूटिंग करना। // 2. वह चिल्लाया। // 3. भीड़ ने हूटिंग की।
Hope / Hoped / Hoped,Day 131,Intermediate,நம்பிக்கையாயிரு / இருந்தேன் / இருந்துள்ளேன்,आशा करना / की / कर चुका,1. Hope for best. // 2. I hoped so. // 3. We have hoped.,1. நம்பு. // 2. நான் அவ்வாறு நம்பினேன். // 3. நாங்கள் நம்பினோம்.,1. आशा करना। // 2. मैंने ऐसी आशा की थी। // 3. हमने आशा की है।
Horrify / Horrified / Horrified,Day 131,Intermediate,திகிலூட்டு / ஊட்டினேன் / ஊட்டியுள்ளேன்,डराना / डराया / डरा चुका,1. It will horrify you. // 2. It horrified her. // 3. I am horrified.,1. பீதியடையச் செய். // 2. அது அவளைப் பீதியடையச் செய்தது. // 3. நான் பீதியடைந்தேன்.,1. डराना। // 2. इसने उसे डरा दिया। // 3. मैं डरा हुआ हूँ।
Hose / Hosed / Hosed,Day 131,Intermediate,குழாயால் நீர் பாய்ச்சு / பாய்ச்சினேன் / பாய்ச்சியுள்ளேன்,नली से पानी देना / दिया / चुका,1. Hose the garden. // 2. He hosed it. // 3. It is hosed down.,1. குழாயால் நீர் ஊற்று. // 2. அவர் நீர் ஊற்றினார். // 3. அது நீரால் கழுவப்பட்டது.,1. पाइप से पानी देना। // 2. उसने पानी दिया। // 3. इसे धोया गया है।
Host / Hosted / Hosted,Day 131,Intermediate,விருந்தளி / அளித்தேன் / அளித்துள்ளேன்,मेज़बानी करना / की / कर चुका,1. Host the party. // 2. They hosted us. // 3. It was hosted.,1. விருந்தளி (நடத்து). // 2. அவர்கள் எங்களை உபசரித்தனர். // 3. அது நடத்தப்பட்டது.,1. मेजबानी करना। // 2. उन्होंने हमारी मेजबानी की। // 3. इसकी मेजबानी की गई।
Hover / Hovered / Hovered,Day 132,Intermediate,அந்தரத்தில் நில் / நின்றேன் / நின்றுள்ளேன்,मँडराना / मँडराया / मँडरा चुका,1. Birds hover. // 2. It hovered. // 3. He has hovered.,1. வட்டமிடு (அந்தரத்தில்). // 2. அது வட்டமிட்டது. // 3. அவர் அங்கேயே நின்றார்.,1. मँडराना। // 2. यह मँडराया। // 3. वह मँडराता रहा है।
Howl / Howled / Howled,Day 132,Intermediate,ஊளையிடு / இட்டது / இட்டுள்ளது,चिल्लाना (या गरजना) / चिल्लाया,1. Wolves howl. // 2. He howled in pain. // 3. It has howled.,1. ஊளையிடு. // 2. அவர் வலியால் அலறினார். // 3. அது ஊளையிட்டது.,1. गरजना/चीखना। // 2. वह दर्द से चीखा। // 3. वह चीख चुका है।
Hug / Hugged / Hugged,Day 132,Intermediate,தழுவு / தழுவினேன் / தழுவியுள்ளேன்,गले लगाना / लगाया / लगा चुका,1. Hug your child. // 2. She hugged him. // 3. I have hugged.,1. கட்டிப்பிடி. // 2. அவள் அவனைக் கட்டிப்பிடித்தாள். // 3. நான் கட்டிப்பிடித்தேன்.,1. गले लगाना। // 2. उसने उसे गले लगाया। // 3. मैंने गले लगाया है।
Hum / Hummed / Hummed,Day 132,Intermediate,ரீங்காரமிடு / இட்டது / இட்டுள்ளது,गुनगुनाना / गुनगुनाया / चुका,1. Hum a song. // 2. She hummed. // 3. I have hummed.,1. முணுமுணு. // 2. அவள் முணுமுணுத்தாள். // 3. நான் முணுமுணுத்தேன்.,1. गुनगुनाना। // 2. वह गुनगुनाई। // 3. मैंने गुनगुनाया है।
Humanize / Humanized / Humanized,Day 132,Intermediate,மனிதத்தன்மையாக்கு / ஆக்கினேன் / ஆக்கியுள்ளேன்,मानवीय बनाना / बनाया / बना चुका,1. Humanize the law. // 2. It humanized him. // 3. It is humanized.,1. மனிதாபிமானப்படுத்து. // 2. அது அவரை மாற்றியது. // 3. அது மனிதாபிமானமாக்கப்பட்டது.,1. मानवीय बनाना। // 2. इसने उसे मानवीय बनाया। // 3. इसे मानवीय बनाया गया है।
Humble / Humbled / Humbled,Day 133,Intermediate,பணிவடையச் செய் / செய்தேன் / செய்துள்ளேன்,विनम्र बनाना / बनाया / बना चुका,1. Humble yourself. // 2. It humbled him. // 3. I am humbled.,1. பணிவாக இரு. // 2. அது அவரைப் பணிய வைத்தது. // 3. நான் பணிவடைந்தேன்.,1. विनम्र होना। // 2. इसने उसे विनम्र बनाया। // 3. मैं विनम्र हूँ।
Humiliate / Humiliated / Humiliated,Day 133,Intermediate,அவமானப்படுத்து / படுத்தினேன் / படுத்தியுள்ளேன்,अपमानित करना / किया / कर चुका,1. Don't humiliate. // 2. He humiliated me. // 3. I was humiliated.,1. அவமானப்படுத்து. // 2. அவர் என்னை அவமானப்படுத்தினார். // 3. நான் அவமானப்படுத்தப்பட்டேன்.,1. अपमानित करना। // 2. उसने मुझे अपमानित किया। // 3. मुझे अपमानित किया गया।
Hunt / Hunted / Hunted,Day 133,Intermediate,வேட்டையாடு / ஆடினேன் / ஆடியுள்ளேன்,शिकार करना / किया / कर चुका,1. Hunt for food. // 2. He hunted deer. // 3. They have hunted.,1. வேட்டையாடு. // 2. அவர் மானை வேட்டையாடினார். // 3. அவர்கள் வேட்டையாடினர்.,1. शिकार करना। // 2. उसने हिरण का शिकार किया। // 3. उन्होंने शिकार किया है।
Hurl / Hurled / Hurled,Day 133,Intermediate,வேகமாக எறி / எறிந்தேன் / எறிந்துள்ளேன்,ज़ोर से फेंकना / फेंका / फेंक चुका,1. Hurl the stone. // 2. He hurled it. // 3. It was hurled.,1. வேகமாய் எறி. // 2. அவர் எறிந்தார். // 3. அது எறியப்பட்டது.,1. जोर से फेंकना। // 2. उसने इसे फेंका। // 3. इसे फेंका गया था।
Hurry / Hurried / Hurried,Day 133,Intermediate,அவசரப்படு / பட்டேன் / பட்டுள்ளேன்,जल्दी करना / की / कर चुका,1. Hurry up. // 2. He hurried home. // 3. I have hurried.,1. அவசரப்படு. // 2. அவர் அவசரமாக வீட்டுக்குச் சென்றார். // 3. நான் அவசரப்பட்டேன்.,1. जल्दी करना। // 2. वह जल्दी घर गया। // 3. मैंने जल्दी की है।
Hurt / Hurt / Hurt,Day 134,Intermediate,காயப்படுத்து / படுத்தினேன் / படுத்தியுள்ளேன்,चोट पहुँचाना / पहुँचाया / चुका,1. Don't hurt me. // 2. He hurt his leg. // 3. I have hurt.,1. காயப்படுத்தாதே. // 2. அவர் தன் காலைக் காயப்படுத்திக்கொண்டார். // 3. நான் காயப்படுத்தினேன்.,1. चोट पहुँचाना। // 2. उसने अपने पैर में चोट लगा ली। // 3. मैंने चोट पहुँचाई है।
Hush / Hushed / Hushed,Day 134,Intermediate,அமைதிப்படுத்து / படுத்தினேன் / படுத்தியுள்ளேன்,शांत करना / किया / कर चुका,1. Hush the baby. // 2. She hushed him. // 3. All was hushed.,1. அமைதிப்படுத்து. // 2. அவள் அவனை அமைதிப்படுத்தினாள். // 3. எல்லாம் அமைதியானது.,1. चुप कराना। // 2. उसने उसे चुप कराया। // 3. सब चुप हो गए।
Hustle / Hustled / Hustled,Day 134,Intermediate,முண்டித்தள்ளு / தள்ளினேன் / தள்ளியுள்ளேன்,धकेलना / धकेला / धकेल चुका,1. Hustle for money. // 2. He hustled. // 3. They have hustled.,1. கடுமையாக உழை/விரட்டு. // 2. அவர் விரைந்து செயல்பட்டார். // 3. அவர்கள் விரைந்தனர்.,1. धक्का-मुक्की/जल्दबाजी। // 2. उसने जल्दबाजी की। // 3. उन्होंने जल्दबाजी की है।
Hypnotize / Hypnotized / Hypnotized,Day 134,Intermediate,வசியப்படுத்து / படுத்தினேன் / படுத்தியுள்ளேன்,सम्मोहित करना / किया / कर चुका,1. Hypnotize him. // 2. He hypnotized me. // 3. I was hypnotized.,1. வசீகரி (அறிதுயில்). // 2. அவர் என்னை வசியப்படுத்தினார். // 3. நான் வசியப்படுத்தப்பட்டேன்.,1. सम्मोहित करना। // 2. उसने मुझे सम्मोहित किया। // 3. मैं सम्मोहित हो गया।
Idealize / Idealized / Idealized,Day 134,Intermediate,மிகச்சிறந்ததாகக் கருது / கருதினேன் / கருதியுள்ளேன்,आदर्श मानना / माना / मान चुका,1. Idealize him. // 2. He idealized her. // 3. It is idealized.,1. முன்மாதிரியாகக் கருது. // 2. அவர் அவளை உயர்வாகக் கருதினார். // 3. அது உயர்வாகக் கருதப்படுகிறது.,1. आदर्श मानना। // 2. उसने उसे आदर्श माना। // 3. इसे आदर्श माना गया है।
Identify / Identified / Identified,Day 135,Intermediate,அடையாளம் காண் / கண்டேன் / கண்டுள்ளேன்,पहचानना / पहचाना / पहचान चुका,1. Identify the man. // 2. He identified it. // 3. I have identified.,1. அடையாளம் காணு. // 2. அவர் அடையாளம் கண்டார். // 3. நான் அடையாளம் கண்டுள்ளேன்.,1. पहचानना। // 2. उसने उसे पहचाना। // 3. मैंने पहचान लिया है।
Idolize / Idolized / Idolized,Day 135,Intermediate,சிலையாக வணங்கு / வழிபட்டேன் / வழிபட்டுள்ளேன்,मूर्ति की तरह पूजना / पूजा / चुका,1. Idolize the star. // 2. They idolized him. // 3. He is idolized.,1. சிலையாக வணங்கு. // 2. அவர்கள் அவரை வழிபட்டனர். // 3. அவர் வழிபடப்படுகிறார்.,1. पूजना। // 2. उन्होंने उसे पूजा। // 3. उसे पूजा जाता है।
Ignite / Ignited / Ignited,Day 135,Intermediate,பற்றவை / வைத்தேன் / வைத்துள்ளேன்,आग लगाना / लगाई / लगा चुका,1. Ignite the fire. // 2. He ignited it. // 3. It is ignited.,1. பற்றவை. // 2. அவர் பற்றவைத்தார். // 3. அது பற்றவைக்கப்பட்டது.,1. आग लगाना/सुलगाना। // 2. उसने इसे सुलगाया। // 3. यह सुलग रहा है।
Ignore / Ignored / Ignored,Day 135,Intermediate,அலட்சியப்படுத்து / படுத்தினேன் / படுத்தியுள்ளேன்,नज़रअंदाज़ करना / किया / चुका,1. Ignore the noise. // 2. He ignored me. // 3. I was ignored.,1. அலட்சியப்படுத்து. // 2. அவர் என்னை அலட்சியப்படுத்தினார். // 3. நான் அலட்சியப்படுத்தப்பட்டேன்.,1. अनदेखा करना। // 2. उसने मुझे अनदेखा किया। // 3. मुझे अनदेखा किया गया।
Ill-treat / Ill-treated / Ill-treated,Day 135,Intermediate,மோசமாக நடத்து / நடத்தினேன் / நடத்தியுள்ளேன்,दुर्व्यवहार करना / किया / चुका,1. Don't ill-treat. // 2. They ill-treated. // 3. He was ill-treated.,1. கொடுமைப்படுத்து. // 2. அவர்கள் கொடுமைப்படுத்தினர். // 3. அவர் கொடுமைப்படுத்தப்பட்டார்.,1. दुर्व्यवहार करना। // 2. उन्होंने दुर्व्यवहार किया। // 3. उसके साथ दुर्व्यवहार हुआ।
Illuminate / Illuminated / Illuminated,Day 136,Intermediate,ஒளியூட்டு / ஊட்டினேன் / ஊட்டியுள்ளேன்,प्रकाशित करना / किया / कर चुका,1. Illuminate the room. // 2. It illuminated. // 3. It is illuminated.,1. ஒளியூட்டு. // 2. அது ஒளியூட்டியது. // 3. அது ஒளியூட்டப்பட்டது.,1. रोशन करना। // 2. इसने रोशन किया। // 3. यह रोशन है।
Illustrate / Illustrated / Illustrated,Day 136,Intermediate,விளக்கு / விளக்கினேன் / விளக்கியுள்ளேன்,उदाहरण देना / दिया / दे चुका,1. Illustrate the point. // 2. He illustrated. // 3. It is illustrated.,1. விளக்கு (படம் மூலம்). // 2. அவர் விளக்கினார். // 3. அது விளக்கப்பட்டது.,1. उदाहरण देकर समझाना। // 2. उसने समझाया। // 3. इसे समझाया गया है।
Imagine / Imagined / Imagined,Day 136,Intermediate,கற்பனை செய் / செய்தேன் / செய்துள்ளேன்,कल्पना करना / की / कर चुका,1. Imagine a world. // 2. I imagined it. // 3. I have imagined.,1. கற்பனை செய். // 2. நான் கற்பனை செய்தேன். // 3. நான் கற்பனை செய்துள்ளேன்.,1. कल्पना करना। // 2. मैंने कल्पना की। // 3. मैंने कल्पना की है।
Imbibe / Imbibed / Imbibed,Day 136,Intermediate,உள்வாங்கு / வாங்கினேன் / வாங்கியுள்ளேன்,सोखना (या पीना) / सोखा / चुका,1. Imbibe the culture. // 2. He imbibed it. // 3. It was imbibed.,1. உள்வாங்கு. // 2. அவர் உள்வாங்கினார். // 3. அது உள்வாங்கப்பட்டது.,1. आत्मसात करना/सोखना। // 2. उसने इसे सोखा। // 3. इसे आत्मसात किया गया।
Imitate / Imitated / Imitated,Day 136,Intermediate,பின்பற்று / பின்பற்றினேன் / பின்பற்றியுள்ளேன்,नकल करना / की / कर चुका,1. Imitate the sound. // 2. He imitated me. // 3. I am imitated.,1. போலச் செய் (அனுபவி). // 2. அவர் என்னைப்போலச் செய்தார். // 3. நான் பிரதிபலிக்கப்பட்டேன்.,1. नकल करना। // 2. उसने मेरी नकल की। // 3. मेरी नकल की गई।
Immerse / Immersed / Immersed,Day 137,Intermediate,மூழ்கடி / அடித்தேன் / அடித்துள்ளேன்,डुबोना / डुबोया / डुबो चुका,1. Immerse in water. // 2. He immersed it. // 3. I am immersed.,1. மூழ்கடி. // 2. அவர் மூழ்கடித்தார். // 3. நான் மூழ்கியுள்ளேன்.,1. डुबोना। // 2. उसने इसे डुबोया। // 3. मैं मग्न हूँ।
Immigrate / Immigrated / Immigrated,Day 137,Intermediate,குடியேறு / குடியேறினேன் / குடியேறியுள்ளேன்,आप्रवासन करना / किया / चुका,1. Immigrate to US. // 2. He immigrated. // 3. They have immigrated.,1. குடிபுகு (வேறு நாடு). // 2. அவர் குடிபுகுந்தார். // 3. அவர்கள் குடிபுகுந்தனர்.,1. आप्रवास करना। // 2. वह आप्रवासी बना। // 3. वे आप्रवास कर चुके हैं।
Immobilize / Immobilized / Immobilized,Day 137,Intermediate,அசையாமல் செய் / செய்தேன் / செய்துள்ளேன்,स्थिर करना / किया / कर चुका,1. Immobilize the leg. // 2. They immobilized. // 3. It is immobilized.,1. அசையாமல் வை. // 2. அவர்கள் நிலைநிறுத்தினர். // 3. அது நிறுத்தப்பட்டது.,1. स्थिर करना। // 2. उन्होंने स्थिर किया। // 3. इसे स्थिर किया गया है।
Immortalize / Immortalized / Immortalized,Day 137,Intermediate,அழியாமல் செய் / செய்தேன் / செய்துள்ளேன்,अमर करना / किया / कर चुका,1. Immortalize his name. // 2. It immortalized. // 3. He is immortalized.,1. அழியாமல் வை. // 2. அது அழியாததாக்கியது. // 3. அவர் அழியாதவரானார்.,1. अमर करना। // 2. इसने अमर कर दिया। // 3. वह अमर हो गया है।
Immunize / Immunized / Immunized,Day 137,Intermediate,நோய் எதிர்ப்புத் திறன் உண்டாக்கு / உண்டாக்கினேன் / உண்டாக்கியுள்ளேன்,प्रतिरक्षित करना / किया / चुका,1. Immunize the child. // 2. They immunized. // 3. He is immunized.,1. நோய் எதிர்ப்புத் திறனூட்டு. // 2. அவர்கள் ஊசி போட்டனர். // 3. அவர் நோய் எதிர்ப்புத் திறன் பெற்றார்.,1. टीकाकरण करना। // 2. उन्होंने टीकाकरण किया। // 3. उसे टीका लगाया गया है।
Impact / Impacted / Impacted,Day 138,Intermediate,தாக்கத்தை ஏற்படுத்து / ஏற்படுத்தினேன் / ஏற்படுத்தியுள்ளேன்,प्रभावित करना / किया / कर चुका,1. Impact the market. // 2. It impacted us. // 3. I am impacted.,1. பாதிப்பை ஏற்படுத்து. // 2. அது எங்களைப் பாதித்தது. // 3. நான் பாதிக்கப்பட்டேன்.,1. प्रभावित करना। // 2. इसने हमें प्रभावित किया। // 3. मैं प्रभावित हुआ हूँ।
Impair / Impaired / Impaired,Day 138,Intermediate,வலுவிழக்கச் செய் / செய்தேன் / செய்துள்ளேன்,बिगाड़ना / बिगाड़ा / बिगाड़ चुका,1. Don't impair vision. // 2. It impaired him. // 3. It is impaired.,1. வலுவிழக்கச் செய். // 2. அது அவரைக் குறைபாடாக்கியது. // 3. அது குறைபாடுடையது.,1. बिगाड़ना/कमजोर करना। // 2. इसने उसे कमजोर किया। // 3. यह कमजोर है।
Impart / Imparted / Imparted,Day 138,Intermediate,வழங்கு / வழங்கினேன் / வழங்கியுள்ளேன்,प्रदान करना / किया / कर चुका,1. Impart knowledge. // 2. He imparted it. // 3. It was imparted.,1. வழங்கு (தெரிவி). // 2. அவர் வழங்கினார். // 3. அது வழங்கப்பட்டது.,1. प्रदान करना। // 2. उसने प्रदान किया। // 3. इसे प्रदान किया गया था।
Impeach / Impeached / Impeached,Day 138,Intermediate,குற்றம் சாட்டு / சாட்டினேன் / சாட்டியுள்ளேன்,दोषारोपण करना / किया / चुका,1. Impeach the leader. // 2. They impeached. // 3. He was impeached.,1. குற்றம் சாட்டு (பதவி). // 2. அவர்கள் குற்றம் சாட்டினர். // 3. அவர் பதவி நீக்கம் செய்யப்பட்டார்.,1. महाभियोग चलाना। // 2. उन्होंने चलाया। // 3. उस पर महाभियोग चला।
Impede / Impeded / Impeded,Day 138,Intermediate,தடையை ஏற்படுத்து / ஏற்படுத்தினேன் / ஏற்படுத்தியுள்ளேன்,बाधा डालना / डाली / डाल चुका,1. Don't impede progress. // 2. It impeded me. // 3. Path was impeded.,1. தடை செய். // 2. அது எனக்குத் தடையானது. // 3. வழி தடுக்கப்பட்டது.,1. बाधा डालना। // 2. इसने मुझे रोका। // 3. रास्ता बाधित था।
Impel / Impelled / Impelled,Day 139,Intermediate,தூண்டு / தூண்டினேன் / தூண்டியுள்ளேன்,प्रेरित करना / किया / कर चुका,1. Impel him to work. // 2. It impelled me. // 3. I am impelled.,1. தூண்டு (உந்து). // 2. அது என்னைத் தூண்டியது. // 3. நான் தூண்டப்பட்டேன்.,1. प्रेरित करना/धकेलना। // 2. इसने मुझे प्रेरित किया। // 3. मैं प्रेरित हूँ।
Impend / Impended / Impended,Day 139,Intermediate,சமீபத்தில் நிகழ் / நிகழ்ந்தது / நிகழ்ந்துள்ளது,सिर पर मँडराना / मँडराया / चुका,1. Danger impends. // 2. It impended then. // 3. It has impended.,1. நெருங்கி வா (அச்சுறுத்து). // 2. அது அப்போது நெருங்கியது. // 3. அது நெருங்கியுள்ளது.,1. सिर पर मँडराना। // 2. यह मँडराया। // 3. यह मँडरा चुका है।
Imperil / Imperilled / Imperilled,Day 139,Intermediate,ஆபத்திற்குள்ளாக்கு / ஆக்கினேன் / ஆக்கியுள்ளேன்,खतरे में डालना / डाला / डाल चुका,1. Don't imperil life. // 2. He imperilled it. // 3. It was imperilled.,1. ஆபத்துக்குள்ளாக்கு. // 2. அவர் ஆபத்துக்குள்ளாக்கினார். // 3. அது ஆபத்துக்குள்ளானது.,1. खतरे में डालना। // 2. उसने खतरे में डाला। // 3. इसे खतरे में डाला गया था।
Impersonate / Impersonated / Impersonated,Day 139,Intermediate,ஆள்மாறாட்டம் செய் / செய்தேன் / செய்துள்ளேன்,वेश बदलना / बदला / बदल चुका,1. Impersonate him. // 2. He impersonated. // 3. I was impersonated.,1. ஆள்மாறாட்டம் செய். // 2. அவர் வேடமிட்டார். // 3. நான் போலியாகச் செய்யப்பட்டேன்.,1. भेष बदलना। // 2. उसने भेष बदला। // 3. मेरा भेष बदला गया।
Impinge / Impinged / Impinged,Day 139,Intermediate,மோது / மோதியது / மோதியிருக்கிறது,टकराना / टकराया / टकरा चुका,1. Rules impinge. // 2. It impinged on us. // 3. Rights are impinged.,1. குறுக்கிடு (பாதிப்பு). // 2. அது எங்களைப் பாதித்தது. // 3. உரிமைகள் பறிக்கப்பட்டன.,1. टकराना/अतिक्रमण। // 2. इसने हम पर असर डाला। // 3. अधिकारों का हनन हुआ।
Implant / Implanted / Implanted,Day 140,Intermediate,பதி / பதித்தேன் / பதித்துள்ளேன்,प्रत्यारोपित करना / किया / चुका,1. Implant the seed. // 2. He implanted it. // 3. It is implanted.,1. பதி (உள்வை). // 2. அவர் உள்ளே வைத்தார். // 3. அது பொருத்தப்பட்டுள்ளது.,1. रोपना/अन्दर डालना। // 2. उसने इसे लगाया। // 3. इसे लगाया गया है।
Implement / Implemented / Implemented,Day 140,Intermediate,செயல்படுத்து / படுத்தினேன் / படுத்தியுள்ளேன்,लागू करना / किया / कर चुका,1. Implement the plan. // 2. They implemented. // 3. It is implemented.,1. செயல்படுத்து. // 2. அவர்கள் செயல்படுத்தினர். // 3. அது செயல்படுத்தப்பட்டது.,1. लागू करना। // 2. उन्होंने लागू किया। // 3. इसे लागू किया गया है।
Implicate / Implicated / Implicated,Day 140,Intermediate,தொடர்புப்படுத்து / படுத்தினேன் / படுத்தியுள்ளேன்,फँसाना (अपराध में) / फँसाया / चुका,1. Implicate him. // 2. It implicated her. // 3. He is implicated.,1. தொடர்புபடுத்து (குற்றம்). // 2. அது அவளைச் சிக்கவைத்தது. // 3. அவர் சிக்கவைக்கப்பட்டார்.,1. फँसाना। // 2. इसने उसे फँसाया। // 3. वह फँस गया है।
Implore / Implored / Implored,Day 140,Intermediate,கெஞ்சு / கெஞ்சினேன் / கெஞ்சியுள்ளேன்,गिड़गिड़ाना / गिड़गिड़ाया / चुका,1. Implore for mercy. // 2. He implored me. // 3. I have implored.,1. கெஞ்சிக் கேளு. // 2. அவர் கெஞ்சினார். // 3. நான் கெஞ்சினேன்.,1. प्रार्थना करना/याचना। // 2. उसने याचना की। // 3. मैंने याचना की है।
Imply / Implied / Implied,Day 140,Intermediate,குறிப்பாக உணர்த்து / உணர்த்தினேன் / உணர்த்தியுள்ளேன்,संकेत देना / दिया / दे चुका,1. It implies success. // 2. He implied that. // 3. It was implied.,1. மறைமுகமாக உணர்த்து. // 2. அவர் உணர்த்தினார். // 3. அது உணர்த்தப்பட்டது.,1. संकेत देना/मतलब। // 2. उसने संकेत दिया। // 3. इसका मतलब यह था।
Import / Imported / Imported,Day 141,Intermediate,இறக்குமதி செய் / செய்தேன் / செய்துள்ளேன்,आयात करना / किया / कर चुका,1. Import the goods. // 2. They imported it. // 3. It is imported.,1. இறக்குமதி செய். // 2. அவர்கள் இறக்குமதி செய்தனர். // 3. அது இறக்குமதி செய்யப்பட்டது.,1. आयात करना। // 2. उन्होंने आयात किया। // 3. यह आयातित है।
Justify / Justified / Justified,Day 251,Intermediate,நியாயப்படுத்து / நியாயப்படுத்தினேன் / நியாயப்படுத்தியுள்ளேன்,सही ठहराना / सही ठहराया / सही ठहरा चुका,1. Justify the cost. // 2. He justified it. // 3. It is justified.,1. நியாயப்படுத்து. // 2. அவர் நியாயப்படுத்தினார். // 3. அது நியாயமானது.,1. सही ठहराना। // 2. उसने सही ठहराया। // 3. यह सही है।
Jeopardize / Jeopardized / Jeopardized,Day 252,Intermediate,ஆபத்தில் ஆழ்த்து / ஆழ்த்தினேன் / ஆழ்த்தியுள்ளேன்,खतरे में डालना / खतरे में डाला / खतरे में डाल चुका,1. Don't jeopardize. // 2. He jeopardized all. // 3. It was jeopardized.,1. ஆபத்துக்குள்ளாக்கு. // 2. அவர் எல்லாவற்றையும் ஆபத்தாக்கினார். // 3. அது ஆபத்தானது.,1. खतरे में डालना। // 2. उसने सब खतरे में डाला। // 3. इसे खतरे में डाला गया।
Kneel / Knelt / Knelt,Day 253,Intermediate,மண்டியிடு / மண்டியிட்டேன் / மண்டியிட்டுள்ளேன்,घुटने टेकना / घुटने टेके / घुटने टेक चुका,1. Kneel down. // 2. He knelt there. // 3. I have knelt.,1. மண்டியிடு. // 2. அவர் மண்டியிட்டார். // 3. நான் மண்டியிட்டேன்.,1. घुटने टेकना। // 2. वह घुटने टेक कर बैठा। // 3. मैंने घुटने टेके हैं।
Label / Labeled / Labeled,Day 254,Intermediate,பெயரிடு / பெயரிட்டேன் / பெயரிட்டுள்ளேன்,लेबल लगाना / लेबल लगाया / लेबल लगा चुका,1. Label the box. // 2. He labeled it. // 3. It is labeled.,1. சீட்டு ஒட்டு. // 2. அவர் சீட்டு ஒட்டினார். // 3. அது பெயரிடப்பட்டது.,1. लेबल लगाना। // 2. उसने लेबल लगाया। // 3. इस पर लेबल लगा है।
Lack / Lacked / Lacked,Day 255,Intermediate,இல்லாமல் இரு / இருந்தது / இருந்துள்ளது,कमी होना / कमी थी / कमी हो चुकी,1. I lack money. // 2. He lacked courage. // 3. We have lacked.,1. பற்றாக்குறையாய் இரு. // 2. அவருக்குத் துணிவில்லை. // 3. எங்களுக்குக் குறைவாக இருந்தது.,1. कमी होना। // 2. उसमें साहस की कमी थी। // 3. हमें कमी रही है।
Lag / Lagged / Lagged,Day 256,Intermediate,பின்தங்கு / பின்தங்கினேன் / பின்தங்கியுள்ளேன்,पिछड़ना / पिछड़ा / पिछड़ चुका,1. Don't lag behind. // 2. He lagged. // 3. We have lagged.,1. பின்தங்கு. // 2. அவர் பின்தங்கினார். // 3. நாங்கள் பின்தங்கினோம்.,1. पीछे छूटना। // 2. वह पीछे छूट गया। // 3. हम पीछे रह गए हैं।
Lament / Lamented / Lamented,Day 257,Intermediate,புலம்பு / புலம்பினேன் / புலம்பியுள்ளேன்,विलाप करना / विलाप किया / विलाप कर चुका,1. Lament the loss. // 2. They lamented. // 3. It was lamented.,1. புலம்பு (துக்கப்படு). // 2. அவர்கள் புலம்பினர். // 3. அது வருந்தப்பட்டது.,1. विलाप करना। // 2. उन्होंने विलाप किया। // 3. इस पर शोक मनाया गया।
Last / Lasted / Lasted,Day 258,Intermediate,நீடி / நீடித்தது / நீடித்துள்ளது,टिकना / टिका / टिक चुका,1. It will last long. // 2. It lasted a week. // 3. It has lasted.,1. நீடிக்கும். // 2. அது ஒரு வாரம் நீடித்தது. // 3. அது நீடித்துள்ளது.,1. टिकना। // 2. यह एक हफ्ते टिका। // 3. यह टिक चुका है।
Leap / Leapt / Leapt,Day 259,Intermediate,பாய் / பாய்ந்தேன் / பாய்ந்துள்ளேன்,छलांग लगाना / छलांग लगाई / छलांग लगा चुका,1. Leap over. // 2. He leapt high. // 3. I have leapt.,1. குதி (தாண்டு). // 2. அவர் உயரமாகக் குதித்தார். // 3. நான் குதித்தேன்.,1. उछलना/कूदना। // 2. वह ऊँचा कूदा। // 3. मैं कूद चुका हूँ।
Lecture / Lectured / Lectured,Day 260,Intermediate,விரிவுரை வழங்கு / வழங்கினேன் / வழங்கியுள்ளேன்,व्याख्यान देना / व्याख्यान दिया / व्याख्यान दे चुका,1. Lecture the class. // 2. He lectured us. // 3. I was lectured.,1. விரிவுரையாற்று. // 2. அவர் எங்களுக்குப் பாடம் எடுத்தார். // 3. எனக்கு அறிவுரை கூறப்பட்டது.,1. भाषण देना/पढ़ाना। // 2. उसने हमें पढ़ाया। // 3. मुझे भाषण दिया गया।
Legalize / Legalized / Legalized,Day 261,Intermediate,சட்டப்பூர்வமாக்கு / ஆக்கினேன் / ஆக்கியுள்ளேன்,वैध करना / वैध किया / वैध कर चुका,1. Legalize it. // 2. They legalized. // 3. It is legalized.,1. சட்டப்பூர்வமாக்கு. // 2. அவர்கள் சட்டப்பூர்வமாக்கினர். // 3. அது சட்டப்பூர்வமானது.,1. कानूनी बनाना। // 2. उन्होंने कानूनी बनाया। // 3. यह कानूनी है।
Levy / Levied / Levied,Day 262,Intermediate,வரி விதி / விதித்தேன் / விதித்துள்ளேன்,कर लगाना / कर लगाया / कर लगा चुका,1. Levy a tax. // 2. They levied it. // 3. It was levied.,1. வரி விதி. // 2. அவர்கள் வரி விதித்தனர். // 3. அது விதிக்கப்பட்டது.,1. कर लगाना। // 2. उन्होंने कर लगाया। // 3. कर लगाया गया था।
Lengthen / Lengthened / Lengthened,Day 263,Intermediate,நீளமாக்கு / நீளமாக்கினேன் / நீளமாக்கியுள்ளேன்,लंबा करना / लंबा किया / लंबा कर चुका,1. Lengthen the rope. // 2. He lengthened it. // 3. It is lengthened.,1. நீளமாக்கு. // 2. அவர் நீளமாக்கினார். // 3. அது நீளமாக்கப்பட்டது.,1. लम्बा करना। // 2. उसने इसे लम्बा किया। // 3. यह लम्बा किया गया है।
Lessen / Lessened / Lessened,Day 264,Intermediate,குறை / குறைத்தேன் / குறைத்துள்ளேன்,कम करना / कम किया / कम कर चुका,1. Lessen the pain. // 2. It lessened. // 3. It has lessened.,1. குறை. // 2. அது குறைந்தது. // 3. அது குறைந்துள்ளது.,1. कम करना। // 2. यह कम हो गया। // 3. यह कम हो चुका है।
Level / Leveled / Leveled,Day 265,Intermediate,சமமாக்கு / சமமாக்கினேன் / சமமாக்கியுள்ளேன்,समतल करना / समतल किया / समतल कर चुका,1. Level the ground. // 2. He leveled it. // 3. It is leveled.,1. சமப்படுத்து. // 2. அவர் சமப்படுத்தினார். // 3. அது சமமானது.,1. समतल करना। // 2. उसने इसे बराबर किया। // 3. यह समतल है।
Liberate / Liberated / Liberated,Day 266,Intermediate,விடுவி / விடுவித்தேன் / விடுவித்துள்ளேன்,मुक्त करना / मुक्त किया / मुक्त कर चुका,1. Liberate them. // 2. They liberated. // 3. He was liberated.,1. விடுதலை செய். // 2. அவர்கள் விடுவித்தனர். // 3. அவர் விடுவிக்கப்பட்டார்.,1. आजाद करना। // 2. उन्होंने आजाद किया। // 3. उसे आजाद किया गया।
License / Licensed / Licensed,Day 267,Intermediate,உரிமம் வழங்கு / வழங்கினேன் / வழங்கியுள்ளேன்,लाइसेंस देना / लाइसेंस दिया / लाइसेंस दे चुका,1. License the shop. // 2. They licensed it. // 3. It is licensed.,1. உரிமம் வழங்கு. // 2. அவர்கள் உரிமம் வழங்கினர். // 3. அது உரிமம் பெற்றது.,1. लाइसेंस देना। // 2. उन्होंने लाइसेंस दिया। // 3. यह लाइसेंस प्राप्त है।
Lodge / Lodged / Lodged,Day 268,Intermediate,தங்கு / தங்கினேன் / தங்கியுள்ளேன் (அல்லது புகாரளி),ठहरना / ठहरा / ठहर चुका (या दर्ज करना),1. Lodge a complaint. // 2. He lodged there. // 3. It was lodged.,1. புகார் அளி. // 2. அவர் அங்கு தங்கினார். // 3. அது சமர்ப்பிக்கப்பட்டது.,1. शिकायत दर्ज करें। // 2. वह वहाँ रुका। // 3. इसे दर्ज किया गया था।
Lighten / Lightened / Lightened,Day 269,Intermediate,லேசாக்கு / லேசாக்கினேன் / லேசாக்கியுள்ளேன்,हल्का करना / हल्का किया / हल्का कर चुका,1. Lighten the load. // 2. It lightened up. // 3. Sky has lightened.,1. பாரத்தைக் குறை. // 2. அது பிரகாசமானது. // 3. வானம் வெளிச்சமானது.,1. बोझ हल्का करना। // 2. यह हल्का हो गया। // 3. आसमान साफ हो गया है।
Line / Lined / Lined,Day 270,Intermediate,வரிசைப்படுத்து / வரிசைப்படுத்தினேன் / வரிசைப்படுத்தியுள்ளேன்,पंक्ति बनाना / पंक्ति बनाई / पंक्ति बना चुका,1. Line the boxes. // 2. They lined up. // 3. It is lined with silk.,1. வரிசைப்படுத்து. // 2. அவர்கள் வரிசையில் நின்றனர். // 3. அது பட்டுத் துணியால் வரிசைப்படுத்தப்பட்டது.,1. रेखा खींचना। // 2. वे कतार में लगे। // 3. इसमें रेशम की अस्तर लगी है।
Linger / Lingered / Lingered,Day 271,Intermediate,தாமதி / தாமதித்தேன் / தாமதித்துள்ளேன்,देर तक ठहरना / ठहरा / ठहर चुका,1. Don't linger here. // 2. He lingered. // 3. Smell has lingered.,1. தயங்கி நில் (நேரம் கடத்து). // 2. அவர் தாமதித்தார். // 3. மணம் நீடித்திருக்கிறது.,1. देर तक रुकना। // 2. वह रुका रहा। // 3. गंध बनी हुई है।
Loathe / Loathed / Loathed,Day 272,Intermediate,வெறு / வெறுத்தேன் / வெறுத்துள்ளேன்,घृणा करना / घृणा की / घृणा कर चुका,1. Loathe the lies. // 2. She loathed him. // 3. I have loathed.,1. வெறு (அருவருப்பு). // 2. அவள் அவனை வெறுத்தாள். // 3. நான் வெறுத்துள்ளேன்.,1. घृणा करना। // 2. वह उससे नफरत करती थी। // 3. मैंने घृणा की है।
Loom / Loomed / Loomed,Day 273,Intermediate,அச்சுறுத்தும் வகையில் தோன்று / தோன்றியது / தோன்றியுள்ளது,मंडराना / मंडराया / मंडरा चुका,1. Problems loom. // 2. It loomed large. // 3. Danger has loomed.,1. அச்சுறுத்து (தெரி). // 2. அது பெரிதாகத் தெரிந்தது. // 3. ஆபத்து நெருங்கியுள்ளது.,1. धुंधला दिखाई देना। // 2. यह बड़ा दिखाई दिया। // 3. खतरा मँडरा रहा है।
Loop / Looped / Looped,Day 274,Intermediate,வளை / வளைத்தேன் / வளைத்துள்ளேன்,फंदा बनाना / फंदा बनाया / फंदा बना चुका,1. Loop the rope. // 2. He looped it. // 3. It is looped.,1. வளையமிடு. // 2. அவர் வளையமிட்டார். // 3. அது வளையமாக்கப்பட்டது.,1. फंदा बनाना। // 2. उसने फंदा बनाया। // 3. इसमें फंदा लगा है।
Loosen / Loosened / Loosened,Day 275,Intermediate,தளர்த்து / தளர்த்தினேன் / தளர்த்தியுள்ளேன்,ढीला करना / ढीला किया / ढीला कर चुका,1. Loosen the screw. // 2. It loosened. // 3. It has loosened.,1. தளர்வாக்கு. // 2. அது தளர்ந்தது. // 3. அது தளர்ந்துவிட்டது.,1. ढीला करना। // 2. यह ढीला हो गया। // 3. यह ढीला हो चुका है।
Lower / Lowered / Lowered,Day 276,Intermediate,தாழ்த்து / தாழ்த்தினேன் / தாழ்த்தியுள்ளேன்,नीचे करना / नीचे किया / नीचे कर चुका,1. Lower the price. // 2. He lowered his voice. // 3. It is lowered.,1. குறை (கீழிறக்கு). // 2. அவர் குரலைக் குறைத்தார். // 3. அது குறைக்கப்பட்டது.,1. कम करना/नीचे करना। // 2. उसने अपनी आवाज धीमी की। // 3. इसे नीचे किया गया है।
Lure / Lured / Lured,Day 277,Intermediate,கவர்ந்திழு / கவர்ந்திழுத்தேன் / கவர்ந்திழுத்துள்ளேன்,लुभाना / लुभाया / लुभा चुका,1. Lure the fish. // 2. They lured him. // 3. I was lured.,1. ஆசைிகாட்டி இழு. // 2. அவர்கள் அவனை ஈர்த்தனர். // 3. நான் ஈர்க்கப்பட்டேன்.,1. ललचाना। // 2. उन्होंने उसे ललचाया। // 3. मुझे ललचाया गया था।
Magnify / Magnified / Magnified,Day 278,Intermediate,பெரிதுபடுத்து / பெரிதுப்படுத்தினேன் / பெரிதுப்படுத்தியுள்ளேன்,आवर्धित करना / आवर्धित किया / आवर्धित कर चुका,1. Magnify the image. // 2. He magnified it. // 3. It is magnified.,1. பெரிதாக்கு. // 2. அவர் பெரிதாக்கினார். // 3. அது பெரிதாக்கப்பட்டது.,1. बड़ा करके दिखाना। // 2. उसने इसे बड़ा किया। // 3. यह बड़ा किया गया है।
Manifest / Manifested / Manifested,Day 279,Intermediate,வெளிப்படுத்து / வெளிப்படுத்தினேன் / வெளிப்படுத்தியுள்ளேன்,प्रकट करना / प्रकट किया / प्रकट कर चुका,1. Manifest success. // 2. It manifested. // 3. Symptoms manifested.,1. வெளிப்படுத்து. // 2. அது வெளிப்பட்டது. // 3. அறிகுறிகள் வெளிப்பட்டன.,1. प्रकट करना। // 2. यह प्रकट हुआ। // 3. लक्षण प्रकट हुए।
Manipulate / Manipulated / Manipulated,Day 280,Intermediate,தந்திரமாக கையாளு / கையாண்டேன் / கையாண்டுள்ளேன்,हेरफेर करना / हेरफेर किया / हेरफेर कर चुका,1. Manipulate data. // 2. He manipulated. // 3. I was manipulated.,1. தந்திரமாகக் கையாளு. // 2. அவர் தந்திரம் செய்தார். // 3. நான் கையாளப்பட்டேன்.,1. चालाकी से काम लेना। // 2. उसने हेरफेर किया। // 3. मेरे साथ हेरफेर किया गया।
Manufacture / Manufactured / Manufactured,Day 281,Intermediate,உற்பத்தி செய் / செய்தேன் / செய்துள்ளேன்,निर्माण करना / निर्माण किया / निर्माण कर चुका,1. Manufacture goods. // 2. They manufactured. // 3. It is manufactured.,1. உற்பத்தி செய். // 2. அவர்கள் தயாரித்தனர். // 3. அது தயாரிக்கப்பட்டது.,1. निर्माण करना। // 2. उन्होंने निर्माण किया। // 3. इसका निर्माण किया गया है।
Map / Mapped / Mapped,Day 282,Intermediate,வரைபடமாக்கு / வரைபடமாக்கினேன் / வரைபடமாக்கியுள்ளேன்,नक्शा बनाना / नक्शा बनाया / नक्शा बना चुका,1. Map the area. // 2. He mapped it. // 3. It is mapped.,1. வரைபடம் வரை. // 2. அவர் வரைபடமாக்கினார். // 3. அது வரைபடமாக்கப்பட்டது.,1. मानचित्र बनाना। // 2. उसने नक्शा बनाया। // 3. नक्शा बनाया गया है।
March / Marched / Marched,Day 283,Intermediate,அணிவகுத்துச் செல் / சென்றேன் / சென்றுள்ளேன்,मार्च करना / मार्च किया / मार्च कर चुका,1. March forward. // 2. They marched. // 3. We have marched.,1. அணிவகுத்துச் செல். // 2. அவர்கள் நடந்தனர். // 3. நாங்கள் நடந்தோம்.,1. कूच करना। // 2. उन्होंने मार्च किया। // 3. हमने मार्च किया है।
Market / Marketed / Marketed,Day 284,Intermediate,சந்தைப்படுத்து / சந்தைப்படுத்தினேன் / சந்தைப்படுத்தியுள்ளேன்,विपणन करना / विपणन किया / विपणन कर चुका,1. Market the product. // 2. He marketed it. // 3. It is marketed.,1. சந்தைப்படுத்து. // 2. அவர் விற்பனை செய்தார். // 3. அது சந்தைப்படுத்தப்பட்டது.,1. बाजार में बेचना। // 2. उसने मार्केटिंग की। // 3. इसकी मार्केटिंग की गई है।
Marvel / Marveled / Marveled,Day 285,Intermediate,ஆச்சரியப்படு / ஆச்சரியப்பட்டேன் / ஆச்சரியப்பட்டுள்ளேன்,आश्चर्य करना / आश्चर्य किया / आश्चर्य कर चुका,1. Marvel at nature. // 2. I marveled. // 3. They have marveled.,1. வியப்படை. // 2. நான் வியந்தேன். // 3. அவர்கள் வியந்தனர்.,1. अचंभित होना। // 2. मैं चकित रह गया। // 3. वे चकित हुए हैं।
Mask / Masked / Masked,Day 286,Intermediate,மறை / மறைத்தேன் / மறைத்துள்ளேன்,मुखौटा लगाना / मुखौटा लगाया / मुखौटा लगा चुका,1. Mask the smell. // 2. He masked his pain. // 3. It is masked.,1. மறை (முகமூடி இடு). // 2. அவர் வலியை மறைத்தார். // 3. அது மறைக்கப்பட்டுள்ளது.,1. छिपाना/मुखौटा लगाना। // 2. उसने अपना दर्द छिपाया। // 3. इसे छिपाया गया है।
Matter / Mattered / Mattered,Day 287,Intermediate,முக்கியத்துவமாக இரு / இருந்தது / இருந்துள்ளது,मायने रखना / मायने रखा / मायने रख चुका,1. Does it matter? // 2. It mattered then. // 3. It has mattered.,1. முக்கியமாக இரு. // 2. அது அப்போது முக்கியமானது. // 3. அது முக்கியமாக இருந்துள்ளது.,1. महत्व रखना। // 2. तब यह मायने रखता था। // 3. यह मायने रखता है।
Mature / Matured / Matured,Day 288,Intermediate,முதிர்ச்சியடை / அடைந்தேன் / அடைந்துள்ளேன்,परिपक्व होना / परिपक्व हुआ / परिपक्व हो चुका,1. Fruit matures. // 2. He matured early. // 3. It has matured.,1. முதிர்ச்சியடை. // 2. அவர் முதிர்ச்சியடைந்தார். // 3. அது முதிர்ச்சியடைந்துள்ளது.,1. परिपक्व होना। // 2. वह जल्दी समझदार हो गया। // 3. यह पक चुका है।
Maximize / Maximized / Maximized,Day 289,Intermediate,அதிகப்படுத்து / அதிகப்படுத்தினேன் / அதிகப்படுத்தியுள்ளேன்,अधिकतम करना / अधिकतम किया / अधिकतम कर चुका,1. Maximize profit. // 2. They maximized. // 3. It is maximized.,1. அதிகப்பட்சமாக்கு. // 2. அவர்கள் அதிகமாக்கினர். // 3. அது அதிகமாக்கப்பட்டது.,1. अधिकतम करना। // 2. उन्होंने इसे बढ़ाया। // 3. इसे अधिकतम किया गया है।
Mingle / Mingled / Mingled,Day 290,Intermediate,கலந்துகொள் / கொண்டேன் / கொண்டுள்ளேன்,मिल जाना / मिल गया / मिल चुका,1. Mingle with people. // 2. They mingled. // 3. We have mingled.,1. ஒன்றிணை (பழகு). // 2. அவர்கள் கலந்தனர். // 3. நாங்கள் பழகினோம்.,1. मिलना-जुलना। // 2. वे घुल-मिल गए। // 3. हम मिल चुके हैं।
Mediate / Mediated / Mediated,Day 291,Intermediate,மத்தியஸ்தம் செய் / செய்தேன் / செய்துள்ளேன்,मध्यस्थता करना / मध्यस्थता की / मध्यस्थता कर चुका,1. Mediate the fight. // 2. He mediated. // 3. It was mediated.,1. சமரசம் செய். // 2. அவர் சமரசம் செய்தார். // 3. அது தீர்க்கப்பட்டது.,1. मध्यस्थता करना। // 2. उसने बीच-बचाव किया। // 3. इसका समाधान किया गया।
Meditate / Meditated / Meditated,Day 292,Intermediate,தியானம் செய் / செய்தேன் / செய்துள்ளேன்,ध्यान करना / ध्यान किया / ध्यान कर चुका,1. Meditate daily. // 2. He meditated. // 3. I have meditated.,1. தியானம் செய். // 2. அவர் தியானித்தார். // 3. நான் தியானித்துள்ளேன்.,1. ध्यान करना। // 2. उसने ध्यान लगाया। // 3. मैंने ध्यान किया है।
Memorize / Memorized / Memorized,Day 293,Intermediate,மனப்பாடம் செய் / செய்தேன் / செய்துள்ளேன்,याद करना / याद किया / याद कर चुका,1. Memorize the verse. // 2. She memorized. // 3. It is memorized.,1. மனப்பாடம் செய். // 2. அவள் மனப்பாடம் செய்தாள். // 3. அது மனப்பாடம் செய்யப்பட்டது.,1. याद करना। // 2. उसने याद किया। // 3. यह याद किया गया है।
Merit / Merited / Merited,Day 294,Intermediate,தகுதி பெறு / பெற்றேன் / பெற்றுள்ளேன்,योग्यता रखना / योग्यता रखी / योग्यता रख चुका,1. Merit a reward. // 2. It merited attention. // 3. He has merited.,1. தகுதி பெறு. // 2. அது கவனத்தைப் பெற்றது. // 3. அவர் தகுதி பெற்றார்.,1. लायक होना। // 2. यह ध्यान देने योग्य था। // 3. वह पात्र रहा है।
Migrate / Migrated / Migrated,Day 295,Intermediate,இடம்பெயர் / இடம்பெயர்ந்தேன் / இடம்பெயர்ந்துள்ளேன்,प्रवास करना / प्रवास किया / प्रवास कर चुका,1. Birds migrate. // 2. They migrated. // 3. People have migrated.,1. இடம்பெயர். // 2. அவை இடம்பெயர்ந்தன. // 3. மக்கள் குடிபெயர்ந்தனர்.,1. प्रवास करना। // 2. वे चले गए। // 3. लोग प्रवास कर चुके हैं।
Mimic / Mimicked / Mimicked,Day 296,Intermediate,பாவனை செய் / செய்தேன் / செய்துள்ளேன்,नकल करना / नकल की / नकल कर चुका,1. Don't mimic. // 2. He mimicked me. // 3. I am mimicked.,1. கேலி செய்ய பாவனை செய். // 2. அவர் என்னைப்போலச் செய்தார். // 3. நான் கேலி செய்யப்பட்டேன்.,1. नकल उतारना। // 2. उसने मेरी नकल उतारी। // 3. मेरी नकल उतारी गई।
Minimize / Minimized / Minimized,Day 297,Intermediate,குறை / குறைத்தேன் / குறைத்துள்ளேன்,कम करना / कम किया / कम कर चुका,1. Minimize risk. // 2. He minimized it. // 3. It is minimized.,1. குறைவாக்கு. // 2. அவர் குறைத்தார். // 3. அது குறைக்கப்பட்டது.,1. न्यूनतम करना। // 2. उसने इसे कम किया। // 3. इसे कम किया गया है।
Mirror / Mirrored / Mirrored,Day 298,Intermediate,பிரதிபலி / பிரதிபலித்தேன் / பிரதிபலித்துள்ளேன்,प्रतिबिंबित करना / प्रतिबिंबित किया / प्रतिबिंबित कर चुका,1. Mirror the action. // 2. It mirrored him. // 3. It is mirrored.,1. பிரதிபலி. // 2. அது அவரைப் பிரதிபலித்தது. // 3. அது பிரதிபலிக்கப்படுகிறது.,1. प्रतिबिंबित करना। // 2. इसने उसे दर्शाया। // 3. यह प्रतिबिंबित है।
Mislead / Misled / Misled,Day 299,Intermediate,தவறாக வழிநடத்து / வழிநடத்தினேன் / வழிநடத்தியுள்ளேன்,गुमराह करना / गुमराह किया / गुमराह कर चुका,1. Don't mislead. // 2. He misled them. // 3. I was misled.,1. தவறாக வழிநடத்து. // 2. அவர் தடம் மாற்றினார். // 3. நான் திசைதிருப்பப்பட்டேன்.,1. गुमराह करना। // 2. उसने उन्हें गुमराह किया। // 3. मुझे गुमराह किया गया।
Mobilize / Mobilized / Mobilized,Day 300,Intermediate,திரட்டு / திரட்டினேன் / திரட்டியுள்ளேன்,लामबंद करना / लामबंद किया / लामबंद कर चुका,1. Mobilize the army. // 2. They mobilized. // 3. It is mobilized.,1. அணிதிரட்டு. // 2. அவர்கள் திரட்டினர். // 3. அது திரட்டப்பட்டது.,1. संगठित करना। // 2. उन्होंने लामबंद किया। // 3. इसे संगठित किया गया है।
Model / Modeled / Modeled,Day 301,Intermediate,முன்மாதிரியாக இரு / இருந்தேன் / இருந்துள்ளேன்,मॉडल बनाना / मॉडल बनाया / मॉडल बना चुका,1. Model the dress. // 2. He modeled. // 3. It is modeled.,1. முன்மாதிரி காட்டு. // 2. அவர் நடித்துக் காட்டினார். // 3. அது வடிவமைக்கப்பட்டது.,1. नमूना बनाना। // 2. उसने प्रदर्शन किया। // 3. यह नमूने पर आधारित है।
Moderate / Moderated / Moderated,Day 302,Intermediate,மிதப்படுத்து / மிதப்படுத்தினேன் / மிதப்படுத்தியுள்ளேன்,संयमित करना / संयमित किया / संयमित कर चुका,1. Moderate the debate. // 2. He moderated. // 3. It was moderated.,1. நெறிப்படுத்து. // 2. அவர் நெறிப்படுத்தினார். // 3. அது நெறிப்படுத்தப்பட்டது.,1. संचालन करना। // 2. उसने संचालन किया। // 3. इसका संचालन किया गया।
Monitor / Monitored / Monitored,Day 303,Intermediate,கண்காணி / கண்காணித்தேன் / கண்காணித்துள்ளேன்,निगरानी करना / निगरानी की / निगरानी कर चुका,1. Monitor the class. // 2. He monitored. // 3. I am monitored.,1. கண்காணி. // 2. அவர் கண்காணித்தார். // 3. நான் கண்காணிக்கப்பட்டேன்.,1. निगरानी करना। // 2. उसने निगरानी की। // 3. मेरी निगरानी की गई।
Motivate / Motivated / Motivated,Day 304,Intermediate,ஊக்கப்படுத்து / ஊக்கப்படுத்தினேன் / ஊக்கப்படுத்தியுள்ளேன்,प्रेरित करना / प्रेरित किया / प्रेरित कर चुका,1. Motivate the kids. // 2. It motivated me. // 3. I am motivated.,1. ஊக்கப்படுத்து. // 2. அது என்னைத் தூண்டியது. // 3. நான் ஊக்கமடைந்தேன்.,1. प्रेरित करना। // 2. इसने मुझे प्रेरित किया। // 3. मैं प्रेरित हूँ।
Mourn / Mourned / Mourned,Day 305,Intermediate,துக்கம் கொண்டாடு / கொண்டாடினேன் / கொண்டாடினேன்,शोक मनाना / शोक मनाया / शोक मना चुका,1. Mourn the dead. // 2. They mourned. // 3. We have mourned.,1. துக்கம் அனுசரி. // 2. அவர்கள் துக்கமடைந்தனர். // 3. நாங்கள் வருந்தினோம்.,1. शोक मनाना। // 2. उन्होंने शोक मनाया। // 3. हमने शोक मनाया है।
Mumble / Mumbled / Mumbled,Day 306,Intermediate,முணுமுணு / முணுமுணுத்தேன் / முணுமுணுத்துள்ளேன்,बुदबुदाना / बुदबुदाया / बुदबुदा चुका,1. Don't mumble. // 2. He mumbled. // 3. I have mumbled.,1. முணுமுணு. // 2. அவர் முணுமுணுத்தார். // 3. நான் முணுமுணுத்தேன்.,1. बड़बड़ाना। // 2. वह बड़बड़ाया। // 3. मैंने बड़बड़ाया है।
Navigate / Navigated / Navigated,Day 307,Intermediate,வழிநடத்து / வழிநடத்தினேன் / வழிநடத்தியுள்ளேன்,रास्ता खोजना / खोजा / खोज चुका,1. Navigate the sea. // 2. He navigated. // 3. It was navigated.,1. வழிகாட்டிச் செல். // 2. அவர் வழிநடத்தினார். // 3. அது கடக்கப்பட்டது.,1. मार्गदर्शन/नेविगेट करना। // 2. उसने रास्ता दिखाया। // 3. इसे नेविगेट किया गया।
Necessitate / Necessitated / Necessitated,Day 308,Intermediate,அவசியமாக்கு / அவசியமாக்கினேன் / அவசியமாக்கியுள்ளேன்,आवश्यक बनाना / बनाया / बना चुका,1. Circumstances necessitate. // 2. It necessitated. // 3. It has necessitated.,1. அவசியமாக்கு. // 2. அது அவசியமானது. // 3. அது அவசியமாகியுள்ளது.,1. आवश्यक बनाना। // 2. इसने मजबूर किया। // 3. इसकी आवश्यकता पड़ी है।
Neutralize / Neutralized / Neutralized,Day 309,Intermediate,நடுநிலையாக்கு / ஆக்கினேன் / ஆக்கியுள்ளேன்,बेअसर करना / बेअसर किया / बेअसर कर चुका,1. Neutralize threat. // 2. They neutralized. // 3. It is neutralized.,1. செயலிழக்கச் செய். // 2. அவர்கள் செயலிழக்கச் செய்தனர். // 3. அது செயலிழக்கப்பட்டது.,1. निष्प्रभावी करना। // 2. उन्होंने इसे खत्म किया। // 3. इसे निष्प्रभावी किया गया।
Nibble / Nibbled / Nibbled,Day 310,Intermediate,சிறுகக் கறி / கறித்தேன் / கறித்துள்ளேன்,कुतरना / कुतरा / कुतर चुका,1. Nibble the biscuit. // 2. He nibbled. // 3. It was nibbled.,1. சிறுகக் கடி (கொறி). // 2. அவர் கொறித்தார். // 3. அது கொறிக்கப்பட்டது.,1. कुतरना। // 2. उसने कुतरा। // 3. इसे कुतरा गया था।
Nourish / Nourished / Nourished,Day 311,Intermediate,ஊட்டமளி / ஊட்டமளித்தேன் / ஊட்டமளித்துள்ளேன்,पोषण देना / पोषण दिया / पोषण दे चुका,1. Nourish the body. // 2. It nourished. // 3. Well nourished.,1. ஊட்டமளி. // 2. அது ஊட்டமளித்தது. // 3. நல்ல ஊட்டச்சத்து பெற்றது.,1. पोषण देना। // 2. इसने पोषण दिया। // 3. अच्छी तरह पोषित।
Oblige / Obliged / Obliged,Day 312,Intermediate,கடமைப்படுத்து / கடமைப்படுத்தினேன் / கடமைப்படுத்தியுள்ளேன்,बाध्य करना / बाध्य किया / बाध्य कर चुका,1. Oblige him. // 2. He obliged me. // 3. I am obliged.,1. கடமைப்படுத்து/உதவு. // 2. அவர் எனக்கு உதவினார். // 3. நான் கடமைப்பட்டுள்ளேன்.,1. आभारी करना/मजबूर। // 2. उसने मुझ पर एहसान किया। // 3. मैं आभारी हूँ।
Obscure / Obscured / Obscured,Day 313,Intermediate,மறை / மறைத்தேன் / மறைத்துள்ளேன்,अस्पष्ट करना / अस्पष्ट किया / अस्पष्ट कर चुका,1. Clouds obscure sun. // 2. It obscured. // 3. Truth is obscured.,1. மறை (மங்கலாக்கு). // 2. அது மறைத்தது. // 3. உண்மை மறைக்கப்பட்டுள்ளது.,1. धुंधला करना। // 2. इसने छिपा दिया। // 3. सच छिपा हुआ है।
Obsess / Obsessed / Obsessed,Day 314,Intermediate,ஆட்கொள் (மனதை) / ஆட்கொண்டேன் / ஆட்கொண்டுள்ளேன்,धुन सवार होना / सवार हुई / सवार हो चुकी,1. Don't obsess. // 2. He obsessed. // 3. She is obsessed.,1. பித்துப் பிடி. // 2. அவர் வெறித்தனமாக இருந்தார். // 3. அவள் வெறி கொண்டுள்ளாள்.,1. जुनून होना। // 2. वह पागल था। // 3. वह जुनून सवार है।
Obstruct / Obstructed / Obstructed,Day 315,Intermediate,தடையை ஏற்படுத்து / ஏற்படுத்தினேன் / ஏற்படுத்தியுள்ளேன்,बाधा डालना / बाधा डाली / बाधा डाल चुका,1. Don't obstruct. // 2. They obstructed. // 3. Path is obstructed.,1. தடை செய். // 2. அவர்கள் தடுத்தனர். // 3. பாதை தடுக்கப்பட்டுள்ளது.,1. बाधा डालना। // 2. उन्होंने रोका। // 3. रास्ता बाधित है।
Officiate / Officiated / Officiated,Day 316,Intermediate,தலைமை தாங்கு / தாங்கினேன் / தாங்கியுள்ளேன்,अध्यक्षता करना / अध्यक्षता की / अध्यक्षता कर चुका,1. Officiate the game. // 2. He officiated. // 3. It was officiated.,1. அதிகாரம் செலுத்து (நடத்து). // 2. அவர் நடத்தினார். // 3. அது நடத்தப்பட்டது.,1. पद संभालना/संचालन। // 2. उसने संचालन किया। // 3. इसका संचालन किया गया।
Ooze / Oozed / Oozed,Day 317,Intermediate,கசி / கசிந்தது / கசிந்துள்ளது,रिसना / रिसा / रिस चुका,1. Oil will ooze. // 2. It oozed out. // 3. It has oozed.,1. கசி. // 2. அது கசிந்தது. // 3. அது கசிந்துள்ளது.,1. रिसना। // 2. वह रिसने लगा। // 3. यह रिस चुका है।
Oppress / Oppressed / Oppressed,Day 318,Intermediate,ஒடுக்கு / ஒடுக்கினேன் / ஒடுக்கியுள்ளேன்,उत्पीड़न करना / उत्पीड़न किया / उत्पीड़न कर चुका,1. Don't oppress. // 2. They oppressed. // 3. He was oppressed.,1. ஒடுக்கு (கொடுமைப்படுத்து). // 2. அவர்கள் ஒடுக்கினர். // 3. அவர் ஒடுக்கப்பட்டார்.,1. अत्याचार करना। // 2. उन्होंने दमन किया। // 3. उसका दमन किया गया।
Opt / Opted / Opted,Day 319,Intermediate,தேர்வு செய் / செய்தேன் / செய்துள்ளேன்,चुनना (विकल्प) / चुना / चुन चुका,1. Opt for art. // 2. He opted out. // 3. We have opted.,1. தேர்ந்தெடு. // 2. அவர் விலகினார். // 3. நாங்கள் தேர்ந்தெடுத்தோம்.,1. चुनना। // 2. उसने बाहर निकलना चुना। // 3. हमने चुना है।
Optimize / Optimized / Optimized,Day 320,Intermediate,மேம்படுத்து / மேம்படுத்தினேன் / மேம்படுத்தியுள்ளேன்,अनुकूलित करना / अनुकूलित किया / अनुकूलित कर चुका,1. Optimize code. // 2. He optimized it. // 3. It is optimized.,1. உகந்ததாக்கு. // 2. அவர் மேம்படுத்தினார். // 3. அது மேம்படுத்தப்பட்டது.,1. अनुकूलतम बनाना। // 2. उसने सुधार किया। // 3. इसे अनुकूलित किया गया है।
Orbit / Orbited / Orbited,Day 321,Intermediate,வலம் வா / வந்தேன் / வந்துள்ளேன்,परिक्रमा करना / परिक्रमा की / परिक्रमा कर चुका,1. Earth will orbit. // 2. It orbited. // 3. Moon has orbited.,1. வட்டமிடு. // 2. அது வட்டமிட்டது. // 3. நிலவு சுற்றியுள்ளது.,1. परिक्रमा करना। // 2. इसने परिक्रमा की। // 3. परिक्रमा की जा चुकी है।
Orient / Oriented / Oriented,Day 322,Intermediate,திசை காட்டு / காட்டினேன் / காட்டியுள்ளேன்,उन्मुख करना / उन्मुख किया / उन्मुख कर चुका,1. Orient yourself. // 2. He oriented. // 3. It is oriented.,1. பழக்கப்படுத்து (திசை). // 2. அவர் பழக்கப்படுத்தினார். // 3. அது திசைப்படுத்தப்பட்டது.,1. अनुकूल बनाना। // 2. उसने दिशा तय की। // 3. यह दिशा निर्देशित है।
Originate / Originated / Originated,Day 323,Intermediate,தோன்று / தோன்றியது / தோன்றியுள்ளது,उत्पन्न होना / उत्पन्न हुआ / उत्पन्न हो चुका,1. Ideas originate. // 2. It originated. // 3. It has originated.,1. உருவாவாதல். // 2. அது உருவானது. // 3. அது உருவாகியுள்ளது.,1. उत्पन्न होना। // 2. यह शुरू हुआ। // 3. यह उत्पन्न हुआ है।
Outdo / Outdid / Outdone,Day 324,Intermediate,விஞ்சு / விஞ்சினேன் / விஞ்சியுள்ளேன்,मात देना / मात दी / मात दे चुका,1. Outdo others. // 2. He outdid me. // 3. I have outdone.,1. மிஞ்சு (வெற்றி கொள்). // 2. அவர் என்னை மிஞ்சினார். // 3. நான் மிஞ்சினேன்.,1. मात देना। // 2. उसने मुझे पीछे छोड़ दिया। // 3. मैंने मात दी है।
Outgrow / Outgrew / Outgrown,Day 325,Intermediate,வளர்ந்து மாறு / மாறினேன் / மாறியுள்ளேன்,से बड़ा होना / बड़ा हुआ / बड़ा हो चुका,1. Outgrow shoes. // 2. He outgrew it. // 3. Plan has outgrown.,1. வளர்ந்து மிஞ்சு. // 2. அவர் அதிலிருந்து வளர்ந்தார். // 3. திட்டம் விரிவடைந்துள்ளது.,1. बढ़कर बड़ा हो जाना। // 2. वह उससे बड़ा हो गया। // 3. यह बढ़ चुका है।
Outlast / Outlasted / Outlasted,Day 326,Intermediate,நீடித்து இரு / இருந்தேன் / இருந்துள்ளேன்,अधिक टिकना / टिका / टिक चुका,1. It will outlast. // 2. He outlasted. // 3. It has outlasted.,1. அதிக காலம் நீடி. // 2. அவர் அதிக காலம் இருந்தார். // 3. அது நீடித்துள்ளது.,1. अधिक समय तक टिकना। // 2. वह ज्यादा समय तक टिका। // 3. यह अधिक समय तक टिका है।
Outlive / Outlived / Outlived,Day 327,Intermediate,நீண்ட காலம் வாழ் / வாழ்ந்தேன் / வாழ்ந்துள்ளேன்,अधिक जीना / जिया / जी चुका,1. Outlive peers. // 2. He outlived them. // 3. She has outlived.,1. அதிக காலம் வாழ். // 2. அவர் அவர்களை விட அதிக காலம் வாழ்ந்தார். // 3. அவள் வாழ்ந்துவிட்டாள்.,1. अधिक समय तक जीवित रहना। // 2. वह उनसे ज्यादा जिया। // 3. वह ज्यादा समय जी है।
Outperform / Outperformed / Outperformed,Day 328,Intermediate,சிறப்பாகச் செயல்படு / செயல்பட்டேன் / செயல்பட்டுள்ளேன்,बेहतर प्रदर्शन करना / किया / कर चुका,1. Outperform team. // 2. He outperformed. // 3. I am outperformed.,1. சிறப்பாகச் செயல்படு. // 2. அவர் சிறப்பாகச் செய்தார். // 3. நான் பின்னுக்குத் தள்ளப்பட்டேன்.,1. बेहतर प्रदर्शन करना। // 2. उसने बेहतर किया। // 3. बेहतर प्रदर्शन किया गया।
Outsmart / Outsmarted / Outsmarted,Day 329,Intermediate,புத்திசாலித்தனத்தால் வெல் / வென்றேன் / வென்றுள்ளேன்,चालाकी से हराना / हराया / हरा चुका,1. Outsmart him. // 2. He outsmarted me. // 3. I was outsmarted.,1. தந்திரத்தால் வெல். // 2. அவர் என்னை ஏமாற்றினார். // 3. நான் ஏமாற்றப்பட்டேன்.,1. चतुराई में मात देना। // 2. उसने मुझे मात दी। // 3. मुझे मात दी गई।
Outweigh / Outweighed / Outweighed,Day 330,Intermediate,விட அதிகமாயிரு / இருந்தது / இருந்துள்ளது,भारी पड़ना / भारी पड़ा / भारी पड़ चुका,1. Risks outweigh. // 2. It outweighed. // 3. Benefit is outweighed.,1. மிஞ்சி இரு (எடை/மதிப்பு). // 2. அது மிஞ்சியது. // 3. நன்மை மிஞ்சப்பட்டது.,1. अधिक महत्वपूर्ण होना। // 2. यह भारी पड़ा। // 3. यह अधिक भारी है।
Overcharge / Overcharged / Overcharged,Day 331,Intermediate,அதிக கட்டணம் வசூலி / வசூலித்தேன் / வசூலித்துள்ளேன்,अधिक दाम लगाना / लगाया / लगा चुका,1. Don't overcharge. // 2. They overcharged. // 3. I was overcharged.,1. கூடுதல் கட்டணம் வசூலி. // 2. அவர்கள் அதிகம் வசூலித்தனர். // 3. என்னிடம் அதிகம் வசூலிக்கப்பட்டது.,1. अधिक दाम लगाना। // 2. उन्होंने ज्यादा पैसे लिए। // 3. मुझसे ज्यादा पैसे लिए गए।
Overcrowd / Overcrowded / Overcrowded,Day 332,Intermediate,நெரிசலாக்கு / நெரிசலாக்கினேன் / நெரிசலாக்கியுள்ளேன்,भीड़ लगाना / भीड़ लगाई / भीड़ लगा चुका,1. Don't overcrowd. // 2. They overcrowded. // 3. It is overcrowded.,1. நெரிசலாக்கு. // 2. அவர்கள் கூட்டத்தை கூட்டினர். // 3. அது நெரிசலாக உள்ளது.,1. अधिक भीड़ करना। // 2. उन्होंने भीड़ बढ़ा दी। // 3. यहाँ बहुत भीड़ है।
Overdo / Overdid / Overdone,Day 333,Intermediate,அளவுக்கு மீறி செய் / செய்தேன் / செய்துள்ளேன்,अति करना / अति की / अति कर चुका,1. Don't overdo it. // 2. He overdid it. // 3. It is overdone.,1. அதிகப்படியாகச் செய். // 2. அவர் அதிகமாகச் செய்தார். // 3. அது மிதமிஞ்சியது.,1. अति करना। // 2. उसने ज्यादा कर दिया। // 3. यह बहुत ज्यादा हो गया।
Overeat / Overate / Overeaten,Day 334,Intermediate,அதிகமாக உண் / உண்டேன் / உண்டுள்ளேன்,ज्यादा खाना / खाया / खा चुका,1. Don't overeat. // 2. He overate. // 3. I have overeaten.,1. அதிகமாக உண். // 2. அவர் அதிகமாக உண்டார். // 3. நான் அதிகமாக உண்டுவிட்டேன்.,1. अधिक खाना। // 2. उसने ज्यादा खा लिया। // 3. मैंने ज्यादा खा लिया है।
Overflow / Overflowed / Overflowed,Day 335,Intermediate,நிரம்பி வழி / வழிந்தது / வழிந்துள்ளது,बह निकलना / बह निकला / बह निकल चुका,1. Rivers overflow. // 2. It overflowed. // 3. It has overflowed.,1. வழிந்தோடிப் பாய். // 2. அது வழிந்தது. // 3. அது வழிந்துள்ளது.,1. उमड़ना/बह निकलना। // 2. यह बह निकला। // 3. यह भर कर बह चुका है।
Overhear / Overheard / Overheard,Day 336,Intermediate,ஒட்டுக் கேள் / கேட்டேன் / கேட்டுள்ளேன்,संयोग से सुनना / सुना / सुन चुका,1. Overhear secret. // 2. I overheard. // 3. It was overheard.,1. ஒட்டுக்கேள். // 2. நான் ஒட்டுக்கேட்டேன். // 3. அது ஒட்டுக்கேட்கப்பட்டது.,1. चुपके से सुनना। // 2. मैंने सुन लिया। // 3. यह सुन लिया गया था।
Overload / Overloaded / Overloaded,Day 337,Intermediate,அதிக சுமை ஏற்று / ஏற்றினேன் / ஏற்றியுள்ளேன்,अधिक लादना / लादा / लाद चुका,1. Don't overload. // 2. He overloaded. // 3. It is overloaded.,1. அதிக பாரம் ஏற்று. // 2. அவர் அதிக பாரம் ஏற்றினார். // 3. அது பாரம் மிஞ்சியுள்ளது.,1. अधिक लादना। // 2. उसने ज्यादा लाद दिया। // 3. यह ओवरलोडेड है।
Overlook / Overlooked / Overlooked,Day 338,Intermediate,கவனிக்கத் தவறு / தவறினேன் / தவறியுள்ளேன்,अनदेखी करना / अनदेखी की / अनदेखी कर चुका,1. Overlook error. // 2. He overlooked it. // 3. I was overlooked.,1. கவனிக்காமல் விடு. // 2. அவர் அதைத் தவறவிட்டார். // 3. நான் புறக்கணிக்கப்பட்டேன்.,1. अनदेखा करना। // 2. उसने नजरअंदाज किया। // 3. मुझे नजरअंदाज किया गया।
Overpower / Overpowered / Overpowered,Day 339,Intermediate,அடக்கு / அடக்கினேன் / அடக்கியுள்ளேன்,काबू में करना / किया / कर चुका,1. Overpower enemy. // 2. They overpowered. // 3. He was overpowered.,1. அடக்கு (வல்லமை). // 2. அவர்கள் அடக்கினர். // 3. அவர் அடக்கப்பட்டார்.,1. वश में करना/हराना। // 2. उन्होंने हरा दिया। // 3. उसे वश में किया गया।
Overreact / Overreacted / Overreacted,Day 340,Intermediate,மிகையாக எதிர்வினையாற்று / ஆற்றினேன் / ஆற்றியுள்ளேன்,अतिप्रतिक्रिया देना / दी / दे चुका,1. Don't overreact. // 2. He overreacted. // 3. I have overreacted.,1. மிதமிஞ்சி எதிர்வினை செய். // 2. அவர் பதற்றமடைந்தார். // 3. நான் அதிகமாக உணர்ச்சிவசப்பட்டேன்.,1. अति-प्रतिक्रिया करना। // 2. उसने ज्यादा गुस्सा किया। // 3. मैंने अति-प्रतिक्रिया दी है।
Overrule / Overruled / Overruled,Day 341,Intermediate,ரத்து செய் (ஆணையை) / செய்தேன் / செய்துள்ளேன்,खारिज करना / खारिज किया / खारिज कर चुका,1. Overrule plan. // 2. Judge overruled. // 3. Decision is overruled.,1. தள்ளுபடி செய் (மறு). // 2. நீதிபதி மறுத்தார். // 3. முடிவு ரத்து செய்யப்பட்டது.,1. रद्द करना/अस्वीकार। // 2. जज ने खारिज कर दिया। // 3. फैसला रद्द कर दिया गया।
Oversee / Oversaw / Overseen,Day 342,Intermediate,மேற்பார்வை செய் / செய்தேன் / செய்துள்ளேன்,देखरेख करना / देखरेख की / देखरेख कर चुका,1. Oversee work. // 2. He oversaw it. // 3. It is overseen.,1. மேற்பார்வையிடு. // 2. அவர் மேற்பார்வையிட்டார். // 3. அது மேற்பார்வையிடப்படுகிறது.,1. निगरानी/निरीक्षण। // 2. उसने निरीक्षण किया। // 3. इसका निरीक्षण किया गया।
Oversleep / Overslept / Overslept,Day 343,Intermediate,அதிக நேரம் தூங்கு / தூங்கினேன் / தூங்கியுள்ளேன்,देर तक सोना / सोया / सो चुका,1. Don't oversleep. // 2. He overslept. // 3. I have overslept.,1. அதிக நேரம் தூங்கு. // 2. அவர் தூங்கிவிட்டார் (நேரம் கடந்து). // 3. நான் தூங்கிவிட்டேன்.,1. देर तक सोना। // 2. वह सोता रह गया। // 3. मैं सोता रह गया।
Overthrow / Overthrew / Overthrown,Day 344,Intermediate,கவிழ்த்துவிடு (அரசை) / விட்டேன் / விட்டுள்ளேன்,उखाड़ फेंकना / उखाड़ फेंका / उखाड़ फेंक चुका,1. Overthrow king. // 2. They overthrew. // 3. He was overthrown.,1. வீழ்த்து (பதவி). // 2. அவர்கள் வீழ்த்தினர். // 3. அவர் வீழ்த்தப்பட்டார்.,1. तख्तापलट/गिराना। // 2. उन्होंने गिरा दिया। // 3. उसे गिरा दिया गया।
Overturn / Overturned / Overturned,Day 345,Intermediate,கவிழ் / கவிழ்ந்தது / கவிழ்ந்துள்ளது,पलटना / पलटा / पलट चुका,1. Overturn car. // 2. It overturned. // 3. Verdict is overturned.,1. கவிழ்த்து விடு. // 2. அது கவிழ்ந்தது. // 3. தீர்ப்பு மாற்றப்பட்டது.,1. पलट देना। // 2. वह पलट गई। // 3. फैसला पलट दिया गया।
Overwhelm / Overwhelmed / Overwhelmed,Day 346,Intermediate,திக்குமுக்காடச் செய் / செய்தேன் / செய்துள்ளேன்,हावी होना / हावी हुआ / हावी हो चुका,1. Emotions overwhelm. // 2. It overwhelmed me. // 3. I am overwhelmed.,1. திக்குமுக்காடச் செய். // 2. அது என்னை நெகிழச் செய்தது. // 3. நான் நெகிழ்ந்துவிட்டேன்.,1. अभिभूत करना। // 2. इसने मुझे भावुक कर दिया। // 3. मैं अभिभूत हूँ।
Pacify / Pacified / Pacified,Day 347,Intermediate,அமைதிப்படுத்து / அமைதிப்படுத்தினேன் / அமைதிப்படுத்தியுள்ளேன்,शांत करना / शांत किया / शांत कर चुका,1. Pacify the baby. // 2. He pacified them. // 3. Crowds were pacified.,1. அமைதிப்படுத்து. // 2. அவர் அமைதிப்படுத்தினார். // 3. கூட்டம் அமைதியானது.,1. शांत करना। // 2. उसने उन्हें शांत किया। // 3. भीड़ को शांत किया गया।
Paddle / Paddled / Paddled,Day 348,Intermediate,துடுப்பு போடு / போட்டேன் / போட்டுள்ளேன்,चप्पू चलाना / चलाया / चला चुका,1. Paddle the boat. // 2. He paddled. // 3. We have paddled.,1. துடுப்புப் போடு. // 2. அவர் துடுப்புப் போட்டார். // 3. நாங்கள் துடுப்புப் போட்டோம்.,1. चप्पू चलाना। // 2. उसने चप्पू चलाया। // 3. हमने नाव चलाई है।
Pamper / Pampered / Pampered,Day 349,Intermediate,செல்லம் கொடு / கொடுத்தேன் / கொடுத்துள்ளேன்,लाड़-प्यार करना / किया / कर चुका,1. Pamper the child. // 2. She pampered him. // 3. He is pampered.,1. செல்லம் கொடு. // 2. அவள் செல்லம் கொடுத்தாள். // 3. அவர் செல்லமாக வளர்க்கப்பட்டார்.,1. लाड-प्यार करना। // 2. उसने उसे लाड किया। // 3. वह लाडला है।
Paralyze / Paralyzed / Paralyzed,Day 350,Intermediate,முடக்கு / முடக்கினேன் / முடக்கியுள்ளேன்,लकवा मारना / मारा / मार चुका,1. Fear can paralyze. // 2. It paralyzed him. // 3. He is paralyzed.,1. முடக்கு. // 2. அது அவரை முடக்கியது. // 3. அவர் முடங்கிவிட்டார்.,1. लकवा मारना/ठप। // 2. इसने उसे सुन्न कर दिया। // 3. वह लकवाग्रस्त है।
Partake / Partook / Partaken,Day 351,Intermediate,பங்கு கொள் / கொண்டேன் / கொண்டுள்ளேன்,भाग लेना / भाग लिया / भाग ले चुका,1. Partake in feast. // 2. He partook. // 3. We have partaken.,1. பங்கெடு (உண்). // 2. அவர் பங்கெடுத்தார். // 3. நாங்கள் உண்டோம்.,1. भाग लेना/खाना। // 2. उसने हिस्सा लिया। // 3. हमने हिस्सा लिया है।
Partition / Partitioned / Partitioned,Day 352,Intermediate,பிரிவினை செய் / செய்தேன் / செய்துள்ளேன்,विभाजन करना / विभाजन किया / विभाजन कर चुका,1. Partition the room. // 2. They partitioned. // 3. It is partitioned.,1. பிரிவினை செய். // 2. அவர்கள் பிரித்தனர். // 3. அது பிரிக்கப்பட்டது.,1. बँवारा करना। // 2. उन्होंने बँवारा किया। // 3. इसका बँवारा किया गया है।
Partner / Partnered / Partnered,Day 353,Intermediate,கூட்டு சேர் / சேர்ந்தேன் / சேர்ந்துள்ளேன்,साझेदारी करना / साझेदारी की / साझेदारी कर चुका,1. Partner with them. // 2. He partnered. // 3. We have partnered.,1. கூட்டாளியாக இரு. // 2. அவர் இணைந்தார். // 3. நாங்கள் இணைந்தோம்.,1. साझीदार बनना। // 2. उसने साझेदारी की। // 3. हमने साझेदारी की है।
Patronize / Patronized / Patronized,Day 354,Intermediate,ஆதரவு அளி / அளித்தேன் / அளித்துள்ளேன்,संरक्षण देना / संरक्षण दिया / संरक्षण दे चुका,1. Don't patronize me. // 2. He patronized. // 3. It was patronized.,1. ஆதரி (ஏளனமாக). // 2. அவர் ஆதரித்தார். // 3. அது ஆதரிக்கப்பட்டது.,1. संरक्षण देना। // 2. उसने संरक्षण दिया। // 3. इसे संरक्षण दिया गया।
Pave / Paved / Paved,Day 355,Intermediate,தளம் அமை / அமைத்தேன் / அமைத்துள்ளேன்,मार्ग बनाना / बनाया / बना चुका,1. Pave the way. // 2. He paved the road. // 3. It is paved.,1. வழி வகு (தரை போடு). // 2. அவர் சாலை அமைத்தார். // 3. அது அமைக்கப்பட்டது.,1. रास्ता बनाना/पक्का करना। // 2. उसने सड़क पक्की की। // 3. सड़क पक्की है।
Peek / Peeked / Peeked,Day 356,Intermediate,எட்டிப்பார் / எட்டிப்பார்த்தேன் / எட்டிப்பார்த்துள்ளேன்,ताकना / ताका / ताक चुका,1. Peek inside. // 2. He peeked. // 3. I have peeked.,1. எட்டிப் பார். // 2. அவர் எட்டிப் பார்த்தார். // 3. நான் எட்டிப் பார்த்தேன்.,1. झाँकना। // 2. उसने झाँका। // 3. मैंने झाँका है।
Peep / Peeped / Peeped,Day 357,Intermediate,துவாரத்தின் வழி பார் / பார்த்தேன் / பார்த்துள்ளேன்,झांकना / झांका / झांक चुका,1. Peep through hole. // 2. He peeped. // 3. Birds have peeped.,1. ஒளிந்து பார் (ஒலி). // 2. அவர் பார்த்தார். // 3. பறவைகள் சத்தமிட்டன.,1. ताक-झाँक करना। // 2. उसने झाँका। // 3. पक्षियों ने चहचहाया।
Penetrate / Penetrated / Penetrated,Day 358,Intermediate,ஊடுருவு / ஊடுருவினேன் / ஊடுருவியுள்ளேன்,घुसना / घुसा / घुस चुका,1. Penetrate the wall. // 2. It penetrated. // 3. It has penetrated.,1. ஊடுருவு. // 2. அது ஊடுருவியது. // 3. அது ஊடுருவி உள்ளது.,1. घुसना/भेदना। // 2. यह अन्दर तक गया। // 3. यह प्रवेश कर चुका है।
Perish / Perished / Perished,Day 359,Intermediate,அழி / அழிந்தேன் / அழிந்துள்ளேன்,नष्ट होना / नष्ट हुआ / नष्ट हो चुका,1. Perish in cold. // 2. They perished. // 3. Food has perished.,1. அழிந்து போ (சா). // 2. அவர்கள் இறந்தனர். // 3. உணவு கெட்டுவிட்டது.,1. नष्ट होना/मरना। // 2. वे मर गए। // 3. भोजन सड़ चुका है।
Permeate / Permeated / Permeated,Day 360,Intermediate,பரவு / பரவியது / பரவியுள்ளது,व्याप्त होना / व्याप्त हुआ / व्याप्त हो चुका,1. Smells permeate. // 2. It permeated. // 3. It has permeated.,1. பரவு (ஊடுருவு). // 2. அது பரவியது. // 3. அது பரவி உள்ளது.,1. व्याप्त होना। // 2. यह फैल गया। // 3. यह व्याप्त हो चुका है।
Perplex / Perplexed / Perplexed,Day 361,Intermediate,குழப்பு / குழப்பினேன் / குழப்பியுள்ளேன்,हक्का-बक्का करना / किया / कर चुका,1. Don't perplex me. // 2. It perplexed him. // 3. I am perplexed.,1. குழப்பமடையச் செய். // 2. அது அவரைக் குழப்பியது. // 3. நான் குழப்பமடைந்தேன்.,1. हैरान करना। // 2. इसने उसे उलझा दिया। // 3. मैं उलझन में हूँ।
Persecute / Persecuted / Persecuted,Day 362,Intermediate,துன்புறுத்து / துன்புறுத்தினேன் / துன்புறுத்தியுள்ளேன்,सताना / सताया / सता चुका,1. Don't persecute. // 2. They persecuted. // 3. He was persecuted.,1. துன்புறுத்து (வேட்டையாடு). // 2. அவர்கள் துன்புறுத்தினர். // 3. அவர் துன்புறுத்தப்பட்டார்.,1. सताना/उत्पीड़न। // 2. उन्होंने सताया। // 3. उसे सताया गया।
Persist / Persisted / Persisted,Day 363,Intermediate,பிடிவாதமாக இரு / இருந்தேன் / இருந்துள்ளேன்,डटे रहना / डटा रहा / डटा रह चुका,1. Persist in efforts. // 2. He persisted. // 3. It has persisted.,1. விடாமல் முயற்சி செய். // 2. அவர் விடாப்பிடியாக இருந்தார். // 3. அது நீடிக்கிறது.,1. डटे रहना। // 2. वह अड़ा रहा। // 3. यह जारी रहा है।
Personify / Personified / Personified,Day 364,Intermediate,உருவகப்படுத்து / உருவகப்படுத்தினேன் / உருவகப்படுத்தியுள்ளேன்,मानवीकरण करना / किया / कर चुका,1. Personify virtue. // 2. He personified it. // 3. It is personified.,1. உருவகப்படுத்து. // 2. அவர் உருவகப்படுத்தினார். // 3. அது உருவகப்படுத்தப்பட்டது.,1. मानवीकरण करना। // 2. उसने इसे साकार किया। // 3. इसे मानवीय रूप दिया गया।
Perspire / Perspired / Perspired,Day 365,Intermediate,வியர்வை சிந்து / சிந்தினேன் / சிந்தியுள்ளேன்,पसीना आना / आया / आ चुका,1. People perspire. // 2. He perspired. // 3. I have perspired.,1. வியர்வை சிந்து. // 2. அவருக்கு வியர்த்தது. // 3. எனக்கு வியர்த்துள்ளது.,1. पसीना आना। // 2. उसे पसीना आया। // 3. मुझे पसीना आया है।
Pertain / Pertained / Pertained,Day 366,Intermediate,சம்பந்தப்பட்டிரு / சம்பந்தப்பட்டிருந்தேன் / சம்பந்தப்பட்டுள்ளேன்,संबंधित होना / संबंधित था / संबंधित हो चुका,1. Rules pertain. // 2. It pertained to us. // 3. It has pertained.,1. சம்பந்தப்படு. // 2. அது எங்களைச் சார்ந்தது. // 3. அது சம்பந்தப்பட்டது.,1. संबंधित होना। // 2. यह हमसे संबंधित था। // 3. यह संबंधित रहा है।
Pester / Pestered / Pestered,Day 367,Intermediate,நச்சரி / நச்சரித்தேன் / நச்சரித்துள்ளேன்,तंग करना / तंग किया / तंग कर चुका,1. Don't pester. // 2. He pestered me. // 3. I am pestered.,1. தொந்தரவு செய். // 2. அவர் என்னைத் தொந்தரவு செய்தார். // 3. நான் தொந்தரவு செய்யப்பட்டேன்.,1. तंग करना। // 2. उसने मुझे तंग किया। // 3. मैं परेशान हूँ।
Petition / Petitioned / Petitioned,Day 368,Intermediate,மனு செய் / செய்தேன் / செய்துள்ளேன்,याचिका देना / याचिका दी / याचिका दे चुका,1. Petition the court. // 2. They petitioned. // 3. It was petitioned.,1. மனு தாக்கல் செய். // 2. அவர்கள் மனு அளித்தனர். // 3. அது மனு செய்யப்பட்டது.,1. याचिका देना। // 2. उन्होंने याचिका दी। // 3. याचिका दायर की गई।
Petrify / Petrified / Petrified,Day 369,Intermediate,கல்லாக்கிவிடு (பயத்தில்) / விட்டேன் / விட்டுள்ளேன்,पत्थर बन जाना / बन गया / बन चुका,1. Fear will petrify. // 2. It petrified me. // 3. It is petrified.,1. கல்லாக்கச் செய் (பயத்தில்). // 2. அது என்னை உறைய வைத்தது. // 3. அது கல்லாகியுள்ளது.,1. पत्थर बना देना। // 2. इसने मुझे जड़ कर दिया। // 3. यह पत्थर हो चुका है।
Phase / Phased / Phased,Day 370,Intermediate,கட்டம் கட்டமாக செய் / செய்தேன் / செய்துள்ளேன்,चरणबद्ध करना / किया / कर चुका,1. Phase out the old. // 2. They phased it. // 3. It is phased.,1. படிப்படியாகச் செய். // 2. அவர்கள் அமல்படுத்தினர். // 3. அது படிப்படியாக்கப்பட்டது.,1. चरणों में करना। // 2. उन्होंने लागू किया। // 3. इसे चरणों में किया गया है।
Pierce / Pierced / Pierced,Day 371,Intermediate,குத்து / குத்தினேன் / குத்தியுள்ளேன்,छेदना / छेदा / छेद चुका,1. Pierce the ear. // 2. He pierced it. // 3. It is pierced.,1. துளையிடு (குத்து). // 2. அவர் குத்தினார். // 3. அது குத்தப்பட்டது.,1. छेदना। // 2. उसने छेदा। // 3. कान छिदा हुआ है।
Pilot / Piloted / Piloted,Day 372,Intermediate,விமானம் ஓட்டு / ஓட்டினேன் / ஓட்டியுள்ளேன்,विमान चलाना / चलाया / चला चुका,1. Pilot the plane. // 2. He piloted it. // 3. It was piloted.,1. விமானத்தை ஓட்டு. // 2. அவர் ஓட்டினார். // 3. அது இயக்கப்பட்டது.,1. विमान चलाना। // 2. उसने चलाया। // 3. इसे चलाया गया था।
Pin / Pinned / Pinned,Day 373,Intermediate,குண்டூசியால் குத்து / குத்தினேன் / குத்தியுள்ளேன்,पिन लगाना / पिन लगाया / पिन लगा चुका,1. Pin the notice. // 2. She pinned it. // 3. It is pinned.,1. பின்னிடு (குத்து). // 2. அவள் குத்தினாள். // 3. அது குத்தப்பட்டுள்ளது.,1. पिन लगाना। // 2. उसने पिन लगाया। // 3. पिन लगा हुआ है।
Pinch / Pinched / Pinched,Day 374,Intermediate,கிள்ளு / கிள்ளினேன் / கிள்ளியுள்ளேன்,चुटकी काटना / काटी / काट चुका,1. Don't pinch. // 2. He pinched me. // 3. I have pinched.,1. கிள்ளு. // 2. அவர் என்னைக் கிள்ளினார். // 3. நான் கிள்ளினேன்.,1. चुटकी काटना। // 2. उसने मुझे चुटकी काटी। // 3. मैंने चुटकी काटी है।
Pioneer / Pioneered / Pioneered,Day 375,Intermediate,முன்னோடியாக இரு / இருந்தேன் / இருந்துள்ளேன்,मार्गदर्शक बनना / बना / बन चुका,1. Pioneer the field. // 2. He pioneered. // 3. It was pioneered.,1. முன்னோடியாக இரு. // 2. அவர் வழி வகுத்தார். // 3. அது தொடங்கப்பட்டது.,1. पथप्रदर्शक बनना। // 2. उसने शुरुआत की। // 3. इसकी शुरुआत की गई।
Pitch / Pitched / Pitched,Day 376,Intermediate,எறி (பந்தை) / எறிந்தேன் / எறிந்துள்ளேன்,फेंकना / फेंका / फेंक चुका,1. Pitch the tent. // 2. He pitched. // 3. It is pitched.,1. கூடாரம் அமை. // 2. அவர் எறிந்தார். // 3. அது அமைக்கப்பட்டது.,1. तंबू लगाना/फेंकना। // 2. उसने लगाया। // 3. तंबू लगा हुआ है।
Pity / Pitied / Pitied,Day 377,Intermediate,பரிதாபப்படு / பரிதாபப்பட்டேன் / பரிதாபப்பட்டுள்ளேன்,दया करना / दया की / दया कर चुका,1. Pity the poor. // 2. I pitied him. // 3. He is pitied.,1. பரிதாபப்படு. // 2. நான் பரிதாபப்பட்டேன். // 3. அவர் பரிதாபப்பட்டார்.,1. तरस खाना। // 2. मुझे उस पर तरस आया। // 3. उस पर तरस खाया गया।
Placate / Placated / Placated,Day 378,Intermediate,சமாதானப்படுத்து / சமாதானப்படுத்தினேன் / சமாதானப்படுத்தியுள்ளேன்,तसल्ली देना / तसल्ली दी / तसल्ली दे चुका,1. Placate the child. // 2. He placated her. // 3. They are placated.,1. சமாதானப்படுத்து. // 2. அவர் சமாதானப்படுத்தினார். // 3. அவர்கள் சமாதானமாயினர்.,1. शांत करना/मनाना। // 2. उसने उसे मनाया। // 3. वे मान गए हैं।
Plague / Plagued / Plagued,Day 379,Intermediate,தொல்லை கொடு / கொடுத்தேன் / கொடுத்துள்ளேன்,कष्ट देना / कष्ट दिया / कष्ट दे चुका,1. Insects plague us. // 2. It plagued him. // 3. We are plagued.,1. துன்புறுத்து (வாட்டு). // 2. அது அவரை வாட்டியது. // 3. நாங்கள் வாதிக்கப்பட்டோம்.,1. कष्ट देना। // 2. इसने उसे सताया। // 3. हम परेशान हैं।
Plaster / Plastered / Plastered,Day 380,Intermediate,பூசு (சுவரில்) / பூசினேன் / பூசியுள்ளேன்,पलस्तर करना / पलस्तर किया / पलस्तर कर चुका,1. Plaster the wall. // 2. He plastered it. // 3. It is plastered.,1. பூசு (சாந்து). // 2. அவர் பூசினார். // 3. அது பூசப்பட்டது.,1. पलस्तर करना। // 2. उसने पलस्तर किया। // 3. पलस्तर किया गया है।
Plead / Pleaded / Pleaded,Day 381,Intermediate,கெஞ்சு / கெஞ்சினேன் / கெஞ்சியுள்ளேன்,वकालत करना / वकालत की / वकालत कर चुका,1. Plead for help. // 2. He pleaded. // 3. I have pleaded.,1. மன்றாடு. // 2. அவர் மன்றாடினார். // 3. நான் மன்றாடினேன்.,1. वकालत/मिन्नत करना। // 2. उसने मिन्नत की। // 3. मैंने मिन्नत की है।
Pledge / Pledged / Pledged,Day 382,Intermediate,உறுதியளி / உறுதியளித்தேன் / உறுதியளித்துள்ளேன்,प्रतिज्ञा करना / प्रतिज्ञा की / प्रतिज्ञा कर चुका,1. Pledge support. // 2. He pledged. // 3. It is pledged.,1. உறுதிமொழி எடு. // 2. அவர் உறுதியளித்தார். // 3. அது அடமானம் வைக்கப்பட்டது.,1. प्रतिज्ञा करना। // 2. उसने संकल्प लिया। // 3. यह गिरवी है।
Plot / Plotted / Plotted,Day 383,Intermediate,சதி செய் / செய்தேன் / செய்துள்ளேன்,साजिश रचना / रची / रच चुका,1. Plot a graph. // 2. They plotted. // 3. It was plotted.,1. சதி செய் (வரை). // 2. அவர்கள் சதி செய்தனர். // 3. அது வரையப்பட்டது.,1. षड्यंत्र रचना/आरेख। // 2. उन्होंने साजिश रची। // 3. आरेख बनाया गया।
Plow / Plowed / Plowed,Day 384,Intermediate,உழு / உழுதேன் / உழுதுள்ளேன்,हल चलाना / हल चलाया / हल चला चुका,1. Plow the land. // 2. He plowed. // 3. It is plowed.,1. உழு. // 2. அவர் உழுதார். // 3. அது உழப்பட்டது.,1. हल चलाना। // 2. उसने हल चलाया। // 3. खेत जुता हुआ है।
Pluck / Plucked / Plucked,Day 385,Intermediate,பறி / பறித்தேன் / பறித்துள்ளேன்,तोड़ना (फूल) / तोड़ा / तोड़ चुका,1. Pluck the fruit. // 2. He plucked it. // 3. It is plucked.,1. பறி (கிள்ளு). // 2. அவர் பறித்தார். // 3. அது பறிக்கப்பட்டது.,1. तोड़ना (फूल/फल)। // 2. उसने तोड़ा। // 3. इसे तोड़ा गया है।
Plunge / Plunged / Plunged,Day 386,Intermediate,மூழ்கு / மூழ்கினேன் / மூழ்கியுள்ளேன்,डुबकी लगाना / डुबकी लगाई / डुबकी लगा चुका,1. Plunge into water. // 2. He plunged. // 3. Price has plunged.,1. மூழ்கு (பாய்). // 2. அவர் குதித்தார். // 3. விலை வீழ்ந்தது.,1. डुबकी लगाना/गिरना। // 2. वह कूद गया। // 3. कीमतें गिर गई हैं।
Poach / Poached / Poached,Day 387,Intermediate,கள்ளவேட்டையாடு / ஆடினேன் / ஆடியுள்ளேன்,अवैध शिकार करना / किया / कर चुका,1. Don't poach. // 2. He poached eggs. // 3. It was poached.,1. வேட்டையாடு (அத்துமீறு). // 2. அவர் முட்டையை வேகவைத்தார். // 3. அது வேகவைக்கப்பட்டது.,1. अवैध शिकार करना। // 2. उसने अंडा पकाया। // 3. इसे पकाया गया था।
Poison / Poisoned / Poisoned,Day 388,Intermediate,விஷம் வை / வைத்தேன் / வைத்துள்ளேன்,जहर देना / जहर दिया / जहर दे चुका,1. Don't poison him. // 2. It poisoned. // 3. He was poisoned.,1. நஞ்சூட்டு. // 2. அது நஞ்சானது. // 3. அவருக்கு விடம் கொடுக்கப்பட்டது.,1. जहर देना। // 2. इसने जहर फैलाया। // 3. उसे जहर दिया गया।
Poke / Poked / Poked,Day 389,Intermediate,குத்து / குத்தினேன் / குத்தியுள்ளேன்,कोंचना / कोंचा / कोंच चुका,1. Poke the fire. // 2. He poked me. // 3. I have poked.,1. குத்து. // 2. அவர் என்னைக் குத்தினார். // 3. நான் குத்தினேன்.,1. चुभाना/टोकना। // 2. उसने मुझे कोहनी मारी। // 3. मैंने कोहनी मारी है।
Pollute / Polluted / Polluted,Day 390,Intermediate,மாசுபடுத்து / மாசுப்படுத்தினேன் / மாசுப்படுத்தியுள்ளேன்,प्रदूषित करना / प्रदूषित किया / प्रदूषित कर चुका,1. Don't pollute. // 2. It polluted water. // 3. It is polluted.,1. மாசுபடுத்து. // 2. அது நீரை மாசுபடுத்தியது. // 3. அது மாசுபட்டுள்ளது.,1. प्रदूषित करना। // 2. इसने पानी गंदा किया। // 3. यह प्रदूषित है।
Ponder / Pondered / Pondered,Day 391,Intermediate,யோசி / யோசித்தேன் / யோசித்துள்ளேன்,विचार करना / विचार किया / विचार कर चुका,1. Ponder the issue. // 2. He pondered. // 3. I have pondered.,1. சிந்தி (ஆராய்). // 2. அவர் சிந்தித்தார். // 3. நான் சிந்தித்தேன்.,1. विचार करना। // 2. उसने विचार किया। // 3. मैंने विचार किया है।
Populate / Populated / Populated,Day 392,Intermediate,குடியேற்று / குடியேற்றினேன் / குடியேற்றியுள்ளேன்,बसाना / बसाया / बसा चुका,1. Populate the area. // 2. It populated. // 3. It is populated.,1. குடியேற்று. // 2. அது நிறைந்தது. // 3. மக்கள் நிறைந்துள்ளனர்.,1. बसना/आबादी बढ़ाना। // 2. यह बस गया। // 3. यहाँ आबादी है।
Portray / Portrayed / Portrayed,Day 393,Intermediate,சித்தரி / சித்தரித்தேன் / சித்தரித்துள்ளேன்,चित्रित करना / चित्रित किया / चित्रित कर चुका,1. Portray the hero. // 2. He portrayed. // 3. It is portrayed.,1. சித்தரி. // 2. அவர் சித்தரித்தார். // 3. அது சித்தரிக்கப்பட்டது.,1. चित्रण करना। // 2. उसने चित्रण किया। // 3. इसे चित्रित किया गया है।
Pose / Posed / Posed,Day 394,Intermediate,போஸ் கொடு / கொடுத்தேன் / கொடுத்துள்ளேன்,मुद्रा बनाना / मुद्रा बनाई / मुद्रा बना चुका,1. Pose a question. // 2. He posed. // 3. I have posed.,1. கேள்வி எழுப்பு (பாவனை). // 2. அவர் பாவனை செய்தார். // 3. நான் நின்றேன்.,1. पोज़ देना/खड़ा करना। // 2. उसने पोज़ दिया। // 3. मैंने पोज़ दिया है।
Position / Positioned / Positioned,Day 395,Intermediate,நிலைநிறுத்து / நிலைநிறுத்தினேன் / நிலைநிறுத்தியுள்ளேன்,स्थान देना / स्थान दिया / स्थान दे चुका,1. Position it well. // 2. He positioned it. // 3. It is positioned.,1. நிலைப்படுத்து. // 2. அவர் வைத்தார். // 3. அது வைக்கப்பட்டுள்ளது.,1. स्थिति में रखना। // 2. उसने इसे रखा। // 3. यह रखा हुआ है।
Possess / Possessed / Possessed,Day 396,Intermediate,உடமையாகக் கொண்டிரு / கொண்டிருந்தேன் / கொண்டுள்ளேன்,पास होना / पास था / पास हो चुका,1. Possess talent. // 2. He possessed it. // 3. I have possessed.,1. பெற்றிரு (கொண்டிரு). // 2. அவர் கொண்டிருந்தார். // 3. நான் கொண்டிருந்தேன்.,1. पास होना/अधिकार। // 2. उसके पास था। // 3. मेरे पास रहा है।
Postpone / Postponed / Postponed,Day 397,Intermediate,தள்ளிவை / தள்ளிவைத்தேன் / தள்ளிவைத்துள்ளேன்,स्थगित करना / स्थगित किया / स्थगित कर चुका,1. Postpone meeting. // 2. He postponed. // 3. It is postponed.,1. ஒத்திவை. // 2. அவர் ஒத்திவைத்தார். // 3. அது ஒத்திவைக்கப்பட்டது.,1. स्थगित करना। // 2. उसने टाल दिया। // 3. इसे टाल दिया गया है।
Pounce / Pounced / Pounced,Day 398,Intermediate,பாய்ந்து பிடி / பிடித்தேன் / பிடித்துள்ளேன்,झपटना / झपटा / झपट चुका,1. Lions pounce. // 2. It pounced on me. // 3. It has pounced.,1. பாய். // 2. அது என்மேல் பாய்ந்தது. // 3. அது பாய்ந்துள்ளது.,1. झपटना। // 2. वह मुझ पर झपटा। // 3. वह झपट चुका है।
Pout / Pouted / Pouted,Day 399,Intermediate,உதட்டைப் பிதுக்கு / பிதுக்கினேன் / பிதுக்கியுள்ளேன்,मुंह फुलाना / मुंह फुलाया / मुंह फुला चुका,1. Don't pout. // 2. She pouted. // 3. I have pouted.,1. உதட்டைப் பிதுக்கு. // 2. அவள் பிதுக்கினாள். // 3. நான் பிதுக்கினேன்.,1. मुँह फुलाना। // 2. उसने मुँह फुलाया। // 3. मैंने मुँह फुलाया है।
Predict / Predicted / Predicted,Day 400,Intermediate,கணி / கணித்தேன் / கணித்துள்ளேன்,भविष्यवाणी करना / की / कर चुका,1. Predict the future. // 2. He predicted it. // 3. It was predicted.,1. கணி (முன்கூட்டியே). // 2. அவர் கணித்தார். // 3. அது கணிக்கப்பட்டது.,1. भविष्यवाणी करना। // 2. उसने भविष्यवाणी की। // 3. इसकी भविष्यवाणी की गई।