Serial Number,Day Number,English Word,Part of Speech,Difficulty,Tamil Translation,Hindi Translation,English Example,Tamil Example,Hindi Example,Synonyms,Tamil Meaning
1,Day 1,Amalgamate,Verb,Advanced,இணை,मिलाना (Milaana),The two companies decided to amalgamate.,இரண்டு நிறுவனங்களும் இணைய முடிவு செய்தன.,दोनों कंपनियों ने मिलने का फैसला किया।,"Combine, Merge, Unite",ஒன்றிணைத்தல்
2,Day 1,Ameliorate,Verb,Advanced,மேம்படுத்த,सुधारना [Sudhaarna],They tried to ameliorate the poor conditions.,மோசமான நிலைமைகளை மேம்படுத்த அவர்கள் முயன்றனர்.,उन्होंने खराब परिस्थितियों को सुधारने की कोशिश की।,"Improve, Enhance, Better",செம்மைப்படுத்து
3,Day 1,Blandishment,Noun,Advanced,முகஸ்துதி,चापलूसी (Chaaploosi),He resisted the salesman's blandishments.,அவர் விற்பனையாளரின் முகஸ்துதிக்கு எதிர்ப்பு தெரிவித்தார்.,उन्होंने विक्रेता की चापलूसी का विरोध किया।,"Flattery, Cajolery",முகஸ்துதி
4,Day 1,Capricious,Adjective,Advanced,நிலையற்ற,मनमौजी (Manmauji),The weather is capricious today.,இன்று வானிலை நிலையற்றதாக உள்ளது.,आज मौसम मनमौजी है।,"Fickle, Unpredictable, Erratic",நிலையற்ற புத்தி
5,Day 2,Circumvent,Verb,Advanced,தவிர்த்துச் செல்,चकमा देना (Chakma Dena),They tried to circumvent the rules.,அவர்கள் விதிகளைத் தவிர்த்துச் செல்ல முயன்றனர்.,उन्होंने नियमों को चकमा देने की कोशिश की।,"Avoid, Bypass, Evade",தவிர்த்தல் / ஏமாற்றுதல்
6,Day 2,Conjecture,Noun,Advanced,ஊகம்,अनुमान (Anumaan),That is pure conjecture.,அது வெறும் ஊகம் ஆகும்.,वह शुद्ध अनुमान है।,"Guess, Speculation, Surmise",ஊகம்
7,Day 2,Deleterious,Adjective,Advanced,தீங்கு விளைவிக்கும்,हानिकारक (Haanikaarak),Smoking has a deleterious effect on health.,புகைபிடித்தல் ஆரோக்கியத்தில் தீங்கு விளைவிக்கும் விளைவைக் கொண்டுள்ளது.,धूम्रपान का स्वास्थ्य पर हानिकारक प्रभाव पड़ता है।,"Harmful, Damaging, Injurious",தீங்கான
8,Day 2,Disparage,Verb,Advanced,இழிவுபடுத்து,नीचा दिखाना [Neecha Dikhaana],Do not disparage the efforts of others.,மற்றவர்களின் முயற்சிகளை இழிவுபடுத்தாதீர்கள்.,दूसरों के प्रयासों को नीचा मत दिखाओ।,"Belittle, Decry, Criticize",இகழ்ந்து பேசுதல்
9,Day 2,Disseminate,Verb,Advanced,பரப்பு,फैलाना (Phailaana),The news must disseminate quickly.,இந்தச் செய்தி விரைவாகப் பரப்பப்பட வேண்டும்.,खबर तेजी से फैलानी चाहिए।,"Spread, Circulate, Diffuse",பரப்புதல்
10,Day 3,Equivocate,Verb,Advanced,இருபொருள் பேசு,टालमटोल करना (Taalmatol Karna),Don't equivocate in your answer.,உங்கள் பதிலில் இருபொருள் பேச வேண்டாம்.,अपने उत्तर में टालमटोल न करें।,"Prevaricate, Hedge, Stall",நழுவுதல்
11,Day 3,Exacerbate,Verb,Advanced,மோசமாக்கு,बदतर बनाना (Badtar Banana),Don't exacerbate the problem.,பிரச்சனையை மோசமாக்க வேண்டாம்.,समस्या को बदतर न बनाएं।,"Aggravate, Worsen, Inflame",மோசமாக்கு
12,Day 3,Gerrymander,Verb,Advanced,கள்ளத்தனமாகப் பிரிக்க,अवैध रूप से क्षेत्र विभाजित करना (Avaidh Roop Se Kshetra Vibhajit Karna),They accused the party of gerrymandering.,அவர்கள் கட்சியை கள்ளத்தனமாகப் பிரிக்க குற்றம் சாட்டினர்.,उन्होंने पार्टी पर अवैध रूप से क्षेत्र विभाजित करने का आरोप लगाया।,"Manipulate, Fix, Rig",தொகுதி மாற்றச் சதி
13,Day 3,Gregarious,Adjective,Advanced,கூட்டமாக வாழும்,मिलनसार (Milansaar),She is a gregarious and friendly person.,அவள் ஒரு கூட்டமாக வாழும் மற்றும் நட்பான நபர்.,वह एक मिलनसार और दोस्ताना इंसान है।,"Sociable, Outgoing, Friendly",கலகலப்பான
14,Day 3,Heterogeneous,Adjective,Advanced,பலவகைப்பட்ட,विषमांगी (Vishmaangi),The crowd was heterogeneous.,கூட்டம் பலவகைப்பட்டதாக இருந்தது.,भीड़ विषमांगी थी।,"Diverse, Varied, Mixed",பலதரப்பட்ட
15,Day 4,Idiosyncrasy,Noun,Advanced,தனித்தன்மை,विलक्षणता (Vilakshanta),His idiosyncrasy was eating only green foods.,பச்சை உணவுகளை மட்டுமே சாப்பிடுவது அவரது தனித்தன்மை ஆகும்.,उनकी विलक्षणता केवल हरे खाद्य पदार्थ खाना थी।,"Peculiarity, Quirk, Mannerism",தனித்தன்மை
16,Day 4,Impasse,Noun,Advanced,முட்டுக்கட்டை,गतिरोध [Gatirodh],Negotiations reached a sudden impasse.,பேச்சுவார்த்தை திடீர் முட்டுக்கட்டையை அடைந்தது.,बातचीत अचानक गतिरोध पर पहुँच गई।,"Deadlock, Stalemate, Standoff",தடை
17,Day 4,Impeccable,Adjective,Advanced,குறையற்ற,त्रुटिहीन (Trutihin),His manners were impeccable.,அவரது நடத்தை குறையற்றதாக இருந்தது.,उनका व्यवहार त्रुटिहीन था।,"Flawless, Perfect, Spotless",குறையற்ற
18,Day 4,Incendiary,Adjective,Advanced,ஆத்திரமூட்டும்,भड़काऊ (Bhadkaau),He made an incendiary speech.,அவர் ஒரு ஆத்திரமூட்டும் உரையை நிகழ்த்தினார்.,उन्होंने एक भड़काऊ भाषण दिया।,"Inflammatory, Provocative",தூண்டிவிடும்
19,Day 4,Incorporate,Verb,Advanced,இணைத்துக்கொள்,शामिल करना (Shaamil Karna),We must incorporate new ideas.,நாம் புதிய யோசனைகளை இணைத்துக்கொள்ள வேண்டும்.,हमें नए विचारों को शामिल करना चाहिए।,"Include, Integrate, Combine",ஒருங்கிணைத்தல்
20,Day 5,Juggernaut,Noun,Advanced,தடைசெய்ய முடியாத சக்தி,प्रचंड शक्ति (Prachand Shakti),The company became a market juggernaut.,அந்த நிறுவனம் ஒரு சந்தை தடைசெய்ய முடியாத சக்தியாக மாறியது.,कंपनी एक बाजार प्रचंड शक्ति बन गई।,"Force, Power, Steamroller",தடுக்க முடியாத சக்தி
21,Day 5,Lugubrious,Adjective,Advanced,சோகமான,उदास (Udaas),He had a lugubrious expression.,அவரிடம் ஒரு சோகமான வெளிப்பாடு இருந்தது.,उनका उदास भाव था।,"Mournful, Gloomy, Sad",துயரமான
22,Day 5,Mellifluous,Adjective,Advanced,இனிமையான குரல் கொண்ட,मधुरभाषी (Madhurbhaashi),The singer had a mellifluous voice.,அந்தப் பாடகருக்கு இனிமையான குரல் இருந்தது.,गायक की आवाज़ मधुरभाषी थी।,"Sweet, Dulcet, Smooth",இனிமையான ஒலி
23,Day 5,Meticulously,Adverb,Advanced,நுணுக்கமாக,सावधानी से (Saavdhani Se),She planned the event meticulously.,அவள் நிகழ்வை நுணுக்கமாக திட்டமிட்டாள்.,उसने कार्यक्रम की योजना सावधानी से बनाई।,"Carefully, Precisely, Thoroughly",நுணுக்கமாக
24,Day 5,Misanthrope,Noun,Advanced,மனித வெறுப்பாளர்,मानवद्वेषी (Maanavdveshi),He became a lonely misanthrope.,அவர் ஒரு தனிமையான மனித வெறுப்பாளராக ஆனார்.,वह एक अकेला मानवद्वेषी बन गया।,"Cynic, Hater of people",மனித வெறுப்பாளர்
25,Day 6,Moratorium,Noun,Advanced,தடைக்காலம்,रोक (Rok),They placed a moratorium on new construction.,அவர்கள் புதிய கட்டுமானத்திற்கு ஒரு தடைக்காலம் விதித்தனர்.,उन्होंने नए निर्माण पर रोक लगा दी।,"Ban, Suspension, Delay",தற்காலிக தடை
26,Day 6,Obsequious,Adjective,Advanced,அதிகப்படியான பணிவுள்ள,चाटुकार (Chaatookar),The staff were excessively obsequious.,ஊழியர்கள் அதிகப்படியான பணிவுள்ளவர்களாக இருந்தனர்.,कर्मचारी अत्यधिक चाटुकार थे।,"Servile, Fawning, Groveling",பணிவான (மிதமிஞ்சிய)
27,Day 6,Perfunctory,Adjective,Advanced,மேலோட்டமான,लापरवाही भरा (Laaparvaahi Bhara),The cleaner did a perfunctory job.,துப்புரவு பணியாளர் ஒரு மேலோட்டமான வேலையைச் செய்தார்.,सफाईकर्मी ने लापरवाही भरा काम किया।,"Cursory, Careless, Brief",கடமைக்காக
28,Day 6,Pristine,Adjective,Advanced,பழமையான,प्राचीन [Praacheen],The untouched forest was pristine.,தொடப்படாத காடு பழமையானதாக இருந்தது.,अछूता जंगल प्राचीन था।,"Unspoiled, Pure, Immaculate",களங்கமற்ற
29,Day 6,Pugnacious,Adjective,Advanced,சண்டை பிடிக்கும்,झगड़ालू (Jhagaraloo),The politician was known for his pugnacious style.,அந்த அரசியல்வாதி தனது சண்டை பிடிக்கும் பாணிக்கு பெயர் பெற்றவர்.,वह राजनेता अपनी झगड़ालू शैली के लिए जाने जाते थे।,"Aggressive, Belligerent, Hostile",சண்டையிடும் குணம்
30,Day 7,Recalcitrant,Adjective,Advanced,பிடிவாதமான,हठी (Hathi),The boy was recalcitrant and refused to obey.,"அந்தச் சிறுவன் பிடிவாதமாக இருந்தான், கீழ்ப்படிய மறுத்தான்.",वह लड़का हठी था और आज्ञा मानने से इनकार कर दिया।,"Uncooperative, Stubborn, Defiant",பிடிவாதமான
31,Day 7,Recuperate,Verb,Advanced,மீண்டு வா,स्वास्थ्य लाभ करना (Svaasthya Laabh Karna),He needs time to recuperate.,அவர் மீண்டு வர நேரம் தேவை.,उन्हें स्वास्थ्य लाभ करने के लिए समय चाहिए।,"Recover, Heal, Mend",தேறுதல் (உடல்நலம்)
32,Day 7,Relegate,Verb,Advanced,தாழ்த்து,पदावनत करना [Padaavanat Karna],She was relegated to a minor role.,அவள் ஒரு சிறிய பதவிக்கு தாழ்த்தப்பட்டாள்.,उसे एक छोटी भूमिका में पदावनत कर दिया गया।,"Demote, Downgrade, Exile",பதவி குறை
33,Day 7,Resilience,Noun,Advanced,மீள்திறன்,लचीलापन (Lacheelapan),Her resilience helped her recover.,அவளது மீள்திறன் மீட்க உதவியது.,उनकी लचीलापन ने उन्हें ठीक होने में मदद की।,"Flexibility, Toughness, Elasticity",மீள்திறன்
34,Day 7,Sanctimonious,Adjective,Advanced,பக்தியை வெளிப்படுத்தும்,पाखंडी (Paakhandi),His sanctimonious attitude annoyed everyone.,அவரது பக்தியை வெளிப்படுத்தும் அணுகுமுறை அனைவரையும் எரிச்சலூட்டியது.,उनके पाखंडी रवैये ने सभी को परेशान किया।,"Hypocritical, Self-righteous",போலியான பக்தியுள்ள
35,Day 8,Scrutinize,Verb,Advanced,நுணுக்கமாக ஆராய்,जांचना (Jaanchana),The boss will scrutinize the report.,முதலாளி அறிக்கையை நுணுக்கமாக ஆராய்வார்.,मालिक रिपोर्ट को जांचेंगे।,"Examine, Inspect, Analyze",கூர்ந்து கவனி
36,Day 8,Stentorian,Adjective,Advanced,உரத்த (குரல்),ज़ोरदार (Zordaar),The speaker had a stentorian voice.,பேச்சாளருக்கு உரத்த குரல் இருந்தது.,वक्ता की आवाज़ ज़ोरदार थी।,"Loud, Powerful, Booming",உரத்த குரல்
37,Day 8,Tantamount,Adjective,Advanced,சமமான,बराबर (Baraabar),His silence was tantamount to an admission.,அவரது மௌனம் ஒப்புதலுக்குச் சமமானதாக இருந்தது.,उनकी चुप्पी एक स्वीकृति के बराबर थी।,"Equivalent, Equal, Same",சமமான
38,Day 8,Trepidation,Noun,Advanced,திகில் / அச்சம்,घबराहट (Ghabraahat),She faced the interview with trepidation.,அவர் திகிலுடன் நேர்காணலை எதிர்கொண்டார்.,उसने घबराहट के साथ साक्षात्कार का सामना किया।,"Fear, Anxiety, Alarm",நடுக்கம் / கலக்கம்
39,Day 8,Ubiquitous,Adjective,Advanced,எல்லா இடங்களிலும் உள்ள,सर्वव्यापी (Sarvavyaapi),Smartphones are now ubiquitous.,ஸ்மார்ட்போன்கள் இப்போது எல்லா இடங்களிலும் உள்ளன.,स्मार्टफोन अब सर्वव्यापी हैं।,"Everywhere, Pervasive, Omnipresent",எங்கும் நிறைந்த
40,Day 9,Vituperate,Verb,Advanced,திட்டு,फटकारना (Phatkaarna),He used to vituperate his opponents.,அவர் தனது எதிரிகளைத் திட்டுவார்.,वह अपने विरोधियों को फटकारता था।,"Scold, Revile, Berate",வசைபாடுதல்
41,Day 9,Xenophobia,Noun,Advanced,வெளிநாட்டினர் மீதான பயம்,विदेशियों से घृणा (Videshiyon Se Ghrina),The rise of xenophobia is worrying.,வெளிநாட்டினர் மீதான பயத்தின் எழுச்சி கவலை அளிக்கிறது.,विदेशियों से घृणा का बढ़ना चिंताजनक है।,"Prejudice, Intolerance",அயல்நாட்டவர் மீதான பயம்
42,Day 9,Absolve,Verb,Advanced,குற்றத்திலிருந்து விடு,दोषमुक्त करना (Doshmukth Karna),The court will absolve him of all charges.,நீதிமன்றம் அவரை அனைத்து குற்றங்களிலிருந்தும் விடுவிக்கும்.,अदालत उसे सभी आरोपों से दोषमुक्त करेगी।,"Exonerate, Vindicate, Forgive",விடுதலை செய்
43,Day 9,Ascetic,Adjective,Advanced,துறவறம் சார்ந்த,तपस्वी (Tapasvi),He leads an ascetic life of contemplation.,அவர் தியானத்தின் துறவற வாழ்க்கையை நடத்துகிறார்.,वह चिंतन का तपस्वी जीवन जीता है।,"Austere, Self-denying, Spartan",சந்நியாசி
44,Day 9,Assuage,Verb,Advanced,அமைதிப்படுத்து,शांत करना (Shaanth Karna),The doctor tried to assuage the patient's fears.,மருத்துவர் நோயாளியின் பயங்களை அமைதிப்படுத்த முயன்றார்.,डॉक्टर ने मरीज के डर को शांत करने की कोशिश की।,"Alleviate, Mitigate, Relieve",தணி
45,Day 10,Bombastic,Adjective,Advanced,ஆடம்பரமான,आडंबरपूर्ण (Aadambarpoorn),His speech was too bombastic and lacked substance.,"அவரது பேச்சு மிகவும் ஆடம்பரமானதாக இருந்தது, அதில் பொருள் இல்லை.",उनका भाषण बहुत आडंबरपूर्ण था और उसमें सार की कमी थी।,"Pompous, Grandiloquent, Inflated",வீண் பேச்சு
46,Day 10,Celerity,Noun,Advanced,விரைவு,शीघ्रता (Shighratha),The celerity of the response surprised everyone.,பதிலின் விரைவு அனைவரையும் ஆச்சரியப்படுத்தியது.,प्रतिक्रिया की शीघ्रता ने सभी को चकित कर दिया।,"Swiftness, Haste, Rapidity",வேகம்
47,Day 10,Conflagration,Noun,Advanced,பெரும் தீ விபத்து,भीषण आग (Bheeshan Aag),The fire quickly turned into a conflagration.,தீ விரைவாக ஒரு பெரும் தீ விபத்தாக மாறியது.,आग जल्दी ही एक भीषण आग में बदल गई।,"Blaze, Firestorm, Inferno",தீக்காயம்
48,Day 10,Didactic,Adjective,Advanced,அறிவுறுத்தும்,शिक्षाप्रद (Shikshaprad),"The novel was heavily didactic, with a clear moral.","இந்த நாவல் ஒரு தெளிவான தார்மீகத்துடன், மிகவும் அறிவுறுத்தும் விதமாக இருந்தது.","उपन्यास एक स्पष्ट नैतिकता के साथ, बहुत शिक्षाप्रद था।","Instructive, Moralizing, Edifying",போதனை செய்யும்
49,Day 10,Ephemeral,Adjective,Advanced,நிலையற்ற,क्षणभंगुर (Kshanbhangur),The beauty of the sunset is ephemeral.,சூரிய அஸ்தமனத்தின் அழகு நிலையற்றது.,सूर्यास्त की सुंदरता क्षणभंगुर है।,"Transitory, Fleeting, Short-lived",அற்பாயுள்
50,Day 11,Fastidious,Adjective,Advanced,நுணுக்கம் மிக்க,नकचढ़ा (Nakchadhā),He is fastidious about his appearance.,அவர் தனது தோற்றத்தைப் பற்றி நுணுக்கம் மிக்கவர்.,वह अपनी उपस्थिति के बारे में नकचढ़ा है।,"Meticulous, Scrupulous, Punctilious",கண்டிப்பான
51,Day 11,Inure,Verb,Advanced,பழக்கப்படுத்து,अभ्यस्त करना (Abhyasth Karna),He was inured to the cold weather.,அவர் குளிர் காலநிலைக்கு பழக்கப்படுத்தப்பட்டார்.,वह ठंडे मौसम का अभ्यस्त था।,"Harden, Acclimatize, Desensitize",பழகிவிடு
52,Day 11,Invective,Noun,Advanced,வசவு,गाली गलौज (Gaali Galauj),His speech was filled with bitter invective.,அவரது பேச்சு கடுமையான வசவுகளால் நிரம்பியிருந்தது.,उनका भाषण कड़वी गाली गलौज से भरा था।,"Abuse, Vilification, Denunciation",தூற்றல்
53,Day 11,Languid,Adjective,Advanced,சோர்ந்த,आलसी (Aalasi),A languid afternoon was spent reading.,ஒரு சோர்ந்த மதியம் வாசிப்பதில் கழிந்தது.,एक आलसी दोपहर पढ़ने में बीता।,"Listless, Lethargic, Sluggish",மந்தமான
54,Day 11,Munificent,Adjective,Advanced,தாராளமான,उदार (Udaar),The munificent donation helped the hospital.,தாராளமான நன்கொடை மருத்துவமனைக்கு உதவியது.,उदार दान ने अस्पताल की मदद की।,"Generous, Bountiful, Lavish",பெருங்கொடை
55,Day 12,Neophyte,Noun,Advanced,புதியவர்,नौसिखिया (Nausikhiya),He is a neophyte in the world of politics.,அவர் அரசியலில் ஒரு புதியவர்.,वह राजनीति की दुनिया में एक नौसिखिया है।,"Beginner, Novice, Tyro",புதுமுக
56,Day 12,Ostentatious,Adjective,Advanced,பகட்டான,दिखावटी (Dikhaavati),They lived in an ostentatious mansion.,அவர்கள் ஒரு பகட்டான மாளிகையில் வசித்து வந்தனர்.,वे एक दिखावटी हवेली में रहते थे।,"Flamboyant, Pretentious, Gaudy",தம்பட்டம்
57,Day 12,Paltry,Adjective,Advanced,அற்பமான,तुच्छ (Tuchchh),He was paid a paltry sum for his work.,அவரது வேலைக்கு அவருக்கு அற்பமான தொகை வழங்கப்பட்டது.,उन्हें उनके काम के लिए एक तुच्छ राशि का भुगतान किया गया।,"Meager, Insignificant, Worthless",சில்லறை
58,Day 12,Polemic,Noun,Advanced,விவாதப் போர்,विवादात्मक (Vivaadaatmak),The article was a fierce polemic against the government.,அந்தக் கட்டுரை அரசாங்கத்திற்கு எதிரான ஒரு கடுமையான விவாதப் போராக இருந்தது.,लेख सरकार के खिलाफ एक उग्र विवादात्मक था।,"Controversy, Argument, Attack",தர்க்கம்
59,Day 12,Prosaic,Adjective,Advanced,சலிப்பூட்டும்,नीरस (Neeras),The speaker's delivery was utterly prosaic.,பேச்சாளரின் பேச்சு முற்றிலும் சலிப்பூட்டுவதாக இருந்தது.,वक्ता का वितरण पूरी तरह से नीरस था।,"Dull, Ordinary, Tedious",சுவையற்ற
60,Day 13,Pundit,Noun,Advanced,நிபுணர்,विशेषज्ञ (Visheshagya),She is a respected political pundit.,அவர் ஒரு மரியாதைக்குரிய அரசியல் நிபுணர்.,वह एक सम्मानित राजनीतिक विशेषज्ञ हैं।,"Expert, Authority, Scholar",பண்டிதர்
61,Day 13,Querulous,Adjective,Advanced,முறையிடும்,झगड़ालू (Jhagaraloo),The customer was querulous about the delay.,வாடிக்கையாளர் தாமதம் குறித்து முறையிட்டார்.,ग्राहक देरी के बारे में झगड़ालू था।,"Complaining, Petulant, Grumbling",குறை கூறுகின்ற
62,Day 13,Quotidian,Adjective,Advanced,அன்றாட,रोज़मर्रा का (Rozmarra Kaa),His quotidian routine rarely varied.,அவரது அன்றாட வழக்கம் அரிதாகவே வேறுபட்டது.,उनका रोज़मर्रा का रूटीन शायद ही कभी बदला।,"Daily, Commonplace, Routine",தினசரி
63,Day 13,Rancor,Noun,Advanced,கடும் வெறுப்பு,द्वेष (Dvesh),He spoke without any rancor towards his rival.,அவர் தனது போட்டியாளரிடம் எந்தக் கடும் வெறுப்பும் இல்லாமல் பேசினார்.,उन्होंने अपने प्रतिद्वंद्वी के प्रति बिना किसी द्वेष के बात की।,"Bitterness, Animosity, Hatred",விரோதம்
64,Day 13,Raze,Verb,Advanced,தரைமட்டமாக்கு,ध्वस्त करना (Dhwast Karna),The old building was razed to the ground.,பழைய கட்டிடம் தரைமட்டமாக்கப்பட்டது.,पुरानी इमारत को ध्वस्त कर दिया गया था।,"Demolish, Level, Flatten",இடித்துத் தள்ளு
65,Day 14,Repudiate,Verb,Advanced,நிராகரி,अस्वीकार करना (Asweekaar Karna),He was quick to repudiate the accusation.,அவர் அந்த குற்றச்சாட்டை விரைவாக நிராகரித்தார்.,उन्होंने आरोप को अस्वीकार करने में तेजी दिखाई।,"Reject, Disavow, Deny",மறு
66,Day 14,Rescind,Verb,Advanced,ரத்து செய்,रद्द करना (Radd Karna),The company decided to rescind the offer.,நிறுவனம் சலுகையை ரத்து செய்ய முடிவு செய்தது.,कंपनी ने प्रस्ताव को रद्द करने का फैसला किया।,"Revoke, Annul, Cancel",திரும்பப் பெறு
67,Day 14,Salient,Adjective,Advanced,முக்கிய,मुख्य (Mukhya),The salient points of the argument were clear.,வாதத்தின் முக்கிய அம்சங்கள் தெளிவாக இருந்தன.,तर्क के मुख्य बिंदु स्पष्ट थे।,"Prominent, Important, Noticeable",பிரதான
68,Day 14,Satiate,Verb,Advanced,பூர்த்தி செய்,तृप्त करना (Tript Karna),A good meal will satiate your hunger.,ஒரு நல்ல உணவு உங்கள் பசியைப் பூர்த்தி செய்யும்.,एक अच्छा भोजन आपकी भूख को तृप्त करेगा।,"Satisfy, Gorge, Quench",நிறைவு செய்
69,Day 14,Serendipity,Noun,Advanced,எதிர்பாராத அதிர்ஷ்டம்,संयोग (Sanyog),Finding the perfect apartment was pure serendipity.,சரியான குடியிருப்பைக் கண்டுபிடிப்பது முற்றிலும் எதிர்பாராத அதிர்ஷ்டம்.,सही अपार्टमेंट खोजना शुद्ध संयोग था।,"Chance, Luck, Fortuity",தற்செயலான நிகழ்வு
70,Day 15,Soporific,Adjective,Advanced,தூக்கத்தை வரவழைக்கும்,नींद लाने वाला (Neend Laane Waala),The lecture had a soporific effect on the students.,விரிவுரை மாணவர்களுக்கு தூக்கத்தை வரவழைக்கும் விளைவை ஏற்படுத்தியது.,व्याख्यान का छात्रों पर नींद लाने वाला प्रभाव पड़ा।,"Sleep-inducing, Calming, Drowsy",தூக்கம் தரும்
71,Day 15,Supplant,Verb,Advanced,இடத்தைப் பிடி,हटाना (Hataana),Automation will supplant manual labor.,தானியங்கு முறை மனித உழைப்பின் இடத்தைப் பிடிக்கும்.,स्वचालन से शारीरिक श्रम को हटाना होगा।,"Replace, Supersede, Usurp",நீக்கிவிடு
72,Day 15,Tacit,Adjective,Advanced,சொல்லப்படாத,मौन (Maun),Their tacit agreement was understood by all.,அவர்களின் சொல்லப்படாத ஒப்பந்தம் அனைவருக்கும் புரிந்தது.,उनका मौन समझौता सभी को समझ में आ गया।,"Implicit, Unspoken, Understood",ஊமை
73,Day 15,Temerity,Noun,Advanced,துணிச்சல்,दुस्साहस (Dussaahas),He had the temerity to challenge the boss.,அவர் முதலாளிக்கு சவால் விடும் துணிச்சலைக் கொண்டிருந்தார்.,उसमें बॉस को चुनौती देने का दुस्साहस था।,"Audacity, Boldness, Recklessness",தைரியம்
74,Day 15,Tepid,Adjective,Advanced,லேசான சூடு,गुनगुना (Gunaguna),She gave a tepid response to the proposal.,அவர் அந்த முன்மொழிவுக்கு ஒரு லேசான சூடான பதிலை அளித்தார்.,उसने प्रस्ताव पर गुनगुना प्रतिक्रिया दी।,"Lukewarm, Mild, Halfhearted",குளிர்ந்த
75,Day 16,Travesty,Noun,Advanced,கேலிச்சித்திரம்,मज़ाक (Mazaak),The trial was a travesty of justice.,அந்த விசாரணை நீதியின் கேலிச்சித்திரமாக இருந்தது.,यह मुकदमा न्याय का मज़ाक था।,"Farce, Mockery, Perversion",பரிகாசம்
76,Day 16,Turbid,Adjective,Advanced,கலங்கிய,गंदला (Gandalaa),The river water was turbid after the storm.,புயலுக்குப் பிறகு ஆற்று நீர் கலங்கியது.,तूफान के बाद नदी का पानी गंदला था।,"Cloudy, Muddy, Opaque",அசுத்தமான
77,Day 16,Vacillate,Verb,Advanced,அசை,डगमगाना (Dagamagaana),He tends to vacillate between two choices.,அவர் இரண்டு தேர்வுகளுக்கு இடையில் அசைகிறார்.,वह दो विकल्पों के बीच डगमगाने लगता है।,"Waver, Hesitate, Indecisive",ஊசலாடு
78,Day 16,Verdant,Adjective,Advanced,பசுமையான,हरा भरा (Haraa Bharaa),The hills were covered in verdant foliage.,மலைகள் பசுமையான இலைகளால் மூடப்பட்டிருந்தன.,पहाड़ियाँ हरा भरा पत्तों से ढकी हुई थीं।,"Green, Lush, Leafy",செழிப்பான
79,Day 16,Vilify,Verb,Advanced,அவதூறு செய்,बदनाम करना (Badnaam Karna),The press tried to vilify the celebrity.,பத்திரிகைகள் அந்த பிரபலத்தை அவதூறு செய்ய முயன்றன.,प्रेस ने सेलिब्रिटी को बदनाम करने की कोशिश की।,"Slander, Defame, Denigrate",பழியிடு
80,Day 17,Vitiate,Verb,Advanced,கெடுத்துவிடு,भ्रष्ट करना (Bhrasht Karna),A single mistake can vitiate the entire process.,ஒரு சிறிய தவறு முழு செயல்முறையையும் கெடுத்துவிடும்.,एक गलती पूरी प्रक्रिया को भ्रष्ट कर सकती है।,"Impair, Spoil, Corrupt",மதிப்பிழக்கச் செய்
81,Day 17,Winsome,Adjective,Advanced,கவரக்கூடிய,मनमोहक (Manamohak),Her winsome smile charmed the audience.,அவரது கவரக்கூடிய புன்னகை பார்வையாளர்களை கவர்ந்தது.,उनकी मनमोहक मुस्कान ने दर्शकों को मोहित किया।,"Charming, Engaging, Appealing",கவர்ச்சி
82,Day 17,Zenith,Noun,Advanced,உச்சம்,शिखर (Shikhar),He reached the zenith of his career.,அவர் தனது தொழில் வாழ்க்கையின் உச்சத்தை அடைந்தார்.,उन्होंने अपने करियर के शिखर पर पहुँच गए।,"Apex, Peak, Acme",மேல்நிலை
83,Day 17,Abnegate,Verb,Advanced,மறு,अस्वीकार करना (Asweekaar Karna),He chose to abnegate his luxurious lifestyle.,அவர் தனது ஆடம்பரமான வாழ்க்கை முறையை மறுக்க முடிவு செய்தார்.,उन्होंने अपनी शानदार जीवनशैली को अस्वीकार करने का फैसला किया।,"Renounce, Reject, Abstain",கைவிடு
84,Day 17,Clandestine,Adjective,Advanced,இரகசியமான,गुप्त (Gupth),The group held clandestine meetings.,அந்த குழு இரகசியமான கூட்டங்களை நடத்தியது.,समूह ने गुप्त बैठकें आयोजित कीं।,"Secret, Covert, Surreptitious",மறைவான
85,Day 18,Convivial,Adjective,Advanced,கலகலப்பான,मिलनसार (Milansaar),The atmosphere was convivial and welcoming.,வளிமண்டலம் கலகலப்பானதாகவும் வரவேற்கத்தக்கதாகவும் இருந்தது.,माहौल मिलनसार और स्वागत करने वाला था।,"Friendly, Sociable, Jovial",இன்பமான
86,Day 18,Debacle,Noun,Advanced,படுதோல்வி,पराजय (Paraajay),The economic plan was a complete debacle.,பொருளாதாரத் திட்டம் ஒரு முழுமையான படுதோல்வி.,आर्थिक योजना एक पूर्ण पराजय थी।,"Disaster, Failure, Catastrophe",சறுக்கல்
87,Day 18,Delineate,Verb,Advanced,விவரி,चित्रित करना (Chitrith Karna),The boundaries of the new territory were delineated.,புதிய பிரதேசத்தின் எல்லைகள் விவரிக்கப்பட்டன.,नए क्षेत्र की सीमाओं को चित्रित किया गया था।,"Define, Describe, Portray",சுட்டிக்காட்டு
88,Day 18,Elucidate,Verb,Advanced,தெளிவுபடுத்து,समझाना (Samjhaana),Could you elucidate the complex theory?,நீங்கள் சிக்கலான கோட்பாட்டை தெளிவுபடுத்த முடியுமா?,क्या आप जटिल सिद्धांत को समझा सकते हैं?,"Clarify, Explain, Illuminate",விளக்கு
89,Day 18,Fatuous,Adjective,Advanced,முட்டாள்தனமான,मूर्खतापूर्ण (Moorkhataapoorna),The reporter asked a fatuous question.,அந்த நிருபர் ஒரு முட்டாள்தனமான கேள்வியைக் கேட்டார்.,पत्रकार ने एक मूर्खतापूर्ण सवाल पूछा।,"Silly, Foolish, Asinine",அறிவில்லாத
90,Day 19,Hapless,Adjective,Advanced,துரதிர்ஷ்டவசமான,अभागा (Abhaaga),The hapless victim lost everything in the fire.,துரதிர்ஷ்டவசமான பாதிக்கப்பட்டவர் தீ விபத்தில் அனைத்தையும் இழந்தார்.,अभागा पीड़ित आग में सब कुछ खो दिया।,"Unlucky, Unfortunate, Jinxed",பாக்கியமற்ற
91,Day 19,Ineffable,Adjective,Advanced,விவரிக்க முடியாத,अवर्णनीय (Avarnaneey),The beauty of the place was ineffable.,அந்த இடத்தின் அழகு விவரிக்க முடியாதது.,जगह की सुंदरता अवर्णनीय थी।,"Indescribable, Unspeakable, Sublime",சொல்ல இயலாத
92,Day 19,Aberration,Noun,Advanced,விலகல்,विपथन (Vipathan),The anomaly was considered an aberration from the norm.,இந்த ஒழுங்கின்மை வழக்கத்திலிருந்து ஒரு விலகலாக கருதப்பட்டது.,विसंगति को सामान्य से एक विपथन माना गया।,"Anomaly, Deviation, Irregularity",ஒழுங்கின்மை
93,Day 19,Altruistic,Adjective,Advanced,பரோபகார,परोपकारी (Paropkaaree),An altruistic person always tries to help others.,ஒரு பரோபகார நபர் எப்போதும் மற்றவர்களுக்கு உதவ முயற்சிக்கிறார்.,एक परोपकारी व्यक्ति हमेशा दूसरों की मदद करने की कोशिश करता है।,"Selfless, Charitable, Humanitarian",தாராள மனம்
94,Day 19,Callous,Adjective,Advanced,உணர்ச்சியற்ற,कठोर (Kathor),He was criticized for his callous disregard for suffering.,துன்பத்தை உணர்ச்சியற்ற முறையில் புறக்கணித்ததற்காக அவர் விமர்சிக்கப்பட்டார்.,दुख के प्रति उनकी कठोर उपेक्षा के लिए उनकी आलोचना की गई थी।,"Heartless, Insensitive, Cruel",கடும்பற்று
95,Day 20,Dearth,Noun,Advanced,பற்றாக்குறை,कमी (Kamee),There is a dearth of qualified teachers in the area.,இந்த பகுதியில் தகுதிவாய்ந்த ஆசிரியர்கள் பற்றாக்குறை உள்ளது.,क्षेत्र में योग्य शिक्षकों की कमी है।,"Scarcity, Lack, Deficiency",குறைவு
96,Day 20,Efficacy,Noun,Advanced,திறன்,प्रभावकारिता (Prabhaavkaarita),The efficacy of the new medicine is still being tested.,புதிய மருந்தின் திறன் இன்னும் பரிசோதிக்கப்பட்டு வருகிறது.,नई दवा की प्रभावकारिता का अभी भी परीक्षण किया जा रहा है।,"Effectiveness, Potency, Power",செயல் திறன்
97,Day 20,Fecund,Adjective,Advanced,வளமான,उपजाऊ (Upajaaoo),The rainforest is a remarkably fecund ecosystem.,மழைக்காடு குறிப்பிடத்தக்க வளமான சுற்றுச்சூழல் அமைப்பாகும்.,वर्षावन एक उल्लेखनीय रूप से उपजाऊ पारिस्थितिकी तंत्र है।,"Fertile, Productive, Prolific",செழுமையான
98,Day 20,Hackneyed,Adjective,Advanced,பழங்கால,घिसा-पिटा (Ghisa-pita),His speech was full of hackneyed phrases.,அவரது பேச்சு பழங்கால சொற்றொடர்களால் நிறைந்திருந்தது.,उनका भाषण घिसे-पिटे वाक्यांशों से भरा हुआ था।,"Trite, Clichéd, Overused",சலிப்படைந்த
99,Day 20,Iconoclast,Noun,Advanced,சிலைகளை உடைப்பவர்,मूर्तिभंजक (Moortibhanjak),"The young writer was an iconoclast, rejecting tradition.",இளம் எழுத்தாளர் மரபுகளை நிராகரித்து சிலைகளை உடைப்பவராக இருந்தார்.,"युवा लेखक एक मूर्तिभंजक थे, जो परंपरा को अस्वीकार करते थे।","Critic, Dissenter, Rebel",எதிர்ப்பவர்
100,Day 21,Juxtaposition,Noun,Advanced,அருகருகே வைத்தல்,सटाव (Sataav),The juxtaposition of the old and new buildings was striking.,பழைய மற்றும் புதிய கட்டிடங்களை அருகருகே வைத்தது குறிப்பிடத்தக்கது.,पुराने और नए भवनों का सटाव आकर्षक था।,"Contrast, Comparison, Proximity",ஒப்பிடுதல்
101,Day 21,Lissome,Adjective,Advanced,நெகிழ்வான,लचीला (Lacheela),The dancer was praised for her lissome movements.,நடனக் கலைஞர் அவரது நெகிழ்வான அசைவுகளுக்காக பாராட்டப்பட்டார்.,नर्तकी की लचीली गतिविधियों के लिए उनकी प्रशंसा की गई।,"Agile, Limber, Graceful",இளகிய
102,Day 21,Mitigate,Verb,Advanced,தணி,कम करना (Kam Karna),They need to mitigate the risks associated with the project.,திட்டத்துடன் தொடர்புடைய அபாயங்களை அவர்கள் தணிக்க வேண்டும்.,उन्हें परियोजना से जुड़े जोखिमों को कम करने की आवश्यकता है।,"Alleviate, Reduce, Soften",மென்மையாக்கு
103,Day 21,Nefarious,Adjective,Advanced,கீழ்த்தரமான,कुख्यात (Kukhyat),The nefarious activities of the criminal were exposed.,குற்றவாளியின் கீழ்த்தரமான நடவடிக்கைகள் அம்பலப்படுத்தப்பட்டன.,अपराधी की कुख्यात गतिविधियाँ उजागर हुईं।,"Wicked, Evil, Heinous",கேடான
104,Day 21,Obdurate,Adjective,Advanced,பிடிவாதமான,जिद्दी (Ziddi),The political leader remained obdurate in his refusal to negotiate.,அரசியல் தலைவர் பேச்சுவார்த்தைக்கு மறுப்பதில் பிடிவாதமாக இருந்தார்.,राजनीतिक नेता बातचीत से इनकार करने में जिद्दी बने रहे।,"Stubborn, Obstinate, Inflexible",வளைந்து கொடுக்காத
105,Day 22,Paragon,Noun,Advanced,சிறந்த எடுத்துக்காட்டு,आदर्श (Aadarsh),He was considered a paragon of virtue.,அவர் ஒரு சிறந்த எடுத்துக்காட்டு என்று கருதப்பட்டார்.,उन्हें सदाचार का आदर्श माना जाता था।,"Model, Example, Epitome",மாதிரி
106,Day 22,Penury,Noun,Advanced,வறுமை,गरीबी (Gareebi),They were reduced to a life of utter penury.,அவர்கள் முழுமையான வறுமையின் வாழ்க்கைக்கு தள்ளப்பட்டனர்.,वे पूर्ण गरीबी के जीवन में सिमट गए थे।,"Poverty, Destitution, Indigence",ஏழ்மை
107,Day 22,Quixotic,Adjective,Advanced,கற்பனையான,आदर्शवादी (Aadarshvaadi),His quixotic dreams of saving the world were admirable.,உலகைக் காப்பாற்றுவதற்கான அவரது கற்பனையான கனவுகள் பாராட்டத்தக்கவை.,दुनिया को बचाने के उनके आदर्शवादी सपने सराहनीय थे।,"Idealistic, Utopian, Visionary",செயல் வடிவம் பெறாத
108,Day 22,Ruminate,Verb,Advanced,அசைபோடு,मनन करना (Manan Karna),She needed time to ruminate on the complicated problem.,சிக்கலான பிரச்சினையைப் பற்றி அசைபோட அவளுக்கு நேரம் தேவைப்பட்டது.,उसे जटिल समस्या पर मनन करने के लिए समय चाहिए था।,"Ponder, Meditate, Contemplate",ஆழ்ந்து சிந்தி
109,Day 22,Sophomoric,Adjective,Advanced,முதிர்ச்சியற்ற,अपरिपक्व (Aparipakv),The critics dismissed the play as sophomoric and childish.,விமர்சகர்கள் நாடகத்தை முதிர்ச்சியற்றதாகவும் குழந்தைத் தனமானதாகவும் நிராகரித்தனர்.,आलोचकों ने नाटक को अपरिपक्व और बचकाना कहकर खारिज कर दिया।,"Immature, Juvenile, Naive",இளமைத்தனமான
110,Day 23,Surreptitious,Adjective,Advanced,இரகசிய,गुप्त (Gupth),The spy made a surreptitious entry into the building.,அந்த உளவாளி கட்டிடத்திற்குள் இரகசியமாக நுழைந்தார்.,जासूस ने इमारत में एक गुप्त प्रवेश किया।,"Secret, Clandestine, Covert",மறைமுக
112,Day 23,Abstruse,Adjective,Advanced,புரிந்துகொள்ள கடினமான,गूढ़ (Goodh),The philosopher's writings were abstruse and difficult to follow.,தத்துவஞானியின் எழுத்துக்கள் புரிந்துகொள்ள கடினமானதாகவும் பின்தொடர கடினமானதாகவும் இருந்தன.,दार्शनिक के लेखन गूढ़ और अनुसरण करने में कठिन थे।,"Obscure, Esoteric, Complex",நுட்பமான
113,Day 23,Anachronism,Noun,Advanced,காலப் பிழை,कालभ्रम (Kaalbhram),A sword fighting scene in a modern film would be an anachronism.,ஒரு நவீன திரைப்படத்தில் வாள் சண்டை காட்சி ஒரு காலப் பிழையாக இருக்கும்.,एक आधुनिक फिल्म में तलवारबाजी का दृश्य एक कालभ्रम होगा।,"Misplacement, Incongruity",முரண்பாடு
114,Day 23,Clairvoyant,Adjective,Advanced,எதிர்காலத்தை அறிந்துகொள்ளும்,दूरदर्शी (Doordarshee),She was a clairvoyant woman who could predict events.,அவள் சம்பவங்களை கணிக்கக்கூடிய ஒரு எதிர்காலத்தை அறிந்துகொள்ளும் பெண்.,वह एक दूरदर्शी महिला थी जो घटनाओं की भविष्यवाणी कर सकती थी।,"Psychic, Prophetic, Seer",ஞானதிருஷ்டி
115,Day 23,Diffidence,Noun,Advanced,கூச்சம்,संकोच (Sankoch),His initial diffidence quickly gave way to confidence.,அவரது ஆரம்ப கூச்சம் விரைவாக நம்பிக்கைக்கு வழிவிட்டது.,उनका शुरुआती संकोच जल्दी ही आत्मविश्वास में बदल गया।,"Shyness, Modesty, Hesitation",தயக்கம்
116,Day 24,Enervate,Verb,Advanced,பலவீனமாக்கு,कमजोर करना (Kamzor Karna),The intense heat began to enervate the marathon runners.,கடுமையான வெப்பம் மாரத்தான் ஓட்டப்பந்தய வீரர்களை பலவீனமாக்கத் தொடங்கியது.,भीषण गर्मी ने मैराथन धावकों को कमजोर करना शुरू कर दिया।,"Exhaust, Weaken, Fatigue",சோர்வடையச் செய்
117,Day 24,Expiate,Verb,Advanced,நிவர்த்தி செய்,प्रायश्चित करना (Praayashchit Karna),He tried to expiate his guilt by helping the poor.,ஏழைகளுக்கு உதவுவதன் மூலம் அவர் தனது குற்ற உணர்வை நிவர்த்தி செய்ய முயன்றார்.,उन्होंने गरीबों की मदद करके अपने अपराध का प्रायश्चित करने की कोशिश की।,"Atonement, Redeem, Compensate",கழுவாய் தேடு
118,Day 24,Fortuitous,Adjective,Advanced,தற்செயலான,आकस्मिक (Aakasmik),It was a fortuitous meeting that led to their business partnership.,அது அவர்களின் வணிக கூட்டுக்கு வழிவகுத்த ஒரு தற்செயலான சந்திப்பு.,यह एक आकस्मिक मुलाकात थी जिसके कारण उनकी व्यावसायिक साझेदारी हुई।,"Accidental, Chance, Unexpected",எதிர்பாராத
119,Day 24,Gratuitous,Adjective,Advanced,தேவையற்ற,अनावश्यक (Anaavashyak),The film contained a lot of gratuitous violence.,திரைப்படத்தில் தேவையற்ற வன்முறை அதிகம் இருந்தது.,फिल्म में बहुत अधिक अनावश्यक हिंसा थी।,"Unwarranted, Unnecessary, Superfluous",காரணமற்ற
120,Day 24,Inchoate,Adjective,Advanced,ஆரம்ப நிலையில் உள்ள,अविकसित (Avikasit),The project is still in an inchoate stage.,இந்த திட்டம் இன்னும் ஆரம்ப நிலையில் உள்ளது.,परियोजना अभी भी एक अविकसित चरण में है।,"Rudimentary, Undeveloped, Nascent",முழுமையற்ற
121,Day 25,Inscrutable,Adjective,Advanced,புரிந்து கொள்ள முடியாத,अगोचर (Agochar),His intentions remained inscrutable to his colleagues.,அவரது நோக்கங்கள் அவரது சகாக்களுக்கு புரிந்து கொள்ள முடியாதவையாக இருந்தன.,उनके इरादे उनके सहयोगियों के लिए अगोचर रहे।,"Enigmatic, Mysterious, Unfathomable",மர்மமான
122,Day 25,Laudable,Adjective,Advanced,பாராட்டத்தக்க,प्रशंसनीय (Prashansneey),His efforts to improve the school were laudable.,பள்ளியை மேம்படுத்துவதற்கான அவரது முயற்சிகள் பாராட்டத்தக்கவை.,स्कूल को बेहतर बनाने के उनके प्रयास प्रशंसनीय थे।,"Commendable, Praiseworthy, Admirable",புகழத்தக்க
123,Day 25,Loquacious,Adjective,Advanced,வாஞ்சையான,बातूनी (Baatoonee),The loquacious host kept the conversation going all night.,வாஞ்சையான விருந்தினர் இரவு முழுவதும் உரையாடலைத் தொடர்ந்தார்.,बातूनी मेजबान ने पूरी रात बातचीत जारी रखी।,"Talkative, Garrulous, Voluble",அதிகமாகப் பேசும்
124,Day 25,Obfuscate,Verb,Advanced,குழப்பு,अस्पष्ट करना (Aspasht Karna),The politician tried to obfuscate the issue with complex terms.,அரசியல்வாதி சிக்கலான சொற்களால் பிரச்சினையை குழப்ப முயன்றார்.,राजनेता ने जटिल शब्दों से मुद्दे को अस्पष्ट करने की कोशिश की।,"Confuse, Cloud, Conceal",மறை
125,Day 25,Parochial,Adjective,Advanced,குறுகிய மனப்பான்மை,संकीर्ण (Sankeern),His views were too parochial to appreciate global issues.,உலகளாவிய பிரச்சினைகளைப் பாராட்ட அவரது கருத்துக்கள் குறுகிய மனப்பான்மை கொண்டவையாக இருந்தன.,वैश्विक मुद्दों की सराहना करने के लिए उनके विचार बहुत संकीर्ण थे।,"Narrow-minded, Provincial, Insular",சிறிய வட்டத்திற்குள்ளான
126,Day 26,Pellucid,Adjective,Advanced,தெளிவாக,पारदर्शी (Paardarshi),The pellucid lake water revealed the stones below.,தெளிவாக இருந்த ஏரி நீர் கீழே இருந்த கற்களை வெளிப்படுத்தியது.,पारदर्शी झील के पानी ने नीचे के पत्थरों को प्रकट किया।,"Transparent, Clear, Lucid",பளிங்கு போன்ற
127,Day 26,Pithy,Adjective,Advanced,சுருக்கமான,सारगर्भित (Saargarhbit),Her response was pithy and to the point.,அவரது பதில் சுருக்கமானதாகவும் பொருத்தமானதாகவும் இருந்தது.,उनका जवाब सारगर्भित और सटीक था।,"Concise, Terse, Succinct",கருத்துள்ள
128,Day 26,Profligate,Adjective,Advanced,வீண்செலவு செய்யும்,अपव्ययी (Apavyayee),The profligate spender soon ran out of money.,வீண்செலவு செய்யும் அந்த நபர் விரைவில் பணத்தை இழந்தார்.,अपव्ययी खर्च करने वाला जल्द ही पैसे से बाहर हो गया।,"Extravagant, Wasteful, Improvident",பணத்தை வீணாக்கும்
129,Day 26,Quiescence,Noun,Advanced,செயலற்ற நிலை,निष्क्रियता (Nishkriyata),The market entered a period of quiescence.,சந்தை ஒரு செயலற்ற காலத்திற்குள் நுழைந்தது.,बाजार निष्क्रियता की अवधि में प्रवेश कर गया।,"Dormancy, Inactivity, Rest",மௌனம்
131,Day 26,Ribald,Adjective,Advanced,ஆபாசமான,अशिष्ट (Ashisht),The comedian's ribald jokes offended some audience members.,நகைச்சுவை நடிகரின் ஆபாசமான நகைச்சுவைகள் சில பார்வையாளர்களை புண்படுத்தியது.,हास्य अभिनेता के अशिष्ट चुटकुलों ने कुछ दर्शकों को नाराज कर दिया।,"Vulgar, Coarse, Bawdy",அநாகரிகமான
132,Day 27,Specious,Adjective,Advanced,போலியான,भ्रामक (Bhraamak),The specious argument sounded convincing but lacked logic.,"போலியான வாதம் நம்பும்படி இருந்தது, ஆனால் அதில் தர்க்கம் இல்லை.",भ्रामक तर्क आश्वस्त करने वाला लगा लेकिन उसमें तर्क की कमी थी।,"Misleading, Deceptive, False",நம்ப முடியாத
133,Day 27,Stolid,Adjective,Advanced,உணர்வற்ற,भावहीन (Bhaavheen),"The guard remained stolid, showing no emotion.","பாதுகாவலர் உணர்வற்றவராக இருந்தார், எந்த உணர்ச்சியையும் காட்டவில்லை.","गार्ड भावहीन रहा, कोई भावना नहीं दिखा रहा था।","Impassive, Unemotional, Indifferent",மந்தமான
134,Day 27,Superfluous,Adjective,Advanced,தேவையற்ற,अनावश्यक (Anaavashyak),The additional details were considered superfluous.,கூடுதல் விவரங்கள் தேவையற்றதாக கருதப்பட்டன.,अतिरिक्त विवरणों को अनावश्यक माना गया था।,"Extra, Redundant, Excess",மிகை
135,Day 27,Transitory,Adjective,Advanced,நிலையற்ற,क्षणिक (Kshanik),Fame in the modern era is often transitory.,நவீன காலத்தில் புகழ் பெரும்பாலும் நிலையற்றது.,आधुनिक युग में प्रसिद्धि अक्सर क्षणिक होती है।,"Temporary, Fleeting, Ephemeral",கடந்து செல்லும்
136,Day 27,Truculent,Adjective,Advanced,முரட்டுத்தனமான,लड़ाकू (Ladaakoo),The truculent student was often in trouble with the teachers.,முரட்டுத்தனமான மாணவன் பெரும்பாலும் ஆசிரியர்களுடன் பிரச்சினையில் இருந்தான்.,लड़ाकू छात्र अक्सर शिक्षकों के साथ परेशानी में रहता था।,"Aggressive, Belligerent, Hostile",மூர்க்கமான
137,Day 28,Ubiquity,Noun,Advanced,எங்கும் நிறைந்திருக்கும்,सर्वव्यापकता (Sarvavyaapakta),The ubiquity of smartphones changed society completely.,ஸ்மார்ட்போன்களின் எங்கும் நிறைந்திருக்கும் தன்மை சமூகத்தை முற்றிலும் மாற்றியது.,स्मार्टफ़ोन की सर्वव्यापकता ने समाज को पूरी तरह से बदल दिया।,"Omnipresence, Pervasiveness",பரவலாக இருத்தல்
138,Day 28,Undulate,Verb,Advanced,அலை அலையாக நகர்,लहरना (Laharana),The wheat field began to undulate in the strong wind.,கோதுமை வயல் பலத்த காற்றில் அலை அலையாக நகரத் தொடங்கியது.,गेहूँ का खेत तेज़ हवा में लहरना शुरू हो गया।,"Wave, Ripple, Roll",நெளிதல்
139,Day 28,Vapid,Adjective,Advanced,சலிப்பான,नीरस (Neeras),The conversation was vapid and uninteresting.,உரையாடல் சலிப்பானதாகவும் ஆர்வமற்றதாகவும் இருந்தது.,बातचीत नीरस और अरुचिकर थी।,"Dull, Boring, Lifeless",உயிரற்ற
140,Day 28,Wane,Verb,Advanced,குறை,कम होना (Kam Hona),Support for the project began to wane after the funding cut.,நிதி வெட்டுக்குப் பிறகு திட்டத்திற்கான ஆதரவு குறையத் தொடங்கியது.,फंडिंग में कटौती के बाद परियोजना के लिए समर्थन कम होने लगा।,"Decline, Diminish, Fade",தேய்வு
141,Day 28,Wistful,Adjective,Advanced,ஏக்கம் கொண்ட,उदास (Udaas),"She gave a wistful sigh, thinking of her childhood.",அவள் தனது குழந்தைப் பருவத்தைப் பற்றி நினைத்து ஏக்கம் கொண்ட பெருமூச்சு விட்டாள்.,उसने अपने बचपन को याद करते हुए एक उदास आह भरी।,"Yearning, Nostalgic, Melancholy",ஏக்கமான
142,Day 29,Ambit,Noun,Advanced,எல்லை,दायरा (Daayaraa),The project falls outside the scope of the committee's ambit.,இந்த திட்டம் குழுவின் எல்லையிலிருந்து வெளியேறுகிறது.,यह परियोजना समिति के दायरे से बाहर है।,"Scope, Extent, Bounds",பரப்பு
143,Day 29,Craven,Adjective,Advanced,கோழைத்தனமான,कायर (Kaayar),The craven soldier deserted his post in battle.,கோழைத்தனமான சிப்பாய் போரில் தனது பதவியை கைவிட்டான்.,कायर सिपाही ने युद्ध में अपना पद छोड़ दिया।,"Cowardly, Fearful, Timid",பயந்த
144,Day 29,Demagogue,Noun,Advanced,மக்கள் தலைவர் (தூண்டிவிடும்),लोकलुभावन नेता (Loklubhaavan Neta),The demagogue used fear to gain political power.,மக்கள் தலைவர் அரசியல் அதிகாரத்தைப் பெற பயத்தைப் பயன்படுத்தினார்.,लोकलुभावन नेता ने राजनीतिक शक्ति हासिल करने के लिए डर का इस्तेमाल किया।,"Agitator, Inciter, Rabble-rouser",தூண்டிவிடுபவர்
145,Day 29,Discursive,Adjective,Advanced,அலைபாயும்,असंबद्ध (Asambaddh),His discursive style made the speech difficult to follow.,அவரது அலைபாயும் பாணி பேச்சை பின்தொடர கடினமாக்கியது.,उनकी असंबद्ध शैली ने भाषण को समझना मुश्किल बना दिया।,"Rambling, Digressive, Erratic",சம்பந்தமற்ற
146,Day 29,Dolorous,Adjective,Advanced,துயரமான,दुखद (Dukhad),The refugee camp was filled with dolorous cries.,அகதிகள் முகாம் துயரமான அழுகுரல்களால் நிரப்பப்பட்டிருந்தது.,शरणार्थी शिविर दुखद रोने की आवाज़ों से भरा था।,"Mournful, Sorrowful, Woeful",மனவருத்தம் கொண்ட
147,Day 30,Eschew,Verb,Advanced,தவிர்த்துவிடு,त्यागना (Tyaaganaa),He decided to eschew meat for health reasons.,அவர் உடல்நல காரணங்களுக்காக இறைச்சியை தவிர்த்துவிட முடிவு செய்தார்.,उन्होंने स्वास्थ्य कारणों से मांस त्यागने का फैसला किया।,"Avoid, Shun, Abstain",நீக்கு
148,Day 30,Fallacious,Adjective,Advanced,தவறான,भ्रामक (Bhraamak),The argument was based on fallacious reasoning.,அந்த வாதம் தவறான காரணங்களை அடிப்படையாகக் கொண்டது.,तर्क भ्रामक तर्क पर आधारित था।,"False, Misleading, Erroneous",பிழையான
149,Day 30,Fetter,Verb,Advanced,கட்டுப்படுத்து,जंजीर से बांधना (Zanjeer Se Baandhna),He felt fettered by the outdated regulations.,காலாவதியான விதிமுறைகளால் அவர் கட்டுப்படுத்தப்பட்டதாக உணர்ந்தார்.,उन्होंने पुराने नियमों से बंधा हुआ महसूस किया।,"Restrain, Limit, Hamper",பிணைத்திடு
150,Day 30,Garrulous,Adjective,Advanced,அதிக பேச்சுள்ள,बातूनी (Baatoonee),The garrulous waiter bored the customers with long stories.,அதிக பேச்சுள்ள பணியாளர் நீண்ட கதைகள் மூலம் வாடிக்கையாளர்களை சலிப்படையச் செய்தார்.,बातूनी वेटर ने लंबी कहानियों से ग्राहकों को ऊब दिया।,"Talkative, Loquacious, Voluble",உளறிக் கொட்டுதல்
151,Day 30,Harangue,Noun,Advanced,உணர்ச்சிமிக்க பேச்சு,लंबा व्याख्यान (Lamba Vyaakhyaan),The manager delivered a long harangue about poor performance.,மேலாளர் மோசமான செயல்திறன் பற்றி நீண்ட உணர்ச்சிமிக்க பேச்சைக் கொடுத்தார்.,प्रबंधक ने खराब प्रदर्शन के बारे में एक लंबा व्याख्यान दिया।,"Tirade, Diatribe, Rant",விரிவான பேச்சு
152,Day 31,Impugn,Verb,Advanced,கேள்வி எழுப்பு,प्रश्न करना (Prashn Karna),His rivals attempted to impugn his integrity.,அவரது போட்டியாளர்கள் அவரது ஒருமைப்பாட்டைக் கேள்வி எழுப்ப முயன்றனர்.,उनके प्रतिद्वंद्वियों ने उनकी ईमानदारी पर प्रश्न करने की कोशिश की।,"Challenge, Question, Dispute",மறுக்க
153,Day 31,Insipid,Adjective,Advanced,சுவையற்ற,बेस्वाद (Beswaad),The soup was bland and utterly insipid.,சூப் சலிப்பானதாகவும் முற்றிலும் சுவையற்றதாகவும் இருந்தது.,सूप बेस्वाद और पूरी तरह से नीरस था।,"Flavorless, Dull, Vapid",இரசமற்ற
154,Day 31,Lampoon,Verb,Advanced,கேலி செய்,व्यंग्य करना (Vyangya Karna),The cartoonist decided to lampoon the popular politician.,கேலிச்சித்திர கலைஞர் பிரபலமான அரசியல்வாதியை கேலி செய்ய முடிவு செய்தார்.,कार्टूनिस्ट ने लोकप्रिय राजनेता पर व्यंग्य करने का फैसला किया।,"Satirize, Mock, Ridicule",நகைச்சுவை செய்
155,Day 31,Maverick,Noun,Advanced,மாறுபட்ட கருத்துள்ளவர்,स्वतंत्र व्यक्ति (Swatantr Vyakti),He was a maverick who never followed the company line.,அவர் நிறுவனத்தின் வழியைப் பின்பற்றாத ஒரு மாறுபட்ட கருத்துள்ளவர்.,वह एक स्वतंत्र व्यक्ति थे जिसने कभी कंपनी की लाइन का पालन नहीं किया।,"Nonconformist, Individualist, Rebel",தனியுடைமைக் கொள்கையாளர்
156,Day 31,Nettle,Verb,Advanced,எரிச்சலூட்டு,परेशान करना (Pareshan Karna),His constant questions began to nettle the teacher.,அவரது தொடர்ச்சியான கேள்விகள் ஆசிரியரை எரிச்சலூட்டத் தொடங்கின.,उनके लगातार सवालों ने शिक्षक को परेशान करना शुरू कर दिया।,"Annoy, Irritate, Vex",முள்ளால் குத்து
158,Day 32,Panacea,Noun,Advanced,சர்வ நிவாரணி,रामबाण (Raambaan),Education is often suggested as a panacea for social problems.,கல்வி பெரும்பாலும் சமூக பிரச்சினைகளுக்கான சர்வ நிவாரணியாக பரிந்துரைக்கப்படுகிறது.,शिक्षा को अक्सर सामाजिक समस्याओं के लिए रामबाण के रूप में सुझाया जाता है।,"Cure-all, Solution, Remedy",அனைத்துக்கும் மருந்து
159,Day 32,Plethora,Noun,Advanced,மிகுதி,अधिकता (Adhikata),The restaurant offered a plethora of dessert options.,உணவகம் மிகுதியான இனிப்பு விருப்பங்களை வழங்கியது.,रेस्तरां ने मिठाई के विकल्पों की अधिकता की पेशकश की।,"Excess, Abundance, Surplus",ஏராளமான
160,Day 32,Puerile,Adjective,Advanced,குழந்தைத்தனமான,बचकाना (Bachkaana),His puerile jokes were inappropriate for the formal dinner.,அவரது குழந்தைத்தனமான நகைச்சுவைகள் முறையான இரவு விருந்துக்கு பொருத்தமற்றவை.,उनके बचकाना चुटकुले औपचारिक रात्रिभोज के लिए अनुचित थे।,"Childish, Immature, Silly",முதிரா
161,Day 32,Quagmire,Noun,Advanced,சிக்கலான நிலை,दलदल (Daladal),The country was stuck in an economic quagmire.,நாடு ஒரு பொருளாதார சிக்கலான நிலையில் சிக்கியது.,देश एक आर्थिक दलदल में फंस गया था।,"Predicament, Difficult situation, Mess",இக்கட்டான நிலை
162,Day 32,Rancorous,Adjective,Advanced,கடுமையான வெறுப்புள்ள,द्वेषपूर्ण (Dveshpoorn),The debate was filled with rancorous exchanges between the candidates.,வேட்பாளர்களுக்கு இடையேயான விவாதம் கடுமையான வெறுப்புள்ள கருத்துக்களைக் கொண்டிருந்தது.,बहस उम्मीदवारों के बीच द्वेषपूर्ण आदान-प्रदान से भरी हुई थी।,"Bitter, Hostile, Malicious",கடும் பகைமை
163,Day 33,Redoubtable,Adjective,Advanced,பயங்கரமான,दुर्जेय (Durjay),He was a redoubtable opponent in the chess championship.,அவர் சதுரங்க சாம்பியன்ஷிப்பில் ஒரு பயங்கரமான எதிர்ப்பாளராக இருந்தார்.,वह शतरंज चैंपियनशिप में एक दुर्जेय विरोधी थे।,"Formidable, Dreadful, Intimidating",அச்சம் தரும்
164,Day 33,Restive,Adjective,Advanced,கட்டுக்கடங்காத,बेचैन (Bechain),The crowd grew restive waiting for the concert to start.,இசை நிகழ்ச்சி தொடங்க காத்திருந்த கூட்டம் கட்டுக்கடங்காதது.,संगीत समारोह शुरू होने का इंतजार करते हुए भीड़ बेचैन हो गई।,"Restless, Unruly, Impatient",நிலையற்ற
165,Day 33,Stratagem,Noun,Advanced,தந்திரம்,चाल (Chaal),The general devised a clever stratagem to surprise the enemy.,தளபதி எதிரிகளை ஆச்சரியப்படுத்த ஒரு புத்திசாலித்தனமான தந்திரத்தை உருவாக்கினார்.,जनरल ने दुश्मन को आश्चर्यचकित करने के लिए एक चतुर चाल बनाई।,"Scheme, Ploy, Maneuver",சதி
166,Day 33,Surfeit,Noun,Advanced,மிகை,अतिरेक (Atirek),A surfeit of food led to indigestion.,மிகையான உணவு செரிமானமின்மைக்கு வழிவகுத்தது.,भोजन की अतिरेक से अपच हो गया।,"Excess, Overabundance, Glut",அளவுக்கதிகமான
167,Day 33,Torpid,Adjective,Advanced,செயலற்ற,निष्क्रिय (Nishkriy),The bear was torpid during the hibernation period.,கரடி குளிர்கால உறக்கத்தின் போது செயலற்ற நிலையில் இருந்தது.,भालू शीतनिद्रा की अवधि के दौरान निष्क्रिय था।,"Lethargic, Sluggish, Inactive",சோம்பல்
168,Day 34,Trenchant,Adjective,Advanced,கூர்மையான,तीखा (Teekha),Her trenchant criticism helped improve the proposal.,அவரது கூர்மையான விமர்சனம் முன்மொழிவை மேம்படுத்த உதவியது.,उनकी तीखी आलोचना ने प्रस्ताव को बेहतर बनाने में मदद की।,"Sharp, Incisive, Penetrating",துல்லியமான
169,Day 34,Turpitude,Noun,Advanced,இழிநிலை,दुष्टता (Dushṭataa),The criminal was convicted of moral turpitude.,அந்த குற்றவாளி தார்மீக இழிநிலையில் தண்டிக்கப்பட்டார்.,अपराधी को नैतिक दुष्टता का दोषी ठहराया गया।,"Depravity, Wickedness, Immorality",கேடு
170,Day 34,Vituperative,Adjective,Advanced,நிந்தித்தல்,गाली गलौज वाला (Gaali Galauj Waala),The letter contained vituperative language against the board.,அந்த கடிதத்தில் குழுவுக்கு எதிராக நிந்தித்தல் மொழி இருந்தது.,पत्र में बोर्ड के खिलाफ गाली गलौज वाली भाषा थी।,"Abusive, Harsh, Scolding",வசையுடைய
171,Day 34,Voluminous,Adjective,Advanced,பெரிய,विशाल (Vishaal),She carried a voluminous portfolio filled with documents.,ஆவணங்களால் நிரப்பப்பட்ட ஒரு பெரிய ஆவணக் கோப்பை அவர் எடுத்துச் சென்றார்.,उसने दस्तावेजों से भरा एक विशाल पोर्टफोलियो लिया।,"Large, Extensive, Copious",அடர்த்தியான
172,Day 34,Accede,Verb,Advanced,ஒப்புக்கொள்,मान लेना (Maan Lena),He agreed to accede to the demands of the protestors.,அவர் போராட்டக்காரர்களின் கோரிக்கைகளுக்கு ஒப்புக்கொள்ள ஒப்புக்கொண்டார்.,वह प्रदर्शनकारियों की मांगों को मान लेने के लिए सहमत हो गया।,"Consent, Agree, Yield",இணங்க
173,Day 35,Assiduous,Adjective,Advanced,விடாமுயற்சியுள்ள,परिश्रमी (Parishramee),The assiduous student studied late into the night.,விடாமுயற்சியுள்ள மாணவர் இரவு தாமதமாகப் படித்தார்.,परिश्रमी छात्र देर रात तक पढ़ाई करता रहा।,"Diligent, Hard-working, Painstaking",கவனமுள்ள
174,Day 35,Bucolic,Adjective,Advanced,கிராமப்புற,देहाती (Dehaatee),"The painting depicted a pleasant, bucolic scene.","அந்த ஓவியம் ஒரு இனிமையான, கிராமப்புற காட்சியைக் சித்தரித்தது.","पेंटिंग में एक सुखद, देहाती दृश्य दिखाया गया था।","Rustic, Pastoral, Rural",நாடோடி
175,Day 35,Candor,Noun,Advanced,நேர்மை,निष्कपटता (Nishkapaṭataa),She spoke with candor about her difficulties.,அவள் தனது சிரமங்களைப் பற்றி நேர்மையுடன் பேசினாள்.,उन्होंने अपनी कठिनाइयों के बारे में निष्कपटता से बात की।,"Honesty, Openness, Frankness",கள்ளமின்மை
176,Day 35,Deride,Verb,Advanced,கேலி செய்,मज़ाक उड़ाना (Mazaak Udaana),The critics continued to deride the actor's performance.,விமர்சகர்கள் நடிகரின் நடிப்பைக் கேலி செய்யத் தொடர்ந்தனர்.,आलोचकों ने अभिनेता के प्रदर्शन का मज़ाक उड़ाना जारी रखा।,"Mock, Taunt, Scoff",ஏளனம் செய்
177,Day 35,Dissemble,Verb,Advanced,பாசாங்கு செய்,ढोंग करना (Dhong Karna),He tried to dissemble his true feelings about the proposal.,முன்மொழிவு பற்றிய தனது உண்மையான உணர்வுகளை பாசாங்கு செய்ய அவர் முயன்றார்.,उन्होंने प्रस्ताव के बारे में अपनी सच्ची भावनाओं को ढोंग करने की कोशिश की।,"Feign, Conceal, Pretend",மறைக்க
178,Day 36,Ebullient,Adjective,Advanced,உற்சாகமான,उत्साही (Utsaahee),The winner was ebullient as she accepted the award.,விருதை ஏற்றுக்கொண்டபோது வெற்றியாளர் உற்சாகமாக இருந்தார்.,पुरस्कार स्वीकार करते समय विजेता उत्साही था।,"Enthusiastic, Joyful, Exuberant",துள்ளலான
179,Day 36,Execrable,Adjective,Advanced,வெறுக்கத்தக்க,घिनौना (Ghinauna),The performance was universally panned as execrable.,இந்த செயல்திறன் உலகளவில் வெறுக்கத்தக்கதாக விமர்சிக்கப்பட்டது.,प्रदर्शन को विश्व स्तर पर घिनौना कहकर आलोचना की गई।,"Abominable, Detestable, Appalling",மிக மோசமான
180,Day 36,Exigent,Adjective,Advanced,அவசரமான,अत्यावश्यक (Atyaavashyak),The exigent circumstances required immediate action.,அவசரமான சூழ்நிலைகளுக்கு உடனடி நடவடிக்கை தேவைப்பட்டது.,अत्यावश्यक परिस्थितियों में तत्काल कार्रवाई की आवश्यकता थी।,"Urgent, Demanding, Critical",தவிர்க்க முடியாத
181,Day 36,Extol,Verb,Advanced,புகழ்,स्तुति करना (Stuti Karna),The critics extolled the beauty of the artwork.,விமர்சகர்கள் கலைப்படைப்பின் அழகைப் புகழ்ந்தனர்.,आलोचकों ने कलाकृति की सुंदरता की स्तुति की।,"Praise, Acclaim, Commend",போற்று
182,Day 36,Implacable,Adjective,Advanced,சமாதானப்படுத்த முடியாத,अथक (Athak),The implacable enemy refused to surrender.,சமாதானப்படுத்த முடியாத எதிரி சரணடைய மறுத்தார்.,अथक दुश्मन ने आत्मसमर्पण करने से इनकार कर दिया।,"Unyielding, Unstoppable, Relentless",சமரசமற்ற
183,Day 37,Jettison,Verb,Advanced,தூக்கி எறி,फेंकना (Phenknaa),The crew had to jettison some cargo to lighten the load.,சுமையை குறைக்க குழு சில சரக்குகளை தூக்கி எறிய வேண்டியிருந்தது.,चालक दल को भार हल्का करने के लिए कुछ माल फेंकना पड़ा।,"Discard, Throw away, Ditch",எறிந்துவிடு
184,Day 37,Lachrymose,Adjective,Advanced,கண்ணீருடன்,आँसू बहाने वाला (Aansoo Bahaane Waalaa),The lachrymose film made the audience weep.,கண்ணீருடன் கூடிய அந்த திரைப்படம் பார்வையாளர்களை அழ வைத்தது.,आँसू बहाने वाला फिल्म ने दर्शकों को रुला दिया।,"Tearful, Weepy, Sad",கண்ணீர் சிந்தும்
185,Day 37,Mendacious,Adjective,Advanced,பொய்யான,झूठा (Jhootha),The newspaper was known for its mendacious reporting.,அந்த செய்தித்தாள் அதன் பொய்யான அறிக்கையிடலுக்காக அறியப்பட்டது.,अखबार अपनी झूठी रिपोर्टिंग के लिए जाना जाता था।,"False, Lying, Untrue",உண்மைக்கு புறம்பான
186,Day 37,Nadir,Noun,Advanced,அதலபாதாளம்,निम्नतम बिंदु (Nimnatam Bindu),The company reached its nadir during the recession.,மந்தநிலையின் போது நிறுவனம் அதன் அதலபாதாளத்தை அடைந்தது.,मंदी के दौरान कंपनी अपने निम्नतम बिंदु पर पहुँच गई।,"Bottom, Low point, Pit",கீழ் நிலை
187,Day 37,Nonchalant,Adjective,Advanced,கவலையற்ற,लापरवाह (Laaparvaah),The student adopted a nonchalant attitude towards the exams.,மாணவர் தேர்வுகளைப் பற்றி ஒரு கவலையற்ற அணுகுமுறையை ஏற்றுக்கொண்டார்.,छात्र ने परीक्षा के प्रति एक लापरवाह रवैया अपनाया।,"Casual, Indifferent, Apathetic",அக்கறையற்ற
188,Day 38,Paradigm,Noun,Advanced,முன்மாதிரி,आदर्श (Aadarsh),The new software created a paradigm shift in the industry.,புதிய மென்பொருள் தொழில்துறையில் ஒரு முன்மாதிரி மாற்றத்தை உருவாக்கியது.,नए सॉफ्टवेयर ने उद्योग में एक आदर्श बदलाव किया।,"Model, Example, Standard",இலட்சியம்
189,Day 38,Penchant,Noun,Advanced,விருப்பம்,रुझान (Rujhaan),She had a strong penchant for classical music.,அவர் பாரம்பரிய இசையில் ஒரு வலுவான விருப்பத்தைக் கொண்டிருந்தார்.,उन्हें शास्त्रीय संगीत के लिए एक मजबूत रुझान था।,"Fondness, Liking, Preference",நாட்டம்
190,Day 38,Polemical,Adjective,Advanced,விவாதத்திற்குரிய,विवादास्पद (Vivaadaspad),The professor was known for his polemical writing style.,பேராசிரியர் தனது விவாதத்திற்குரிய எழுத்து நடைக்கு பெயர் பெற்றவர்.,प्रोफेसर अपनी विवादास्पद लेखन शैली के लिए जाने जाते थे।,"Controversial, Argumentative, Hostile",தர்க்கரீதியான
191,Day 38,Portent,Noun,Advanced,சகுனம்,शगुन (Shagun),The dark clouds were a portent of a coming storm.,இருண்ட மேகங்கள் வரவிருக்கும் புயலின் சகுனமாக இருந்தன.,काले बादल आने वाले तूफान का शगुन थे।,"Omen, Sign, Warning",நிமித்தம்
192,Day 38,Prescient,Adjective,Advanced,எதிர்காலத்தை அறிந்துகொள்ளும்,दूरदर्शी (Doordarshee),Her prescient warnings were ignored by the board.,அவரது எதிர்காலத்தை அறிந்துகொள்ளும் எச்சரிக்கைகள் குழுவால் புறக்கணிக்கப்பட்டன.,बोर्ड ने उनकी दूरदर्शी चेतावनियों को नजरअंदाज कर दिया।,"Prophetic, Foresightful, Clairvoyant",ஞானம் கொண்ட
193,Day 39,Propinquity,Noun,Advanced,அருகாமை,निकटता (Nikaṭataa),The propinquity of the two houses caused disputes.,இரண்டு வீடுகளின் அருகாமை சண்டைகளை ஏற்படுத்தியது.,दो घरों की निकटता के कारण विवाद हुआ।,"Proximity, Nearness, Adjacency",அண்மையில்
194,Day 39,Pusillanimous,Adjective,Advanced,கோழைத்தனமான,डरपोक (Darapok),The pusillanimous response showed a lack of leadership.,கோழைத்தனமான பதில் தலைமைப் பண்பு இல்லாமையைக் காட்டியது.,डरपोक प्रतिक्रिया ने नेतृत्व की कमी को दर्शाया।,"Cowardly, Timid, Craven",அஞ்சும்
195,Day 39,Redolent,Adjective,Advanced,மணம் வீசும்,सुगंधित (Sugandhit),The room was redolent of fresh baked bread.,அறை புதியதாக சுடப்பட்ட ரொட்டியின் மணம் வீசியது.,कमरा ताज़ी बेक्ड रोटी से सुगंधित था।,"Fragrant, Aromatic, Evocative",மணமுள்ள
196,Day 39,Scintilla,Noun,Advanced,ஒரு துளி,एक कण (Ek Kan),There was not a scintilla of evidence to support the claim.,கூற்றை ஆதரிக்க ஒரு துளியும் ஆதாரம் இல்லை.,दावे का समर्थन करने के लिए एक कण भी सबूत नहीं था।,"Speck, Trace, Jot",அற்பமான அளவு
197,Day 39,Solipsism,Noun,Advanced,சுயநலம்,आत्मवाद (Aatmavaad),"His philosophy bordered on solipsism, ignoring others' reality.","அவரது தத்துவம் மற்றவர்களின் யதார்த்தத்தை புறக்கணித்து, சுயநலத்தை ஒட்டியது.","उनका दर्शन दूसरों की वास्तविकता को अनदेखा करते हुए, आत्मवाद पर आधारित था।","Egocentrism, Narcissism",தனிக்கருத்தே உண்மை
199,Day 40,Sycophant,Noun,Advanced,முகஸ்துதி செய்பவர்,चाटुकार (ChaatooKaar),The minister was surrounded by sycophants who praised his every move.,அமைச்சர் அவர் செய்யும் ஒவ்வொரு செயலையும் புகழ்ந்து பேசும் முகஸ்துதி செய்பவர்களால் சூழப்பட்டிருந்தார்.,मंत्री चाटुकारों से घिरे थे जो उनके हर कदम की प्रशंसा करते थे।,"Flatterer, Toady, Lackey",இச்சகம் பேசுபவர்
200,Day 40,Tautological,Adjective,Advanced,திரும்பத் திரும்ப வரும்,पुनरावृत्ति (Punaravritti),"The phrase ""free gift"" is tautological, as all gifts are free.","""இலவச பரிசு"" என்ற சொற்றொடர் திரும்பத் திரும்ப வரும், ஏனெனில் அனைத்து பரிசுகளும் இலவசம்.","""मुफ्त उपहार"" वाक्यांश पुनरावृत्ति है, क्योंकि सभी उपहार मुफ्त हैं।","Redundant, Repetitive, Pleonastic",தேவையற்ற மறுப்பு
201,Day 40,Tenebrous,Adjective,Advanced,இருண்ட,अंधेरा (Andhera),"The old library was a tenebrous place, full of shadows.","பழைய நூலகம் இருண்ட இடமாக இருந்தது, நிழல்கள் நிறைந்தது.","पुरानी लाइब्रेरी एक अंधेरी जगह थी, जो छाया से भरी हुई थी।","Dark, Gloomy, Murky",கும்மிருட்டான
203,Day 40,Unctuous,Adjective,Advanced,மிகையான மென்மை,चाटुकारितापूर्ण (ChaatooKaaritaPoorṇ),The salesman's unctuous manner immediately put the customer off.,விற்பனையாளரின் மிகையான மென்மையான அணுகுமுறை உடனடியாக வாடிக்கையாளரை விலகச் செய்தது.,सेल्समैन का चाटुकारितापूर्ण व्यवहार तुरंत ग्राहक को दूर कर दिया।,"Oily, Smarmy, Servile",அதிகப் பணிவுள்ள
205,Day 40,Volatile,Adjective,Advanced,நிலையற்ற,अस्थिर (Asthir),The financial markets have been volatile recently.,நிதிச் சந்தைகள் சமீபத்தில் நிலையற்றதாக உள்ளன.,वित्तीय बाजार हाल ही में अस्थिर रहे हैं।,"Unstable, Changeable, Explosive",மாறுபடும்
207,Day 41,Abjure,Verb,Advanced,கைவிடு,त्यागना (Tyaaganaa),He decided to abjure his former political beliefs.,அவர் தனது முன்னாள் அரசியல் நம்பிக்கைகளை கைவிட முடிவு செய்தார்.,उन्होंने अपनी पिछली राजनीतिक मान्यताओं को त्यागने का फैसला किया।,"Renounce, Reject, Abstain",மறுத்துவிடு
208,Day 41,Arcane,Adjective,Advanced,இரகசியமான,रहस्यमय (Rahasyamay),The ritual involved arcane knowledge known only to a few.,சடங்கு சிலருக்கு மட்டுமே தெரிந்த இரகசியமான அறிவை உள்ளடக்கியது.,अनुष्ठान में केवल कुछ ही लोगों को ज्ञात रहस्यमय ज्ञान शामिल था।,"Esoteric, Secret, Occult",மறைபொருள்
209,Day 41,Bilious,Adjective,Advanced,எரிச்சலூட்டும்,चिड़चिड़ा (Chiḍchiḍaa),The bilious critique focused only on the film's flaws.,எரிச்சலூட்டும் விமர்சனம் படத்தின் குறைபாடுகளை மட்டுமே மையமாகக் கொண்டது.,चिड़चिड़ा आलोचना केवल फिल्म की खामियों पर केंद्रित थी।,"Grumpy, Irritable, Peevish",கோபமான
210,Day 41,Brusque,Adjective,Advanced,கடுகடுப்பான,रुखा (Rukhaa),The manager's brusque reply left the employee feeling confused.,மேலாளரின் கடுகடுப்பான பதில் ஊழியரை குழப்பத்தில் ஆழ்த்தியது.,प्रबंधक का रुखा जवाब कर्मचारी को भ्रमित कर गया।,"Abrupt, Curt, Short",திடீர் என்று பேசும்
211,Day 41,Calumny,Noun,Advanced,அவதூறு,बदनामी (Badnaamee),He was a victim of calumny spread by his business rival.,அவர் தனது வணிக போட்டியாளரால் பரப்பப்பட்ட அவதூறால் பாதிக்கப்பட்டார்.,वह अपने व्यापारिक प्रतिद्वंद्वी द्वारा फैलाई गई बदनामी का शिकार था।,"Slander, Defamation, Libel",பழிசுமத்துதல்
212,Day 42,Chicanery,Noun,Advanced,தந்திரம்,छल (Chhal),The politician was accused of chicanery during the voting process.,வாக்களிப்புச் செயல்பாட்டின் போது தந்திரம் செய்ததாக அரசியல்வாதி குற்றம் சாட்டப்பட்டார்.,मतदान प्रक्रिया के दौरान राजनेता पर छल का आरोप लगाया गया।,"Trickery, Deception, Artifice",வஞ்சகம்
213,Day 42,Cognizant,Adjective,Advanced,அறிந்த,जानकार (Jaanakaar),She was fully cognizant of the risks involved.,சம்பந்தப்பட்ட அபாயங்களை அவள் முழுமையாக அறிந்திருந்தாள்.,वह इसमें शामिल जोखिमों की पूरी तरह जानकार थी।,"Aware, Conscious, Apprehensive",உணர்ந்த
214,Day 42,Curmudgeon,Noun,Advanced,முரண்பாடானவர்,चिड़चिड़ा व्यक्ति (Chiḍchiḍaa Vyakti),The old curmudgeon complained about everything.,வயதான முரண்பாடானவர் எல்லாவற்றையும் பற்றி புகார் கூறினார்.,बूढ़ा चिड़चिड़ा व्यक्ति हर बात पर शिकायत करता था।,"Grouch, Crank, Miser",பிடிவாதமானவர்
215,Day 42,Decry,Verb,Advanced,கண்டனம் செய்,निंदा करना (Nindaa Karna),Environmental groups decry the government's lack of action.,சுற்றுச்சூழல் குழுக்கள் அரசாங்கத்தின் நடவடிக்கையின்மையைக் கண்டனம் செய்கின்றன.,पर्यावरण समूह सरकार की कार्रवाई की कमी की निंदा करते हैं।,"Condemn, Criticize, Denounce",குறை கூறு
216,Day 42,Derisive,Adjective,Advanced,இகழ்ச்சியான,उपहासपूर्ण (UphaasPoorṇ),They greeted his proposal with derisive laughter.,அவர்கள் அவரது முன்மொழிவை இகழ்ச்சியான சிரிப்புடன் வரவேற்றனர்.,उन्होंने उनके प्रस्ताव का उपहासपूर्ण हँसी के साथ स्वागत किया।,"Mocking, Scornful, Contemptuous",ஏளனமான
217,Day 43,Disingenuous,Adjective,Advanced,நேர்மையற்ற,कपटी (Kapaṭee),The official's answer was disingenuous and evasive.,அதிகாரியின் பதில் நேர்மையற்றதாகவும் ஏமாற்றுவதாகவும் இருந்தது.,अधिकारी का जवाब कपटी और टालमटोल वाला था।,"Insincere, False, Deceitful",சூழ்ச்சி செய்யும்
218,Day 43,Egress,Noun,Advanced,வெளியேறும் வழி,निकास (Nikaas),The security guard showed them the emergency egress.,பாதுகாப்பு காவலர் அவர்களுக்கு அவசரகால வெளியேறும் வழியைக் காட்டினார்.,सुरक्षा गार्ड ने उन्हें आपातकालीन निकास दिखाया।,"Exit, Outlet, Way out",வெளிவழி
219,Day 43,Ersatz,Adjective,Advanced,செயற்கையான,नकली (Nakalee),They were disappointed by the ersatz coffee alternative.,செயற்கையான காபி மாற்றீடு அவர்களை ஏமாற்றமடையச் செய்தது.,वे नकली कॉफी विकल्प से निराश थे।,"Fake, Substitute, Artificial",போலிக்
220,Day 43,Feckless,Adjective,Advanced,திறமையற்ற,निकम्मा (Nikammaa),The feckless intern made mistake after mistake.,திறமையற்ற பயிற்சியாளர் தவறுக்கு மேல் தவறு செய்தார்.,निकम्मा प्रशिक्षु गलती पर गलती करता गया।,"Incompetent, Useless, Irresponsible",பொறுப்பற்ற
221,Day 43,Fulsome,Adjective,Advanced,மிகையான,अतिरंजित (Atiranjit),The candidate offered fulsome praise to the party leader.,வேட்பாளர் கட்சித் தலைவருக்கு மிகையான புகழை வழங்கினார்.,उम्मीदवार ने पार्टी नेता की अतिरंजित प्रशंसा की।,"Excessive, Flattering, Effusive",அதிகப்படியான
222,Day 44,Gainsay,Verb,Advanced,மறு,खंडन करना (Khaṇḍan Karna),No one could gainsay the truth of his testimony.,அவரது சாட்சியத்தின் உண்மையை யாராலும் மறுக்க முடியவில்லை.,कोई भी उनकी गवाही की सच्चाई का खंडन नहीं कर सका।,"Deny, Contradict, Dispute",மறுக்க
223,Day 44,Germane,Adjective,Advanced,தொடர்புடைய,प्रासंगिक (Praasangik),The judge asked the lawyer to stick to points germane to the case.,நீதிபதி வழக்கறிஞரை வழக்கிற்கு தொடர்புடைய விஷயங்களில் மட்டுமே கவனம் செலுத்தும்படி கேட்டார்.,न्यायाधीश ने वकील से मामले से प्रासंगिक बिंदुओं पर टिके रहने को कहा।,"Relevant, Applicable, Pertinent",பொருத்தமான
224,Day 44,Hoary,Adjective,Advanced,பழமையான,प्राचीन (Praacheen),The professor told a hoary joke that no one laughed at.,பேராசிரியர் யாரும் சிரிக்காத ஒரு பழமையான நகைச்சுவையை கூறினார்.,प्रोफेसर ने एक प्राचीन चुटकुला सुनाया जिस पर कोई नहीं हँसा।,"Old, Ancient, Antiquated",வயதான
225,Day 44,Impecunious,Adjective,Advanced,ஏழ்மையான,निर्धन (Nirdhan),The impecunious student struggled to pay tuition fees.,ஏழ்மையான மாணவர் கல்விக் கட்டணத்தைச் செலுத்த சிரமப்பட்டார்.,निर्धन छात्र को ट्यूशन फीस भरने में संघर्ष करना पड़ा।,"Poor, Penniless, Indigent",பணமில்லாத
226,Day 44,Incipient,Adjective,Advanced,ஆரம்ப,प्रारंभिक (Praarambhik),The incipient stages of the disease are hard to detect.,நோயின் ஆரம்ப நிலைகளைக் கண்டறிவது கடினம்.,बीमारी के प्रारंभिक चरणों का पता लगाना मुश्किल है।,"Beginning, Nascent, Developing",ஆரம்ப கட்ட
227,Day 45,Inexorable,Adjective,Advanced,மாற்ற முடியாத,अटल (Aṭal),The inexorable march of time affects everyone.,மாற்ற முடியாத காலத்தின் நகர்வு அனைவரையும் பாதிக்கிறது.,समय का अटल मार्च सभी को प्रभावित करता है।,"Relentless, Unstoppable, Unavoidable",தளராத
228,Day 45,Iniquity,Noun,Advanced,அநீதி,अन्याय (Annyaay),The history of slavery is a tale of great iniquity.,அடிமைத்தனத்தின் வரலாறு ஒரு பெரிய அநீதியின் கதை.,गुलामी का इतिहास महान अन्याय की कहानी है।,"Wickedness, Immorality, Sin",தவறு
229,Day 45,Intransigent,Adjective,Advanced,சமரசமற்ற,असंगत (Asangat),The negotiation failed because both sides were intransigent.,இரு தரப்பினரும் சமரசமற்றவர்களாக இருந்ததால் பேச்சுவார்த்தை தோல்வியடைந்தது.,दोनों पक्ष असंगत थे इसलिए बातचीत विफल रही।,"Uncompromising, Stubborn, Obdurate",வளைந்து கொடுக்காத
230,Day 45,Jocular,Adjective,Advanced,நகைச்சுவையான,विनोदपूर्ण (Vinodpoorṇ),The speaker maintained a jocular tone throughout the conference.,பேச்சாளர் மாநாடு முழுவதும் ஒரு நகைச்சுவையான தொனியைப் பராமரித்தார்.,वक्ता ने पूरे सम्मेलन में एक विनोदपूर्ण लहजा बनाए रखा।,"Humorous, Witty, Playful",மகிழ்ச்சியான
232,Day 45,Lassitude,Noun,Advanced,சோர்வு,थकावट (Thakaavaṭ),A feeling of lassitude swept over the tired travelers.,சோர்வடைந்த பயணிகளை சோர்வு உணர்வு ஆட்கொண்டது.,थकावट की भावना थके हुए यात्रियों पर छा गई।,"Weariness, Lethargy, Fatigue",பலவீனம்
234,Day 46,Nonplus,Verb,Advanced,குழப்பம்,चकरा देना (Chakara Dena),The sudden change in the plan completely nonplussed the team.,திட்டத்தில் திடீர் மாற்றம் குழுவை முற்றிலும் குழப்பியது.,योजना में अचानक बदलाव ने टीम को पूरी तरह से चकरा दिया।,"Perplex, Confuse, Baffle",திகைக்க வை
235,Day 46,Oblique,Adjective,Advanced,மறைமுகமான,अप्रत्यक्ष (Apratyaksh),He made an oblique reference to the scandal.,அவர் அந்த ஊழல் குறித்து ஒரு மறைமுகமான குறிப்பை வெளியிட்டார்.,उन्होंने घोटाले का एक अप्रत्यक्ष संदर्भ दिया।,"Indirect, Slanting, Evasive",கோணலான
236,Day 46,Palliative,Adjective,Advanced,தணிக்கும்,उपशामक (Upashaamak),"They only offered palliative care, not a cure.","அவர்கள் குணப்படுத்துதலை அல்ல, தணிக்கும் கவனிப்பை மட்டுமே வழங்கினர்.","उन्होंने केवल उपशामक देखभाल की पेशकश की, इलाज नहीं।","Soothing, Alleviating, Mitigating",நோயின் தீவிரத்தை குறைக்கும்
237,Day 46,Perfidy,Noun,Advanced,துரோகம்,विश्वासघात (Vishvaasghaat),The king punished the general for his act of perfidy.,அவரது துரோகச் செயலுக்காக மன்னர் தளபதியை தண்டித்தார்.,राजा ने सेनापति को उसके विश्वासघात के कार्य के लिए दंडित किया।,"Treachery, Betrayal, Deceit",நம்பிக்கைத் துரோகம்
238,Day 46,Prevaricate,Verb,Advanced,தட்டிக் கழி,टालमटोल करना (Taalamaṭol Karna),The witness tried to prevaricate when questioned about the dates.,தேதிகள் குறித்து கேள்வி கேட்கப்பட்டபோது சாட்சி தட்டிக் கழிக்க முயன்றார்.,तारीखों के बारे में पूछे जाने पर गवाह ने टालमटोल करने की कोशिश की।,"Equivocate, Lie, Hedge",உண்மையை மறை
239,Day 47,Proscribe,Verb,Advanced,தடை செய்,निषेध करना (Nishedh Karna),The sale of certain weapons is proscribed by law.,சில ஆயுதங்களின் விற்பனை சட்டத்தால் தடை செய்யப்பட்டுள்ளது.,कुछ हथियारों की बिक्री कानून द्वारा निषेध है।,"Forbid, Ban, Prohibit",விலக்கு
240,Day 47,Punctilious,Adjective,Advanced,நுணுக்கமான,कर्तव्यनिष्ठ (Kartavyanishṭh),He was always punctilious about following the rules exactly.,விதிகளை சரியாகப் பின்பற்றுவதில் அவர் எப்போதும் நுணுக்கமானவராக இருந்தார்.,वह हमेशा नियमों का ठीक से पालन करने के बारे में कर्तव्यनिष्ठ थे।,"Meticulous, Conscientious, Precise",துல்லியமான
242,Day 47,Adumbrate,Verb,Advanced,கோடிட்டுக் காட்டு,अस्पष्ट रूप से दर्शाना (Aspashṭ Roop Se Darshaanaa),The speech adumbrated the upcoming policy changes.,பேச்சு வரவிருக்கும் கொள்கை மாற்றங்களை கோடிட்டுக் காட்டியது.,भाषण ने आगामी नीतिगत परिवर्तनों को अस्पष्ट रूप से दर्शाया।,"Outline, Indicate, Suggest",மங்கலாக குறி
243,Day 47,Apotheosis,Noun,Advanced,புகழின் சிகரம்,पराकाष्ठा (Paraakaashṭhaa),His work reached its apotheosis with the final masterpiece.,அவரது பணி இறுதி தலைசிறந்த படைப்புடன் புகழின் சிகரத்தை அடைந்தது.,उनका काम अंतिम उत्कृष्ट कृति के साथ पराकाष्ठा पर पहुंच गया।,"Zenith, Climax, Culmination",சிகரம்
244,Day 47,Ascendancy,Noun,Advanced,மேலாதிக்கம்,प्रभुत्व (Prabhutv),The political party achieved ascendancy in the polls.,அரசியல் கட்சி வாக்கெடுப்பில் மேலாதிக்கத்தை அடைந்தது.,राजनीतिक दल ने चुनावों में प्रभुत्व हासिल किया।,"Domination, Supremacy, Power",தலைமை
245,Day 48,Austere,Adjective,Advanced,கடுமையான,कठोर (Kaṭhor),The monk lived an austere life of discipline.,துறவி ஒழுக்கத்தின் கடுமையான வாழ்க்கையை வாழ்ந்தார்.,साधु ने अनुशासन का कठोर जीवन जिया।,"Severe, Strict, Spartan",தவம் செய்யும்
246,Day 48,Banal,Adjective,Advanced,சலிப்பூட்டும்,साधारण (Saadhaaran),The script was full of banal dialogue and clichés.,ஸ்கிரிப்ட் சலிப்பூட்டும் உரையாடல் மற்றும் பழங்கால விஷயங்களால் நிறைந்தது.,स्क्रिप्ट साधारण संवाद और क्लिच से भरी थी।,"Trite, Hackneyed, Unoriginal",அற்பமான
247,Day 48,Cavalier,Adjective,Advanced,அலட்சியமான,घमंडी (Ghamanḍee),He showed a cavalier disregard for the company rules.,அவர் நிறுவன விதிகளுக்கு அலட்சியமான புறக்கணிப்பைக் காட்டினார்.,उन्होंने कंपनी के नियमों के लिए घमंडी उपेक्षा दिखाई।,"Offhand, Arrogant, Dismissive",பெருமைமிக்க
248,Day 48,Contrite,Adjective,Advanced,வருத்தமுள்ள,पश्चातापी (Pashchaataapee),The contrite child apologized for breaking the vase.,வருத்தமுள்ள குழந்தை பூச்சட்டியை உடைத்ததற்காக மன்னிப்பு கேட்டது.,पश्चातापी बच्चे ने फूलदान तोड़ने के लिए माफी मांगी।,"Remorseful, Repentant, Sorry",மனம் வருந்திய
250,Day 48,Effrontery,Noun,Advanced,திமிர்,गुस्ताखी (GustaaKhee),He had the effrontery to insult the judge.,நீதிபதியை அவமதிக்கும் திமிரை அவர் கொண்டிருந்தார்.,उसमें जज का अपमान करने की गुस्ताखी थी।,"Impudence, Audacity, Cheek",வெட்கமற்ற
251,Day 49,Epigram,Noun,Advanced,குறுகிய அறிவார்ந்த சொற்றொடர்,चुटकुला (Chuṭakulaa),Oscar Wilde's writing is known for its witty epigrams.,ஆஸ்கார் வைல்டின் எழுத்து அவரது நகைச்சுவையான குறுகிய அறிவார்ந்த சொற்றொடருக்காக அறியப்படுகிறது.,ऑस्कर वाइल्ड का लेखन उनके मजाकिया चुटकुलों के लिए जाना जाता है।,"Aphorism, Maxim, Saying",கருத்துரை
252,Day 49,Exculpate,Verb,Advanced,குற்றமற்றவர் என்று நிரூபி,दोषमुक्त करना (Doshmukth Karna),The evidence served to exculpate the defendant.,சாட்சியம் பிரதிவாதியை குற்றமற்றவர் என்று நிரூபிக்க உதவியது.,सबूत ने प्रतिवादी को दोषमुक्त करने का काम किया।,"Absolve, Vindicate, Clear",குற்றமற்றவர் என்று விடு
253,Day 49,Fetid,Adjective,Advanced,துர்நாற்றம் பிடித்த,दुर्गंधयुक्त (Durgandhyukth),The abandoned factory emitted a fetid smell.,கைவிடப்பட்ட தொழிற்சாலை துர்நாற்றம் பிடித்த வாசனையை வெளியிட்டது.,परित्यक्त कारखाने से दुर्गंधयुक्त गंध निकल रही थी।,"Stinking, Malodorous, Rancid",நாற்றமடித்த
254,Day 49,Gauche,Adjective,Advanced,அநாகரிகமான,भद्दा (Bhaddaa),His gauche table manners made the host uneasy.,அவரது அநாகரிகமான மேசை பழக்கவழக்கங்கள் விருந்தினரை சங்கடப்படுத்தியது.,उनके भद्दे टेबल शिष्टाचार ने मेजबान को असहज कर दिया।,"Awkward, Clumsy, Unsophisticated",தகுதியற்ற
255,Day 49,Histrionic,Adjective,Advanced,மிகைப்படுத்தப்பட்ட,नाटकीय (Naaṭakeey),The actor's histrionic outburst ruined the scene.,நடிகரின் மிகைப்படுத்தப்பட்ட கோபம் காட்சியை நாசப்படுத்தியது.,अभिनेता के नाटकीय प्रकोप ने दृश्य को बर्बाद कर दिया।,"Theatrical, Melodramatic, Exaggerated",நாடகபாங்குள்ள
256,Day 50,Immutable,Adjective,Advanced,மாறாத,अपरिवर्तनीय (Aparivartaneey),The laws of physics are considered immutable.,இயற்பியல் விதிகள் மாறாதவை என்று கருதப்படுகின்றன.,भौतिकी के नियमों को अपरिवर्तनीय माना जाता है।,"Fixed, Permanent, Unchangeable",மாற்ற முடியாத
257,Day 50,Impalpable,Adjective,Advanced,உணர முடியாத,अगोचर (Agochar),The spirit of unity was an impalpable force.,ஒற்றுமையின் உணர்வு உணர முடியாத சக்தியாக இருந்தது.,एकता की भावना एक अगोचर शक्ति थी।,"Intangible, Subtle, Vague",அறிய முடியாத
258,Day 50,Inculcate,Verb,Advanced,போதி,मन में बिठाना (Man Mein Biṭhaanaa),The parents tried to inculcate good values in their children.,பெற்றோர்கள் தங்கள் குழந்தைகளுக்கு நல்ல மதிப்புகளை போதிக்க முயன்றனர்.,माता-पिता ने अपने बच्चों में अच्छे मूल्यों को मन में बिठाने की कोशिश की।,"Instill, Implant, Teach",மனத்தில் பதிய வை
259,Day 50,Innocuous,Adjective,Advanced,பாதிப்பில்லாத,अहानिकर (Ahaanikar),The chemical was found to be completely innocuous.,அந்த இரசாயனம் முற்றிலும் பாதிப்பில்லாதது என்று கண்டறியப்பட்டது.,रसायन पूरी तरह से अहानिकर पाया गया था।,"Harmless, Benign, Safe",தீங்கற்ற
260,Day 50,Insidious,Adjective,Advanced,நயவஞ்சக,कपटी (Kapaṭee),The insidious rumor spread throughout the office.,நயவஞ்சக வதந்தி அலுவலகம் முழுவதும் பரவியது.,कपटी अफवाह पूरे कार्यालय में फैल गई।,"Treacherous, Subversive, Subtle",சூழ்ச்சியுள்ள
261,Day 51,Internecine,Adjective,Advanced,உட்பூசல்,विनाशकारी (Vinaashakaaree),The internecine conflict tore the community apart.,உட்பூசல் சண்டை சமூகத்தை சிதைத்தது.,विनाशकारी संघर्ष ने समुदाय को फाड़ दिया।,"Destructive, Deadly, Bloody",அழிவுகரமான
262,Day 51,Languish,Verb,Advanced,வாடிப் போ,कमज़ोर होना (Kamzor Honaa),He continued to languish in jail for years.,அவர் பல ஆண்டுகளாக சிறையில் வாடிப் போனார்.,वह वर्षों तक जेल में कमज़ोर होता रहा।,"Deteriorate, Decline, Suffer",வாடி
263,Day 51,Lissom,Adjective,Advanced,நெகிழ்வான,लचीला (Lacheela),The dancer's lissom body moved with ease and grace.,நடனக் கலைஞரின் நெகிழ்வான உடல் எளிதாகவும் அழகாகவும் நகர்ந்தது.,नर्तकी का लचीला शरीर आसानी और अनुग्रह के साथ चला गया।,"Supple, Agile, Limber",மென்மையான
265,Day 51,Maudlin,Adjective,Advanced,உணர்ச்சிவசப்பட்ட,भावुक (Bhaavuk),She became maudlin after drinking too much wine.,அதிகப்படியான ஒயின் குடித்த பிறகு அவள் உணர்ச்சிவசப்பட்டாள்.,बहुत अधिक शराब पीने के बाद वह भावुक हो गई।,"Sentimental, Weepy, Overly emotional",கண் கலங்கும்
266,Day 51,Mendacity,Noun,Advanced,பொய்,झूठ (Jhooṭh),The investigation revealed the mendacity of the witness.,இந்த விசாரணை சாட்சியின் பொய்யை வெளிப்படுத்தியது.,जांच में गवाह का झूठ सामने आया।,"Untruthfulness, Deceit, Dishonesty",பொய்மை
267,Day 52,Miasma,Noun,Advanced,தீங்கு விளைவிக்கும் காற்று,दूषित हवा (Dooshit Havaa),The miasma from the swamp carried disease.,சதுப்பு நிலத்திலிருந்து வந்த தீங்கு விளைவிக்கும் காற்று நோயை பரப்பியது.,दलदल से दूषित हवा ने बीमारी फैलाई।,"Fumes, Effluvium, Smog",தீய ஆவி
269,Day 52,Obviate,Verb,Advanced,தவிர்த்துவிடு,टालना (Taalnaa),The new security system obviated the need for guards.,புதிய பாதுகாப்பு அமைப்பு காவலர்களின் தேவையை தவிர்த்துவிட்டது.,नई सुरक्षा प्रणाली ने गार्डों की आवश्यकता को टाल दिया।,"Preclude, Eliminate, Prevent",நீக்க
270,Day 52,Panegyric,Noun,Advanced,புகழுரை,प्रशंसा भाषण (Prashansaa Bhaaṣaṇ),The professor delivered a panegyric on the retiring dean.,ஓய்வுபெறும் டீன் மீது பேராசிரியர் ஒரு புகழுரையை வழங்கினார்.,प्रोफेसर ने सेवानिवृत्त डीन पर एक प्रशंसा भाषण दिया।,"Eulogy, Tribute, Acclaim",பாராட்டுப் பேச்சு
271,Day 52,Pell-mell,Adverb,Advanced,குழப்பமான முறையில்,अव्यवस्थित (Avyavasthit),They rushed out of the burning building pell-mell.,அவர்கள் எரியும் கட்டிடத்திலிருந்து குழப்பமான முறையில் வெளியேறினர்.,वे जलते हुए भवन से अव्यवस्थित रूप से बाहर निकल गए।,"Disorderly, Chaotic, Haphazardly",கட்டுப்பாடின்றி
272,Day 52,Pernicious,Adjective,Advanced,அபாயகரமான,हानिकारक (Haanikaarak),The pernicious influence of gossip damaged his reputation.,வதந்தியின் அபாயகரமான செல்வாக்கு அவரது நற்பெயரைக் கெடுத்தது.,गपशप के हानिकारक प्रभाव ने उनकी प्रतिष्ठा को नुकसान पहुंचाया।,"Harmful, Destructive, Wicked",கேடு விளைவிக்கின்ற
273,Day 53,Phlegmatic,Adjective,Advanced,அமைதியான,शांत (Shaant),His phlegmatic demeanor made him ideal for crisis management.,அவரது அமைதியான அணுகுமுறை அவரை நெருக்கடி மேலாண்மைக்கு ஏற்றவராக ஆக்கியது.,उनका शांत व्यवहार उन्हें संकट प्रबंधन के लिए आदर्श बनाता था।,"Calm, Composed, Unemotional",மந்தமான
274,Day 53,Platitude,Noun,Advanced,பழமொழி,सामान्य टिप्पणी (Saamaany Ṭippaṇee),The politician's speech was full of meaningless platitudes.,அரசியல்வாதியின் பேச்சு அர்த்தமற்ற பழமொழிகளால் நிறைந்திருந்தது.,राजनेता का भाषण अर्थहीन सामान्य टिप्पणियों से भरा हुआ था।,"Cliché, Truism, Banal remark",சலிப்பூட்டும் கூற்று
275,Day 53,Portentous,Adjective,Advanced,தீய சகுனம்,अशुभ (Ashubh),The dark clouds and silence felt strangely portentous.,இருண்ட மேகங்களும் மௌனமும் வினோதமான முறையில் தீய சகுனமானதாக உணர்ந்தன.,काले बादल और चुप्पी अजीब तरह से अशुभ महसूस हुए।,"Ominous, Warning, Significant",தீய விளைவை குறிக்கும்
278,Day 53,Raillery,Noun,Advanced,கேலி,मज़ाक (Mazaak),The friends exchanged good-natured raillery.,நண்பர்கள் நல்ல மனதுடன் கேலியை பரிமாறிக்கொண்டனர்.,दोस्तों ने अच्छे स्वभाव वाले मज़ाक का आदान-प्रदान किया।,"Banter, Teasing, Jesting",கலகலப்பான கேலி
279,Day 53,Recalcitrance,Noun,Advanced,பிடிவாதம்,अवज्ञा (Avagyaa),The recalcitrance of the students delayed the lecture.,மாணவர்களின் பிடிவாதம் விரிவுரையை தாமதப்படுத்தியது.,छात्रों की अवज्ञा ने व्याख्यान में देरी कर दी।,"Defiance, Resistance, Obstinacy",மறுக்கும் தன்மை
280,Day 54,Remonstrate,Verb,Advanced,எதிர்ப்பு தெரிவி,विरोध करना (Virodh Karna),The employees decided to remonstrate against the wage cuts.,ஊதியக் குறைப்புகளுக்கு எதிராக எதிர்ப்பு தெரிவிக்க ஊழியர்கள் முடிவு செய்தனர்.,कर्मचारियों ने वेतन कटौती के खिलाफ विरोध करने का फैसला किया।,"Protest, Object, Oppose",தர்க்கித்தல்
281,Day 54,Replete,Adjective,Advanced,நிரம்பிய,भरा हुआ (Bharaa Huaa),The speech was replete with historical references.,பேச்சு வரலாற்று குறிப்புகளால் நிரம்பியிருந்தது.,भाषण ऐतिहासिक संदर्भों से भरा हुआ था।,"Full, Saturated, Loaded",நிறைவாக
282,Day 54,Rhapsodize,Verb,Advanced,உணர்ச்சிவசப்பட்டுப் பேசு,अति उत्साहित होकर बात करना (Ati Utsaahit Hokar Baat Karna),She rhapsodized about the beauty of the artwork.,அவள் கலைப்படைப்பின் அழகைப் பற்றி உணர்ச்சிவசப்பட்டுப் பேசினாள்.,उन्होंने कलाकृति की सुंदरता के बारे में अति उत्साहित होकर बात की।,"Extol, Enthuse, Rave",உணர்ச்சி வசப்பட்டு புகழ்
283,Day 54,Sanguine,Adjective,Advanced,நம்பிக்கையான,आशावादी (Aashaavaadee),He remained sanguine about the company's future despite the losses.,இழப்புகள் இருந்தபோதிலும் அவர் நிறுவனத்தின் எதிர்காலம் குறித்து நம்பிக்கையுடன் இருந்தார்.,नुकसान के बावजूद वह कंपनी के भविष्य के बारे में आशावादी रहे।,"Optimistic, Hopeful, Confident",பிரகாசமான
284,Day 54,Sequester,Verb,Advanced,தனிமைப்படுத்து,अलग करना (Alag Karna),The jury was sequestered until a verdict was reached.,தீர்ப்பு எட்டப்படும் வரை நடுவர் குழு தனிமைப்படுத்தப்பட்டது.,फैसला आने तक जूरी को अलग किया गया था।,"Isolate, Separate, Seclude",பிரித்து வைத்தல்
285,Day 55,Slovenly,Adjective,Advanced,அசுத்தமான,मैला (Mailaa),His slovenly appearance suggested a lack of self-respect.,அவரது அசுத்தமான தோற்றம் சுயமரியாதை இல்லாததைக் குறிக்கிறது.,उनकी मैला उपस्थिति आत्म-सम्मान की कमी का सुझाव देती है।,"Untidy, Messy, Negligent",கவனமற்ற
286,Day 55,Stupefy,Verb,Advanced,திகைக்க வை,चकित करना (Chakit Karna),The news of the sudden resignation stupefied everyone.,திடீர் ராஜினாமா பற்றிய செய்தி அனைவரையும் திகைக்க வைத்தது.,अचानक इस्तीफे की खबर ने सभी को चकित कर दिया।,"Astonish, Shock, Daze",திகைப்பூட்டு
288,Day 55,Transmute,Verb,Advanced,மாற்று,बदलना (Badalnaa),Alchemists tried to transmute base metals into gold.,ரசவாதிகள் அடிப்படை உலோகங்களை தங்கமாக மாற்ற முயன்றனர்.,कीमियागर आधार धातुओं को सोने में बदलने की कोशिश करते थे।,"Transform, Convert, Alter",ரூப மாற்றம் செய்
290,Day 55,Vacuous,Adjective,Advanced,அர்த்தமற்ற,खाली (Khaalee),The politician gave a vacuous statement full of empty promises.,அரசியல்வாதி அர்த்தமற்ற வாக்குறுதிகள் நிறைந்த ஒரு அர்த்தமற்ற அறிக்கையை அளித்தார்.,राजनेता ने खाली वादों से भरा एक खाली बयान दिया।,"Empty, Meaningless, Mindless",சாதாரணமாக
292,Day 55,Acrimony,Noun,Advanced,கசப்பு,कटुता (Kaṭutaa),The meeting ended in a display of mutual acrimony.,பரஸ்பர கசப்பின் வெளிப்பாட்டில் கூட்டம் முடிந்தது.,बैठक आपसी कटुता के प्रदर्शन के साथ समाप्त हुई।,"Bitterness, Hostility, Animosity",வெறுப்பு
293,Day 56,Amalgamation,Noun,Advanced,இணைத்தல்,समामेलन (Samaamelan),The amalgamation of the two departments was seamless.,இரண்டு துறைகளின் இணைத்தல் தடையற்றதாக இருந்தது.,दोनों विभागों का समामेलन सहज था।,"Merger, Union, Combination",ஒன்றிணைப்பு
294,Day 56,Apocryphal,Adjective,Advanced,சந்தேகத்திற்கிடமான,संदिग्ध (Sandigdh),The story about the missing treasure is probably apocryphal.,காணாமல் போன புதையல் பற்றிய கதை ஒருவேளை சந்தேகத்திற்கிடமானதாக இருக்கலாம்.,लापता खजाने की कहानी शायद संदिग्ध है।,"Unverified, Dubious, Fictitious",நம்பத்தகுந்ததல்ல
295,Day 56,Beguile,Verb,Advanced,ஏமாற்று,छलना (Chhalnaa),He tried to beguile the tourists with his charm.,அவர் தனது கவர்ச்சியால் சுற்றுலாப் பயணிகளை ஏமாற்ற முயன்றார்.,उसने अपने आकर्षण से पर्यटकों को छलने की कोशिश की।,"Charm, Deceive, Hoodwink",கவர்ந்து இழு
296,Day 56,Capacious,Adjective,Advanced,விசாலமான,विशाल (Vishaal),The stadium had a capacious seating area.,மைதானம் ஒரு விசாலமான இருக்கை பகுதியைக் கொண்டிருந்தது.,स्टेडियम में एक विशाल बैठने की जगह थी।,"Roomy, Spacious, Voluminous",கொள்ளளவு மிக்க
298,Day 56,Contravene,Verb,Advanced,மீறு,उल्लंघन करना (Ullanghan Karna),The action would contravene company policy.,இந்த செயல் நிறுவனத்தின் கொள்கையை மீறும்.,यह कार्रवाई कंपनी की नीति का उल्लंघन करेगी।,"Violate, Breach, Infringe",எதிர்த்து நட
299,Day 57,Demure,Adjective,Advanced,அடக்கமான,शर्मीला (Sharmeelaa),She gave a demure smile when complimented.,பாராட்டப்பட்டபோது அவள் ஒரு அடக்கமான புன்னகையைக் கொடுத்தாள்.,तारीफ मिलने पर उसने एक शर्मीली मुस्कान दी।,"Reserved, Modest, Shy",பவ்வியமான
300,Day 57,Dirge,Noun,Advanced,துக்க பாட்டு,शोकगीत (Shokgeet),"The orchestra played a slow, solemn dirge.","இசைக்குழு ஒரு மெதுவான, கம்பீரமான துக்க பாட்டை வாசித்தது.","ऑर्केस्ट्रा ने एक धीमा, गंभीर शोकगीत बजाया।","Lament, Elegy, Funeral song",இரங்கல் பாடல்
301,Day 57,Ennui,Noun,Advanced,சலிப்பு,ऊब (Oob),He suffered from a crushing sense of ennui and purposelessness.,அவர் சலிப்பு மற்றும் நோக்கமற்ற தன்மையின் ஒரு நசுக்கும் உணர்வால் பாதிக்கப்பட்டார்.,वह ऊब और उद्देश्यहीनता की भावना से पीड़ित थे।,"Boredom, Weariness, Apathy",அலுப்பு
302,Day 57,Erudite,Adjective,Advanced,அறிவார்ந்த,विद्वान (Vidvaan),The professor was a highly erudite scholar.,அந்த பேராசிரியர் ஒரு மிகவும் அறிவார்ந்த அறிஞர்.,प्रोफेसर एक अत्यधिक विद्वान थे।,"Learned, Scholarly, Knowledgeable",ஞானமுள்ள
305,Day 57,Grandiloquence,Noun,Advanced,பெருமையான பேச்சு,आडंबरपूर्ण भाषण (Aadambarpoorṇ Bhaaṣaṇ),The speaker's grandiloquence made his points unclear.,பேச்சாளரின் பெருமையான பேச்சு அவரது கருத்துக்களை தெளிவற்றதாக்கியது.,वक्ता का आडंबरपूर्ण भाषण उनके बिंदुओं को अस्पष्ट बना दिया।,"Pompousness, Bombast, Rhetoric",மிகைப்படுத்தப்பட்ட பேச்சு
306,Day 58,Imbroglio,Noun,Advanced,சிக்கலான நிலை,जटिल स्थिति (Jaṭil Sthiti),The political imbroglio dominated the news headlines.,அரசியல் சிக்கலான நிலை செய்தி தலைப்புச் செய்திகளில் ஆதிக்கம் செலுத்தியது.,राजनीतिक जटिल स्थिति ने समाचार सुर्खियों पर हावी रही।,"Predicament, Tangle, Embarrassing mess",குழப்பமான நிலை
308,Day 58,Juxtapose,Verb,Advanced,அருகருகே வை,सटाना (Saṭaanaa),The artist chose to juxtapose bright colors with dark ones.,கலைஞர் பிரகாசமான வண்ணங்களை இருண்டவற்றுடன் அருகருகே வைக்கத் தேர்ந்தெடுத்தார்.,कलाकार ने चमकीले रंगों को गहरे रंगों से सटाने का विकल्प चुना।,"Contrast, Place side by side, Compare",ஒப்பிட்டுப் பார்
309,Day 58,Lackadaisical,Adjective,Advanced,சோம்பலான,लापरवाह (Laaparvaah),His lackadaisical approach to work resulted in mistakes.,வேலையில் அவரது சோம்பலான அணுகுமுறை தவறுகளுக்கு வழிவகுத்தது.,काम के प्रति उनके लापरवाह रवैये के परिणामस्वरूप गलतियाँ हुईं।,"Careless, Lazy, Listless",அக்கறையற்ற
310,Day 58,Machination,Noun,Advanced,சூழ்ச்சி,षड्यंत्र (Shaḍyantra),The villain's machinations were eventually discovered.,வில்லனின் சூழ்ச்சிகள் இறுதியில் கண்டுபிடிக்கப்பட்டன.,खलनायक के षड्यंत्र का अंततः पता चला।,"Plot, Scheme, Intrigue",சதி திட்டம்
314,Day 58,Paucity,Noun,Advanced,பற்றாக்குறை,कमी (Kamee),There was a paucity of information on the subject.,அந்த விஷயத்தைப் பற்றி தகவல் பற்றாக்குறை இருந்தது.,विषय पर जानकारी की कमी थी।,"Scarcity, Dearth, Lack",குறைபாடு
315,Day 59,Penurious,Adjective,Advanced,ஏழ்மையான,निर्धन (Nirdhan),The penurious family struggled to afford rent.,ஏழ்மையான குடும்பம் வாடகையை செலுத்த சிரமப்பட்டது.,निर्धन परिवार को किराया चुकाने में संघर्ष करना पड़ा।,"Poor, Indigent, Impoverished",வறிய
318,Day 59,Plebeian,Adjective,Advanced,சாதாரண,साधारण (Saadhaaran),The plebeian tastes of the local population were catered to.,உள்ளூர் மக்களின் சாதாரண ரசனைகள் பூர்த்தி செய்யப்பட்டன.,स्थानीय आबादी के साधारण स्वाद को पूरा किया गया था।,"Common, Vulgar, Unrefined",பொதுவான
319,Day 59,Predilection,Noun,Advanced,விருப்பம்,प्राथमिकता (Praathamiktaa),She had a strong predilection for spicy food.,அவர் காரமான உணவில் ஒரு வலுவான விருப்பத்தைக் கொண்டிருந்தார்.,उन्हें मसालेदार भोजन के लिए एक मजबूत प्राथमिकता थी।,"Preference, Liking, Bias",நாட்டம்
320,Day 59,Pusillanimity,Noun,Advanced,கோழைத்தனம்,कायरता (Kaayarataa),His final decision was an act of pure pusillanimity.,அவரது இறுதி முடிவு தூய கோழைத்தனத்தின் செயல்.,उनका अंतिम निर्णय शुद्ध कायरता का कार्य था।,"Cowardice, Timidity, Fearfulness",அஞ்சும் தன்மை
322,Day 59,Raiment,Noun,Advanced,ஆடை,वस्त्र (Vastra),She was wearing a raiment fit for a queen.,அவள் ஒரு ராணிக்கு பொருத்தமான ஆடையை அணிந்திருந்தாள்.,उसने रानी के लिए उपयुक्त वस्त्र पहने थे।,"Clothing, Attire, Garments",உடை
324,Day 60,Remuneration,Noun,Advanced,ஊதியம்,पारिश्रमिक (Paarishramik),He received poor remuneration for his extensive work.,அவரது விரிவான பணிக்காக அவருக்கு குறைந்த ஊதியம் கிடைத்தது.,उन्हें उनके व्यापक काम के लिए कम पारिश्रमिक मिला।,"Payment, Salary, Compensation",கூலி
326,Day 60,Sanguinary,Adjective,Advanced,இரத்தமான,रक्तपात भरा (Raktpaat Bharaa),The battle was a particularly sanguinary affair.,அந்த போர் ஒரு குறிப்பாக இரத்தமான விவகாரம்.,लड़ाई विशेष रूप से रक्तपात भरा मामला था।,"Bloody, Gory, Murderous",இரத்தம் சிந்திய
328,Day 60,Subsume,Verb,Advanced,அடக்கு,समाहित करना (Samaahit Karna),The larger company will subsume the smaller one.,பெரிய நிறுவனம் சிறிய நிறுவனத்தை அடக்கும்.,बड़ी कंपनी छोटे को समाहित कर लेगी।,"Include, Incorporate, Absorb",தன்னுள்ளே எடுத்துக்கொள்
329,Day 60,Sunder,Verb,Advanced,பிரி,अलग करना (Alag Karna),The lightning appeared to sunder the old tree in two.,மின்னல் பழைய மரத்தை இரண்டாகப் பிரித்தது போலத் தோன்றியது.,बिजली ने पुराने पेड़ को दो हिस्सों में अलग कर दिया।,"Separate, Split, Divide",பிளவுபடு
331,Day 60,Sybarite,Noun,Advanced,ஆடம்பரமானவர்,विलासी (Vilaasee),The sybarite spent all his money on luxury goods.,ஆடம்பரமானவர் தனது பணத்தை ஆடம்பரப் பொருட்களுக்காக செலவிட்டார்.,विलासी ने अपना सारा पैसा लक्जरी सामान पर खर्च कर दिया।,"Hedonist, Sensualist, Debauchee",சுகவாசி
334,Day 61,Truism,Noun,Advanced,உண்மையான கூற்று,सर्वविदित सत्य (Sarvavidit Satya),The speaker repeated the boring truism that 'time is money'.,பேச்சாளர் 'நேரம் பணம்' என்ற சலிப்பூட்டும் உண்மையான கூற்றை மீண்டும் மீண்டும் கூறினார்.,वक्ता ने उबाऊ सर्वविदित सत्य को दोहराया कि 'समय ही पैसा है'।,"Cliché, Platitude, Self-evident truth",கண்கூடாகத் தெரியும் உண்மை
336,Day 61,Untoward,Adjective,Advanced,எதிர்பாராத,अप्रिय (Apriy),Untoward events led to the cancellation of the festival.,எதிர்பாராத நிகழ்வுகள் திருவிழாவை ரத்து செய்ய வழிவகுத்தன.,अप्रिय घटनाओं के कारण त्योहार रद्द हो गया।,"Unexpected, Unlucky, Inconvenient",பொருத்தமற்ற
339,Day 61,Veracity,Noun,Advanced,உண்மை,सत्यता (Satyataa),The judge questioned the veracity of the witness's statement.,நீதிபதி சாட்சியின் அறிக்கையின் உண்மையை கேள்வி கேட்டார்.,न्यायाधीश ने गवाह के बयान की सत्यता पर सवाल उठाया।,"Truthfulness, Accuracy, Honesty",மெய்மை
342,Day 61,Abrogate,Verb,Advanced,நீக்கு,निरस्त करना (Nirast Karna),The treaty was officially abrogated by the government.,அந்த ஒப்பந்தம் அரசாங்கத்தால் அதிகாரப்பூர்வமாக நீக்கப்பட்டது.,सरकार द्वारा संधि को आधिकारिक तौर पर निरस्त कर दिया गया।,"Repeal, Revoke, Annul",ரத்து செய்
343,Day 61,Capriciousness,Noun,Advanced,நிலையற்ற தன்மை,मनमौजीपन (Manamaujee Pan),The market's capriciousness makes long-term forecasting difficult.,சந்தையின் நிலையற்ற தன்மை நீண்ட கால முன்னறிவிப்பை கடினமாக்குகிறது.,बाजार का मनमौजीपन लंबी अवधि के पूर्वानुमान को मुश्किल बनाता है।,"Fickleness, Volatility, Whim",ஊசலாட்டம்
344,Day 62,Circumlocution,Noun,Advanced,சுற்றி வளைத்துப் பேசுதல்,घुमावदार बातचीत (Ghumaavdaar Baat Cheet),His circumlocution made it hard to understand his real point.,அவரது சுற்றி வளைத்துப் பேசுதல் அவரது உண்மையான கருத்தை புரிந்து கொள்வது கடினமாக்கியது.,उनकी घुमावदार बातचीत ने उनके असली बिंदु को समझना मुश्किल बना दिया।,"Evasion, Wordiness, Indirectness",சுற்றி வளைத்துப் பேசு
345,Day 62,Credulous,Adjective,Advanced,நம்புவதற்கு எளிதான,भोला (Bholaa),The scam artist preyed on credulous elderly people.,மோசடி கலைஞர் நம்புவதற்கு எளிதான வயதானவர்களை குறிவைத்தார்.,घोटालेबाज ने भोले बुजुर्गों का शिकार किया।,"Gullible, Naive, Unsuspecting",எளிதில் நம்பும்
346,Day 62,Disconsolate,Adjective,Advanced,ஆறுதலற்ற,उदास (Udaas),The team was disconsolate after losing the final match.,இறுதிப் போட்டியில் தோற்ற பிறகு அணி ஆறுதலற்ற நிலையில் இருந்தது.,फाइनल मैच हारने के बाद टीम उदास थी।,"Hopeless, Dejected, Gloomy",ஆறுதலில்லாத
347,Day 62,Ebullience,Noun,Advanced,உற்சாகம்,उत्साह (Utsaah),Her natural ebullience made her popular with the students.,அவரது இயல்பான உற்சாகம் அவரை மாணவர்களிடம் பிரபலமாக்கியது.,उनका प्राकृतिक उत्साह उन्हें छात्रों के बीच लोकप्रिय बनाता है।,"Exuberance, Joy, Vivacity",ஆரவாரம்
348,Day 62,Emissary,Noun,Advanced,தூதுவர்,दूत (Doot),The queen sent an emissary to the neighboring kingdom.,ராணி அண்டை நாட்டிற்கு ஒரு தூதுவரை அனுப்பினார்.,रानी ने पड़ोसी राज्य में एक दूत भेजा।,"Messenger, Envoy, Delegate",பிரதிநிதி
349,Day 63,Fecundity,Noun,Advanced,வளமை,उर्वरता (Urvarata),The writer's fecundity resulted in several novels each year.,எழுத்தாளரின் வளமை ஒவ்வொரு ஆண்டும் பல நாவல்களை வெளியிட்டது.,लेखक की उर्वरता के परिणामस्वरूप हर साल कई उपन्यास प्रकाशित होते थे।,"Fertility, Productiveness, Prolificacy",பலனுள்ள தன்மை
350,Day 63,Gambit,Noun,Advanced,தந்திரமான ஆரம்ப நடவடிக்கை,चाल (Chaal),His first move in the negotiations was a risky gambit.,பேச்சுவார்த்தையில் அவரது முதல் நடவடிக்கை ஒரு ஆபத்தான தந்திரமான ஆரம்ப நடவடிக்கை.,बातचीत में उनका पहला कदम एक जोखिम भरी चाल थी।,"Maneuver, Strategy, Ploy",சூழ்ச்சி
351,Day 63,Hackney,Verb,Advanced,பழக்கப்படுத்து,घिसा-पिटा बनाना (Ghisaa-Piṭaa Banaanaa),Overuse has completely hackneyed that old phrase.,அதிகப்படியான பயன்பாடு அந்த பழைய சொற்றொடரை முற்றிலும் பழக்கப்படுத்தியுள்ளது.,अत्यधिक उपयोग ने उस पुराने वाक्यांश को पूरी तरह से घिसा-पिटा बना दिया है।,"Overuse, Commercialize, Make trite",சலிப்பூட்ட
352,Day 63,Iconoclasm,Noun,Advanced,மரபு உடைத்தல்,मूर्तिभंजन (Moortibhanjan),His political iconoclasm challenged all traditional beliefs.,அவரது அரசியல் மரபு உடைத்தல் அனைத்து பாரம்பரிய நம்பிக்கைகளையும் சவால் செய்தது.,उनके राजनीतिक मूर्तिभंजन ने सभी पारंपरिक मान्यताओं को चुनौती दी।,"Heresy, Nonconformity, Dissent",சிலை உடைக்கும் தன்மை
353,Day 63,Impede,Verb,Advanced,தடை செய்,बाधा डालना (Baadhaa Ḍaalnaa),The mud on the road will impede our progress.,சாலையில் உள்ள சேறு நமது முன்னேற்றத்தை தடை செய்யும்.,सड़क पर कीचड़ हमारी प्रगति में बाधा डालेगा।,"Hinder, Obstruct, Slow",தடு
354,Day 64,Insipidness,Noun,Advanced,சுவையற்ற தன்மை,नीरसता (Neerastaa),The insipidness of the food made the meal very dull.,உணவின் சுவையற்ற தன்மை உணவை மிகவும் சலிப்படையச் செய்தது.,भोजन की नीरसता ने भोजन को बहुत नीरस बना दिया।,"Dullness, Lack of flavor, Vapidity",சப்பென்ற தன்மை
357,Day 64,Magnanimous,Adjective,Advanced,பெருந்தன்மையுள்ள,उदार (Udaar),"The winner was magnanimous in victory, praising his opponent.","வெற்றியாளர் தனது வெற்றியில் பெருந்தன்மையுள்ளவராக இருந்தார், தனது எதிராளியைப் புகழ்ந்தார்.","विजेता अपनी जीत में उदार थे, उन्होंने अपने विरोधी की प्रशंसा की।","Generous, Benevolent, Noble",உன்னதமான
358,Day 64,Malediction,Noun,Advanced,சாபம்,शाप (Shaap),The old sorcerer placed a powerful malediction on the kingdom.,பழைய சூனியக்காரன் இராஜ்யத்தின் மீது ஒரு சக்திவாய்ந்த சாபத்தை வைத்தார்.,पुराने जादूगर ने राज्य पर एक शक्तिशाली शाप दिया।,"Curse, Hex, Condemnation",சபித்தல்
359,Day 64,Obloquy,Noun,Advanced,அவதூறு,निंदा (Nindaa),He faced public obloquy after the scandal was exposed.,ஊழல் அம்பலமான பிறகு அவர் பொது அவதூறை எதிர்கொண்டார்.,घोटाला उजागर होने के बाद उन्हें सार्वजनिक निंदा का सामना करना पड़ा।,"Slander, Abuse, Defamation",பழி
360,Day 64,Palliate,Verb,Advanced,தணி,कम करना (Kam Karna),Doctors often try to palliate the symptoms when a cure is impossible.,குணப்படுத்துதல் சாத்தியமற்ற போது மருத்துவர்கள் பெரும்பாலும் அறிகுறிகளை தணிக்க முயல்வார்கள்.,जब इलाज असंभव होता है तो डॉक्टर अक्सर लक्षणों को कम करने की कोशिश करते हैं।,"Ease, Alleviate, Mitigate",வலியை குறை
363,Day 65,Perfidious,Adjective,Advanced,துரோகமுள்ள,धोखेबाज (Dhokhebaaz),The perfidious soldier betrayed his entire unit.,துரோகமுள்ள சிப்பாய் தனது முழு பிரிவையும் காட்டிக் கொடுத்தான்.,धोखेबाज सिपाही ने अपनी पूरी यूनिट को धोखा दिया।,"Treacherous, Disloyal, Faithless",நம்பிக்கை துரோகமுள்ள
364,Day 65,Perspicacious,Adjective,Advanced,கூர்மையான கவனிப்புள்ள,तीक्ष्ण बुद्धि (Teekṣṇ Buddhi),The perspicacious critic saw through the film's flaws immediately.,கூர்மையான கவனிப்புள்ள விமர்சகர் படத்தின் குறைபாடுகளை உடனடியாகக் கண்டார்.,तीक्ष्ण बुद्धि आलोचक ने तुरंत फिल्म की खामियों को देखा।,"Insightful, Shrewd, Discerning",நுண்ணறிவுள்ள
365,Day 65,Philistine,Noun,Advanced,கலைகளைப் புறக்கணிப்பவர்,संस्कृतिहीन व्यक्ति (Sanskritiheen Vyakti),The philistine mocked the abstract art in the museum.,அருங்காட்சியகத்தில் உள்ள சுருக்கக் கலையை கலைகளைப் புறக்கணிப்பவர் கேலி செய்தார்.,संस्कृतिहीन व्यक्ति ने संग्रहालय में अमूर्त कला का मजाक उड़ाया।,"Boor, Barbarian, Materialist",நாகரிகமற்றவர்
366,Day 65,Plaintive,Adjective,Advanced,துக்கமான,उदास (Udaas),The plaintive cries of the lost child echoed in the street.,தொலைந்த குழந்தையின் துக்கமான அழுகுரல் தெருவில் எதிரொலித்தது.,खोए हुए बच्चे की उदास रोने की आवाज़ गली में गूँज उठी।,"Mournful, Sorrowful, Wistful",சோகம் நிறைந்த
367,Day 65,Polemicize,Verb,Advanced,விவாதம் செய்,विवाद करना (Vivaad Karna),The two columnists often polemicize against each other's views.,இரண்டு கட்டுரையாளர்களும் அடிக்கடி ஒருவருக்கொருவர் கருத்துக்களுக்கு எதிராக விவாதம் செய்வார்கள்.,दोनों स्तंभकार अक्सर एक-दूसरे के विचारों के खिलाफ विवाद करते हैं।,"Argue, Contend, Debate",வாதாடு
368,Day 66,Profligacy,Noun,Advanced,வீண்செலவு,अपव्यय (Apavyay),The royal family's profligacy led to public outrage.,அரச குடும்பத்தின் வீண்செலவு பொதுமக்களின் சீற்றத்திற்கு வழிவகுத்தது.,शाही परिवार का अपव्यय जनता के आक्रोश का कारण बना।,"Extravagance, Wastefulness, Improvidence",அளவு கடந்த செலவு
369,Day 66,Punditry,Noun,Advanced,நிபுணத்துவம்,विशेषज्ञता (Visheshagyataa),The news program featured expert political punditry.,செய்தி நிகழ்ச்சியில் நிபுணர் அரசியல் நிபுணத்துவம் இடம்பெற்றது.,समाचार कार्यक्रम में विशेषज्ञ राजनीतिक विशेषज्ञता शामिल थी।,"Expertise, Analysis, Scholarship",ஆழமான கருத்து
370,Day 66,Quiescent,Adjective,Advanced,செயலற்ற,निष्क्रिय (Nishkriy),The volcano has been quiescent for centuries.,எரிமலை பல நூற்றாண்டுகளாக செயலற்ற நிலையில் உள்ளது.,ज्वालामुखी सदियों से निष्क्रिय रहा है।,"Dormant, Inactive, Resting",அமைதியாக இருக்கும்
372,Day 66,Recondite,Adjective,Advanced,மறைவான,गूढ़ (Gooḍh),The subject was too recondite for the average student.,இந்த விஷயம் சராசரி மாணவருக்கு மிகவும் மறைவானதாக இருந்தது.,विषय औसत छात्र के लिए बहुत गूढ़ था।,"Obscure, Abstruse, Esoteric",அரிதாகக் கிடைக்கும்
374,Day 66,Respite,Noun,Advanced,ஒத்திவைப்பு,राहत (Raahat),The workers were given a short respite from the heavy labor.,தொழிலாளர்களுக்கு கடுமையான உழைப்பிலிருந்து ஒரு குறுகிய ஒத்திவைப்பு வழங்கப்பட்டது.,श्रमिकों को भारी श्रम से थोड़ी राहत दी गई।,"Break, Rest, Pause",ஓய்வு
377,Day 67,Stymie,Verb,Advanced,தடைசெய்,बाधित करना (Baadhit Karna),The new regulations stymied the company's plans for expansion.,புதிய விதிமுறைகள் நிறுவனத்தின் விரிவாக்க திட்டங்களை தடை செய்தன.,नए नियमों ने कंपनी की विस्तार की योजनाओं को बाधित कर दिया।,"Obstruct, Impede, Hinder",தடுப்பு
379,Day 67,Sycophantic,Adjective,Advanced,முகஸ்துதி செய்யும்,चाटुकारितापूर्ण (ChaatooKaaritaPoorṇ),The sycophantic junior manager praised the boss constantly.,முகஸ்துதி செய்யும் இளைய மேலாளர் முதலாளியை தொடர்ந்து புகழ்ந்தார்.,चाटुकार कनिष्ठ प्रबंधक लगातार बॉस की प्रशंसा करता रहा।,"Flattering, Obsequious, Servile",இச்சகம் பேசும்
380,Day 67,Taciturn,Adjective,Advanced,பேசாத,अल्पभाषी (Alp Bhaaṣee),The taciturn old man rarely spoke more than a few words.,பேசாத வயதானவர் அரிதாகவே சில வார்த்தைகளுக்கு மேல் பேசுவார்.,अल्पभाषी बूढ़ा आदमी शायद ही कभी कुछ शब्दों से अधिक बोलता था।,"Silent, Uncommunicative, Reticent",மௌனமான
381,Day 67,Temerarious,Adjective,Advanced,துணிச்சல் மிகுந்த,दुस्साहसी (Dussaahasee),The temerarious action of the scout saved the entire platoon.,சாரணரின் துணிச்சல் மிகுந்த நடவடிக்கை முழு பிரிவையும் காப்பாற்றியது.,स्काउट के दुस्साहसी कार्य ने पूरी पलटन को बचा लिया।,"Reckless, Rash, Audacious",அசட்டு தைரியமுள்ள
382,Day 67,Torpor,Noun,Advanced,செயலற்ற நிலை,सुस्ती (Sustee),The sudden heat wave brought a state of torpor to the office.,திடீர் வெப்ப அலை அலுவலகத்தில் செயலற்ற நிலையை கொண்டு வந்தது.,अचानक गर्मी की लहर ने कार्यालय में सुस्ती ला दी।,"Lethargy, Inactivity, Sluggishness",மந்தம்
386,Day 68,Urbane,Adjective,Advanced,நாகரிகமான,शिष्ट (Shishṭ),The urbane host made all the guests feel welcome.,நாகரிகமான விருந்தினர் அனைத்து விருந்தினர்களையும் வரவேற்றார்.,शिष्ट मेजबान ने सभी मेहमानों का स्वागत किया।,"Suave, Sophisticated, Cultured",பண்புள்ள
389,Day 68,Venerable,Adjective,Advanced,வணக்கத்திற்குரிய,आदरणीय (Aadaraneey),The venerable old professor was known for his wisdom.,வணக்கத்திற்குரிய பழைய பேராசிரியர் அவரது ஞானத்திற்காக அறியப்பட்டார்.,आदरणीय पुराने प्रोफेसर अपनी बुद्धिमत्ता के लिए जाने जाते थे।,"Respected, Esteemed, Honored",மதிப்புமிக்க
390,Day 68,Vicissitude,Noun,Advanced,மாற்றங்கள்,उतार-चढ़ाव (Utaar-Chaḍhaav),The speaker discussed the vicissitudes of political life.,பேச்சாளர் அரசியல் வாழ்க்கையின் மாற்றங்களைப் பற்றி விவாதித்தார்.,वक्ता ने राजनीतिक जीवन के उतार-चढ़ाव पर चर्चा की।,"Change, Fluctuation, Alteration",ஏற்ற இறக்கங்கள்
391,Day 68,Vilification,Noun,Advanced,அவதூறு,बदनामी (Badnaamee),The newspaper published a long article of vilification against the CEO.,தலைமை நிர்வாக அதிகாரிக்கு எதிராக செய்தித்தாள் ஒரு நீண்ட அவதூறு கட்டுரையை வெளியிட்டது.,अखबार ने सीईओ के खिलाफ बदनामी का एक लंबा लेख प्रकाशित किया।,"Slander, Defamation, Calumny",தூற்றுதல்
392,Day 68,Tenuous,Adjective,Advanced,மெல்லிய,क्षीण (Ksheen),The evidence presented was tenuous.,வழங்கப்பட்ட ஆதாரம் மெல்லியதாக இருந்தது.,प्रस्तुत किए गए सबूत क्षीण थे।,"Weak, Flimsy, Fragile",பலவீனமான
394,Day 69,Vexation,Noun,Advanced,எரிச்சல்,झुंझलाहट (Jhunjhulaahat),She sighed in silent vexation.,அவள் அமைதியான எரிச்சலில் பெருமூச்சு விட்டாள்.,उसने खामोश झुंझलाहट में आह भरी।,"Annoyance, Irritation, Frustration",மனக்கசப்பு
396,Day 69,Amorphous,Adjective,Advanced,உருவமற்ற,निराकार (Niraakaar),"The sculpture was a large, amorphous mass.","சிற்பம் ஒரு பெரிய, உருவமற்ற திரளாக இருந்தது.","यह मूर्तिकला एक बड़ा, निराकार द्रव्यमान थी।","Shapeless, Vague, Indefinite",வடிவமற்ற
397,Day 69,Burgeon,Verb,Advanced,விரைவாக வளரு,पनपना (Panapna),The market for electric cars is burgeoning.,மின்சார கார்களுக்கான சந்தை விரைவாக வளர்ந்து வருகிறது.,इलेक्ट्रिक कारों का बाजार पनप रहा है।,"Grow, Flourish, Expand",பெருகு
402,Day 69,Fallow,Adjective,Advanced,சாகுபடி செய்யப்படாத,परती (Paratee),The farmer left the field fallow for a season.,விவசாயி வயலை ஒரு பருவத்திற்கு சாகுபடி செய்யாமல் விட்டார்.,किसान ने एक मौसम के लिए खेत को परती छोड़ दिया।,"Uncultivated, Dormant, Idle",பயனற்ற
410,Day 69,Bilk,Verb,Advanced,ஏமாற்று,धोखा देना (Dhokhaa Denaa),He bilked the taxi driver out of the fare.,அவர் டாக்ஸி டிரைவரை கட்டணத்தில் ஏமாற்றினார்.,उसने टैक्सी ड्राइवर को किराए से धोखा दिया।,"Cheat, Swindle, Defraud",மோசடி செய்
413,Day 70,Edify,Verb,Advanced,அறிவு புகட்டு,शिक्षा देना (Shikshaa Denaa),The documentary was meant to educate and edify.,ஆவணப்படம் கல்வி மற்றும் அறிவு புகட்டுவதற்காக இருந்தது.,डॉक्यूमेंट्री का उद्देश्य शिक्षित और ज्ञान देना था।,"Instruct, Enlighten, Educate",ஞானமூட்டு
416,Day 70,Intrepid,Adjective,Advanced,அஞ்சாத,निडर (Nidar),The intrepid explorer ventured into the jungle.,அஞ்சாத ஆய்வாளர் காட்டுக்குள் துணிந்து சென்றார்.,निडर खोजकर्ता ने जंगल में प्रवेश किया।,"Fearless, Bold, Courageous",வீரமான
418,Day 70,Ostensible,Adjective,Advanced,வெளிப்படையான,स्पष्ट (Spasht),The ostensible reason for the visit was to see family.,வருகைக்கான வெளிப்படையான காரணம் குடும்பத்தைப் பார்ப்பதுதான்.,यात्रा का स्पष्ट कारण परिवार से मिलना था।,"Apparent, Supposed, Professed",போலியான
419,Day 70,Solicitous,Adjective,Advanced,அக்கறை கொண்ட,चिंतित (Chintit),He was solicitous about his sister's health.,அவர் தனது சகோதரியின் ஆரோக்கியத்தில் அக்கறை கொண்டிருந்தார்.,वह अपनी बहन के स्वास्थ्य के बारे में चिंतित थे।,"Concerned, Attentive, Caring",ஆர்வமுள்ள
420,Day 70,Stoic,Adjective,Advanced,உணர்ச்சியற்ற,उदासीन (Udaaseen),The patient remained stoic despite the pain.,நோயாளி வலியிலும் உணர்ச்சியற்றவராக இருந்தார்.,दर्द के बावजूद मरीज उदासीन बना रहा।,"Emotionless, Unflappable, Impassive",சகிப்புத்தன்மையுள்ள
421,Day 71,Terse,Adjective,Advanced,சுருக்கமான,संक्षिप्त (Sankshipt),He gave a terse reply to the long question.,அவர் நீண்ட கேள்விக்கு ஒரு சுருக்கமான பதிலை அளித்தார்.,उन्होंने लंबे सवाल का संक्षिप्त जवाब दिया।,"Concise, Brief, Short",கச்சிதமான
424,Day 71,Vociferous,Adjective,Advanced,உரத்த குரலில் வெளிப்படும்,मुखर (Mukhar),The vociferous protestors filled the streets.,உரத்த குரலில் வெளிப்படும் எதிர்ப்பாளர்கள் தெருக்களை நிரப்பினர்.,मुखर प्रदर्शनकारियों ने सड़कों को भर दिया।,"Loud, Clamorous, Strident",ஆரவாரமான
425,Day 71,Waive,Verb,Advanced,கைவிடு,माफ़ करना (Maaf Karna),They decided to waive the fee for students.,அவர்கள் மாணவர்களுக்கு கட்டணத்தை கைவிட முடிவு செய்தனர்.,उन्होंने छात्रों के लिए शुल्क माफ़ करने का फैसला किया।,"Relinquish, Forgo, Renounce",உரிமையை விட்டுவிடுதல்
426,Day 71,Whet,Verb,Advanced,தூண்டு,तेज करना (Tez Karna),The smell of food whetted his appetite.,உணவின் வாசனை அவரது பசியைத் தூண்டியது.,भोजन की गंध ने उसकी भूख तेज कर दी।,"Sharpen, Stimulate, Arouse",கூர்மைப்படுத்து
430,Day 71,Coalesce,Verb,Advanced,ஒன்றிணை,विलय करना (Vilay Karna),The small groups began to coalesce into a large movement.,சிறிய குழுக்கள் ஒரு பெரிய இயக்கமாக ஒன்றிணையத் தொடங்கின.,छोटे समूह एक बड़े आंदोलन में विलय करना शुरू कर दिया।,"Merge, Unite, Combine",கூட்டாகச் சேர்
431,Day 72,Cryptic,Adjective,Advanced,மர்மமான,रहस्यमय (Rahasyamay),The note contained a cryptic message.,குறிப்பில் ஒரு மர்மமான செய்தி இருந்தது.,नोट में एक रहस्यमय संदेश था।,"Enigmatic, Mysterious, Obscure",புதிரான
436,Day 72,Foible,Noun,Advanced,பலவீனம்,कमजोरी (Kamzori),Forgetting names was his only real foible.,பெயர்களை மறந்துவிடுவது அவரது ஒரே உண்மையான பலவீனம்.,नाम भूलना ही उनकी एकमात्र वास्तविक कमजोरी थी।,"Flaw, Shortcoming, Quirk",அற்ப குறை
437,Day 72,Grandiloquent,Adjective,Advanced,ஆடம்பரமான,आडंबरपूर्ण (Aadambarpoorn),The politician's grandiloquent rhetoric was tiring.,அரசியல்வாதியின் ஆடம்பரமான பேச்சு சோர்வளித்தது.,राजनेता की आडंबरपूर्ण बयानबाजी थकाऊ थी।,"Pompous, Bombastic, Ornate",பெருமைமிகுந்த
439,Day 72,Impute,Verb,Advanced,குற்றம் சாட்டு,श्रेय देना (Shrey Dena),They tried to impute the failure to poor planning.,அவர்கள் தோல்வியை மோசமான திட்டமிடலுக்கு குற்றம் சாட்ட முயன்றனர்.,उन्होंने असफलता का श्रेय खराब योजना को देने की कोशिश की।,"Attribute, Ascribe, Charge",ஏற்றிச் சொல்
441,Day 72,Lionize,Verb,Advanced,புகழ்ந்து பேசு,सराहना करना (Saraahnaa Karna),The media continued to lionize the young athlete.,ஊடகங்கள் இளம் விளையாட்டு வீரரை புகழ்ந்து பேசிக்கொண்டே இருந்தன.,मीडिया ने युवा एथलीट की सराहना करना जारी रखा।,"Glorify, Idolize, Exalt",சிறப்புச் செய்
442,Day 73,Maelstrom,Noun,Advanced,சுழல்,भँवर (Bhanvar),The country was caught in a maelstrom of political change.,நாடு அரசியல் மாற்றத்தின் சுழலில் சிக்கியது.,देश राजनीतिक परिवर्तन के भँवर में फंस गया।,"Whirlpool, Turmoil, Tumult",பெரும் குழப்பம்
443,Day 73,Nugatory,Adjective,Advanced,அற்பமான,तुच्छ (Tuchchh),The contract provision was legally nugatory.,ஒப்பந்தத்தின் விதி சட்டப்படி அற்பமானதாக இருந்தது.,अनुबंध प्रावधान कानूनी तौर पर तुच्छ था।,"Trivial, Worthless, Insignificant",மதிப்பற்ற
444,Day 73,Onerous,Adjective,Advanced,கடினமான,बोझिल (Bojhil),The onerous task required months of work.,கடினமான பணிக்கு மாதக்கணக்கில் வேலை தேவைப்பட்டது.,बोझिल कार्य के लिए महीनों के काम की आवश्यकता थी।,"Burdensome, Arduous, Difficult",சிரமமான
451,Day 73,Spurious,Adjective,Advanced,போலியான,जाली (Jaalee),The company was exposed for selling spurious goods.,போலியான பொருட்களை விற்றதற்காக நிறுவனம் அம்பலப்படுத்தப்பட்டது.,कंपनी को जाली सामान बेचने के लिए उजागर किया गया।,"Fake, False, Counterfeit",போலி
455,Day 73,Turgid,Adjective,Advanced,வீங்கிய,फूला हुआ (Phoolaa Huaa),The turgid prose made the report difficult to read.,வீங்கிய உரை அறிக்கையைப் படிக்க கடினமாக்கியது.,फूला हुआ गद्य ने रिपोर्ट को पढ़ना मुश्किल बना दिया।,"Swollen, Inflated, Pompous",இறுக்கமான
457,Day 74,Vicarious,Adjective,Advanced,பிறர் அனுபவத்தை உணரும்,परोक्ष (Paroksh),He felt a vicarious thrill watching the extreme sport.,தீவிர விளையாட்டைப் பார்ப்பதன் மூலம் அவர் ஒரு பிறர் அனுபவத்தை உணரும் உற்சாகத்தை உணர்ந்தார்.,उन्होंने चरम खेल देखते हुए एक परोक्ष रोमांच महसूस किया।,"Indirect, Secondhand, Empathic",பதிலாளாகச் செய்யும்
458,Day 74,Welter,Noun,Advanced,குழப்பம்,गड़बड़ी (Gadabadee),The office was in a welter of papers and files.,அலுவலகம் காகிதங்கள் மற்றும் கோப்புகளின் குழப்பத்தில் இருந்தது.,कार्यालय कागजात और फाइलों की गड़बड़ी में था।,"Turmoil, Confusion, Disorder",களேபரம்
467,Day 74,Disparate,Adjective,Advanced,வேறுபட்ட,असमान (Asamaan),The two cultures had disparate values.,இரண்டு கலாச்சாரங்களுக்கும் வேறுபட்ட மதிப்புகள் இருந்தன.,दोनों संस्कृतियों में असमान मूल्य थे।,"Different, Unequal, Divergent",மாறுபட்ட
468,Day 74,Dogmatic,Adjective,Advanced,பிடிவாதமான,हठी (Hathi),His dogmatic adherence to the rules caused friction.,விதிகளுக்கு அவர் பிடிவாதமாக ஒட்டிக்கொண்டது மோதலை ஏற்படுத்தியது.,नियमों के प्रति उनका हठी पालन घर्षण का कारण बना।,"Rigid, Stubborn, Inflexible",பிடிவாத
469,Day 74,Eclectic,Adjective,Advanced,பல்வேறுபட்ட,विविध (Vividh),She has an eclectic taste in music.,அவருக்கு இசையில் பல்வேறுபட்ட ரசனை உள்ளது.,उन्हें संगीत में विविध स्वाद है।,"Diverse, Varied, Assorted",பலவகைப்பட்ட
470,Day 75,Efface,Verb,Advanced,அழித்துவிடு,मिटाना (Mitaana),They tried to efface the memory of the disaster.,பேரழிவின் நினைவை அழிக்க அவர்கள் முயன்றனர்.,उन्होंने आपदा की स्मृति को मिटाने की कोशिश की।,"Erase, Wipe out, Obliterate",அழி
471,Day 75,Equanimity,Noun,Advanced,மன அமைதி,समभाव (Samabhaav),He accepted the news with remarkable equanimity.,அவர் குறிப்பிடத்தக்க மன அமைதியுடன் செய்தியை ஏற்றுக்கொண்டார்.,उन्होंने उल्लेखनीय समभाव के साथ खबर स्वीकार की।,"Composure, Serenity, Calmness",சமநிலை
472,Day 75,Exhort,Verb,Advanced,வற்புறுத்து,आग्रह करना (Aagrah Karnaa),He exhorted the students to work harder.,அவர் மாணவர்களை கடினமாக உழைக்க வற்புறுத்தினார்.,उन्होंने छात्रों को कड़ी मेहनत करने के लिए आग्रह किया।,"Urge, Press, Encourage",தூண்டு
474,Day 75,Florid,Adjective,Advanced,அதிக அலங்காரமான,अलंकृत (Alankrit),Her florid writing style was difficult to read.,அவரது அதிக அலங்காரமான எழுத்து நடை படிக்க கடினமாக இருந்தது.,उनकी अलंकृत लेखन शैली को पढ़ना मुश्किल था।,"Ornate, Elaborate, Grandiose",சிவப்பு நிறமான
475,Day 75,Foment,Verb,Advanced,தூண்டிவிடு,भड़काना (Bhadkaana),They were accused of fomenting political unrest.,அரசியல் அமைதியின்மையை தூண்டிவிட்டதாக அவர்கள் மீது குற்றம் சாட்டப்பட்டது.,उन पर राजनीतिक अशांति भड़काने का आरोप लगाया गया।,"Incite, Instigate, Provoke",கிளறு
477,Day 76,Glib,Adjective,Advanced,அற்பமான பேச்சு,चिकनी चुपड़ी बातें (Chikanee Chupadee Baaten),The politician offered a glib explanation for his actions.,அரசியல்வாதி தனது செயல்களுக்கு அற்பமான பேச்சு விளக்கத்தை அளித்தார்.,राजनेता ने अपने कार्यों के लिए एक चिकनी चुपड़ी बातें स्पष्टीकरण दिया।,"Smooth, Fluent, Superficial",மேலோட்டமான
479,Day 76,Halcyon,Adjective,Advanced,அமைதியான,शांत (Shaant),She remembered the halcyon days of her youth.,அவள் தனது இளமைப் பருவத்தின் அமைதியான நாட்களை நினைவு கூர்ந்தாள்.,उसने अपनी जवानी के शांत दिनों को याद किया।,"Peaceful, Calm, Serene",இன்பகரமான
482,Day 76,Inveigle,Verb,Advanced,கவர்ந்திழு,फुसलाना (Phuslaana),He inveigled his way into the exclusive club.,பிரத்தியேக கிளப்பில் அவர் கவர்ந்திழுத்து சென்றார்.,उन्होंने विशेष क्लब में अपना रास्ता फुसला लिया।,"Coax, Persuade, Tempt",நயமாகப் பேசு
483,Day 76,Jejune,Adjective,Advanced,சலிப்பூட்டும்,नीरस (Neeras),The professor’s lecture was utterly jejune.,பேராசிரியரின் விரிவுரை முற்றிலும் சலிப்பூட்டும் விதமாக இருந்தது.,प्रोफेसर का व्याख्यान पूरी तरह से नीरस था।,"Dull, Boring, Immature",சப்பென்ற
484,Day 76,Jingoism,Noun,Advanced,போர்வெறி,युद्धोन्माद (Yuddhonmaad),His speech was marked by an intense jingoism.,அவரது பேச்சு ஒரு தீவிரமான போர்வெறியால் குறிக்கப்பட்டது.,उनका भाषण एक तीव्र युद्धोन्माद से चिह्नित था।,"Nationalism, Chauvinism, Patriotism",குருட்டுத் தேசப்பற்று
487,Day 77,Mendicant,Noun,Advanced,பிச்சைக்காரன்,भिक्षु (Bhikshu),The street was filled with mendicants seeking alms.,தெருவில் பிச்சைக்காரர்கள் தானம் தேடி நிரம்பியிருந்தனர்.,सड़क भिक्षुओं से भरी थी जो भीख मांग रहे थे।,"Beggar, Panhandler, Pauper",யாசகன்
488,Day 77,Mollify,Verb,Advanced,அமைதிப்படுத்து,शांत करना (Shaant Karnaa),The waiter tried to mollify the angry customer.,கோபமான வாடிக்கையாளரை அமைதிப்படுத்த பணியாளர் முயன்றார்.,वेटर ने गुस्से में ग्राहक को शांत करने की कोशिश की।,"Appease, Calm, Pacify",சாந்தப்படுத்து
490,Day 77,Nebulous,Adjective,Advanced,தெளிவற்ற,अस्पष्ट (Aspasht),The details of the plan remain nebulous.,திட்டத்தின் விவரங்கள் தெளிவற்றதாகவே உள்ளன.,योजना का विवरण अस्पष्ट बना हुआ है।,"Vague, Hazy, Indistinct",மங்கலான
495,Day 77,Perdition,Noun,Advanced,அழிவு,विनाश (Vinaash),He believed his soul was condemned to eternal perdition.,அவரது ஆத்மா நித்திய அழிவுக்கு கண்டனம் செய்யப்பட்டது என்று அவர் நம்பினார்.,उन्होंने माना कि उनकी आत्मा को शाश्वत विनाश की निंदा की गई थी।,"Damnation, Ruin, Hell",நாசம்
503,Day 77,Ratiocinate,Verb,Advanced,தர்க்கரீதியாக சிந்தி,तर्क करना (Tark Karnaa),He was asked to ratiocinate on the difficult ethical problem.,கடினமான நெறிமுறை சிக்கலைப் பற்றி தர்க்கரீதியாக சிந்திக்குமாறு அவர் கேட்கப்பட்டார்.,उनसे कठिन नैतिक समस्या पर तर्क करने के लिए कहा गया।,"Reason, Think, Analyze",பகுத்தறி
507,Day 78,Sublime,Adjective,Advanced,மிக உயர்ந்த,शानदार (Shaandaar),The view from the mountain peak was truly sublime.,மலை உச்சியில் இருந்து பார்த்த காட்சி உண்மையிலேயே மிக உயர்ந்ததாக இருந்தது.,पहाड़ की चोटी से दृश्य वास्तव में शानदार था।,"Majestic, Grand, Exalted",மகத்தான
510,Day 78,Tractable,Adjective,Advanced,கீழ்ப்படிதலுள்ள,विनम्र (Vinamr),The new employee was very tractable and followed instructions well.,புதிய ஊழியர் மிகவும் கீழ்ப்படிதலுள்ளவராக இருந்தார் மற்றும் வழிமுறைகளை நன்கு பின்பற்றினார்.,नया कर्मचारी बहुत विनम्र था और निर्देशों का अच्छी तरह से पालन करता है।,"Docile, Compliant, Manageable",இணக்கமான
515,Day 78,Acumen,Noun,Advanced,நுண்ணறிவு,अंतर्दृष्टि (Antardrishti),Business acumen is essential for success in the market.,சந்தையில் வெற்றிபெற வணிக நுண்ணறிவு அவசியம்.,बाजार में सफलता के लिए व्यावसायिक अंतर्दृष्टि आवश्यक है।,"Shrewdness, Insight, Sharpness",விவேகம்
516,Day 78,Antithesis,Noun,Advanced,நேர்மாறான,विपरीत (Vipreet),Love is the antithesis of hatred.,காதல் வெறுப்புக்கு நேர்மாறானதாகும்.,प्यार नफरत का विपरीत है।,"Opposite, Contrast, Reverse",எதிர்மறை
518,Day 78,Aspersion,Noun,Advanced,அவதூறு,कलंक (Kalank),He cast an aspersion on his opponent's integrity.,அவர் தனது எதிராளியின் நேர்மை மீது ஒரு அவதூறை வீசினார்.,उन्होंने अपने प्रतिद्वंद्वी की ईमानदारी पर कलंक लगाया।,"Slander, Defamation, Calumny",பழிசுமத்துதல்
519,Day 79,Atrophy,Verb,Advanced,வீணாக்கு,क्षीण होना (Ksheen Honaa),Muscles can atrophy quickly if not used regularly.,தசைகள் தவறாமல் பயன்படுத்தப்படாவிட்டால் விரைவாக வீணாகலாம்.,यदि मांसपेशियों का नियमित रूप से उपयोग नहीं किया जाता है तो वे क्षीण हो सकती हैं।,"Waste away, Degenerate, Decline",மெலிவு
520,Day 79,Avuncular,Adjective,Advanced,மாமா போன்ற,चाचा जैसा (Chaachaa Jaisaa),His avuncular manner made him popular with the students.,அவரது மாமா போன்ற அணுகுமுறை மாணவர்களிடையே அவரை பிரபலமாக்கியது.,उनका चाचा जैसा व्यवहार उन्हें छात्रों के बीच लोकप्रिय बनाता है।,"Kindly, Benevolent, Grandfatherly",கனிவான
521,Day 79,Boor,Noun,Advanced,முரட்டுத்தனமான நபர்,असभ्य व्यक्ति (Asabhya Vyakti),The boor interrupted the conversation rudely.,முரட்டுத்தனமான நபர் உரையாடலை முரட்டுத்தனமாக குறுக்கிட்டார்.,असभ्य व्यक्ति ने अशिष्टता से बातचीत को बाधित किया।,"Crude person, Lout, Barbarian",காட்டுமிராண்டி
524,Day 79,Cantankerous,Adjective,Advanced,முரண்பாடான,झगड़ालू (Jhagaraloo),The old man was known for his cantankerous nature.,அந்த முதியவர் தனது முரண்பாடான இயல்புக்காக அறியப்பட்டார்.,बूढ़ा व्यक्ति अपने झगड़ालू स्वभाव के लिए जाना जाता था।,"Quarrelsome, Irritable, Grumpy",சண்டை பிடிக்கும்
525,Day 79,Churlish,Adjective,Advanced,அநாகரிகமான,असभ्य (Asabhya),His churlish remarks offended everyone at the table.,அவரது அநாகரிகமான கருத்துக்கள் மேஜையில் இருந்த அனைவரையும் புண்படுத்தியது.,उनकी असभ्य टिप्पणी ने मेज पर सभी को नाराज कर दिया।,"Rude, Impolite, Ill-mannered",நாகரிகமற்ற
526,Day 80,Cogent,Adjective,Advanced,உறுதியான,ठोस (Thos),She presented a cogent argument for her proposal.,அவர் தனது முன்மொழிவுக்கு ஒரு உறுதியான வாதத்தை முன்வைத்தார்.,उन्होंने अपने प्रस्ताव के लिए एक ठोस तर्क प्रस्तुत किया।,"Convincing, Persuasive, Forceful",வலிமையான
527,Day 80,Convoluted,Adjective,Advanced,சிக்கலான,जटिल (Jatil),The plot of the movie was too convoluted to follow easily.,திரைப்படத்தின் கதை எளிதில் பின்பற்ற முடியாத அளவுக்கு சிக்கலானதாக இருந்தது.,फिल्म की कहानी आसानी से समझने के लिए बहुत जटिल थी।,"Intricate, Complex, Tangled",குழப்பமான
528,Day 80,Cupidity,Noun,Advanced,பேராசை,लालच (Laalach),The cupidity of the bankers led to the financial crisis.,வங்கியாளர்களின் பேராசை நிதி நெருக்கடிக்கு வழிவகுத்தது.,बैंकरों के लालच ने वित्तीय संकट को जन्म दिया।,"Greed, Avarice, Rapacity",ஆசை
530,Day 80,Diaphanous,Adjective,Advanced,மெல்லிய,पारदर्शी (Paardarshī),She wore a diaphanous veil over her face.,அவள் தனது முகத்தில் ஒரு மெல்லிய முக்காடு அணிந்திருந்தாள்.,उसने अपने चेहरे पर एक पारदर्शी घूंघट पहना था।,"Sheer, Transparent, Gauzy",நுட்பமான
531,Day 80,Diffident,Adjective,Advanced,தயக்கமுள்ள,संकोची (Sankochee),The diffident student rarely spoke up in class.,தயக்கமுள்ள மாணவர் வகுப்பில் அரிதாகவே பேசினார்.,संकोची छात्र कक्षा में शायद ही कभी बोलता था।,"Shy, Modest, Reserved",கூச்சமுள்ள
535,Day 81,Egregious,Adjective,Advanced,மிக மோசமான,घोर (Ghor),It was an egregious error that cost the company millions.,இது நிறுவனத்திற்கு மில்லியன் கணக்கான செலவை ஏற்படுத்திய ஒரு மிக மோசமான தவறு.,यह एक घोर गलती थी जिसने कंपनी को लाखों का नुकसान पहुंचाया।,"Flagrant, Shocking, Appalling",அப்பட்டமான
538,Day 81,Engender,Verb,Advanced,தோற்றுவி,उत्पन्न करना (Utpann Karnaa),His speech was intended to engender hope among the public.,அவரது பேச்சு பொதுமக்களிடையே நம்பிக்கையை தோற்றுவிக்கும் நோக்கம் கொண்டது.,उनका भाषण जनता के बीच आशा उत्पन्न करना चाहता था।,"Create, Produce, Generate",உருவாக்கு
542,Day 81,Euphemism,Noun,Advanced,மங்கல வழக்கு,शिष्टोक्ति (Shishtokti),"""Pass away"" is a common euphemism for ""die"".","""இறந்துவிடு"" என்பது ""சாக"" என்பதற்கான பொதுவான மங்கல வழக்கு ஆகும்.","""गुजर जाना"" ""मरना"" के लिए एक सामान्य शिष्टोक्ति है।","Substitute, Delicacy, Softening",இனிமையான சொல்
544,Day 81,Extant,Adjective,Advanced,இன்னும் இருக்கும்,विद्यमान (Vidyamaan),The oldest extant manuscript dates back to the 13th century.,இன்னும் இருக்கும் மிகப் பழமையான கையெழுத்துப் பிரதி 13 ஆம் நூற்றாண்டைச் சேர்ந்தது.,सबसे पुरानी विद्यमान पांडुलिपि 13 वीं शताब्दी की है।,"Existing, Surviving, Current",மிச்சமுள்ள
545,Day 81,Fallacy,Noun,Advanced,தவறான கருத்து,भ्रांति (Bhraanti),The belief that the earth is flat is a common fallacy.,பூமி தட்டையானது என்ற நம்பிக்கை ஒரு பொதுவான தவறான கருத்து.,"यह विश्वास कि पृथ्वी सपाट है, एक सामान्य भ्रांति है।","Misconception, Error, Delusion",பொய்த் தோற்றம்
550,Day 82,Felicitous,Adjective,Advanced,பொருத்தமான,उपयुक्त (Upayukt),The speaker chose a felicitous phrase to end her presentation.,தனது விளக்கக்காட்சியை முடிக்க பேச்சாளர் ஒரு பொருத்தமான சொற்றொடரைத் தேர்ந்தெடுத்தார்.,वक्ता ने अपनी प्रस्तुति को समाप्त करने के लिए एक उपयुक्त वाक्यांश चुना।,"Appropriate, Well-chosen, Apt",இனிமையான
552,Day 82,Flout,Verb,Advanced,அவமதி,उल्लंघन करना (Ullanghan Karnaa),He decided to flout the strict rules of the organization.,அமைப்பின் கடுமையான விதிகளை அவமதி செய்ய அவர் முடிவு செய்தார்.,उन्होंने संगठन के सख्त नियमों का उल्लंघन करने का फैसला किया।,"Defy, Disregard, Scoff at",அலட்சியப்படுத்து
553,Day 82,Forebode,Verb,Advanced,முன்னறிவி,अशुभ संकेत देना (Ashubh Sanket Denaa),The dark clouds seemed to forebode a heavy storm.,கருமேகங்கள் ஒரு பலத்த புயலை முன்னறிவிப்பதாகத் தோன்றியது.,काले बादल एक भारी तूफान का अशुभ संकेत देते थे।,"Predict, Portend, Augur",தீங்கைக் குறி
559,Day 82,Guileless,Adjective,Advanced,கபடமற்ற,निष्कपट (Nishkapat),The child's guileless expression betrayed his innocence.,குழந்தையின் கபடமற்ற வெளிப்பாடு அவரது அப்பாவித்தனத்தைக் காட்டிக்கொடுத்தது.,बच्चे की निष्कपट अभिव्यक्ति ने उसकी मासूमियत को धोखा दिया।,"Innocent, Naive, Artless",எளிமையான
565,Day 82,Imperturbable,Adjective,Advanced,அசைக்க முடியாத,अविचलित (Avichalit),She remained imperturbable despite the sudden crisis.,திடீர் நெருக்கடி இருந்தபோதிலும் அவள் அசைக்க முடியாதவராக இருந்தாள்.,अचानक संकट के बावजूद वह अविचलित रहीं।,"Unflappable, Composed, Serene",அமைதியான
566,Day 83,Impetuous,Adjective,Advanced,மனக்கிளர்ச்சி கொண்ட,उतावला (Utaavalaa),His impetuous decision to quit his job surprised everyone.,தனது வேலையை விட்டு வெளியேற அவரது மனக்கிளர்ச்சி கொண்ட முடிவு அனைவரையும் ஆச்சரியப்படுத்தியது.,नौकरी छोड़ने का उनका उतावला फैसला सभी को चौंका दिया।,"Impulsive, Rash, Hasty",அவசரமான
568,Day 83,Incongruous,Adjective,Advanced,பொருந்தாத,असंगत (Asangat),The modern art looked incongruous in the ancient palace.,பண்டைய அரண்மனையில் நவீன கலை பொருந்தாததாக தோன்றியது.,प्राचीन महल में आधुनिक कला असंगत लग रही थी।,"Inappropriate, Discordant, Odd",முரண்பாடான
571,Day 83,Intractable,Adjective,Advanced,பிடிவாதமான,ज़िद्दी (Ziddee),The intractable problem required a completely new approach.,பிடிவாதமான பிரச்சனைக்கு முற்றிலும் புதிய அணுகுமுறை தேவைப்பட்டது.,ज़िद्दी समस्या के लिए पूरी तरह से नए दृष्टिकोण की आवश्यकता थी।,"Stubborn, Unruly, Difficult",அடங்காத
574,Day 83,Largess,Noun,Advanced,பெருங்கொடை,उदारता (Udaartaa),The foundation is known for its acts of largess.,இந்த அறக்கட்டளை அதன் பெருங்கொடை செயல்களுக்கு பெயர் பெற்றது.,फाउंडेशन अपनी उदारता के कार्यों के लिए जाना जाता है।,"Generosity, Bounty, Donation",கொடை
577,Day 83,Minutiae,Noun,Advanced,நுணுக்கமான விவரம்,तुच्छ विवरण (Tuchchh Vivaran),The accountant paid close attention to the minutiae of the tax forms.,கணக்காளர் வரிப் படிவங்களின் நுணுக்கமான விவரங்களுக்கு அதிக கவனம் செலுத்தினார்.,अकाउंटेंट ने टैक्स फॉर्म के तुच्छ विवरण पर पूरा ध्यान दिया।,"Details, Trivialities, Specifics",சிறிய விபரங்கள்
578,Day 84,Nascent,Adjective,Advanced,வளரும்,नवजात (Navjaat),The nascent political movement quickly gained support.,வளரும் அரசியல் இயக்கம் விரைவாக ஆதரவைப் பெற்றது.,नवजात राजनीतिक आंदोलन ने तेजी से समर्थन प्राप्त किया।,"Emerging, Budding, Developing",பிறந்த
580,Day 84,Obtuse,Adjective,Advanced,மந்தமான,कुंद (Kund),His obtuse refusal to see the obvious frustrated everyone.,வெளிப்படையானதைப் பார்க்க அவரது மந்தமான மறுப்பு அனைவரையும் விரக்தியடையச் செய்தது.,स्पष्ट को देखने के लिए उनकी कुंद मनाही ने सभी को निराश कर दिया।,"Dull, Slow, Insensitive",மழுங்கிய
582,Day 84,Parity,Noun,Advanced,சமநிலை,समानता (Samaanataa),The two countries achieved parity in trade agreements.,இரு நாடுகளும் வர்த்தக ஒப்பந்தங்களில் சமநிலையை அடைந்தன.,दोनों देशों ने व्यापार समझौतों में समानता हासिल की।,"Equality, Equivalence, Uniformity",சமத்துவம்
584,Day 84,Pervasive,Adjective,Advanced,எங்கும் பரவிய,सर्वव्यापी (Sarvavyaapee),The pervasive smell of smoke filled the air.,எங்கும் பரவிய புகை வாசனை காற்றை நிரப்பியது.,धुएं की सर्वव्यापी गंध ने हवा को भर दिया।,"Widespread, Universal, Prevalent",ஊடுருவும்
585,Day 84,Petulant,Adjective,Advanced,எரிச்சலூட்டும்,चिड़चिड़ा (Chidchidaa),The child was petulant after missing his nap.,தூக்கத்தை தவறவிட்ட பிறகு குழந்தை எரிச்சலூட்டும் விதமாக இருந்தது.,अपनी झपकी छूटने के बाद बच्चा चिड़चिड़ा था।,"Grumpy, Ill-tempered, Peevish",முன்கோபமான
586,Day 85,Pillory,Verb,Advanced,பொது அவமானம் செய்,निंदा करना (Nindaa Karnaa),The newspaper sought to pillory the corrupt official.,செய்தித்தாள் ஊழல் அதிகாரியை பொது அவமானம் செய்ய முயன்றது.,अखबार ने भ्रष्ट अधिकारी की निंदा करने की कोशिश की।,"Criticize, Denounce, Attack",இகழ்
587,Day 85,Pique,Noun,Advanced,எரிச்சல்,नाराज़गी (Naaraazagee),She left in a fit of pique after the argument.,வாக்குவாதத்திற்குப் பிறகு அவள் எரிச்சலில் வெளியேறினாள்.,वह बहस के बाद नाराज़गी के एक फिट में चली गई।,"Annoyance, Resentment, Offense",கோபம்
590,Day 85,Plumb,Verb,Advanced,ஆழமாக ஆராய்,गहराई से जांचना (Gaharaaee Se Jaanchanaa),The committee will plumb the depths of the financial crisis.,நிதி நெருக்கடியின் ஆழத்தை குழு ஆழமாக ஆராயும்.,समिति वित्तीय संकट की गहराई से जांचना करेगी।,"Examine, Explore, Delve into",துல்லியமாக அளவிடு
592,Day 85,Postulate,Verb,Advanced,முன்வை,मान लेना (Maan Lenaa),We must postulate that the sun will rise tomorrow.,சூரியன் நாளை உதிக்கும் என்று நாம் முன்வைக்க வேண்டும்.,हमें यह मान लेना चाहिए कि सूरज कल उगेगा।,"Assume, Hypothesize, Propose",எடுகோள் கொள்
593,Day 85,Pragmatic,Adjective,Advanced,நடைமுறைக்கு ஏற்ற,व्यावहारिक (Vyavahaarik),She took a pragmatic approach to solving the problem.,சிக்கலை தீர்க்க அவர் நடைமுறைக்கு ஏற்ற அணுகுமுறையை எடுத்தார்.,उन्होंने समस्या को हल करने के लिए एक व्यावहारिक दृष्टिकोण अपनाया।,"Practical, Realistic, Sensible",அனுபவப்படியான
594,Day 86,Preclude,Verb,Advanced,தடு,रोकना (Roknaa),The bad weather precluded any outdoor activities.,மோசமான வானிலை எந்த வெளிப்புற நடவடிக்கைகளையும் தடுத்தது.,खराब मौसम ने किसी भी बाहरी गतिविधि को रोक दिया।,"Prevent, Rule out, Bar",விலக்கு
596,Day 86,Proclivity,Noun,Advanced,இயற்கையான ஆர்வம்,स्वाभाविक प्रवृत्ति (Svaabhaavik Pravritti),He showed a proclivity for risk-taking from a young age.,அவர் சிறு வயதிலிருந்தே ஆபத்தை எடுப்பதில் இயற்கையான ஆர்வத்தைக் காட்டினார்.,उन्होंने कम उम्र से ही जोखिम लेने की स्वाभाविक प्रवृत्ति दिखाई।,"Tendency, Inclination, Propensity",இயற்கையான விருப்பம்
600,Day 86,Quid Pro Quo,Noun,Advanced,கைம்மாறு,लेन-देन (Len-Den),The trade agreement was based on a quid pro quo.,வர்த்தக ஒப்பந்தம் கைம்மாறு அடிப்படையில் அமைந்தது.,व्यापार समझौता लेन-देन पर आधारित था।,"Exchange, Reciprocity, Swap",பதிலுக்குப் பதில்
602,Day 86,Raconteur,Noun,Advanced,கதை சொல்பவர்,कहानीकार (Kahaaneekaaar),The old man was a brilliant raconteur with many stories.,அந்த முதியவர் பல கதைகளுடன் ஒரு புத்திசாலித்தனமான கதை சொல்பவராக இருந்தார்.,बूढ़ा आदमी कई कहानियों के साथ एक शानदार कहानीकार थे।,"Storyteller, Narrator, Anecdotist",கதை கூறுபவர்
604,Day 86,Rarefied,Adjective,Advanced,மென்மையான,विरल (Viral),The rarefied atmosphere at the high altitude made breathing hard.,அதிக உயரத்தில் உள்ள மென்மையான வளிமண்டலம் சுவாசத்தை கடினமாக்கியது.,उच्च ऊंचाई पर विरल वातावरण ने सांस लेना मुश्किल बना दिया।,"Esoteric, Exclusive, Refined",மேம்பட்ட
605,Day 87,Recreant,Adjective,Advanced,கோழைத்தனமான,विश्वासघाती (Vishvaasghaatee),The recreant soldier deserted his post in battle.,கோழைத்தனமான சிப்பாய் போரில் தனது பதவியை கைவிட்டார்.,विश्वासघाती सैनिक युद्ध में अपनी पद छोड़ दिया।,"Cowardly, Traitorous, Apostate",நம்பகமற்ற
609,Day 87,Sententious,Adjective,Advanced,அறிவுரைகூறும்,शिक्षाप्रद (Shikshaaprad),The essay was too sententious and lacked original thought.,கட்டுரை மிகவும் அறிவுரைகூறும் விதமாக இருந்தது மற்றும் அசல் சிந்தனை இல்லை.,निबंध बहुत शिक्षाप्रद था और उसमें मौलिक विचार की कमी थी।,"Pithy, Moralistic, Aphoristic",சுருங்கச்சொல்லும்
610,Day 87,Sobriquet,Noun,Advanced,புனைப்பெயர்,उपनाम (Upanaam),"The jazz musician was given the sobriquet ""Bird.""","அந்த ஜாஸ் இசைக்கலைஞருக்கு ""பறவை"" என்ற புனைப்பெயர் வழங்கப்பட்டது.","जैज़ संगीतकार को ""बर्ड"" उपनाम दिया गया था।","Nickname, Epithet, Moniker",செல்லப்பெயர்
613,Day 87,Stringent,Adjective,Advanced,கடுமையான,सख्त (Sakht),The school enforced stringent rules regarding student behavior.,மாணவர்களின் நடத்தை குறித்து பள்ளி கடுமையான விதிகளை அமல்படுத்தியது.,स्कूल ने छात्र व्यवहार के संबंध में सख्त नियम लागू किए।,"Strict, Rigorous, Severe",இறுக்கமான
614,Day 87,Succor,Noun,Advanced,உதவி,सहायता (Sahaayataa),The organization provides succor to victims of natural disasters.,இயற்கை பேரழிவுகளால் பாதிக்கப்பட்டவர்களுக்கு இந்த அமைப்பு உதவி வழங்குகிறது.,संगठन प्राकृतिक आपदाओं के पीड़ितों को सहायता प्रदान करता है।,"Aid, Relief, Help",ஆதரவு
615,Day 88,Surly,Adjective,Advanced,முரட்டுத்தனமான,चिड़चिड़ा (Chidchidaa),The surly waiter ignored our request for water.,முரட்டுத்தனமான பணியாளர் எங்கள் தண்ணீருக்கான கோரிக்கையை புறக்கணித்தார்.,चिड़चिड़ा वेटर ने पानी के लिए हमारे अनुरोध को अनदेखा कर दिया।,"Grouchy, Bad-tempered, Rude",அநாகரிகமான
618,Day 88,Tyro,Noun,Advanced,ஆரம்பிப்பவர்,नौसिखिया (Nausikhiyaa),He is a tyro in the field of computer programming.,அவர் கணினி நிரலாக்க துறையில் ஒரு ஆரம்பிப்பவர்.,वह कंप्यूटर प्रोग्रामिंग के क्षेत्र में एक नौसिखिया है।,"Beginner, Novice, Neophyte",புதியவர்
620,Day 88,Upbraid,Verb,Advanced,கடுமையாகக் கண்டி,डांटना (Daantnaa),The supervisor had to upbraid the worker for their carelessness.,மேற்பார்வையாளர் தொழிலாளியை அவர்களின் கவனக்குறைவுக்காக கடுமையாகக் கண்டிக்க வேண்டியிருந்தது.,पर्यवेक्षक को उनकी लापरवाही के लिए कार्यकर्ता को डांटना पड़ा।,"Scold, Reproach, Censure",கடிந்துகொள்
621,Day 88,Usurp,Verb,Advanced,அபகரி,हड़पना (Harapnaa),The ambitious general tried to usurp the king's throne.,லட்சியமுள்ள தளபதி ராஜாவின் சிம்மாசனத்தை அபகரிக்க முயன்றார்.,महत्वाकांक्षी जनरल ने राजा के सिंहासन को हड़पने की कोशिश की।,"Seize, Take over, Appropriate",சட்டத்திற்குப் புறம்பாகப் பிடுங்கிக்கொள்
623,Day 88,Verbose,Adjective,Advanced,அதிகமாகப் பேசும்,वाचाल (Vaachaal),The professor’s lecture was verbose and went over the time limit.,பேராசிரியரின் விரிவுரை அதிகமாகப் பேசும் விதமாக இருந்தது மற்றும் நேர வரம்பை மீறியது.,प्रोफेसर का व्याख्यान वाचाल था और समय सीमा से अधिक हो गया।,"Wordy, Talkative, Garrulous",சொற்களால் நிறைந்த
624,Day 89,Vertiginous,Adjective,Advanced,தலைசுற்ற வைக்கும்,चक्करदार (Chakkardaar),The vertiginous height of the skyscraper made him dizzy.,வானளாவிய கட்டிடத்தின் தலைசுற்ற வைக்கும் உயரம் அவருக்கு தலைச்சுற்றலை ஏற்படுத்தியது.,गगनचुंबी इमारत की चक्करदार ऊंचाई ने उसे चक्कर दिला दिया।,"Dizzying, High, Steep",கிறுகிறுப்பான
626,Day 89,Virulent,Adjective,Advanced,மிகவும் தீங்கு விளைவிக்கும்,अत्यंत हानिकारक (Atyant Haanikaarak),The virulent strain of the flu spread rapidly through the city.,காய்ச்சலின் மிகவும் தீங்கு விளைவிக்கும் திரிபு நகரம் முழுவதும் விரைவாக பரவியது.,फ्लू का अत्यंत हानिकारक स्ट्रेन शहर में तेजी से फैल गया।,"Poisonous, Malignant, Noxious",கடுமையான
627,Day 89,Vouchsafe,Verb,Advanced,வழங்கு,प्रदान करना (Pradaan Karnaa),He decided to vouchsafe the secret to only a few close friends.,அவர் இரகசியத்தை சில நெருங்கிய நண்பர்களுக்கு மட்டுமே வழங்க முடிவு செய்தார்.,उन्होंने केवल कुछ करीबी दोस्तों को ही रहस्य प्रदान करने का फैसला किया।,"Grant, Bestow, Confer",அளி
628,Day 89,Wag,Noun,Advanced,நகைச்சுவையாளர்,मसखरा (Masakharaa),The class clown was known as the school wag.,வகுப்பு கோமாளி பள்ளி நகைச்சுவையாளராக அறியப்பட்டார்.,क्लास क्लाउन को स्कूल मसखरा के रूप में जाना जाता था।,"Wit, Joker, Comedian",கேலி செய்பவர்
630,Day 89,Wanton,Adjective,Advanced,கட்டுக்கடங்காத,अनियंत्रित (Aniyantrit),The group was accused of wanton destruction of property.,அந்த குழு சொத்துக்களை கட்டுக்கடங்காத அழித்ததாக குற்றம் சாட்டப்பட்டது.,समूह पर संपत्ति के अनियंत्रित विनाश का आरोप लगाया गया।,"Unrestrained, Excessive, Reckless",பொறுப்பற்ற
631,Day 90,Wary,Adjective,Advanced,எச்சரிக்கையாக,सतर्क (Satark),He was wary of strangers approaching him for money.,பணம் கேட்டு தன்னை அணுகும் அந்நியர்களைப் பற்றி அவர் எச்சரிக்கையாக இருந்தார்.,वह पैसे के लिए उनसे संपर्क करने वाले अजनबियों के प्रति सतर्क थे।,"Cautious, Suspicious, Leery",விழிப்புள்ள
635,Day 90,Abscond,Verb,Advanced,தப்பி ஓடு,भाग जाना (Bhaag Jaanaa),The thief managed to abscond with the stolen jewels.,திருடன் திருடப்பட்ட நகைகளுடன் தப்பி ஓடிவிட்டான்.,चोर चोरी किए गए गहनों के साथ भागने में कामयाब रहा।,"Flee, Escape, Bolt",மறைந்துவிடு
636,Day 90,Abstemious,Adjective,Advanced,மிதமான,संयमी (Sanyamee),She is known for her abstemious diet and simple lifestyle.,அவர் தனது மிதமான உணவு மற்றும் எளிமையான வாழ்க்கை முறைக்காக அறியப்படுகிறார்.,वह अपने संयमी आहार और साधारण जीवन शैली के लिए जानी जाती हैं।,"Temperate, Moderate, Frugal",மட்டுப்படுத்தப்பட்ட
637,Day 90,Adulterate,Verb,Advanced,கலப்படம் செய்,मिलावट करना (Milaavat Karnaa),The food vendor was arrested for adulterating the milk.,பால் கலப்படம் செய்ததற்காக உணவு விற்பனையாளர் கைது செய்யப்பட்டார்.,खाद्य विक्रेता को दूध में मिलावट करने के आरोप में गिरफ्तार किया गया।,"Contaminate, Taint, Debase",தூய்மையைக் குறை
639,Day 90,Alacrity,Noun,Advanced,உற்சாகம்,तत्परता (Tatparataa),She accepted the new job offer with alacrity.,அவர் புதிய வேலை வாய்ப்பை உற்சாகத்துடன் ஏற்றுக்கொண்டார்.,उन्होंने नए नौकरी प्रस्ताव को तत्परता से स्वीकार किया।,"Eagerness, Promptness, Zeal",மனக்கிளர்ச்சி
642,Day 91,Antipathy,Noun,Advanced,வெறுப்பு,घृणा (Ghrinaa),He felt a strong antipathy towards his former rival.,அவர் தனது முன்னாள் போட்டியாளரிடம் ஒரு வலுவான வெறுப்பை உணர்ந்தார்.,उन्होंने अपने पूर्व प्रतिद्वंद्वी के प्रति एक मजबूत घृणा महसूस की।,"Aversion, Hostility, Dislike",பகைமை
643,Day 91,Apposite,Adjective,Advanced,பொருத்தமான,उपयुक्त (Upayukt),The quote was an apposite conclusion to her presentation.,மேற்கோள் அவரது விளக்கக்காட்சிக்கு ஒரு பொருத்தமான முடிவு.,उद्धरण उनकी प्रस्तुति के लिए एक उपयुक्त निष्कर्ष था।,"Appropriate, Relevant, Fitting",தகுந்த
644,Day 91,Ardent,Adjective,Advanced,ஆர்வமுள்ள,उत्साही (Utsaahee),He is an ardent supporter of the local football team.,அவர் உள்ளூர் கால்பந்து அணியின் ஆர்வமுள்ள ஆதரவாளர்.,वह स्थानीय फुटबॉल टीम के एक उत्साही समर्थक हैं।,"Passionate, Fervent, Zealous",தீவிரமான
645,Day 91,Artless,Adjective,Advanced,கபடமற்ற,भोला (Bholaa),The child's artless questions amused the adults.,குழந்தையின் கபடமற்ற கேள்விகள் பெரியவர்களை மகிழ்வித்தன.,बच्चे के भोले सवालों ने वयस्कों को गुदगुदाया।,"Naive, Innocent, Guileless",கலையற்ற
648,Day 91,Audacious,Adjective,Advanced,தைரியமான,साहसी (Saahasee),It was an audacious move to challenge the company's CEO.,நிறுவனத்தின் தலைமை நிர்வாக அதிகாரியை சவால் செய்வது ஒரு தைரியமான நடவடிக்கை.,कंपनी के सीईओ को चुनौती देना एक साहसी कदम था।,"Bold, Daring, Fearless",துணிவுள்ள
649,Day 92,Auspicious,Adjective,Advanced,மங்களகரமான,शुभ (Shubh),The wedding date was chosen as an auspicious day.,திருமண தேதி ஒரு மங்களகரமான நாளாக தேர்ந்தெடுக்கப்பட்டது.,शादी की तारीख एक शुभ दिन के रूप में चुनी गई थी।,"Favorable, Propitious, Promising",நல்ல சகுனமுள்ள
650,Day 92,Belligerent,Adjective,Advanced,சண்டைக்காரன்,झगड़ालू (Jhagaraloo),The belligerent nation was preparing for war.,சண்டைக்காரன் நாடு போருக்கு தயாராகிக் கொண்டிருந்தது.,झगड़ालू राष्ट्र युद्ध की तैयारी कर रहा था।,"Hostile, Aggressive, Warlike",போரிடும்
651,Day 92,Bête Noire,Noun,Advanced,வெறுக்கத்தக்க நபர்,अप्रिय व्यक्ति (Apriy Vyakti),Public speaking was her professional bête noire.,பொதுப் பேச்சு அவரது தொழில்ரீதியான வெறுக்கத்தக்க நபர்.,सार्वजनिक रूप से बोलना उनका पेशेवर अप्रिय व्यक्ति था।,"Anathema, Bugbear, Pet hate",வெறுப்புக்குரியது
652,Day 92,Acquiesce,Verb,Advanced,உடன்படுதல்,मौन सहमति (Maun sahamati),He decided to acquiesce to the committee's demands.,அவர் குழுவின் கோரிக்கைகளுக்கு உடன்பட முடிவு செய்தார்.,उन्होंने समिति की मांगों को स्वीकार करने का निर्णय लिया।,"Comply, Consent",சம்மதித்தல்
653,Day 92,Cacophony,Noun,Advanced,கரகரப்பான ஒலி,शोरगुल (Shorgul),The classroom was a cacophony of voices.,வகுப்பறை குரல்களின் கரகரப்பான ஒலியால் நிறைந்திருந்தது.,कक्षा शोरगुल से भरी हुई थी।,"Discord, Harsh noise",இரைச்சல்
651,Day 93,Diatribe,Noun,Advanced,வசைபாடல்,निंदा (Ninda),The critic wrote a long diatribe against the film.,விமர்சகர் படத்திற்கு எதிராக ஒரு நீண்ட வசைபாடலை எழுதினார்.,आलोचक ने फिल्म के खिलाफ एक लंबी निंदा लिखी।,"Tirade, Harangue",கண்டனம்
652,Day 93,Frugal,Adjective,Advanced,சிக்கனமான,मितव्ययी (Mitavyayee),She lives a frugal life to save money for college.,கல்லூரிக்கு பணம் சேமிக்க அவள் சிக்கனமான வாழ்க்கையை வாழ்கிறாள்.,वह कॉलेज के लिए पैसे बचाने के लिए मितव्ययी जीवन जीती है।,"Thrifty, Economical",சிக்கனம்
653,Day 93,Guile,Noun,Advanced,வஞ்சகம்,छल (Chhal),He used guile to get what he wanted.,அவர் தனது தேவையைப் பெற வஞ்சகத்தைப் பயன்படுத்தினார்.,उसने जो चाहा उसे पाने के लिए छल का सहारा लिया।,"Deceit, Cunning",ஏமாற்று
651,Day 93,Kindle,Verb,Advanced,தூண்டுதல்,सुलगाना (Sulgana),The teacher's words kindled an interest in science.,ஆசிரியரின் வார்த்தைகள் அறிவியலில் ஆர்வத்தைத் தூண்டின.,शिक्षक की बातों ने विज्ञान में रुचि जगाई।,"Ignite, Awaken",கிளர்ந்தெழச் செய்
652,Day 93,Laconic,Adjective,Advanced,சுருக்கமான,संक्षिप्त (Sankshipt),His laconic reply suggested he was not interested.,அவரது சுருக்கமான பதில் அவருக்கு ஆர்வம் இல்லை என்பதைக் காட்டியது.,उनके संक्षिप्त उत्तर ने सुझाव दिया कि उन्हें कोई दिलचस्पी नहीं थी।,"Brief, Terse",குறைவான சொற்கள்
653,Day 94,Abnegation,Noun,Advanced,துறத்தல்,आत्मत्याग,The monk’s abnegation of worldly pleasures inspired many.,உலக இன்பங்களைத் துறந்த துறவியின் செயல் பலரைத் தூண்டியது.,सांसारिक सुखों का साधु द्वारा आत्मत्याग कई लोगों के लिए प्रेरणा बना।,"Denial, Renunciation",சுய மறுப்பு
651,Day 94,Bellicose,Adjective,Advanced,போர்க்குணமுள்ள,लड़ाकू,The nation’s bellicose rhetoric alarmed its neighbors.,நாட்டின் போர்க்குணமிக்க பேச்சு அண்டை நாடுகளை அச்சுறுத்தியது.,राष्ट्र की लड़ाकू बयानबाजी ने उसके पड़ोसियों को चिंतित कर दिया।,"Belligerent, Hostile",சண்டையிடும் குணமுள்ள
652,Day 94,Reticent,Adjective,Advanced,அமைதியான,अल्पभाषी,She was reticent about her personal life.,அவள் தனது தனிப்பட்ட வாழ்க்கையைப் பற்றி அமைதியாக இருந்தாள்.,वह अपने निजी जीवन के बारे में अल्पभाषी थी।,"Reserved, Introverted",அடக்கமான
653,Day 94,Venerate,Verb,Advanced,மதித்தல்,सम्मान करना,"In many cultures, people venerate their ancestors.","பல கலாச்சாரங்களில், மக்கள் தங்கள் முன்னோர்களை மதிக்கிறார்கள்.","कई संस्कृतियों में, लोग अपने पूर्वजों का सम्मान करते हैं।","Revere, Honor",போற்றுதல்
651,Day 94,Zealot,Noun,Advanced,வெறியர்,कट्टरपंथी,The religious zealot refused to listen to other views.,அந்த மத வெறியர் மற்ற கருத்துக்களைக் கேட்க மறுத்துவிட்டார்.,धार्मिक कट्टरपंथी ने अन्य विचारों को सुनने से इनकार कर दिया।,"Fanatic, Enthusiast",தீவிரமானவர்
652,Day 95,Amnesty,Noun,Advanced,பொது மன்னிப்பு,आम माफ़ी,The government granted amnesty to political prisoners.,அரசியல் கைதிகளுக்கு அரசாங்கம் பொது மன்னிப்பு வழங்கியது.,सरकार ने राजनीतिक कैदियों को आम माफी दी।,"Pardon, Forgiveness",மன்னிப்பு
653,Day 95,Benevolent,Adjective,Advanced,பரோபகார,परोपकारी,The billionaire is known for his benevolent acts.,கோடீஸ்வரர் தனது பரோபகார செயல்களுக்காக அறியப்படுகிறார்.,अरबपति अपने परोपकारी कार्यों के लिए जाने जाते हैं।,"Kind, Charitable",கருணையுள்ள
651,Day 95,Castigate,Verb,Advanced,தண்டித்தல்,आलोचना करना,The judge castigated the lawyer for his behavior.,நீதிபதி வழக்கறிஞரின் நடத்தைக்காக அவரைத் தண்டித்தார்.,न्यायाधीश ने वकील के व्यवहार के लिए उसकी आलोचना की।,"Scold, Reprimand",கண்டித்தல்
652,Day 95,Dormant,Adjective,Advanced,செயலற்ற நிலையில்,सुप्त,The volcano has been dormant for hundreds of years.,எரிமலை நூற்றுக்கணக்கான ஆண்டுகளாக செயலற்ற நிலையில் உள்ளது.,ज्वालामुखी सैकड़ों वर्षों से सुप्त है।,"Inactive, Asleep",உறங்கும்
653,Day 95,Haughty,Adjective,Advanced,திமிரான,अभिमानी,She gave him a haughty look and walked away.,அவள் அவனுக்கு ஒரு திமிரான பார்வையை வீசிவிட்டு சென்றாள்.,उसने उसे अभिमानी लुक दिया और चली गई।,"Arrogant, Proud",கர்வமுள்ள
651,Day 96,Imminent,Adjective,Advanced,மிக விரைவில் நடக்கவுள்ள,आसन्न,Dark clouds suggested that rain was imminent.,கார்மேகங்கள் மழை மிக விரைவில் பெய்யப்போவதை உணர்த்தின.,काले बादलों ने संकेत दिया कि बारिश आसन्न थी।,"Impending, Looming",உடனடியான
652,Day 96,Lethargic,Adjective,Advanced,மந்தமான,सुस्त,The hot weather made everyone feel lethargic.,வெப்பமான காலநிலை அனைவரையும் மந்தமாக உணரச் செய்தது.,गर्म मौसम ने सभी को सुस्त महसूस कराया।,"Sluggish, Lazy",சோர்வான
653,Day 96,Nuance,Noun,Advanced,நுட்பமான வேறுபாடு,सूक्ष्म अंतर,He failed to notice the nuance in her voice.,அவளது குரலில் இருந்த நுட்பமான வேறுபாட்டை அவர் கவனிக்கவில்லை.,वह उसकी आवाज़ के सूक्ष्म अंतर को नोटिस करने में विफल रहा।,"Subtlety, Distinction",நுணுக்கம்
651,Day 96,Opulent,Adjective,Advanced,ஆடம்பரமான,आलीशान,The palace was filled with opulent furnishings.,அரண்மனை ஆடம்பரமான அலங்காரங்களால் நிறைந்திருந்தது.,महल आलीशान सामानों से भरा था।,"Luxurious, Wealthy",செழிப்பான
652,Day 96,Tenacious,Adjective,Advanced,விடாப்பிடியான,दृढ़,She is a tenacious advocate for human rights.,அவள் மனித உரிமைகளுக்காக விடாப்பிடியாக வாதிடுபவர்.,वह मानवाधिकारों की एक दृढ़ समर्थक है।,"Persistent, Stubborn",உறுதியான
653,Day 97,Abhor,Verb,Advanced,வெறுத்தல்,घृणा करना,Most people abhor violence in any form.,பெரும்பாலான மக்கள் வன்முறையை எந்த வடிவத்திலும் வெறுக்கிறார்கள்.,अधिकांश लोग किसी भी रूप में हिंसा से घृणा करते हैं।,"Detest, Loathe",வெறு
651,Day 97,Enigma,Noun,Advanced,புதிர்,पहेली,His disappearance remains an enigma to this day.,அவரது மறைவு இன்றுவரை ஒரு புதிராகவே உள்ளது.,उनका गायब होना आज भी एक पहेली बना हुआ है।,"Mystery, Puzzle",மர்மம்
652,Day 97,Innate,Adjective,Advanced,பிறவியிலேயே உள்ள,जन्मजात,She has an innate talent for playing the piano.,அவளுக்கு பியானோ வாசிப்பதில் பிறவியிலேயே திறமை உள்ளது.,उसके पास पियानो बजाने की जन्मजात प्रतिभा है।,"Inborn, Natural",இயல்பான
653,Day 97,Abate,Verb,Advanced,குறைதல்,कम होना,The storm began to abate after midnight.,நள்ளிரவுக்குப் பிறகு புயல் குறையத் தொடங்கியது.,आधी रात के बाद तूफान कम होने लगा।,"Subside, Decrease",தணி
651,Day 97,Capitulate,Verb,Advanced,சரணடைதல்,हथियार डाल देना,The enemy was forced to capitulate after the siege.,முற்றுகைக்குப் பிறகு எதிரி சரணடைய வேண்டிய கட்டாயம் ஏற்பட்டது.,घेराबंदी के बाद दुश्मन को हथियार डालने के लिए मजबूर होना पड़ा।,"Surrender, Yield",பணிந்து போ
652,Day 98,Facetious,Adjective,Advanced,வேடிக்கையான,मजाकिया,Stop being facetious and take this matter seriously.,வேடிக்கை செய்வதை நிறுத்திவிட்டு இந்த விஷயத்தை தீவிரமாக எடுத்துக்கொள்ளுங்கள்.,मजाक करना बंद करो और इस मामले को गंभीरता से लो।,"Flippant, Joking",நகைச்சுவையான
653,Day 98,Goad,Verb,Advanced,தூண்டுதல்,उकसाना,He tried to goad his rival into a fight.,அவர் தனது எதிரியை சண்டைக்குத் தூண்ட முயன்றார்.,उसने अपने प्रतिद्वंद्वी को लड़ने के लिए उकसाने की कोशिश की।,"Provoke, Incite",உந்து
651,Day 98,Hiatus,Noun,Advanced,இடைவேளை,अंतराल,"After a long hiatus, the band released a new album.","நீண்ட இடைவேளைக்குப் பிறகு, இசைக்குழு ஒரு புதிய ஆல்பத்தை வெளியிட்டது.",लंबे अंतराल के बाद बैंड ने नया एल्बम रिलीज किया।,"Break, Pause",பிளவு
652,Day 98,Impassive,Adjective,Advanced,உணர்ச்சியற்ற,शांत/अविचलित,His face remained impassive even when he heard the news.,செய்தியைக் கேட்டபோதும் அவர் முகம் உணர்ச்சியற்றதாகவே இருந்தது.,खबर सुनने के बाद भी उनका चेहरा शांत रहा।,"Expressionless, Stoic",உணர்வற்ற
653,Day 98,Knave,Noun,Advanced,வஞ்சகன்,धूर्त व्यक्ति,He was known in the village as a selfish knave.,அவர் கிராமத்தில் ஒரு சுயநல வஞ்சகராக அறியப்பட்டார்.,वह गाँव में एक स्वार्थी धूर्त व्यक्ति के रूप में जाना जाता था।,"Scoundrel, Rogue",கெட்டவன்
651,Day 99,Levity,Noun,Advanced,லேசான மனநிலை,छिछोरापन,We need some levity to brighten this gloomy office.,இந்த இருண்ட அலுவலகத்தை பிரகாசமாக்க நமக்கு கொஞ்சம் லேசான மனநிலை தேவை.,इस उदास कार्यालय को खुशहाल बनाने के लिए हमें थोड़े हल्केपन की आवश्यकता है।,"Lightheartedness, Humor",மன இலேசு
652,Day 99,Mundane,Adjective,Advanced,சாதாரணமான,सांसारिक/साधारण,Cleaning the house is a mundane but necessary chore.,வீட்டைச் சுத்தம் செய்வது சாதாரணமான ஆனால் அவசியமான வேலை.,घर की सफाई करना एक साधारण लेकिन आवश्यक काम है।,"Ordinary, Humdrum",உலகியல் சார்ந்த
653,Day 99,Oscillate,Verb,Advanced,ஊசலாடுதல்,झूलना,The stock prices continue to oscillate wildly.,பங்கு விலைகள் தொடர்ந்து கடுமையாக ஊசலாடுகின்றன.,शेयर की कीमतें बेतहाशा झूलती रहती हैं।,"Sway, Waver",அலைவுறு
651,Day 99,Sagacious,Adjective,Advanced,அறிவார்ந்த,बुद्धिमान,The leader was known for his sagacious advice.,தலைவர் தனது அறிவார்ந்த ஆலோசனைகளுக்காக அறியப்பட்டார்.,नेता अपनी बुद्धिमान सलाह के लिए जाने जाते थे।,"Wise, Shrewd",நுண்மதி கொண்ட
652,Day 99,Umbrage,Noun,Advanced,அதிருப்தி,अपमान,He took umbrage at the critic's harsh remarks.,விமர்சகரின் கடுமையான கருத்துக்களால் அவர் அதிருப்தி அடைந்தார்.,आलोचक की तीखी टिप्पणियों पर उन्होंने अपमान महसूस किया।,"Offense, Resentment",கோபம்
653,Day 100,Yoke,Verb,Advanced,இணைத்தல்,गुलाम बनाना/जोड़ना,The two people were yoked together by common interests.,பொதுவான நலன்களால் இருவர் ஒன்றாக இணைக்கப்பட்டனர்.,दो लोग समान हितों से एक साथ जुड़े हुए थे।,"Join, Harness",பிணைப்பு
651,Day 100,Altruism,Noun,Advanced,தியாக மனப்பான்மை,परोपकारिता,Her altruism led her to work for charity.,அவளது தியாக மனப்பான்மை அவளை தொண்டு நிறுவனத்திற்காக வேலை செய்ய தூண்டியது.,उसकी परोपकारिता ने उसे दान के लिए काम करने के लिए प्रेरित किया।,"Selflessness, Kindness",பொதுநலம்
652,Day 100,Blight,Noun,Advanced,பாழாக்குதல்,नुकसान पहुँचाना,Urban decay is a blight on our city.,நகர்ப்புறச் சிதைவு நமது நகரத்தைப் பாழாக்குகிறது.,शहरी क्षय हमारे शहर पर एक धब्बा है।,"Affliction, Scourge",அழிவு
653,Day 100,Circumspect,Adjective,Advanced,எச்சரிக்கையான,सावधान,He is very circumspect when making financial decisions.,நிதி முடிவுகளை எடுக்கும்போது அவர் மிகவும் எச்சரிக்கையாக இருப்பார்.,वित्तीय निर्णय लेते समय वह बहुत सावधान रहता है।,"Cautious, Prudent",விவேகமான
651,Day 100,Elocution,Noun,Advanced,பேச்சுக்கலை,वाग्मिता,She took lessons to improve her elocution.,அவள் தனது பேச்சுக்கலையை மேம்படுத்த பாடம் கற்றாள்.,उसने अपने भाषण की कला में सुधार के लिए सबक लिए।,Art of public speaking,உச்சரிப்பு முறை
652,Day 101,Fawning,Adjective,Advanced,முகஸ்துதி செய்யும்,चापलूसी करने वाला,He ignored the fawning praises of his assistants.,உதவியாளர்களின் முகஸ்துதி புகழ்களை அவர் புறக்கணித்தார்.,उसने अपने सहायकों की चापलूसी भरी प्रशंसा की अनदेखी की।,"Flattering, Sycophantic",குழைந்து பேசும்
653,Day 101,Hedonist,Noun,Advanced,இன்பவாதி,सुखवादी,"As a hedonist, he spent all his money on travel.","ஒரு இன்பவாதியாக, அவர் தனது பணம் முழுவதையும் பயணத்திற்காக செலவிட்டார்.","एक सुखवादी के रूप में, उसने अपना सारा पैसा यात्रा पर खर्च कर दिया।",Pleasure-seeker,சிற்றின்பப்பிரியர்
651,Day 101,Knell,Noun,Advanced,சாவுமணி,शोक सूचक घंटे की ध्वनि,The sound of the knell signaled the end of an era.,சாவுமணி சத்தம் ஒரு யுகத்தின் முடிவைக் குறித்தது।,शोक सूचक घंटे की ध्वनि ने एक युग के अंत का संकेत दिया।,"Toll, Death signal",அழிவுச் சமிக்கை
652,Day 101,Pensive,Adjective,Advanced,ஆழ்ந்த சிந்தனையில்,विचारमग्न,He looked pensive as he stared out the window.,ஜன்னல் வழியாக வெளியே பார்த்தபோது அவர் ஆழ்ந்த சிந்தனையில் தெரிந்தார்.,खिड़की से बाहर देखते समय वह विचारमग्न लग रहा था।,"Thoughtful, Reflective",கவலையுடன் கூடிய சிந்தனை
653,Day 101,Quaint,Adjective,Advanced,வினோதமான,विचित्र/आकर्षक,We stayed in a quaint little cottage in the woods.,காட்டில் உள்ள ஒரு வினோதமான சிறிய வீட்டில் நாங்கள் தங்கினோம்.,हम जंगल में एक विचित्र छोटी कुटिया में रुके थे।,"Old-fashioned, Charming",பழமை மாறாத
651,Day 102,Vex,Verb,Advanced,எரிச்சலூட்டு,तंग करना,The constant noise began to vex the neighbors.,இடைவிடாத சத்தம் அண்டை வீட்டாரை எரிச்சலூட்டத் தொடங்கியது.,लगातार शोर पड़ोसियों को तंग करने लगा।,"Annoy, Irritate",தொந்தரவு செய்
652,Day 102,Wanderlust,Noun,Advanced,பயண ஆர்வம்,घूमने की प्रबल इच्छा,His wanderlust took him to every continent.,அவரது பயண ஆர்வம் அவரை ஒவ்வொரு கண்டத்திற்கும் அழைத்துச் சென்றது.,घूमने की उसकी प्रबल इच्छा उसे हर महाद्वीप ले गई।,Urge to travel,ஊர் சுற்றும் ஆசை
653,Day 102,Yield,Verb,Advanced,விளைவித்தல்,उत्पादन करना,The farm yields a large crop every year.,பண்ணை ஒவ்வொரு ஆண்டும் பெரிய விளைச்சலைத் தருகிறது.,खेत हर साल बड़ी फसल पैदा करता है।,"Produce, Provide",பலன் தரு
651,Day 102,Baleful,Adjective,Advanced,தீய,हानिकारक,He gave me a baleful look.,அவர் என்னை ஒரு தீய பார்வையில் பார்த்தார்.,उसने मुझे एक हानिकारक (क्रोध भरी) नज़र से देखा।,"Menacing, Harmful",கெடுதல் தரும்
652,Day 102,Lurid,Adjective,Advanced,திடுக்கிடச் செய்கிற,भड़काऊ,The paper published all the lurid details of the murder.,அந்தப் பத்திரிகை கொலையின் அனைத்து திடுக்கிடும் விவரங்களையும் வெளியிட்டது.,अखबार ने हत्या के सभी भड़काऊ विवरण प्रकाशित किए।,"Shocking, Sensational",பயங்கரமான
653,Day 103,Malleable,Adjective,Advanced,இணக்கமான,लचीला,Silver is a malleable metal that can be easily shaped.,"வெள்ளி ஒரு இணக்கமான உலோகம், அதை எளிதில் வடிவமைக்க முடியும்.",चांदी एक लचीली धातु है जिसे आसानी से आकार दिया जा सकता है।,"Flexible, Pliant",வளையும் தன்மை
651,Day 103,Randit,Noun,Advanced,புலவர்,विद्वान,He is a renowned pundit in the field of economics.,அவர் பொருளாதாரத் துறையில் ஒரு புகழ்பெற்ற அறிஞர்.,वह अर्थशास्त्र के क्षेत्र में एक प्रसिद्ध विद्वान हैं।,"Expert, Scholar",அறிஞர்
652,Day 103,Furtive,Adjective,Advanced,பதுங்கிய,गुप्त / चोर के जैसा,He cast a furtive glance at the test paper.,அவர் தேர்வுத்தாளை ரகசியமாக (பதுங்கி) ஒரு பார்வை பார்த்தார்.,उसने टेस्ट पेपर पर एक गुप्त नज़र डाली।,"Secretive, Sly",திருட்டுத்தனமான
653,Day 103,Jovial,Adjective,Advanced,மகிழ்ச்சியான,प्रसन्नचित्त,The host was in a jovial mood throughout the party.,விருந்து முழுவதும் தொகுப்பாளர் மகிழ்ச்சியான மனநிலையில் இருந்தார்.,मेजबान पूरी पार्टी के दौरान प्रसन्नचित्त मूड में था।,"Cheerful, Jolly",களிப்பான
651,Day 103,Salubrious,Adjective,Advanced,ஆரோக்கியமான,स्वास्थ्यप्रद,They moved to a more salubrious climate.,அவர்கள் ஆரோக்கியமான காலநிலைக்கு குடிபெயர்ந்தனர்.,वे अधिक स्वास्थ्यप्रद जलवायु में चले गए।,"Healthy, Wholesome",நலம் தரும்
652,Day 104,Judicious,Adjective,Advanced,விவேகமான,विवेकपूर्ण,A judicious use of resources is essential.,வளங்களை விவேகமான முறையில் பயன்படுத்துவது அவசியம்.,संसाधनों का विवेकपूर्ण उपयोग आवश्यक है।,"Wise, Prudent",அறிவுப்பூர்வமான
653,Day 104,Meticulous,Adjective,Advanced,நுணுக்கமான,अति सावधान,He is meticulous about his work.,அவர் தனது வேலையில் மிகவும் நுணுக்கமானவர்.,वह अपने काम को लेकर अति सावधान रहता है।,"Careful, Precise",மிகக் கவனமான
651,Day 104,Abeyance,Noun,Advanced,தற்காலிக நிறுத்தம்,ठहराव / दुविधा,The project is being held in abeyance until funding is secured.,நிதி கிடைக்கும் வரை திட்டம் தற்காலிகமாக நிறுத்தி வைக்கப்பட்டுள்ளது.,धन सुरक्षित होने तक परियोजना को स्थगित रखा गया है।,"Suspension, Dormancy",நிறுத்திவைப்பு
652,Day 104,Desultory,Adjective,Advanced,தொடர்பற்ற,असंबद्ध,He made a desultory attempt at cleaning the house.,அவர் வீட்டைச் சுத்தம் செய்ய ஒரு தொடர்பற்ற முயற்சியை மேற்கொண்டார்.,उसने घर की सफाई का एक बेमन (असंबद्ध) प्रयास किया।,"Aimless, Random",ஒழுங்கற்ற
653,Day 104,Fulminate,Verb,Advanced,வன்மையாகக் கண்டி,कड़ा विरोध करना,The speaker began to fulminate against the new tax laws.,பேச்சாளர் புதிய வரிச் சட்டங்களுக்கு எதிராக வன்மையாகக் கண்டிக்கத் தொடங்கினார்.,वक्ता ने नए कर कानूनों के खिलाफ कड़ा विरोध करना शुरू कर दिया।,"Protest, Rail",வெடித்தல் / கண்டித்தல்
651,Day 105,Wheedle,Verb,Advanced,நயந்து பேசு,चापलूसी से मनाना,She tried to wheedle her way into the VIP lounge.,விஐபி அறைக்குள் செல்ல அவள் நயந்து பேசி வழி தேடினாள்.,उसने चापलूसी करके वीआईपी लाउंज में जाने की कोशिश की।,"Coax, Cajole",ஏமாற்றிப் பெறு
652,Day 105,Inured,Adjective,Advanced,பழகிப்போன,अभ्यस्त,Doctors become inured to the sight of blood.,மருத்துவர்கள் இரத்தத்தைப் பார்ப்பதற்குப் பழகிப்போய்விடுகிறார்கள்.,डॉक्टर खून देखने के अभ्यस्त हो जाते हैं।,"Accustomed, Hardened",கடினமான நிலைக்குப் பழகு
653,Day 105,Luminous,Adjective,Advanced,ஒளிரும்,चमकदार,The watch has a luminous dial that glows in the dark.,கடிகாரத்தில் இருட்டில் ஒளிரும் முகப்பு உள்ளது.,घड़ी में एक चमकदार डायल है जो अंधेरे में चमकता है।,"Radiant, Bright",பிரகாசமான
651,Day 105,Untenable,Adjective,Advanced,நிலைக்க முடியாத,असमर्थनीय,His position on the issue is untenable.,இந்த விவகாரத்தில் அவரது நிலைப்பாடு நிலைக்க முடியாதது (ஆதாரமற்றது).,इस मुद्दे पर उनकी स्थिति असमर्थनीय है।,"Indefensible, Flawed",ஆதாரமற்ற
652,Day 105,Viscous,Adjective,Advanced,பிசுபிசுப்பான,चिपचिपा,Honey is a viscous liquid.,தேன் ஒரு பிசுபிசுப்பான திரவம்.,शहद एक चिपचिपा तरल है।,"Sticky, Thick",ஒட்டும் தன்மையுள்ள
653,Day 106,Abound,Verb,Advanced,நிறைந்து காணப்படு,प्रचुर मात्रा में होना,Fish abound in this river.,இந்த ஆற்றில் மீன்கள் நிறைந்து காணப்படுகின்றன.,इस नदी में मछलियाँ प्रचुर मात्रा में हैं।,"Teem, Overflow",மிகுதியாக இரு
651,Day 106,Burnish,Verb,Advanced,மெருகூட்டு,चमकाना,He used a cloth to burnish the silver trophies.,அவர் வெள்ளி கோப்பைகளை மெருகூட்ட ஒரு துணியைப் பயன்படுத்தினார்.,उन्होंने चांदी की ट्रॉफियों को चमकाने के लिए एक कपड़े का इस्तेमाल किया।,"Polish, Shine",பளபளப்பாக்கு
652,Day 106,Disabuse,Verb,Advanced,தவறை உணர்த்து,भ्रम दूर करना,I want to disabuse you of the notion that this is easy.,இது எளிது என்ற தவறான எண்ணத்தை நான் உங்களுக்கு உணர்த்த விரும்புகிறேன்.,मैं इस धारणा के बारे में आपका भ्रम दूर करना चाहता हूँ कि यह आसान है।,"Correct, Enlighten",தெளிவுபடுத்து
653,Day 106,Garrulity,Noun,Advanced,அதிகப் பேச்சு,बकवाद,His garrulity made it difficult for others to speak.,அவரது அதிகப் பேச்சு மற்றவர்கள் பேசுவதைக் கடினமாக்கியது.,उसकी बकवाद (बातूनीपन) ने दूसरों के लिए बोलना मुश्किल कर दिया।,"Talkativeness, Loquacity",வாய்வாடித் தனம்
651,Day 106,Inconsequential,Adjective,Advanced,முக்கியத்துவமற்ற,महत्त्वहीन,The error was inconsequential and did not affect the result.,அந்தத் தவறு முக்கியத்துவமற்றது மற்றும் முடிவைப் பாதிக்கவில்லை.,गलती महत्त्वहीन थी और परिणाम को प्रभावित नहीं करती थी।,"Insignificant, Trivial",அற்பமான
652,Day 107,Lucid,Adjective,Advanced,தெளிவான,स्पष्ट,He gave a lucid explanation of the complex theory.,அவர் சிக்கலான தத்துவத்தைப் பற்றி தெளிவான விளக்கம் அளித்தார்.,उन्होंने जटिल सिद्धांत की स्पष्ट व्याख्या दी।,"Clear, Intelligible",எளிதில் விளங்கக்கூடிய
653,Day 107,Candid,Adjective,Advanced,வெளிப்படையான,निष्कपट,The CEO gave a candid interview about the company's failures.,நிறுவனத்தின் தோல்விகளைப் பற்றி தலைமை நிர்வாக அதிகாரி ஒரு வெளிப்படையான பேட்டி அளித்தார்.,सीईओ ने कंपनी की विफलताओं के बारे में एक निष्कपट साक्षात्कार दिया।,"Frank, Honest",கபடமற்ற
651,Day 107,Enmity,Noun,Advanced,பகைமை,शत्रुता,There is a long history of enmity between the two families.,அந்த இரண்டு குடும்பங்களுக்கு இடையே நீண்ட கால பகைமை வரலாறு உண்டு.,दोनों परिवारों के बीच शत्रुता का एक लंबा इतिहास है।,"Hostility, Animosity",விரோதம்
652,Day 107,Gluttony,Noun,Advanced,பெருந்தீனி,पेटूपन,Gluttony is considered one of the seven deadly sins.,பெருந்தீனி என்பது ஏழு கொடிய பாவங்களில் ஒன்றாக கருதப்படுகிறது.,पेटूपन को सात महापापों में से एक माना जाता है।,"Greed, Voracity",பேராசை உணவு
653,Day 107,Hegemony,Noun,Advanced,மேலாதிக்கம்,आधिपत्य,The country fought to maintain its hegemony in the region.,அந்த நாடு பிராந்தியத்தில் தனது மேலாதிக்கத்தைத் தக்கவைக்கப் போராடியது.,देश ने क्षेत्र में अपना आधिपत्य बनाए रखने के लिए संघर्ष किया।,"Dominance, Leadership",தலைமைத்துவம்
651,Day 108,Kudos,Noun,Advanced,பாராட்டு,प्रशंसा,Kudos to the team for winning the championship.,சாம்பியன்ஷிப்பை வென்றதற்காக அணிக்கு பாராட்டுகள்.,चैंपियनशिप जीतने के लिए टीम को प्रशंसा (बधाई)।,"Praise, Glory",புகழ்
652,Day 108,Lithe,Adjective,Advanced,நெகிழ்வான,लचीला,The dancer’s lithe movements impressed the audience.,நடனக் கலைஞரின் நெகிழ்வான அசைவுகள் பார்வையாளர்களைக் கவர்ந்தன.,नर्तकी की लचीली हरकतों ने दर्शकों को प्रभावित किया।,"Supple, Flexible",மென்மையான / வளையும்
653,Day 108,Modicum,Noun,Advanced,சிறிதளவு,अल्प मात्रा,They won with at least a modicum of dignity.,அவர்கள் குறைந்தபட்சம் சிறிதளவு கண்ணியத்துடன் வென்றனர்.,वे कम से कम थोड़े से सम्मान के साथ जीते।,"Small amount, Bit",சொற்ப அளவு
651,Day 108,Raucous,Adjective,Advanced,கரகரப்பான / உரத்த,कर्कश,The party was interrupted by raucous laughter.,கரகரப்பான உரத்த சிரிப்புச் சத்தத்தால் விருந்து தடைப்பட்டது.,कर्कश हंसी के कारण पार्टी में खलल पड़ा।,"Harsh, Strident",கரகரப்பான சத்தம்
652,Day 108,Wily,Adjective,Advanced,தந்திரமான,चतुर,The wily fox escaped the trap.,தந்திரமான நரி பொறியிலிருந்து தப்பியது.,चतुर लोमड़ी जाल से बच निकली।,"Cunning, Crafty",வஞ்சகமான
653,Day 109,Zeal,Noun,Advanced,ஆர்வம்,उत्साह,She worked with great zeal to finish the project.,திட்டத்தை முடிக்க அவள் மிகுந்த ஆர்வத்துடன் பணியாற்றினாள்.,उसने परियोजना को पूरा करने के लिए बड़े उत्साह के साथ काम किया।,"Enthusiasm, Passion",ஊக்கம்
651,Day 109,Scurrilous,Adjective,Advanced,அவதூறான,अपमानजनक,The politician was a victim of scurrilous attacks in the press.,அந்த அரசியல்வாதி பத்திரிகைகளில் வந்த அவதூறான தாக்குதல்களுக்கு பலியானார்.,राजनेता प्रेस में अपमानजनक हमलों के शिकार थे।,"Abusive, Defamatory",ஆபாசமான / இழிவான
652,Day 109,Sedulous,Adjective,Advanced,விடாமுயற்சியுள்ள,परिश्रमी,The student was sedulous in her pursuit of the scholarship.,அந்த மாணவி உதவித்தொகையைப் பெறுவதற்காக விடாமுயற்சியுடன் செயல்பட்டார்.,छात्रा छात्रवृत्ति पाने के प्रयास में परिश्रमी थी।,"Diligent, Assiduous",ஊக்கமுள்ள
653,Day 109,Subjugate,Verb,Advanced,அடக்குதல்,अधीन करना,The invaders sought to subjugate the local population.,ஊடுருவல்காரர்கள் உள்ளூர் மக்களை அடக்க முயன்றனர்.,आक्रमणकारियों ने स्थानीय आबादी को अपने अधीन करने की कोशिश की।,"Conquer, Vanquish",பணியவை
651,Day 109,Timorous,Adjective,Advanced,பயந்த,डरपोक,The timorous child hid behind his mother’s coat.,அந்த பயந்த குழந்தை தன் தாயின் சட்டையின் பின்னால் ஒளிந்து கொண்டது.,डरपोक बच्चा अपनी माँ के कोट के पीछे छिप गया।,"Fearful, Timid",கோழைத்தனமான
652,Day 110,Transient,Adjective,Advanced,தற்காலிகமான,क्षणिक,The city has a large transient population.,நகரத்தில் அதிகப்படியான தற்காலிக மக்கள் தொகை உள்ளது.,शहर में बड़ी क्षणिक (अस्थायी) आबादी है।,"Fleeting, Temporary",நிலையற்ற
653,Day 110,Utilitarian,Adjective,Advanced,பயன்முறை சார்ந்த,उपयोगितावादी,The building was functional and utilitarian.,அந்தக் கட்டிடம் செயல்பாட்டு மற்றும் பயன்முறை சார்ந்ததாக இருந்தது.,इमारत कार्यात्मक और उपयोगितावादी थी।,"Practical, Functional",பயன்பாட்டுடைய
651,Day 110,Variegated,Adjective,Advanced,வண்ணமயமான / பலவகை,रंग-बिरंगा,The plant has variegated leaves.,அந்தத் தாவரம் பலவண்ண இலைகளைக் கொண்டுள்ளது.,पौधे की पत्तियां रंग-बिरंगी हैं।,"Diversified, Motley",பல நிறமுள்ள
652,Day 110,Vernacular,Noun,Advanced,வட்டார மொழி,मातृभाषा,The book is written in the vernacular.,இந்தப் புத்தகம் வட்டார மொழியில் எழுதப்பட்டுள்ளது.,पुस्तक स्थानीय भाषा (मातृभाषा) में लिखी गई है।,"Dialect, Native tongue",தாய்மொழி
653,Day 110,Vindicate,Verb,Advanced,நியாயப்படுத்து / நிரூபி,निर्दोष ठहराना,The new evidence will vindicate him.,புதிய சாட்சியங்கள் அவரை குற்றமற்றவர் என நிரூபிக்கும்.,नए सबूत उसे निर्दोष साबित करेंगे।,"Acquit, Clear",நிலைநாட்டு
651,Day 111,Voluble,Adjective,Advanced,சரளமான,बातूनी,He is a voluble speaker who can talk for hours.,அவர் மணிக்கணக்கில் பேசக்கூடிய ஒரு சரளமான பேச்சாளர்.,वह एक वाचाल वक्ता है जो घंटों बात कर सकता है।,"Talkative, Fluent",நாவன்மை மிக்க
652,Day 111,Feral,Adjective,Advanced,காட்டுமிராண்டித்தனமான,जंगली,The feral cat hissed at the strangers.,அந்தக் காட்டுப் பூனை அந்நியர்களைப் பார்த்து சீறியது.,जंगली बिल्ली अजनबियों पर फुसफुसाई।,"Wild, Untamed",வனப்பகுதியைச் சார்ந்த
653,Day 111,Fractious,Adjective,Advanced,எரிச்சலடைகிற,चिड़चिड़ा,The children became fractious after the long journey.,நீண்ட பயணத்திற்குப் பிறகு குழந்தைகள் எரிச்சலடையத் தொடங்கினர்.,लंबी यात्रा के बाद बच्चे चिड़चिड़े हो गए।,"Irritable, Quarrelsome",அடங்காத
651,Day 111,Hedonism,Noun,Advanced,இன்பவாதம்,सुखवाद,His life of hedonism led to his downfall.,அவரது இன்பவாத வாழ்க்கை அவரது வீழ்ச்சிக்கு வழிவகுத்தது.,उनके सुखवाद के जीवन ने उनके पतन का मार्ग प्रशस्त किया।,Self-indulgence,சிற்றின்பப்பற்று
652,Day 111,Heretical,Adjective,Advanced,மரபுக்கு மாறான,विधर्मी,His ideas were considered heretical by the church.,அவரது கருத்துக்கள் தேவாலயத்தால் மரபுக்கு மாறானதாகக் கருதப்பட்டன.,उनके विचारों को चर्च द्वारा विधर्मी माना गया था।,"Unorthodox, Skeptical",மத விரோத
653,Day 112,Idolatry,Noun,Advanced,உருவ வழிபாடு,मूर्तिपूजा,The tribe was accused of practicing idolatry.,அந்தப் பழங்குடியினர் உருவ வழிபாடு செய்வதாகக் குற்றம் சாட்டப்பட்டனர்.,जनजाति पर मूर्तिपूजा करने का आरोप लगाया गया था।,"Adoration, Worship",சிலை வணக்கம்
651,Day 112,Imperious,Adjective,Advanced,ஆதிக்கம் செலுத்துகிற,शाही / घमंडी,She sent him away with an imperious gesture.,அவள் ஒரு ஆதிக்க சைகையுடன் அவனை அனுப்பி வைத்தாள்.,उसने एक शाही (घमंडी) इशारे के साथ उसे वापस भेज दिया।,"Overbearing, Domineering",மேலாதிக்கமுள்ள
652,Day 112,Impervious,Adjective,Advanced,ஊடுருவ முடியாத,अभेद्य,The coat is impervious to rain.,இந்தப் போர்வையில் மழை ஊடுருவ முடியாது.,यह कोट बारिश के लिए अभेद्य है।,"Impenetrable, Resistant",பாதிப்புக்குள்ளாகாத
653,Day 112,Incorrigible,Adjective,Advanced,திருத்த முடியாத,असुधार्य,He is an incorrigible liar.,அவர் திருத்த முடியாத ஒரு பொய்யர்.,वह एक असुधार्य झूठा है।,"Habitual, Incurable",திருத்த இயலாத
651,Day 112,Indigent,Adjective,Advanced,ஏழ்மையான,दरिद्र,The charity helps indigent families in the city.,தொண்டு நிறுவனம் நகரிலுள்ள ஏழ்மையான குடும்பங்களுக்கு உதவுகிறது.,चैरिटी शहर के दरिद्र परिवारों की मदद करती है।,"Poor, Needy",வறியவர்
652,Day 113,Indolent,Adjective,Advanced,சோம்பேறியான,आलसी,The indolent boy spent all day watching TV.,அந்தச் சோம்பேறி சிறுவன் நாள் முழுவதும் டிவி பார்த்துக்கொண்டிருந்தான்.,वह आलसी लड़का सारा दिन टीवी देखने में बिताता था।,"Lazy, Idle",மந்தமான
653,Day 113,Inert,Adjective,Advanced,செயலற்ற,जड़ / निष्क्रिय,The chemical is inert and will not react.,"இந்த வேதிப்பொருள் செயலற்றது, வினையாற்றாது.",यह रसायन निष्क्रिय है और प्रतिक्रिया नहीं करेगा।,"Inactive, Lifeless",மந்தநிலை
651,Day 113,Ingenuous,Adjective,Advanced,கபடமற்ற,निष्कपट,He gave an ingenuous account of what happened.,நடந்ததை அவர் ஒரு கபடமற்ற முறையில் விவரித்தார்.,उन्होंने जो हुआ उसका एक निष्कपट विवरण दिया।,"Naive, Sincere",வெளிப்படையான
652,Day 113,Inimical,Adjective,Advanced,தீங்கு விளைவிக்கும்,हानिकारक,Excessive stress is inimical to health.,அதிகப்படியான மன அழுத்தம் ஆரோக்கியத்திற்குத் தீங்கு விளைவிக்கும்.,अत्यधिक तनाव स्वास्थ्य के लिए हानिकारक है।,"Hostile, Harmful",விரோதமான
653,Day 113,Insular,Adjective,Advanced,குறுகிய மனப்பான்மை,संकीर्ण,They live in an insular community that dislikes outsiders.,அவர்கள் அந்நியர்களை வெறுக்கும் ஒரு குறுகிய மனப்பான்மை கொண்ட சமூகத்தில் வாழ்கின்றனர்.,वे एक संकीर्ण समुदाय में रहते हैं जो बाहरी लोगों को नापसंद करते हैं।,"Narrow-minded, Isolated",தனிமைப்பட்ட
651,Day 114,Inundate,Verb,Advanced,வெள்ளமெனக் குவி,जलमग्न करना / भर देना,We were inundated with requests for help.,உதவிக்கான கோரிக்கைகள் எங்களிடம் வெள்ளமெனக் குவிந்தன.,हमारे पास मदद के अनुरोधों की बाढ़ आ गई।,"Flood, Overwhelm",மூழ்கடி
652,Day 114,Irascible,Adjective,Advanced,எளிதில் கோபமடைகிற,चिड़चिड़ा,He is an irascible man who snaps at everyone.,அவர் அனைவரிடமும் எரிந்து விழும் ஒரு எளிதில் கோபமடையும் மனிதர்.,वह एक चिड़चिड़ा व्यक्ति है जो हर किसी पर झल्ला उठता है।,"Irritable, Testy",முன்கோபமுள்ள
653,Day 114,Itinerant,Adjective,Advanced,இடம் பெயர்ந்து செல்கிற,भ्रमणकारी,Itinerant workers travel from farm to farm.,இடம் பெயர்ந்து செல்லும் தொழிலாளர்கள் ஒரு பண்ணையிலிருந்து இன்னொரு பண்ணைக்குச் செல்கின்றனர்.,भ्रमणकारी श्रमिक एक खेत से दूसरे खेत की यात्रा करते हैं।,"Wandering, Nomadic",ஊர் ஊராகச் செல்லும்
651,Day 114,Jocose,Adjective,Advanced,வேடிக்கையான,मजाकिया,He was in a jocose mood at the party.,அவர் விருந்தில் வேடிக்கையான மனநிலையில் இருந்தார்.,वह पार्टी में मजाकिया मूड में थे।,"Humorous, Playful",நகைச்சுவையான
652,Day 114,Larceny,Noun,Advanced,திருட்டு,चोरी,He was arrested for grand larceny.,அவர் பெரிய திருட்டுக்காகக் கைது செய்யப்பட்டார்.,उसे बड़ी चोरी के आरोप में गिरफ्तार किया गया था।,"Theft, Stealing",களவு
653,Day 115,Latent,Adjective,Advanced,மறைந்திருக்கும்,प्रसुप्त,He has a latent talent for music.,இசையில் அவருக்கு ஒரு மறைந்திருக்கும் திறமை உள்ளது.,उनके पास संगीत के लिए एक प्रसुप्त प्रतिभा है।,"Hidden, Dormant",உள்ளுறை
651,Day 115,Laud,Verb,Advanced,பாராட்டு,प्रशंसा करना,The critics lauded the author's new book.,விமர்சகர்கள் ஆசிரியரின் புதிய புத்தகத்தைப் பாராட்டினர்.,आलोचकों ने लेखक की नई पुस्तक की प्रशंसा की।,"Praise, Extol",புகழ்
652,Day 115,Libertine,Noun,Advanced,ஒழுக்கமற்றவர்,अनैतिक व्यक्ति,He was known as a libertine in his youth.,அவர் தனது இளமைக்காலத்தில் ஒரு ஒழுக்கமற்றவராக அறியப்பட்டார்.,वह अपनी युवावस्था में एक अनैतिक व्यक्ति के रूप में जाना जाता था।,"Playboy, Debauchee",நெறி தவறியவன்
653,Day 115,Lilliputian,Adjective,Advanced,மிகச்சிறிய,नन्हा,The house looked lilliputian from the plane.,விமானத்திலிருந்து பார்த்தபோது அந்த வீடு மிகச்சிறியதாகத் தெரிந்தது.,विमान से घर नन्हा (बहुत छोटा) लग रहा था।,"Tiny, Minute",குள்ளமான
651,Day 115,Limpid,Adjective,Advanced,தெளிவான,पारदर्शी,The limpid water of the lake was beautiful.,ஏரியின் தெளிவான நீர் அழகாக இருந்தது.,झील का पारदर्शी पानी सुंदर था।,"Clear, Transparent",தூய்மையான
652,Day 116,Lumber,Verb,Advanced,மெதுவாக நகர்,भारी कदमों से चलना,The elephants lumbered toward the river.,யானைகள் ஆற்றை நோக்கி மெதுவாக நகர்ந்தன.,हाथी भारी कदमों से नदी की ओर बढ़े।,"Plod, Trudge",பாரமாக நட
653,Day 116,Malevolent,Adjective,Advanced,தீய எண்ணமுள்ள,द्रोही,He gave me a malevolent look.,அவர் என்னை ஒரு தீய எண்ணமுள்ள பார்வையால் பார்த்தார்.,उसने मुझे एक द्रोही (बुरी) नज़र से देखा।,"Malicious, Evil",கெடுதல் செய்கிற
651,Day 116,Martinet,Noun,Advanced,கண்டிப்பானவர்,कड़ा अनुशासन रखने वाला,The teacher was a martinet who demanded perfection.,"அந்த ஆசிரியர் மிகக் கண்டிப்பானவர், அவர் முழுமையைத் தாரக மந்திரமாகக் கொண்டிருந்தார்.",वह शिक्षक कड़ा अनुशासन रखने वाला था जो पूर्णता की मांग करता था।,"Disciplinarian, Taskmaster",கடுமையான அதிகாரி
652,Day 116,Meretricious,Adjective,Advanced,போலிப்பகட்டான,दिखावटी,The house was decorated in a meretricious style.,வீடு ஒரு போலிப்பகட்டான பாணியில் அலங்கரிக்கப்பட்டிருந்தது.,घर को दिखावटी शैली में सजाया गया था।,"Flashy, Gaudy",கவரத்தக்க போலி
653,Day 116,Monotony,Noun,Advanced,சலிப்பு (ஒரே தன்மை),नीरसता,The monotony of his job was becoming unbearable.,அவரது வேலையின் சலிப்பு தாங்க முடியாததாக இருந்தது.,उनके काम की नीरसता असहनीय होती जा रही थी।,"Tedium, Boredom",ஒரே சீரான தன்மை
651,Day 117,Morose,Adjective,Advanced,கடுகடுப்பான,उदास / चिड़चिड़ा,He became morose after losing his job.,வேலையை இழந்த பிறகு அவர் கடுகடுப்பானவராக மாறினார்.,नौकरी छूटने के बाद वह उदास रहने लगा।,"Sullen, Gloomy",துக்கமான
652,Day 117,Myopic,Adjective,Advanced,குறுகிய பார்வை கொண்ட,अदूरदर्शी,The company’s myopic focus on short-term profits was its downfall.,குறுகிய கால லாபத்தில் நிறுவனத்தின் குறுகிய பார்வை அதன் வீழ்ச்சிக்குக் காரணமாக அமைந்தது.,अल्पकालिक लाभ पर कंपनी का अदूरदर्शी ध्यान उसका पतन था।,"Near-sighted, Narrow-minded",தூரப்பார்வையற்ற
653,Day 117,Noisome,Adjective,Advanced,துர்நாற்றமுடைய,बदबूदार,The noisome fumes from the factory were toxic.,தொழிற்சாலையிலிருந்து வெளிவந்த துர்நாற்றமுடைய புகை நச்சுத்தன்மை வாய்ந்தது.,कारखाने से निकलने वाला बदबूदार धुआं जहरीला था।,"Fetid, Foul",அருவருப்பான
651,Day 117,Nominal,Adjective,Advanced,பெயரளவு,नाममात्र,There is a nominal fee for the service.,இந்தச் சேவைக்கு ஒரு பெயரளவு கட்டணம் உண்டு.,सेवा के लिए नाममात्र का शुल्क है।,"Small, Token",பெயருக்கேற்ற
652,Day 117,Abysmal,Adjective,Advanced,மிக மோசமான,बहुत खराब,The team's performance was abysmal this season.,இந்த சீசனில் அணியின் செயல்பாடு மிக மோசமாக இருந்தது.,इस सीजन में टीम का प्रदर्शन बहुत खराब रहा।,"Awful, Terrible",அதலபாதாளம் போன்ற
653,Day 118,Accolade,Noun,Advanced,பாராட்டு / விருது,सम्मान / पुरस्कार,The scientist received the highest accolade for her work.,அந்த விஞ்ஞானி தனது பணிக்காக உயரிய விருதைப் பெற்றார்.,वैज्ञानिक को उनके काम के लिए सर्वोच्च सम्मान मिला।,"Award, Honor",மெச்சத்தக்க புகழ்
651,Day 118,Acolyte,Noun,Advanced,உதவியாளர் / சீடர்,सहायक / चेला,The professor was always surrounded by his acolytes.,பேராசிரியர் எப்போதும் தனது சீடர்களால் சூழப்பட்டிருந்தார்.,प्रोफेसर हमेशा अपने चेलों से घिरे रहते थे।,"Follower, Assistant",சமயப்பணி உதவியாளர்
652,Day 118,Acrimonious,Adjective,Advanced,கசப்பான / வசைமிக்க,कटु / उग्र,The divorce was settled after an acrimonious battle.,கசப்பான போராட்டத்திற்குப் பிறகு விவாகரத்து முடிவுக்கு வந்தது.,कटु लड़ाई के बाद तलाक का निपटारा हुआ।,"Bitter, Rancorous",கடுஞ்சொற்கள் நிறைந்த
653,Day 118,Adroit,Adjective,Advanced,சாதுரியமான,निपुण / चतुर,She is adroit at handling difficult customers.,கடினமான வாடிக்கையாளர்களைக் கையாள்வதில் அவர் சாதுரியமானவர்.,वह कठिन ग्राहकों को संभालने में निपुण है।,"Skillful, Adept",கைதேர்ந்த
651,Day 118,Aegis,Noun,Advanced,பாதுகாப்பு / ஆதரவு,संरक्षण,The project was done under the aegis of the university.,இந்தத் திட்டம் பல்கலைக்கழகத்தின் ஆதரவின் கீழ் செய்யப்பட்டது.,यह परियोजना विश्वविद्यालय के संरक्षण में की गई थी।,"Protection, Sponsorship",மேலாண்மை / காவல்
652,Day 119,Affable,Adjective,Advanced,கனிவான / இனிய,मिलनसार,Our new neighbor is a very affable person.,எங்கள் புதிய அண்டை வீட்டார் மிகவும் கனிவான நபர்.,हमारा नया पड़ोसी बहुत मिलनसार व्यक्ति है।,"Friendly, Genial",பழகுவதற்கு இனிய
653,Day 119,Anachronistic,Adjective,Advanced,காலத்திற்கு ஒவ்வாத,कालभ्रमित,The film was criticized for its anachronistic costumes.,திரைப்படம் அதன் காலத்திற்கு ஒவ்வாத ஆடைகளுக்காக விமர்சிக்கப்பட்டது.,फिल्म की उसके कालभ्रमित परिधानों के लिए आलोचना की गई थी।,"Outdated, Ancient",கால மாறுபாடுடைய
651,Day 119,Anodyne,Adjective,Advanced,வேதனையற்ற / சாதாரண,पीड़ानाशक / साधारण,The politician gave an anodyne speech to avoid conflict.,மோதலைத் தவிர்க்க அரசியல்வாதி ஒரு சாதாரணமான (மென்மையான) உரையை ஆற்றினார்.,राजनेता ने संघर्ष से बचने के लिए एक साधारण भाषण दिया।,"Harmless, Inoffensive",அமைதிப்படுத்தும்
652,Day 119,Anthropomorphic,Adjective,Advanced,மனித உருவகப்படுத்துதல்,मानवरूपी,The cartoon features anthropomorphic animals.,அந்த கார்ட்டூனில் மனித குணங்களைக் கொண்ட விலங்குகள் இடம்பெற்றுள்ளன.,कार्टून में मानवरूपी जानवरों को दिखाया गया है।,Humanlike,மானிட உருவேற்றப்பட்ட
653,Day 119,Aplomb,Noun,Advanced,தன்னம்பிக்கை / நிதானம்,आत्मविश्वास / संयम,She handled the difficult situation with great aplomb.,அவர் கடினமான சூழ்நிலையை மிகுந்த நிதானத்துடன் கையாண்டார்.,उन्होंने कठिन परिस्थिति को बड़े संयम के साथ संभाला।,"Poise, Composure",மன உறுதி
651,Day 120,Apogee,Noun,Advanced,உச்சநிலை,चरमोत्कर्ष,The empire reached its apogee in the 12th century.,பேரரசு 12-ஆம் நூற்றாண்டில் அதன் உச்சநிலையை எட்டியது.,साम्राज्य 12वीं शताब्दी में अपने चरमोत्कर्ष पर पहुँचा।,"Peak, Zenith",உச்சாணிக்கொம்பு
652,Day 120,Apostate,Noun,Advanced,மதத்துரோகி,स्वधर्मत्यागी,He was branded as an apostate after leaving the party.,கட்சியை விட்டு வெளியேறிய பிறகு அவர் ஒரு துரோகியாக முத்திரை குத்தப்பட்டார்.,पार्टी छोड़ने के बाद उन्हें स्वधर्मत्यागी करार दिया गया।,"Defector, Renegade",கொள்கை துறந்தவர்
653,Day 120,Approbation,Noun,Advanced,அங்கீகாரம் / பாராட்டு,अनुमोदन / प्रशंसा,The plans received the official approbation of the board.,திட்டங்கள் வாரியத்தின் அதிகாரப்பூர்வ அங்கீகாரத்தைப் பெற்றன.,योजनाओं को बोर्ड का आधिकारिक अनुमोदन प्राप्त हुआ।,"Approval, Acceptance",ஒப்புதல்
651,Day 120,Archaic,Adjective,Advanced,பழமையான,प्राचीन,The company is still using archaic computer systems.,நிறுவனம் இன்னும் பழமையான கணினி அமைப்புகளைப் பயன்படுத்துகிறது.,कंपनी अभी भी प्राचीन कंप्यूटर सिस्टम का उपयोग कर रही है।,"Ancient, Old-fashioned",வழக்கொழிந்த
652,Day 120,Arduous,Adjective,Advanced,கடினமான,कठिन / श्रमसाध्य,It was an arduous climb to the top of the mountain.,மலையின் உச்சிக்கு ஏறுவது ஒரு கடினமான பயணமாக இருந்தது.,पहाड़ की चोटी तक की चढ़ाई कठिन थी।,"Hard, Strenuous",அரும்பாடான
653,Day 121,Arrogate,Verb,Advanced,அபகரித்தல்,हड़पना,He tried to arrogate the right to make all decisions.,அனைத்து முடிவுகளையும் எடுக்கும் உரிமையை அவர் அபகரிக்க முயன்றார்.,उसने सभी निर्णय लेने का अधिकार हड़पने की कोशिश की।,"Seize, Claim",அநியாயமாய் எடுத்துக்கொள்
651,Day 121,Articulate,Adjective,Advanced,தெளிவாகப் பேசும்,सुस्पष्ट,She is an articulate speaker who expresses her ideas well.,அவர் தனது கருத்துக்களை நன்றாக வெளிப்படுத்தும் தெளிவான பேச்சாளர்.,वह एक सुस्पष्ट वक्ता हैं जो अपने विचारों को अच्छी तरह व्यक्त करती हैं।,"Fluent, Eloquent",கருத்துக்களைத் தெளிவுபடுத்து
652,Day 121,Artifice,Noun,Advanced,தந்திரம்,चालाकी,The politician used every artifice to win the election.,தேர்தலில் வெற்றி பெற அரசியல்வாதி அனைத்து தந்திரங்களையும் பயன்படுத்தினார்.,राजनेता ने चुनाव जीतने के लिए हर चालाकी का इस्तेमाल किया।,"Trickery, Guile",சூழ்ச்சி
653,Day 121,Atavistic,Adjective,Advanced,பழமைவாத / பரம்பரை,पैतृक / आदिम,He has an atavistic fear of the dark.,அவருக்கு இருட்டைக் கண்டு ஒரு பழமையான (இயல்பான) பயம் உள்ளது.,उसे अंधेरे से एक आदिम डर है।,"Ancestral, Primitive",முன்னோர்களை ஒத்த
651,Day 121,Augur,Verb,Advanced,முன்னறிவித்தல்,भविष्यवाणी करना,The early results augur well for the future of the project.,ஆரம்ப முடிவுகள் திட்டத்தின் எதிர்காலத்திற்கு நல்ல அறிகுறியாக உள்ளன.,शुरुआती परिणाम परियोजना के भविष्य के लिए शुभ संकेत देते हैं।,"Predict, Foretell",சகுனம் கூறு
652,Day 122,Avid,Adjective,Advanced,ஆர்வமுள்ள,उत्साही,He is an avid reader of science fiction.,அவர் அறிவியல் புனைகதைகளை வாசிப்பதில் மிகுந்த ஆர்வமுள்ளவர்.,वह विज्ञान कथाओं के उत्साही पाठक हैं।,"Eager, Keen",பேராசையுள்ள
653,Day 122,Badger,Verb,Advanced,தொந்தரவு செய்,तंग करना,The children badgered their father into buying toys.,குழந்தைகள் பொம்மைகளை வாங்கச் சொல்லி தங்கள் தந்தையை நச்சரித்தனர்.,बच्चों ने खिलौने खरीदने के लिए अपने पिता को तंग किया।,"Pester, Harass",குடைச்சல் கொடு
651,Day 122,Bane,Noun,Advanced,சாபக்கேடு,अभिशाप,Rain is the bane of many outdoor events.,மழை பல வெளிப்புற நிகழ்ச்சிகளுக்கு ஒரு சாபக்கேடாக உள்ளது.,बारिश कई बाहरी कार्यक्रमों के लिए अभिशाप है।,"Nuisance, Curse",அழிவுக்கான காரணம்
652,Day 122,Beget,Verb,Advanced,உருவாக்கு / பெற்றெடு,उत्पन्न करना,Violence only begets more violence.,வன்முறை வன்முறையையே உருவாக்கும்.,हिंसा केवल और अधिक हिंसा को जन्म देती है।,"Produce, Cause",விளைவித்தல்
653,Day 122,Beholden,Adjective,Advanced,கடமைப்பட்ட,आभारी,I don't want to be beholden to anyone for my success.,எனது வெற்றிக்காக நான் யாருக்கும் கடமைப்பட்டிருக்க விரும்பவில்லை.,मैं अपनी सफलता के लिए किसी का आभारी नहीं होना चाहता।,"Indebted, Obligated",கடப்பாடுடைய
651,Day 123,Belabor,Verb,Advanced,மீண்டும் மீண்டும் கூறு,विस्तार से कहना,There’s no need to belabor the point; we all agree.,இந்த விஷயத்தை மீண்டும் மீண்டும் கூறத் தேவையில்லை; நாம் அனைவரும் ஒப்புக்கொள்கிறோம்.,इस बात को विस्तार से कहने की आवश्यकता नहीं है; हम सभी सहमत हैं।,"Overwork, Dwell on",கடுமையாகத் தாக்கு / மிகைப்படுத்து
652,Day 123,Beleaguer,Verb,Advanced,வளைத்துப்போடு / கஷ்டப்படுத்து,घेर लेना / परेशान करना,The city was beleaguered by enemy troops.,நகரம் எதிரிப் படைகளால் வளைத்துப்போடப்பட்டது.,शहर को दुश्मन सैनिकों ने घेर लिया था।,"Besiege, Harass",முற்றுகையிடு
653,Day 123,Belie,Verb,Advanced,பொய்ப்பி / முரணாக இரு,झुठलाना,Her calm face belied the terror she was feeling.,அவளது அமைதியான முகம் அவள் உணர்ந்த பயத்தைப் பொய்யாக்கியது.,उसका शांत चेहरा उसके डर को झुठला रहा था।,"Contradict, Misrepresent",மறைத்தல்
651,Day 123,Bemused,Adjective,Advanced,குழப்பமடைந்த,हतप्रभ,He looked bemused by the sudden change in plans.,திடீர் திட்ட மாற்றத்தால் அவர் குழப்பமடைந்து காணப்பட்டார்.,योजनाओं में अचानक बदलाव से वह हतप्रभ लग रहा था।,"Confused, Puzzled",திகைப்படைந்த
652,Day 123,Benign,Adjective,Advanced,தீங்கற்ற / கனிவான,सौम्य,The tumor was found to be benign.,அந்த கட்டி தீங்கற்றது (புற்றுநோய் அல்லாதது) எனக் கண்டறியப்பட்டது.,ट्यूमर सौम्य (हानिरहित) पाया गया।,"Harmless, Kind",இரக்கமுள்ள
653,Day 124,Berate,Verb,Advanced,கடிந்துகொள்,डांटना,The coach berated the players for their laziness.,சோம்பேறித்தனத்திற்காக பயிற்சியாளர் வீரர்களைக் கடிந்துகொண்டார்.,कोच ने खिलाड़ियों को उनके आलस्य के लिए डांटा।,"Scold, Rebuke",வசைபாடு
651,Day 124,Bereft,Adjective,Advanced,இழந்துவிட்ட / அற்ற,वंचित,The room was bereft of any furniture.,அந்த அறையில் எந்த தளபாடங்களும் இல்லை (தளபாடங்கள் அற்றது).,कमरे में कोई फर्नीचर नहीं था (फर्नीचर से वंचित)।,"Deprived, Lacking",கைவிடப்பட்ட
652,Day 124,Besmirch,Verb,Advanced,களங்கப்படுத்து,कीचड़ उछालना,He tried to besmirch his rival's reputation.,அவர் தனது எதிரியின் நற்பெயரைக் களங்கப்படுத்த முயன்றார்.,उसने अपने प्रतिद्वंद्वी की प्रतिष्ठा पर कीचड़ उछालने की कोशिश की।,"Sully, Tarnish",அழுக்காக்கு
653,Day 124,Bevy,Noun,Advanced,கூட்டம்,समूह,A bevy of reporters waited outside the court.,நீதிமன்றத்திற்கு வெளியே செய்தியாளர்கள் கூட்டம் காத்திருந்தது.,संवाददाताओं का एक समूह अदालत के बाहर इंतजार कर रहा था।,"Group, Cluster",பறவைக்கூட்டம் / பெண்டிர் கூட்டம்
651,Day 124,Bifurcate,Verb,Advanced,இரண்டாகப் பிரி,दो शाखाओं में बाँटना,The stream bifurcates just below the bridge.,அந்த ஓடை பாலத்திற்கு சற்று கீழே இரண்டாகப் பிரிகிறது.,नाला पुल के ठीक नीचे दो शाखाओं में बँट जाता है।,"Split, Divide",கிளைப்பிரி
652,Day 125,Bivouac,Noun,Advanced,தற்காலிக முகாம்,पड़ाव,The soldiers set up a bivouac for the night.,வீரர்கள் இரவு நேரத்திற்காக ஒரு தற்காலிக முகாமை அமைத்தனர்.,सैनिकों ने रात के लिए एक पड़ाव बनाया।,"Camp, Shelter",திறந்தவெளித் தங்குமிடம்
653,Day 125,Blithe,Adjective,Advanced,மகிழ்ச்சியான / கவலையற்ற,प्रसन्न / लापरवाह,She showed a blithe disregard for the rules.,அவள் விதிகளைப் பற்றி ஒரு கவலையற்ற அலட்சியத்தைக் காட்டினாள்.,उसने नियमों के प्रति लापरवाह उपेक्षा दिखाई।,"Cheerful, Carefree",களிப்பான
651,Day 125,Boorish,Adjective,Advanced,பண்பற்ற,अशिष्ट,His boorish behavior at the dinner party was embarrassing.,விருந்தில் அவரது பண்பற்ற நடத்தை சங்கடமாக இருந்தது.,डिनर पार्टी में उनका अशिष्ट व्यवहार शर्मनाक था।,"Rude, Ill-mannered",கிராமியத்தனமான
652,Day 125,Brevity,Noun,Advanced,சுருக்கம்,संक्षिप्तता,Brevity is the soul of wit.,சுருக்கம் என்பது அறிவாற்றலின் ஆன்மா.,संक्षिप्तता बुद्धिमत्ता की आत्मा है।,"Conciseness, Shortness",சொற்செறிவு
653,Day 125,Broach,Verb,Advanced,பேச்சைத் தொடங்கு,चर्चा शुरू करना,I finally managed to broach the subject of a raise.,ஒருவழியாக நான் ஊதிய உயர்வு பற்றிய பேச்சைத் தொடங்கினேன்.,आखिरकार मैं वेतन वृद्धि के विषय पर चर्चा शुरू करने में कामयाब रहा।,"Introduce, Mention",துளையிடு / விவாதிக்க ஆரம்பி
651,Day 126,Brook,Verb,Advanced,பொறுத்துக்கொள்,सहन करना,The manager would brook no interference in his work.,மேலாளர் தனது வேலையில் எந்தக் குறுக்கீட்டையும் பொறுத்துக்கொள்ள மாட்டார்.,प्रबंधक अपने काम में किसी भी हस्तक्षेप को सहन नहीं करेगा।,"Tolerate, Endure",சிற்றோடை / பொறுத்தல்
652,Day 126,Bungle,Verb,Advanced,சொதப்பு / தவறு செய்,गड़बड़ करना,The police bungled the investigation.,போலீசார் விசாரணையைச் சொதப்பினர்.,पुलिस ने जाँच में गड़बड़ी कर दी।,"Botch, Mishandle",குளறுபடி செய்
653,Day 126,Cajole,Verb,Advanced,நயந்து பேசு / கெஞ்சு,फुसलाना,He managed to cajole his friend into lending him the car.,அவர் தனது நண்பரிடம் நயந்து பேசி காரை இரவலாகப் பெற்றார்.,वह अपने दोस्त को कार उधार देने के लिए फुसलाने में कामयाब रहा।,"Wheedle, Coax",முகஸ்துதி செய்து ஏமாற்று
651,Day 126,Callow,Adjective,Advanced,அனுபவமற்ற,अनुभवहीन,He was a callow youth when he joined the army.,அவர் ராணுவத்தில் சேர்ந்தபோது அனுபவமற்ற இளைஞராக இருந்தார்.,जब वह सेना में भर्ती हुआ तो वह एक अनुभवहीन युवक था।,"Immature, Naive",முதிராத
652,Day 126,Canard,Noun,Advanced,வதந்தி,झूठी अफवाह,The story about the layoffs was a malicious canard.,ஆட்குறைப்பு பற்றிய கதை ஒரு தீய வதந்தி.,छंटनी की कहानी एक दुर्भावनापूर्ण झूठी अफवाह थी।,"Hoax, Fabrication",கட்டுக்கதை
653,Day 127,Catalyst,Noun,Advanced,தூண்டுதல்,उत्प्रेरक,The new law was a catalyst for social change.,புதிய சட்டம் சமூக மாற்றத்திற்கான ஒரு தூண்டுதலாக இருந்தது.,नया कानून सामाजिक परिवर्तन के लिए एक उत्प्रेरक था।,"Stimulus, Incentive",வினையூக்கி
651,Day 127,Caustic,Adjective,Advanced,புண்படுத்தும் / அரிக்கும்,संक्षारक / कटु,She made a caustic remark about his intelligence.,அவனது புத்திசாலித்தனத்தைப் பற்றி அவள் ஒரு புண்படுத்தும் கருத்தைக் கூறினாள்.,उसने उसकी बुद्धिमत्ता के बारे में एक कटु टिप्पणी की।,"Sarcastic, Biting",எரிக்கிற / நையாண்டியான
652,Day 127,Censure,Verb,Advanced,கண்டி,निंदा करना,The health department censured the restaurant for poor hygiene.,மோசமான சுகாதாரத்திற்காக சுகாதாரத் துறை அந்த உணவகத்தைக் கண்டித்தது.,स्वास्थ्य विभाग ने खराब स्वच्छता के लिए रेस्तरां की निंदा की।,"Criticize, Condemn",கண்டன அறிக்கை
653,Day 127,Chaff,Noun,Advanced,பதர் / குப்பை,भूसा,We need to separate the wheat from the chaff.,நாம் முக்கியமற்றவற்றை (பதர்) விலக்கி முக்கியமானவற்றைத் தேர்ந்தெடுக்க வேண்டும்.,हमें भूसे से गेहूँ को अलग करने की ज़रूरत है।,"Husks, Trash",பயனற்றவை
651,Day 127,Chagrin,Noun,Advanced,ஏமாற்றம் / வருத்தம்,चिढ़ / झुंझलाहट,"To her chagrin, she wasn't invited to the party.","அவளுக்கு வருத்தமளிக்கும் வகையில், அவளுக்கு விருந்துக்கு அழைப்பு விடுக்கப்படவில்லை.","उसकी झुंझलाहट के लिए, उसे पार्टी में आमंत्रित नहीं किया गया था।","Annoyance, Dismay",மனக்கசப்பு
652,Day 128,Charlatan,Noun,Advanced,போலி மருத்துவர் / ஏமாற்றுக்காரர்,ढोंगी,He was exposed as a charlatan with no medical degree.,மருத்துவப் பட்டம் இல்லாத ஏமாற்றுக்காரராக அவர் அம்பலப்படுத்தப்பட்டார்.,वह बिना मेडिकल डिग्री के एक ढोंगी के रूप में उजागर हुआ था।,"Quack, Fraud",வாயாடி வித்தைக்காரன்
653,Day 128,Chary,Adjective,Advanced,எச்சரிக்கையான,सावधान,She is chary of lending money to strangers.,அந்நியர்களுக்குப் பணம் கொடுக்க அவர் எச்சரிக்கையாக இருக்கிறார்.,वह अजनबियों को पैसा उधार देने में सावधान रहती है।,"Cautious, Wary",ஜாக்கிரதையான
651,Day 128,Chasten,Verb,Advanced,அடக்கு / தண்டி,दंड देना / सुधारना,The experience helped to chasten his pride.,அந்த அனுபவம் அவனது கர்வத்தை அடக்க உதவியது.,अनुभव ने उसके गर्व को कम करने (सुधारने) में मदद की।,"Humble, Subdue",செம்மைப்படுத்து
652,Day 128,Chauvinism,Noun,Advanced,தீவிர நாட்டுப்பற்று / ஆணாதிக்கம்,अंधभक्ति,His male chauvinism was evident in his comments.,அவரது ஆணாதிக்கம் அவரது கருத்துக்களில் தெளிவாகத் தெரிந்தது.,उसका पुरुष अंधभक्ति (कट्टरता) उसकी टिप्पणियों में स्पष्ट थी।,"Fanaticism, Zealotry",வெறித்தனமான பற்று
653,Day 128,Choleric,Adjective,Advanced,முன்கோபமுள்ள,गुस्सैल,The choleric old man shouted at the kids.,முன்கோபமுள்ள அந்த முதியவர் குழந்தைகளைப் பார்த்து கத்தினார்.,गुस्सैल बूढ़े आदमी ने बच्चों पर चिल्लाया।,"Irritable, Testy",பித்தம் சார்ந்த கோபம்
651,Day 129,Clamor,Noun,Advanced,கூச்சல் / பேரிரைச்சல்,कोलाहल,The public clamor for lower taxes is growing.,வரிகளைக் குறைக்கக் கோரி பொதுமக்களின் கூச்சல் அதிகரித்து வருகிறது.,कम करों के लिए सार्वजनिक कोलाहल बढ़ रहा है।,"Noise, Uproar",ஆரவாரம்
652,Day 129,Cleave,Verb,Advanced,பிளத்தல் / ஒட்டிக்கொள்ளுதல்,चीरना / चिपकना,The axe can cleave the log in one blow.,கோடரியால் ஒரே அடியில் மரக்கட்டையைப் பிளக்க முடியும்.,कुल्हाड़ी एक ही वार में लट्ठे को चीर सकती है।,"Split, Adhere",வெட்டு / பிணைந்திரு
653,Day 129,Clemency,Noun,Advanced,கருணை,दया,The prisoner pleaded for clemency.,கைதி கருணை கோரி வேண்டினார்.,कैदी ने दया की गुहार लगाई।,"Mercy, Leniancy",மன்னிப்பு
651,Day 129,Cloister,Noun,Advanced,தனிமை இடம்,मठ,She chose to live a life of prayer in a cloister.,அவர் ஒரு மடத்தில் (தனிமை இடத்தில்) பிரார்த்தனை வாழ்க்கையை வாழத் தேர்ந்தெடுத்தார்.,उसने मठ में प्रार्थना का जीवन जीना चुना।,"Monastery, Retreat",ஒதுக்கிடம்
652,Day 129,Coagulate,Verb,Advanced,உறையவை,जमना,Blood begins to coagulate when it is exposed to air.,காற்றுப் பட்டவுடன் இரத்தம் உறையத் தொடங்குகிறது.,हवा के संपर्क में आने पर रक्त जमने लगता है।,"Clot, Congeal",திரள்தல்
653,Day 130,Codify,Verb,Advanced,முறைப்படுத்து,संहिताबद्ध करना,The new laws were designed to codify existing practices.,புதிய சட்டங்கள் ஏற்கனவே உள்ள நடைமுறைகளை முறைப்படுத்த வடிவமைக்கப்பட்டன.,नए कानूनों को मौजूदा प्रथाओं को संहिताबद्ध करने के लिए डिज़ाइन किया गया था।,"Organize, Systematize",சட்டமாக்கு
651,Day 130,Coerce,Verb,Advanced,கட்டாயப்படுத்து,मजबूर करना,They were coerced into signing the agreement.,அவர்கள் ஒப்பந்தத்தில் கையெழுத்திடுமாறு கட்டாயப்படுத்தப்பட்டனர்.,उन्हें समझौते पर हस्ताक्षर करने के लिए मजबूर किया गया था।,"Force, Compel",வற்புறுத்து
652,Day 130,Collusion,Noun,Advanced,ரகசிய உடன்பாடு,मिलीभगत,The companies were accused of collusion to fix prices.,விலையை நிர்ணயம் செய்ய நிறுவனங்கள் ரகசிய உடன்பாடு செய்துகொண்டதாகக் குற்றம் சாட்டப்பட்டன.,कंपनियों पर कीमतें तय करने के लिए मिलीभगत का आरोप लगाया गया था।,"Conspiracy, Plot",கூட்டுச்சதி
653,Day 130,Commensurate,Adjective,Advanced,இணையான / தகுந்த,अनुरूप,Your salary will be commensurate with your experience.,உங்கள் சம்பளம் உங்கள் அனுபவத்திற்கு இணையானதாக (தகுந்ததாக) இருக்கும்.,आपका वेतन आपके अनुभव के अनुरूप होगा।,"Proportionate, Equal",சரிசமமான
651,Day 130,Compendium,Noun,Advanced,தொகுப்பு / சுருக்கம்,संग्रह,The book is a compendium of all the laws.,அந்தப் புத்தகம் அனைத்து சட்டங்களின் தொகுப்பாகும்.,यह पुस्तक सभी कानूनों का एक संग्रह है।,"Collection, Summary",கையேடு
652,Day 131,Complaisant,Adjective,Advanced,இணக்கமான / கீழ்ப்படிதலுள்ள,आज्ञाकारी,She was a complaisant child who never argued.,அவள் ஒருபோதும் விவாதிக்காத ஒரு இணக்கமான குழந்தையாக இருந்தாள்.,वह एक आज्ञाकारी बच्ची थी जिसने कभी बहस नहीं की।,"Obedient, Obliging",பிறரைப் பிரியப்படுத்த விரும்புவோர்
653,Day 131,Compunction,Noun,Advanced,குற்ற உணர்வு,पछतावा,He felt no compunction about lying to the police.,போலீசாரிடம் பொய் சொன்னதற்காக அவர் எந்தக் குற்ற உணர்வும் கொள்ளவில்லை.,उसे पुलिस से झूठ बोलने पर कोई पछतावा नहीं हुआ।,"Remorse, Regret",மனக்கவலை
651,Day 131,Conciliatory,Adjective,Advanced,சமாதானப்படுத்துகிற,मैत्रीपूर्ण,The government took a conciliatory approach to the rebels.,அரசாங்கம் கிளர்ச்சியாளர்களிடம் ஒரு சமாதான அணுகுமுறையை மேற்கொண்டது.,सरकार ने विद्रोहियों के प्रति मैत्रीपूर्ण (समझौतावादी) दृष्टिकोण अपनाया।,"Appeasing, Pacific",இணக்கமான
652,Day 131,Condone,Verb,Advanced,மன்னி / பொறுத்துக்கொள்,माफ करना,I cannot condone the use of violence.,வன்முறையைப் பயன்படுத்துவதை என்னால் பொறுத்துக்கொள்ள (மன்னிக்க) முடியாது.,मैं हिंसा के उपयोग को माफ नहीं कर सकता।,"Excuse, Overlook",கண்டுகொள்ளாமல் விடு
653,Day 131,Confluence,Noun,Advanced,சங்கமம்,संगम,The city is located at the confluence of two rivers.,அந்த நகரம் இரண்டு ஆறுகளின் சங்கமத்தில் அமைந்துள்ளது.,शहर दो नदियों के संगम पर स्थित है।,"Convergence, Meeting",ஓரிடத்தில் கூடுதல்
651,Day 132,Confound,Verb,Advanced,குழப்பு / திகைக்க வை,चकित करना,The complexity of the task confounded the workers.,பணியின் சிக்கல் தொழிலாளர்களைக் குழப்பியது (திகைக்க வைத்தது).,कार्य की जटिलता ने श्रमिकों को चकित कर दिया।,"Bewilder, Puzzle",வீழ்த்து
652,Day 132,Connoisseur,Noun,Advanced,கலை மேதை / வல்லுநர்,पारखी,He is a connoisseur of fine wine.,அவர் சிறந்த மது வகைகளைத் தரம் பிரிப்பதில் வல்லுநர்.,वह अच्छी शराब के पारखी हैं।,"Expert, Specialist",சுவைமலிஞர்
653,Day 132,Consanguineous,Adjective,Advanced,இரத்த உறவுடைய,सगोत्र,Consanguineous marriages are common in some cultures.,சில கலாச்சாரங்களில் இரத்த உறவு திருமணங்கள் பொதுவானவை.,कुछ संस्कृतियों में सगोत्र विवाह आम हैं।,"Related, Kindred",ஒரே இரத்தத்தைச் சார்ந்த
651,Day 132,Consternation,Noun,Advanced,திகைப்பு / அச்சம்,घबराहट,The news caused consternation among the public.,அந்த செய்தி பொதுமக்களிடையே திகைப்பை (அச்சத்தை) ஏற்படுத்தியது.,इस खबर ने जनता में घबराहट पैदा कर दी।,"Dismay, Panic",கலக்கம்
652,Day 132,Consummate,Adjective,Advanced,முழுமையான / திறமையான,उत्तम,He is a consummate professional who always does his best.,அவர் எப்போதும் தனது சிறந்த பங்களிப்பை அளிக்கும் ஒரு முழுமையான நிபுணர்.,वह एक उत्तम पेशेवर है जो हमेशा अपना सर्वश्रेष्ठ देता है।,"Supreme, Perfect",நிறைவு செய்
653,Day 133,Contumacious,Adjective,Advanced,அடங்காத / கீழ்ப்படியாத,अवज्ञाकारी,The contumacious witness refused to answer the questions.,அந்த அடங்காத சாட்சி கேள்விகளுக்குப் பதிலளிக்க மறுத்துவிட்டார்.,उस अवज्ञाकारी गवाह ने सवालों के जवाब देने से इनकार कर दिया।,"Rebellious, Defiant",அதிகாரத்தை எதிர்க்கிற
651,Day 133,Conundrum,Noun,Advanced,புதிர்,पहेली,The origin of the universe remains a conundrum.,பிரபஞ்சத்தின் தோற்றம் இன்னும் ஒரு புதிராகவே உள்ளது.,ब्रह्मांड की उत्पत्ति एक पहेली बनी हुई है।,"Puzzle, Riddle",விடுகதை
652,Day 133,Convalesce,Verb,Advanced,தேறி வருதல்,स्वास्थ्य लाभ करना,He is home to convalesce after his surgery.,அறுவை சிகிச்சைக்குப் பிறகு அவர் குணமடைய (தேறி வர) வீட்டில் இருக்கிறார்.,वह अपनी सर्जरी के बाद स्वास्थ्य लाभ करने के लिए घर पर है।,"Recover, Recuperate",நலம் பெறு
653,Day 133,Copious,Adjective,Advanced,ஏராளமான,प्रचुर,She took copious notes during the lecture.,விரிவுரையின் போது அவர் ஏராளமான குறிப்புகளை எடுத்தார்.,उसने व्याख्यान के दौरान प्रचुर मात्रा में नोट्स लिए।,"Abundant, Ample",மிகுதியான
651,Day 133,Corollary,Noun,Advanced,விளைவு,परिणाम,Blindness is a common corollary of the disease.,பார்வையிழப்பு என்பது அந்த நோயின் பொதுவான விளைவாகும்.,अंधापन इस बीमारी का एक सामान्य परिणाम है।,"Consequence, Result",இயற்கையான முடிவு
652,Day 134,Corporeal,Adjective,Advanced,உடல் சார்ந்த,शारीरिक,The ghost has no corporeal existence.,பேய்க்கு உடல் ரீதியான இருப்பு கிடையாது.,भूत का कोई शारीरिक अस्तित्व नहीं होता।,"Physical, Tangible",பருப்பொருள் சார்ந்த
653,Day 134,Corroborate,Verb,Advanced,உறுதிப்படுத்து,पुष्ट करना,The witness was able to corroborate her story.,சாட்சியால் அவளது கதையை உறுதிப்படுத்த முடிந்தது.,गवाह उसकी कहानी की पुष्टि करने में सक्षम था।,"Confirm, Validate",மெய்ப்பி
651,Day 134,Coterie,Noun,Advanced,சிறு குழு,मंडली,She is part of a small coterie of artists.,அவர் கலைஞர்களின் ஒரு சிறிய குழுவில் உறுப்பினராக உள்ளார்.,वह कलाकारों की एक छोटी मंडली का हिस्सा है।,"Clique, Circle",நண்பர் குழாம்
652,Day 134,Countenance,Noun,Advanced,முகம் / ஆதரவு,चेहरा / समर्थन,Her smiling countenance brightened the room.,அவளது புன்னகை பூத்த முகம் அறையையே ஒளிர்வித்தது.,उसके मुस्कुराते हुए चेहरे ने कमरे को रोशन कर दिया।,"Expression, Face",முகத்தோற்றம் / ஒப்புதல்
653,Day 134,Covenant,Noun,Advanced,உடன்படிக்கை,अनुबंध,The two nations signed a peace covenant.,இரு நாடுகளும் ஒரு அமைதி உடன்படிக்கையில் கையெழுத்திட்டன.,दोनों देशों ने एक शांति अनुबंध पर हस्ताक्षर किए।,"Agreement, Pact",புனித ஒப்பந்தம்
651,Day 135,Accretion,Noun,Advanced,படிப்படியான வளர்ச்சி,संचय,The accretion of snow formed a massive glacier.,பனி படிப்படியாகப் படிந்து ஒரு பெரிய பனிப்பாறையை உருவாக்கியது.,बर्फ के संचय ने एक विशाल ग्लेशियर बना दिया।,"Accumulation, Growth",பெருக்கம்
652,Day 135,Admonish,Verb,Advanced,எச்சரி / கண்டி,धिक्कारना,The teacher admonished the student for being late.,தாமதமாக வந்ததற்காக ஆசிரியர் மாணவனைக் கண்டித்தார்.,शिक्षक ने छात्र को देर से आने के लिए धिक्कारा।,"Warn, Scold",புத்திமதி கூறு
653,Day 135,Adulation,Noun,Advanced,முகஸ்துதி / அதீதப் புகழ்,अतिप्रशंसा,The rock star enjoyed the adulation of his fans.,ராக் ஸ்டார் தனது ரசிகர்களின் அதீதப் புகழை ரசித்தார்.,रॉक स्टार ने अपने प्रशंसकों की प्रशंसा का आनंद लिया।,"Flattery, Worship",வழிபாட்டுக்குரிய புகழ்
651,Day 135,Affront,Noun,Advanced,அவமானம்,अपमान,His comments were a direct affront to my dignity.,அவரது கருத்துக்கள் எனது கண்ணியத்திற்கு விடுக்கப்பட்ட நேரடி அவமானம்.,उनकी टिप्पणियाँ मेरी गरिमा के लिए सीधा अपमान थीं।,"Insult, Offense",இழிவு
652,Day 135,Aggrandize,Verb,Advanced,பெரிதாக்கு,शक्ति बढ़ाना,He sought to aggrandize himself at the expense of others.,மற்றவர்களைச் சுரண்டித் தன்னைத் தானே பெரியவராக்கிக் கொள்ள முயன்றார்.,उसने दूसरों की कीमत पर अपनी शक्ति बढ़ाने की कोशिश की।,"Exalt, Magnify",உயர்த்து
653,Day 136,Alias,Noun,Advanced,புனைப்பெயர்,उपनाम,The spy traveled under an alias.,ஒற்றன் ஒரு புனைப்பெயரில் பயணம் செய்தான்.,जासूस ने एक उपनाम के तहत यात्रा की।,"Pseudonym, Incognito",மாற்றுப் பெயர்
651,Day 136,Allegory,Noun,Advanced,உருவகக் கதை,रूपक,The novel is an allegory of the political situation.,இந்த நாவல் அரசியல் நிலவரத்தின் ஒரு உருவகக் கதையாகும்.,उपन्यास राजनीतिक स्थिति का एक रूपक है।,"Parable, Fable",மறைபொருள் கதை
652,Day 136,Alleviate,Verb,Advanced,தணி / குறை,कम करना,This medicine will help to alleviate your pain.,இந்த மருந்து உங்கள் வலியைக் குறைக்க (தணிக்க) உதவும்.,यह दवा आपके दर्द को कम करने में मदद करेगी।,"Relieve, Mitigate",ஆற்றுதல்
653,Day 136,Aloof,Adjective,Advanced,ஒதுங்கியிருக்கும்,अलग-थलग,He stayed aloof from the other guests at the party.,அவர் விருந்தில் மற்ற விருந்தினர்களிடமிருந்து ஒதுங்கியிருந்தார்.,वह पार्टी में अन्य मेहमानों से अलग-थलग रहे।,"Distant, Detached",எட்டாத / கனிவற்ற
651,Day 136,Ambivalent,Adjective,Advanced,இருமனமான,अनिश्चित,He was ambivalent about taking the new job.,புதிய வேலையை ஏற்றுக்கொள்வதில் அவர் இருமனதாக இருந்தார்.,वह नई नौकरी लेने के बारे में अनिश्चित थे।,"Uncertain, Conflicted",முரண்பட்ட உணர்வுடைய
652,Day 137,Amenable,Adjective,Advanced,இணக்கமான,आज्ञाकारी,The children were amenable to the new rules.,குழந்தைகள் புதிய விதிகளுக்கு இணக்கமாக இருந்தனர்.,बच्चे नए नियमों के प्रति आज्ञाकारी थे।,"Cooperative, Compliant",கட்டுப்படக்கூடிய
653,Day 137,Amity,Noun,Advanced,நட்புணர்வு,मित्रता,The two nations lived in amity for decades.,இரு நாடுகளும் பல தசாப்தங்களாக நட்புணர்வுடன் வாழ்ந்தன.,दोनों देश दशकों तक मित्रता के साथ रहे।,"Friendship, Peace",நல்லுறவு
651,Day 137,Anathema,Noun,Advanced,சாபம் / வெறுப்பிற்குரியது,अभिशाप,Slavery is an anathema to any free society.,அடிமைத்தனம் எந்தவொரு சுதந்திர சமூகத்திற்கும் வெறுப்பிற்குரியது.,गुलामी किसी भी स्वतंत्र समाज के लिए एक अभिशाप है।,"Curse, Abomination",ஒதுக்கப்பட்ட பொருள்
652,Day 137,Annex,Verb,Advanced,இணைத்துக் கொள்,हड़प लेना,The empire sought to annex the neighboring territory.,பேரரசு அண்டை நாட்டுப் பகுதியைத் தன்னுடன் இணைத்துக் கொள்ள முயன்றது.,साम्राज्य ने पड़ोसी क्षेत्र को हड़पने (मिलाने) की कोशिश की।,"Attach, Acquire",சேர்ப்பித்தல்
653,Day 137,Annihilate,Verb,Advanced,நிர்மூலமாக்கு,जड़ से मिटाना,The atomic bomb can annihilate entire cities.,அணு குண்டு முழு நகரங்களையும் நிர்மூலமாக்கக் கூடியது.,परमाणु बम पूरे शहरों को जड़ से मिटा सकता है।,"Destroy, Eradicate",அழித்தொழி
651,Day 138,Anomaly,Noun,Advanced,முரண்பாடு / விதிவிலக்கு,विसंगति,A snowstorm in July is a total anomaly.,ஜூலை மாதத்தில் பனிப்புயல் என்பது ஒரு முழுமையான முரண்பாடு.,जुलाई में बर्फीला तूफान एक पूर्ण विसंगति है।,"Oddity, Abnormality",ஒழுங்கின்மை
652,Day 138,Antagonism,Noun,Advanced,விரோதம்,शत्रुता,There is a long history of antagonism between the two tribes.,அந்த இரு பழங்குடியினருக்கும் இடையே நீண்ட கால விரோதம் உள்ளது.,दोनों जनजातियों के बीच शत्रुता का लंबा इतिहास रहा है।,"Hostility, Enmity",எதிர்ப்பு
653,Day 138,Antediluvian,Adjective,Advanced,பழங்காலத்து,बहुत पुराना,My grandfather has some antediluvian ideas about technology.,எனது தாத்தாவிடம் தொழில்நுட்பம் பற்றி சில பழங்காலத்து கருத்துக்கள் உள்ளன.,मेरे दादाजी के पास तकनीक के बारे में कुछ बहुत पुराने विचार हैं।,"Ancient, Archaic",மிகப்பழைய
651,Day 138,Apathy,Noun,Advanced,அக்கறையின்மை,उदासीनता,There is widespread apathy among young voters.,இளம் வாக்காளர்களிடையே பரவலான அக்கறையின்மை உள்ளது.,युवा मतदाताओं के बीच व्यापक उदासीनता है।,"Indifference, Lethargy",உணர்ச்சியற்ற நிலை
652,Day 138,Aphorism,Noun,Advanced,பொன்மொழி,सूक्ति,"""Haste makes waste"" is a well-known aphorism.","""பதறாத காரியம் சிதறாது"" என்பது ஒரு நன்கு அறியப்பட்ட பொன்மொழி.","""जल्दबाजी बर्बादी लाती है"" एक प्रसिद्ध सूक्ति है।","Maxim, Adage",முதுமொழி
653,Day 139,Appease,Verb,Advanced,சமாதானப்படுத்து,शांत करना,They tried to appease the angry customers.,அவர்கள் கோபமான வாடிக்கையாளர்களைச் சமாதானப்படுத்த முயன்றனர்.,उन्होंने नाराज ग्राहकों को शांत करने की कोशिश की।,"Pacify, Mollify",தணித்தல்
651,Day 139,Apprise,Verb,Advanced,அறிவி / தெரிவி,सूचित करना,Please apprise me of any new developments.,ஏதேனும் புதிய முன்னேற்றங்கள் ஏற்பட்டால் எனக்குத் தெரிவிக்கவும்.,कृपया मुझे किसी भी नए विकास के बारे में सूचित करें।,"Inform, Notify",அறிவுறுத்து
652,Day 139,Appropriate,Verb,Advanced,அபகரி / ஒதுக்கு,हथियाना,He was accused of trying to appropriate company funds.,நிறுவன நிதியை அபகரிக்க முயன்றதாக அவர் மீது குற்றம் சாட்டப்பட்டது.,उन पर कंपनी के धन को हथियाने की कोशिश करने का आरोप लगाया गया था।,"Seize, Allocate",கையகப்படுத்து
653,Day 139,Arable,Adjective,Advanced,விவசாயத்திற்கு ஏற்ற,कृषि योग्य,The valley has rich arable land.,அந்தப் பள்ளத்தாக்கில் வளமான விவசாய நிலம் உள்ளது.,घाटी में समृद्ध कृषि योग्य भूमि है।,"Farmable, Fertile",பயிரிடத்தக்க
651,Day 139,Arbitrary,Adjective,Advanced,தன்னிச்சையான,मनमाना,The decision to close the park seemed arbitrary.,பூங்காவை மூடும் முடிவு தன்னிச்சையானதாகத் தெரிந்தது.,पार्क को बंद करने का निर्णय मनमाना लग रहा था।,"Random, Capricious",வரம்பற்ற
652,Day 140,Archetype,Noun,Advanced,முன்மாதிரி,आद्यप्ररूप,He is the archetype of a successful businessman.,அவர் ஒரு வெற்றிகரான தொழிலதிபருக்குச் சிறந்த முன்மாதிரி.,वह एक सफल व्यवसायी का आद्यप्ररूप (नमूना) है।,"Model, Prototype",மூல வடிவம்
653,Day 140,Asperity,Noun,Advanced,கடுகடுப்பு,रूखापन,He spoke with some asperity in his voice.,அவர் தனது குரலில் சற்று கடுகடுப்புடன் பேசினார்.,वह अपनी आवाज में कुछ रूखेपन के साथ बोला।,"Harshness, Severity",கடினம்
651,Day 140,Astute,Adjective,Advanced,விவேகமான,चतुर,He is an astute observer of human behavior.,அவர் மனித நடத்தையை உன்னிப்பாகக் கவனிக்கும் விவேகமானவர்.,वह मानव व्यवहार का एक चतुर पर्यवेक्षक है।,"Shrewd, Sharp",மதிநுட்பமுள்ள
652,Day 140,Attenuate,Verb,Advanced,வலுவிழக்கச் செய்,कम करना,The drug is used to attenuate the symptoms.,இந்த மருந்து அறிகுறிகளின் தீவிரத்தைக் குறைக்கப் பயன்படுகிறது.,दवा का उपयोग लक्षणों को कम करने के लिए किया जाता है।,"Weaken, Reduce",மெலிதாக்கு
653,Day 140,Augment,Verb,Advanced,அதிகரி / பெருக்கு,बढ़ाना,He took a second job to augment his income.,அவர் தனது வருமானத்தை அதிகரிக்க இரண்டாவது வேலையைச் செய்தார்.,उन्होंने अपनी आय बढ़ाने के लिए दूसरी नौकरी की।,"Increase, Expand",உயர்த்து
651,Day 141,August,Adjective,Advanced,மகத்தான / கம்பீரமான,भव्य,We visited the august halls of the palace.,நாங்கள் அரண்மனையின் கம்பீரமான மண்டபங்களுக்குச் சென்றோம்.,हमने महल के भव्य हॉलों का दौरा किया।,"Grand, Majestic",மேன்மையான
652,Day 141,Autocratic,Adjective,Advanced,சர்வாதிகார,निरंकुश,The company was run by an autocratic leader.,அந்த நிறுவனம் ஒரு சர்வாதிகாரத் தலைவரால் நடத்தப்பட்டது.,कंपनी एक निरंकुश नेता द्वारा चलाई जा रही थी।,"Despotic, Absolute",தன்னிச்சை அதிகாரம் கொண்ட
653,Day 141,Autonomous,Adjective,Advanced,தன்னாட்சி பெற்ற,स्वायत्त,Each department is autonomous in its decision-making.,ஒவ்வொரு துறையும் முடிவெடுப்பதில் தன்னாட்சி பெற்றுள்ளது.,प्रत्येक विभाग अपने निर्णय लेने में स्वायत्त है।,"Independent, Sovereign",தன்னிச்சையான
651,Day 141,Avarice,Noun,Advanced,பேராசை,लोभ,His avarice led him to commit fraud.,அவனது பேராசை அவனை மோசடி செய்யத் தூண்டியது.,उसके लोभ ने उसे धोखाधड़ी करने के लिए प्रेरित किया।,"Greed, Cupidity",பொருளாசை
652,Day 141,Aver,Verb,Advanced,உறுதியாகக் கூறு,दृढ़ता से कहना,He averred that he was innocent.,அவர் தான் குற்றமற்றவர் என்று உறுதியாகக் கூறினார்.,उसने दृढ़ता से कहा कि वह निर्दोष था।,"Declare, Assert",மெய்ப்பித்துக் கூறு
653,Day 142,Aversion,Noun,Advanced,வெறுப்பு,घृणा,I have an aversion to seafood.,எனக்குக் கடல் உணவுகள் என்றாலே வெறுப்பு.,मुझे समुद्री भोजन से घृणा है।,"Dislike, Antipathy",ஒவ்வாமை
651,Day 142,Awry,Adjective,Advanced,தவறுதலாக / கோணலாக,गलत / टेढ़ा,Our plans went awry due to the rain.,மழையினால் எங்களது திட்டங்கள் தவறுதலாகப் போயின.,बारिश के कारण हमारी योजनाएँ गलत हो गईं।,"Wrong, Amiss",மாறுபட்ட
652,Day 142,Axiom,Noun,Advanced,அடிப்படை உண்மை,स्वयं सिद्ध सत्य,It is an axiom that exercise is good for health.,உடற்பயிற்சி ஆரோக்கியத்திற்கு நல்லது என்பது ஒரு அடிப்படை உண்மையாகும்.,यह एक स्वयं सिद्ध सत्य है कि व्यायाम स्वास्थ्य के लिए अच्छा है।,"Postulate, Maxim",மெய்ம்மை
653,Day 142,Bastion,Noun,Advanced,பாதுகாப்பு அரண்,गढ़,The university is a bastion of free speech.,பல்கலைக்கழகம் பேச்சு சுதந்திரத்தின் பாதுகாப்பு அரணாக உள்ளது.,विश्वविद्यालय स्वतंत्र भाषण का गढ़ है।,"Fortress, Stronghold",கோட்டை
651,Day 142,Begrudge,Verb,Advanced,பொறாமைப்படு,ईर्ष्या करना,I don't begrudge him his success.,அவனது வெற்றியைப் பார்த்து நான் பொறாமைப்படவில்லை.,मुझे उसकी सफलता पर ईर्ष्या नहीं है।,"Envy, Resent",மனமில்லாமலிரு
652,Day 143,Beneficent,Adjective,Advanced,நன்மையளிக்கும்,हितकारी,He is a beneficent leader who cares for the poor.,அவர் ஏழைகள் மீது அக்கறை கொண்ட நன்மையளிக்கும் தலைவர்.,वह एक हितकारी नेता हैं जो गरीबों की परवाह करते हैं।,"Charitable, Kind",உபகாரமுள்ள
653,Day 143,Bestial,Adjective,Advanced,மிருகத்தனமான,पाशविक,They were shocked by the bestial nature of the crime.,குற்றத்தின் மிருகத்தனமான தன்மையைக் கண்டு அவர்கள் அதிர்ச்சியடைந்தனர்.,अपराध की पाशविक प्रकृति से वे स्तब्ध रह गए।,"Brutal, Cruel",விலங்கு போன்ற
651,Day 143,Bestow,Verb,Advanced,வழங்கு / அளி,प्रदान करना,The award was bestowed upon the scientist.,அந்த விருது விஞ்ஞானிக்கு வழங்கப்பட்டது.,वैज्ञानिक को पुरस्कार प्रदान किया गया।,"Grant, Give",கொடுத்தருளு
652,Day 143,Bland,Adjective,Advanced,சுவையற்ற / சுவாரஸ்யமற்ற,फीका / स्वादहीन,The soup was quite bland and needed more salt.,"சூப் மிகவும் சுவையற்றதாக இருந்தது, அதற்கு கூடுதல் உப்பு தேவைப்பட்டது.",सूप काफी फीका था और उसमें और नमक की जरूरत थी।,"Tasteless, Insipid",இதமான / சுவையற்ற
653,Day 143,Blasphemy,Noun,Advanced,தெய்வ நிந்தனை,ईश-निंदा,He was accused of blasphemy for his remarks about the temple.,கோவில் பற்றிய அவரது கருத்துக்களுக்காக அவர் தெய்வ நிந்தனை குற்றம் சாட்டப்பட்டார்.,मंदिर के बारे में उनकी टिप्पणियों के लिए उन पर ईश-निंदा का आरोप लगाया गया था।,"Profanity, Sacrilege",இறைப்பழிப்பு
651,Day 144,Blatant,Adjective,Advanced,அப்பட்டமான,खुल्लम-खुल्ला,It was a blatant lie that everyone could see through.,அது அனைவரும் எளிதில் கண்டறியக்கூடிய ஒரு அப்பட்டமான பொய்.,यह एक खुल्लम-खुल्ला झूठ था जिसे हर कोई समझ सकता था।,"Obvious, Glaring",வெளிப்படையான
652,Day 144,Blemish,Noun,Advanced,தழும்பு / குறைபாடு,धब्बा / दोष,A tiny blemish on the fruit made it unsellable.,பழத்தில் இருந்த ஒரு சிறிய தழும்பு அதனை விற்க முடியாததாக ஆக்கியது.,फल पर एक छोटे से धब्बे ने उसे बेचने लायक नहीं छोड़ा।,"Flaw, Stain",களங்கம் / மறு
653,Day 144,Bluster,Verb,Advanced,அதட்டல் / வீண் பேச்சு,धमकी देना / शोर मचाना,He tried to bluster his way through the interview.,அவர் நேர்காணலில் அதட்டலான பேச்சின் மூலம் சமாளிக்க முயன்றார்.,उसने साक्षात्कार में अपनी धौंस जमाकर निकलने की कोशिश की।,"Rant, Swagger",பெருமை பேசுதல்
651,Day 144,Bogus,Adjective,Advanced,போலியான,जाली / नकली,The police found several bogus currency notes.,போலீசார் பல போலியான ரூபாய் நோட்டுகளைக் கண்டெடுத்தனர்.,पुलिस को कई जाली नोट मिले।,"Fake, Counterfeit",கள்ளத்தனமான
652,Day 144,Boisterous,Adjective,Advanced,ஆரவாரமான,कोलाहलपूर्ण,The children were very boisterous at the birthday party.,பிறந்தநாள் விழாவில் குழந்தைகள் மிகுந்த ஆரவாரத்துடன் இருந்தனர்.,जन्मदिन की पार्टी में बच्चे बहुत कोलाहलपूर्ण (उधमी) थे।,"Rowdy, Energetic",கட்டுக்கடங்காத
653,Day 145,Bolster,Verb,Advanced,வலுப்படுத்து,सहारा देना,He used statistics to bolster his argument.,அவர் தனது வாதத்தை வலுப்படுத்த புள்ளிவிவரங்களைப் பயன்படுத்தினார்.,उन्होंने अपने तर्क को सहारा देने के लिए आंकड़ों का इस्तेमाल किया।,"Support, Reinforce",தாங்குதல் / உயர்த்து
651,Day 145,Bootless,Adjective,Advanced,பயனற்ற,निरर्थक,It was a bootless effort to convince him to stay.,அவரைத் தங்க வைப்பதற்கு எடுத்த முயற்சி பயனற்றதாக அமைந்தது.,उसे रुकने के लिए मनाने का प्रयास निरर्थक था।,"Useless, Fruitless",லாபமற்ற
652,Day 145,Boundless,Adjective,Advanced,எல்லையற்ற,असीम,She has boundless energy and never seems to get tired.,"அவளிடம் எல்லையற்ற ஆற்றல் உள்ளது, அவள் ஒருபோதும் சோர்வடைவதில்லை.",उसमें असीम ऊर्जा है और वह कभी थकती नहीं है।,"Infinite, Endless",அளவற்ற
653,Day 145,Bountiful,Adjective,Advanced,தாராளமான / ஏராளமான,प्रचुर / भरपूर,The farmers were happy with the bountiful harvest.,ஏராளமான அறுவடையால் விவசாயிகள் மகிழ்ச்சியடைந்தனர்.,किसान भरपूर फसल से खुश थे।,"Plentiful, Abundant",வள்ளன்மை கொண்ட
651,Day 145,Braggart,Noun,Advanced,தற்பெருமை பேசுபவர்,शेखीबाज़,No one liked him because he was such a braggart.,அவர் தற்பெருமை பேசுபவர் என்பதால் அவரை யாருக்கும் பிடிக்கவில்லை.,कोई उसे पसंद नहीं करता था क्योंकि वह बहुत शेखीबाज़ था।,"Boaster, Show-off",தற்புகழ்ச்சி செய்பவர்
652,Day 146,Brandish,Verb,Advanced,வீசு / அசைத்துக் காட்டு,लहराना,The knight began to brandish his sword in the air.,வீரன் தனது வாளை காற்றில் வீசத் (அசைக்கத்) தொடங்கினான்.,शूरवीर ने हवा में अपनी तलवार लहराना शुरू कर दिया।,"Flourish, Wave",ஆட்டுதல் / காண்பித்தல்
653,Day 146,Bravado,Noun,Advanced,வீண் வீரம்,झूठा साहस,His display of bravado hid his true fear.,அவனது வீண் வீரம் அவனது உண்மையான பயத்தை மறைத்தது.,उसके झूठे साहस के प्रदर्शन ने उसके वास्तविक डर को छिपा लिया।,"Bluster, Swagger",போலி வீரம்
651,Day 146,Brazen,Adjective,Advanced,வெட்கமற்ற,बेशर्म,She told a brazen lie even though the truth was obvious.,உண்மை தெளிவாகத் தெரிந்தாலும் அவள் ஒரு வெட்கமற்ற பொய்யைக் கூறினாள்.,सच्चाई स्पष्ट होने के बावजूद उसने एक बेशर्म झूठ बोला।,"Bold, Shameless",துணிச்சலான (தவறான அர்த்தத்தில்)
652,Day 146,Breach,Noun,Advanced,மீறல்,उल्लंघन,The company was sued for a breach of contract.,ஒப்பந்த மீறலுக்காக நிறுவனம் மீது வழக்குத் தொடரப்பட்டது.,अनुबंध के उल्लंघन के लिए कंपनी पर मुकदमा चलाया गया था।,"Violation, Break",பிளவு / மீறுகை
653,Day 146,Buffoonery,Noun,Advanced,கோமாளித்தனம்,मसखरापन,The politician's buffoonery made him a laughingstock.,அரசியல்வாதியின் கோமாளித்தனம் அவரை ஒரு கேலிப்பொருளாக்கியது.,राजनेता के मसखरापन ने उन्हें हंसी का पात्र बना दिया।,"Foolishness, Silliness",விகடம்
651,Day 147,Bulwark,Noun,Advanced,பாதுகாப்பு அரண்,बचाव की दीवार,The army was seen as a bulwark of democracy.,ராணுவம் ஜனநாயகத்தின் பாதுகாப்பு அரணாகக் கருதப்பட்டது.,सेना को लोकतंत्र के बचाव की दीवार (गढ़) के रूप में देखा गया था।,"Fortress, Protection",காப்பரண்
652,Day 147,Burlesque,Noun,Advanced,கேலிச்சித்திரம் / நையாண்டி,प्रहसन,The play was a burlesque of the popular movie.,அந்த நாடகம் பிரபலமான திரைப்படத்தின் ஒரு நையாண்டியாக இருந்தது.,नाटक उस लोकप्रिय फिल्म का एक प्रहसन (मजाकिया नकल) था।,"Parody, Satire",நகைச்சுவைப் போலி
653,Day 147,Buttress,Verb,Advanced,ஆதரி / பலப்படுத்து,समर्थन देना,The new evidence will buttress our case in court.,புதிய சாட்சியங்கள் நீதிமன்றத்தில் எங்களது வழக்கை ஆதரிக்கும்.,नए सबूत अदालत में हमारे मामले को समर्थन देंगे।,"Support, Sustain",தாங்கு சுவர்
651,Day 147,Byzantine,Adjective,Advanced,மிகவும் சிக்கலான,अत्यंत जटिल,The bureaucracy in that country is quite byzantine.,அந்த நாட்டின் அதிகாரவர்க்கம் மிகவும் சிக்கலானது.,उस देश की नौकरशाही अत्यंत जटिल है।,"Complex, Intricate",சூழ்ச்சிமிக்க / சிக்கலான
652,Day 147,Cabal,Noun,Advanced,சதிக்குழு,षड्यंत्रकारी दल,A small cabal was formed to overthrow the leader.,தலைவரை வீழ்த்த ஒரு சிறிய சதிக்குழு உருவாக்கப்பட்டது.,नेता को उखाड़ फेंकने के लिए एक छोटा षड्यंत्रकारी दल बनाया गया था।,"Clique, Faction",இரகசியக் கும்பல்
653,Day 148,Cache,Noun,Advanced,மறைவிடச் சேமிப்பு,गुप्त भंडार,The rebels had a cache of weapons hidden in the cave.,குகையில் கிளர்ச்சியாளர்கள் ஆயுதங்களை மறைத்து வைத்திருந்தனர்.,विद्रोहियों के पास गुफा में छिपा हथियारों का एक गुप्त भंडार था।,"Hoard, Storage",பதுக்கி வைத்திருக்கும் இடம்
651,Day 148,Cadaverous,Adjective,Advanced,பிணம் போன்ற,शव जैसा,He looked cadaverous after weeks of illness.,பல வார கால நோய்க்குப் பிறகு அவர் பிணம் போலக் காணப்பட்டார்.,हफ्तों की बीमारी के बाद वह शव जैसा (पीला) दिखने लगा।,"Pale, Ghastly",செத்தவர் போன்ற
652,Day 148,Cadence,Noun,Advanced,லயம் / தாளம்,लय,I was mesmerized by the cadence of her voice.,அவளது குரலின் லயத்தில் நான் மயங்கிப் போனேன்.,मैं उसकी आवाज़ की लय से मंत्रमुग्ध हो गया था।,"Rhythm, Beat",ஓசை நயம்
653,Day 148,Camouflage,Noun,Advanced,மாறுவேடம் / மறைப்பு,छलावरण,The soldiers wore green suits for camouflage in the jungle.,காட்டில் மறைந்து கொள்ள வீரர்கள் பச்சை நிற ஆடைகளை அணிந்தனர்.,सैनिकों ने जंगल में छलावरण के लिए हरे रंग की वर्दी पहनी थी।,"Disguise, Mask",தற்காப்புத் தந்திரம்
651,Day 148,Canon,Noun,Advanced,சட்ட விதி / தர்மம்,धर्मनियम,The book is considered part of the literary canon.,இந்தப் புத்தகம் இலக்கிய விதிகளின் ஒரு பகுதியாகக் கருதப்படுகிறது.,इस पुस्तक को साहित्यिक धर्मनियम (मानक) का हिस्सा माना जाता है।,"Law, Rule",திருமுறை / பொது விதி
652,Day 149,Cant,Noun,Advanced,போலிப் பேச்சு,पाखंडी भाषा,I am tired of the political cant about change.,மாற்றம் பற்றிய அரசியல் போலிப் பேச்சுகளைக் கேட்டு நான் சோர்வடைந்துவிட்டேன்.,मैं बदलाव के बारे में राजनीतिक पाखंडी भाषा से थक गया हूँ।,"Hypocrisy, Slang",பகட்டுப் பேச்சு
653,Day 149,Canvas,Verb,Advanced,ஆதரவு திரட்டு,वोट माँगना,The volunteers went door-to-door to canvas for the candidate.,தன்னார்வலர்கள் வேட்பாளருக்காக ஆதரவு திரட்ட வீடு வீடாகச் சென்றனர்.,स्वयंसेवक उम्मीदवार के लिए वोट माँगने (प्रचार करने) घर-घर गए।,"Poll, Campaign",ஆழ்ந்து ஆராய் / பரப்புரை செய்
651,Day 149,Captious,Adjective,Advanced,குற்றம் கண்டுபிடிக்கும்,नुक्ताचीनी करने वाला,He is a captious critic who finds fault in everything.,அவர் எல்லாவற்றிலும் குற்றம் கண்டுபிடிக்கும் ஒரு விமர்சகர்.,वह एक नुक्ताचीनी करने वाला आलोचक है जो हर चीज में दोष ढूंढता है।,"Fault-finding, Critical",வீண் வாதம் செய்கிற
652,Day 149,Captivate,Verb,Advanced,கவர்ந்திழு,मंत्रमुग्ध करना,Her performance captivated the entire audience.,அவளது நடிப்பு முழுப் பார்வையாளர்களையும் கவர்ந்திழுத்தது.,उसके प्रदर्शन ने पूरे दर्शकों को मंत्रमुग्ध कर दिया।,"Enthrall, Fascinate",மயக்கு
653,Day 149,Caricature,Noun,Advanced,கேலிச்சித்திரம்,व्यंग्य-चित्र,The artist drew a caricature of the politician.,கலைஞர் அந்த அரசியல்வாதியின் கேலிச்சித்திரத்தை வரைந்தார்.,कलाकार ने राजनेता का एक व्यंग्य-चित्र बनाया।,"Satire, Cartoon",மிகைப்படுத்தப்பட்ட சித்தரிப்பு
651,Day 150,Carnage,Noun,Advanced,படுகொலை,नरसंहार,The battlefield was a scene of terrible carnage.,போர்க்களம் ஒரு பயங்கரமான படுகொலையின் காட்சியாக இருந்தது.,युद्ध का मैदान भयानक नरसंहार का दृश्य था।,"Slaughter, Massacre",பெரும் உயிர்ச்சேதம்
652,Day 150,Carp,Verb,Advanced,சிறு குறைகளைச் சொல்,छोटी बातों पर दोष निकालना,She is always carping about the weather.,அவள் எப்போதும் வானிலை பற்றிய சிறு குறைகளைச் சொல்லிக் கொண்டே இருக்கிறாள்.,वह हमेशा मौसम की छोटी बातों पर दोष निकालती रहती है।,"Grumble, Complain",தொணதொணவென்று பேசு
653,Day 150,Cartography,Noun,Advanced,வரைபடக் கலை,मानचित्रकारी,He studied cartography to learn how maps are made.,வரைபடங்கள் எவ்வாறு உருவாக்கப்படுகின்றன என்பதை அறிய அவர் வரைபடக் கலையைப் பயின்றார்.,उन्होंने मानचित्र बनाने का तरीका सीखने के लिए मानचित्रकारी का अध्ययन किया।,Mapmaking,நிலப்படவியல்
651,Day 150,Cascade,Noun,Advanced,அருவி / தொடர் நிகழ்வு,जलप्रपात,The water fell in a beautiful cascade down the mountain.,நீர் மலையிலிருந்து ஒரு அழகான அருவியாக விழுந்தது.,पहाड़ से पानी एक सुंदर जलप्रपात के रूप में गिरा।,"Waterfall, Torrent",சிறு நீர்வீழ்ச்சி
652,Day 150,Cataclysm,Noun,Advanced,பேரழிவு,प्रलय,The flood was a cataclysm that destroyed the village.,அந்த வெள்ளம் கிராமத்தையே அழித்த ஒரு பேரழிவாகும்.,बाढ़ एक प्रलय थी जिसने गाँव को तबाह कर दिया।,"Disaster, Catastrophe",திடீர் மாற்றம்
653,Day 151,Categorical,Adjective,Advanced,திட்டவட்டமான,स्पष्ट / निश्चित,The government issued a categorical denial of the rumors.,வதந்திகளுக்கு அரசாங்கம் திட்டவட்டமான மறுப்பை வெளியிட்டது.,सरकार ने अफवाहों का स्पष्ट खंडन जारी किया।,"Absolute, Explicit",அறுதியிட்டுச் சொல்லும்
651,Day 151,Catharsis,Noun,Advanced,உணர்ச்சி வடிகால்,रेचन (भाव शुद्धि),Writing poetry was a catharsis for her after the loss.,இழப்பிற்குப் பிறகு கவிதை எழுதுவது அவளுக்கு ஒரு உணர்ச்சி வடிகாலாக இருந்தது.,नुकसान के बाद कविता लिखना उसके लिए एक भाव शुद्धि (कैथार्सिस) था।,"Purging, Release",மனத்தூய்மை
652,Day 151,Catholic,Adjective,Advanced,பரந்த / உலகளாவிய,उदार / व्यापक,"He has a catholic taste in music, enjoying all genres.","அவருக்கு இசையில் ஒரு பரந்த சுவை உள்ளது, அவர் எல்லா வகைகளையும் ரசிப்பார்.","संगीत में उनकी व्यापक (उदार) रुचि है, वे सभी विधाओं का आनंद लेते हैं।","Universal, Diverse",பொதுவான / பரந்த மனப்பான்மை
653,Day 151,Caucus,Noun,Advanced,அரசியல் குழு கூட்டம்,दल की बैठक,The party held a caucus to select its nominee.,வேட்பாளரைத் தேர்ந்தெடுக்க கட்சி ஒரு குழுக் கூட்டத்தை நடத்தியது.,पार्टी ने अपने उम्मीदवार का चयन करने के लिए दल की बैठक की।,"Meeting, Assembly",கட்சித் தேர்தலுக்கு முந்தைய கூட்டம்
651,Day 151,Causality,Noun,Advanced,காரணகாரியம்,कार्यकारण संबंध,Scientists are studying the causality between pollution and health.,மாசுபடுவதற்கும் ஆரோக்கியத்திற்கும் இடையிலான காரணகாரிய உறவை விஞ்ஞானிகள் ஆய்வு செய்கின்றனர்.,वैज्ञानिक प्रदूषण और स्वास्थ्य के बीच कार्यकारण संबंध का अध्ययन कर रहे हैं।,"Reason, Connection",காரணத்தன்மை
652,Day 152,Caveat,Noun,Advanced,எச்சரிக்கை,चेतावनी,He gave his approval with one important caveat.,அவர் ஒரு முக்கியமான எச்சரிக்கையுடன் (நிபந்தனையுடன்) தனது ஒப்புதலை அளித்தார்.,उन्होंने एक महत्वपूर्ण चेतावनी (शर्त) के साथ अपनी स्वीकृति दी।,"Warning, Caution",முன்எச்சரிக்கை
653,Day 152,Cavil,Verb,Advanced,சிறு குறைகளைக் கூறி வாதிடு,व्यर्थ के दोष निकालना,It is petty to cavil about such small details.,இவ்வளவு சிறிய விவரங்களைப் பற்றிக் குறை கூறுவது அற்பத்தனமானது.,ऐसे छोटे विवरणों पर व्यर्थ के दोष निकालना तुच्छ है।,"Quibble, Carp",வீண் வாதம்
651,Day 152,Cede,Verb,Advanced,விட்டுக் கொடு,सौंप देना,The country was forced to cede territory after the war.,போருக்குப் பிறகு நாடு தனது பகுதியை விட்டுக் கொடுக்க வேண்டிய கட்டாயம் ஏற்பட்டது.,युद्ध के बाद देश को अपना क्षेत्र सौंपने के लिए मजबूर होना पड़ा।,"Surrender, Yield",உரிமை துறத்தல்
652,Day 152,Celebrity,Noun,Advanced,புகழ் / பிரபலம்,प्रसिद्धि / हस्ती,He achieved great celebrity after his first movie.,தனது முதல் படத்திற்குப் பிறகு அவர் பெரும் புகழை அடைந்தார்.,अपनी पहली फिल्म के बाद उन्होंने बड़ी प्रसिद्धि हासिल की।,"Fame, Renown",புகழ் பெற்றவர்
653,Day 152,Celestial,Adjective,Advanced,வானுலக / தெய்வீக,खगोलीय / स्वर्गीय,The stars are celestial bodies.,நட்சத்திரங்கள் வானுலகப் பொருட்கள்.,तारे खगोलीय पिंड हैं।,"Heavenly, Astral",வானம் சார்ந்த
651,Day 153,Celibate,Adjective,Advanced,பிரம்மச்சரியம் பூண்ட,अविवाहित,The priest took a vow to remain celibate.,பாதிரியார் பிரம்மச்சரியத்தைக் கடைப்பிடிப்பதாக உறுதி பூண்டார்.,पुजारी ने अविवाहित रहने की शपथ ली।,"Chaste, Unmarried",மணமாகாத
652,Day 153,Centrifugal,Adjective,Advanced,மையவிலக்கு,अपकेंद्र,Centrifugal force pulls objects away from the center.,மையவிலக்கு விசை பொருட்களை மையத்திலிருந்து வெளியே தள்ளுகிறது.,अपकेंद्र बल वस्तुओं को केंद्र से दूर खींचता है।,Outward-moving,மய்யம் விட்டு விலகுகிற
653,Day 153,Centripetal,Adjective,Advanced,மையநோக்கு,अभिकेंद्र,Centripetal force keeps the planet in orbit.,மையநோக்கு விசை கோள்களை அதன் சுற்றுப்பாதையில் வைத்திருக்கிறது.,अभिकेंद्र बल ग्रह को कक्षा में रखता है।,Inward-moving,மய்யம் நோக்கி நகருகிற
651,Day 153,Cerebral,Adjective,Advanced,மூளை சார்ந்த / அறிவுசார்,मस्तिष्क संबंधी,His approach to the problem was purely cerebral.,பிரச்சனையை அவர் அணுகிய விதம் முற்றிலும் அறிவுப்பூர்வமாக இருந்தது.,समस्या के प्रति उनका दृष्टिकोण विशुद्ध रूप से मस्तिष्क संबंधी (बौद्धिक) था।,"Intellectual, Mental",அறிவு சார்ந்த
652,Day 153,Ceremonious,Adjective,Advanced,முறையான / சடங்கு சார்ந்த,औपचारिक,They gave him a ceremonious welcome at the airport.,விமான நிலையத்தில் அவருக்கு முறையான (சடங்கு ரீதியான) வரவேற்பு அளிக்கப்பட்டது.,हवाई अड्डे पर उनका औपचारिक स्वागत किया गया।,"Formal, Stately",சடங்கு முறையான
653,Day 154,Certitude,Noun,Advanced,உறுதிப்பாடு,निश्चितता,He spoke with absolute certitude about the outcome.,அவர் முடிவு பற்றி முழுமையான உறுதிப்பாட்டுடன் பேசினார்.,उन्होंने परिणाम के बारे में पूर्ण निश्चितता के साथ बात की।,"Assurance, Confidence",ஐயமின்மை
651,Day 154,Cessation,Noun,Advanced,நிறுத்தம் / முடிவு,समाप्ति,The treaty led to a cessation of hostilities.,அந்த ஒப்பந்தம் பகையுணர்வு நிறுத்தத்திற்கு வழிவகுத்தது.,संधि से शत्रुता की समाप्ति हुई।,"Stopping, Termination",முடிவு
652,Day 154,Chafe,Verb,Advanced,உராய்ந்து காயப்படுத்து / எரிச்சலடை,रगड़ना / चिढ़ना,The tight collar began to chafe his neck.,இறுக்கமான காலர் அவரது கழுத்தில் உராய்ந்து காயப்படுத்தியது.,तंग कॉलर उसके गले में रगड़ पैदा करने लगा।,"Irritate, Abrade",தேய்த்தல்
653,Day 154,Chalice,Noun,Advanced,கிண்ணம் (சமயச் சடங்கிற்குரியது),प्याला,The priest poured wine into the golden chalice.,பாதிரியார் தங்கக் கிண்ணத்தில் மதுவை ஊற்றினார்.,पुजारी ने सोने के प्याले में शराब डाली।,"Cup, Goblet",திருக்கிண்ணம்
651,Day 154,Chameleon,Noun,Advanced,ஓணான் / சந்தர்ப்பவாதி,गिरगिट,He is a political chameleon who changes sides often.,அவர் அடிக்கடி பக்கம் மாறும் ஒரு அரசியல் சந்தர்ப்பவாதி.,वह एक राजनीतिक गिरगिट है जो अक्सर पक्ष बदलता है।,"Opportunist, Changeable",நிறம் மாறும் ஓணான்
652,Day 155,Champion,Verb,Advanced,ஆதரி / பரிந்து பேசு,समर्थन करना,She has always championed the cause of the poor.,அவர் எப்போதும் ஏழைகளுக்காகப் பரிந்து பேசி வந்துள்ளார்.,उन्होंने हमेशा गरीबों के हितों का समर्थन किया है।,"Support, Advocate",வெற்றிக்காகப் போராடு
653,Day 155,Channel,Verb,Advanced,நெறிப்படுத்து,दिशा देना,You should channel your energy into your studies.,உங்கள் ஆற்றலை உங்கள் படிப்பில் நெறிப்படுத்த வேண்டும்.,आपको अपनी ऊर्जा को अपनी पढ़ाई की दिशा में लगाना चाहिए।,"Direct, Guide",திசைப்படுத்து
651,Day 155,Chaos,Noun,Advanced,குழப்பம்,अराजकता / उथल-पुथल,The city was in a state of chaos after the earthquake.,நிலநடுக்கத்திற்குப் பிறகு நகரம் பெரும் குழப்ப நிலையில் இருந்தது.,भूकंप के बाद शहर अराजकता की स्थिति में था।,"Confusion, Disorder",ஒழுங்கின்மை
652,Day 155,Charisma,Noun,Advanced,கவர்ச்சி / வசீகரம்,आकर्षण / प्रतिभा,The leader's charisma attracted many followers.,தலைவரின் வசீகரம் பல ஆதரவாளர்களை ஈர்த்தது.,नेता के आकर्षण (प्रतिभा) ने कई अनुयायियों को आकर्षित किया।,"Charm, Appeal",தெய்விகக் களை
653,Day 155,Chasm,Noun,Advanced,பெரும் பள்ளம் / இடைவெளி,गहरी खाई,There is a wide chasm between the rich and the poor.,பணக்காரர்களுக்கும் ஏழைகளுக்கும் இடையே ஒரு பெரிய இடைவெளி உள்ளது.,अमीर और गरीब के बीच एक गहरी खाई (अतंर) है।,"Gap, Abyss",பிளவு
651,Day 156,Chassis,Noun,Advanced,வாகனச் சட்டகம்,ढांचा,The mechanics were working on the car's chassis.,மெக்கானிக்குகள் காரின் சட்டகத்தில் வேலை செய்து கொண்டிருந்தனர்.,मैकेनिक कार के ढांचे (चेसिस) पर काम कर रहे थे।,"Frame, Structure",வண்டிச் சட்டம்
652,Day 156,Chastise,Verb,Advanced,தண்டி / கடுமையாகக் கண்டி,दंड देना,He was chastised for his careless mistakes.,அவரது கவனக்குறைவான தவறுகளுக்காக அவர் கண்டிக்கப்பட்டார்.,उनकी लापरवाही भरी गलतियों के लिए उन्हें दंडित किया गया।,"Punish, Scold",ஒழுங்குபடுத்து
653,Day 156,Checkered,Adjective,Advanced,ஏற்ற இறக்கங்கள் கொண்ட / கட்டங்கள் போட்ட,उतार-चढ़ाव भरा,He has a checkered past with many jobs.,அவர் பல வேலைகளைக் கொண்ட ஏற்ற இறக்கங்கள் நிறைந்த கடந்த காலத்தைக் கொண்டுள்ளார்.,उनका अतीत उतार-चढ़ाव भरा रहा है जिसमें कई नौकरियां शामिल हैं।,"Varied, Flawed",பல நிறங்கள் கொண்ட
651,Day 156,Cherubic,Adjective,Advanced,தேவதை போன்ற (அழகான),मासूम / प्यारा,The baby had a cherubic face.,குழந்தை ஒரு தேவதை போன்ற (அழகான) முகத்தைக் கொண்டிருந்தது.,बच्चे का चेहरा बहुत मासूम (प्यारा) था।,"Innocent, Angelic",குழந்தை போன்ற எழிலுடைய
652,Day 156,Chide,Verb,Advanced,கண்டி,डांटना,She chided him for being late to the meeting.,கூட்டத்திற்குத் தாமதமாக வந்ததற்காக அவள் அவனைக் கண்டித்தாள்.,बैठक में देर से आने के लिए उसने उसे डांटा।,"Scold, Rebuke",அதட்டு
653,Day 157,Chimerical,Adjective,Advanced,கற்பனையான / சாத்தியமற்ற,काल्पनिक,His ideas for a flying car are purely chimerical.,பறக்கும் கார் பற்றிய அவரது யோசனைகள் முற்றிலும் சாத்தியமற்ற கற்பனையே.,उड़ने वाली कार के उनके विचार विशुद्ध रूप से काल्पनिक हैं।,"Unrealistic, Fanciful",விசித்திரமான
651,Day 157,Chisel,Verb,Advanced,செதுக்கு / ஏமாற்று,तराशना / ठगना,The artist used a tool to chisel the stone.,கலைஞர் கல்லைச் செதுக்க ஒரு கருவியைப் பயன்படுத்தினார்.,कलाकार ने पत्थर को तराशने के लिए एक औजार का इस्तेमाल किया।,"Carve, Sculpt",உளியால் செதுக்கு
652,Day 157,Chivalrous,Adjective,Advanced,கண்ணியமான / வீரமிக்க,उदार / वीर,It was very chivalrous of him to offer his seat.,அவர் தனது இருக்கையை விட்டுக் கொடுத்தது மிகவும் கண்ணியமான செயலாகும்.,अपनी सीट देना उनका बहुत उदार (वीरतापूर्ण) व्यवहार था।,"Gallant, Noble",பெண்ணினத்திடம் மரியாதையுள்ள
653,Day 157,Choreography,Noun,Advanced,நடன அமைப்பு,नृत्यकला,The choreography of the dance was breathtaking.,அந்த நடனத்தின் அமைப்பு மூச்சடைக்கச் செய்வதாக இருந்தது.,नृत्य की नृत्यकला (कोरियोग्राफी) लुभावनी थी।,Dance arrangement,ஆடல் கலை
651,Day 157,Chronicle,Verb,Advanced,காலவரிசைப்படி பதிவு செய்,इतिहास लिखना,The book chronicles the events of the civil war.,இந்தப் புத்தகம் உள்நாட்டுப் போரின் நிகழ்வுகளைக் காலவரிசைப்படி பதிவு செய்கிறது.,यह पुस्तक गृहयुद्ध की घटनाओं का इतिहास लिखती (वर्णन करती) है।,"Record, Document",வரலாற்றுப் பதிவு
652,Day 158,Cipher,Noun,Advanced,ரகசியக் குறியீடு / ஒன்றுமில்லாதவர்,शून्य / गुप्त लिपि,The message was written in a complex cipher.,அந்தச் செய்தி ஒரு சிக்கலான ரகசியக் குறியீட்டில் எழுதப்பட்டிருந்தது.,संदेश एक जटिल गुप्त लिपि में लिखा गया था।,"Code, Nonentity",சுழியம் / மர்ம எழுத்து
653,Day 158,Circuitous,Adjective,Advanced,சுற்றும் வழியான,घुमावदार,We took a circuitous route to avoid the traffic.,போக்குவரத்தைத் தவிர்க்க நாங்கள் ஒரு சுற்றும் வழியை மேற்கொண்டோம்.,हमने ट्रैफिक से बचने के लिए एक घुमावदार रास्ता अपनाया।,"Indirect, Roundabout",மறைமுகமான
651,Day 158,Circumscribe,Verb,Advanced,வரம்புக்குட்படுத்து,सीमित करना,His powers were circumscribed by the new law.,புதிய சட்டத்தால் அவரது அதிகாரங்கள் வரம்புக்குட்படுத்தப்பட்டன.,नए कानून द्वारा उनकी शक्तियों को सीमित कर दिया गया था।,"Restrict, Confine",எல்லை இடு
652,Day 158,Citadel,Noun,Advanced,கோட்டை,गढ़,The ancient citadel stood on top of the hill.,பண்டைய கோட்டை மலையின் உச்சியில் அமைந்திருந்தது.,प्राचीन गढ़ पहाड़ी की चोटी पर स्थित था।,"Fortress, Stronghold",அரண்
653,Day 158,Cite,Verb,Advanced,மேற்கோள் காட்டு,उल्लेख करना,You must cite your sources in the research paper.,உங்கள் ஆய்வுக் கட்டுரையில் ஆதாரங்களை நீங்கள் மேற்கோள் காட்ட வேண்டும்.,आपको शोध पत्र में अपने स्रोतों का उल्लेख करना चाहिए।,"Quote, Reference",சான்றாகக் காட்டு
651,Day 159,Civil,Adjective,Advanced,நாகரிகமான / குடிமை சார்ந்த,नागरिक / सभ्य,They managed to have a civil conversation despite their issues.,பிரச்சனைகள் இருந்தபோதிலும் அவர்கள் ஒரு நாகரிகமான உரையாடலைக் கொண்டிருந்தனர்.,अपनी समस्याओं के बावजूद वे एक सभ्य बातचीत करने में सफल रहे।,"Polite, Courteous",பண்பான
652,Day 159,Clamber,Verb,Advanced,கஷ்டப்பட்டு ஏறு,कठिनाई से चढ़ना,The hikers had to clamber over the rocks.,மலையேறுபவர்கள் பாறைகளின் மீது கஷ்டப்பட்டு ஏற வேண்டியிருந்தது.,पैदल यात्रियों को चट्टानों पर कठिनाई से चढ़ना पड़ा।,"Scramble, Climb",தட்டுத் தடுமாறி ஏறு
653,Day 159,Clarity,Noun,Advanced,தெளிவு,स्पष्टता,He spoke with great clarity and everyone understood.,"அவர் மிகுந்த தெளிவுடன் பேசினார், அனைவரும் புரிந்து கொண்டனர்.",वह बड़ी स्पष्टता के साथ बोला और सभी समझ गए।,"Clearness, Lucidity",தெளிவு நிலை
651,Day 159,Clash,Verb,Advanced,மோது / முரண்படு,टकराना,The two teams will clash in the final match.,இறுதிப் போட்டியில் இரு அணிகளும் மோத உள்ளன.,फाइनल मैच में दोनों टीमें टकराएंगी।,"Conflict, Fight",மோதல்
652,Day 159,Clasp,Verb,Advanced,இறுகப் பிடி,कसकर पकड़ना,She clasped her hands together in prayer.,அவள் பிரார்த்தனையில் கைகளை ஒன்றாக இறுகப் பிடித்துக் கொண்டாள்.,उसने प्रार्थना में अपने हाथों को कसकर पकड़ लिया।,"Grasp, Hold",அணைத்துக்கொள்
653,Day 160,Claustrophobia,Noun,Advanced,மூடிய இடத்தைக் கண்டு அச்சம்,संवृतिभीति,He suffers from claustrophobia and avoids elevators.,அவர் மூடிய இடத்தைக் கண்டு அச்சம் கொள்வதால் மின்தூக்கிகளைத் தவிர்க்கிறார்.,वह संवृतिभीति (बंद जगहों का डर) से ग्रस्त है और लिफ्ट से बचता है।,Fear of enclosed spaces,இட நெருக்கடி அச்சம்
651,Day 160,Clavicle,Noun,Advanced,காலர் எலும்பு,हंसली,He broke his clavicle during the football game.,கால்பந்து விளையாட்டின் போது அவர் தனது காலர் எலும்பை உடைத்துக் கொண்டார்.,फुटबॉल खेल के दौरान उनकी हंसली (कॉलर की हड्डी) टूट गई।,Collarbone,கழுத்தெலும்பு
652,Day 160,Cliché,Noun,Advanced,தேய்ந்த கருத்து,घिसी-पिटी बात,The movie's plot was full of clichés.,படத்தின் கதை தேய்ந்த (பழைய) கருத்துக்களால் நிறைந்திருந்தது.,फिल्म की कहानी घिसी-पिटी बातों से भरी थी।,"Platitude, Stereotype",பழமொழிப் பாணி
653,Day 160,Clientele,Noun,Advanced,வாடிக்கையாளர்கள்,ग्राहक वर्ग,The restaurant has a very wealthy clientele.,அந்த உணவகம் மிகவும் செல்வந்தர்களான வாடிக்கையாளர்களைக் கொண்டுள்ளது.,रेस्तरां में बहुत अमीर ग्राहक वर्ग आता है।,"Customers, Patrons",ஆதரவாளர் குழு
651,Day 160,Climax,Noun,Advanced,உச்சகட்டம்,चरम सीमा,The climax of the story was very exciting.,கதையின் உச்சகட்டம் மிகவும் உற்சாகமாக இருந்தது.,कहानी की चरम सीमा (क्लाइमेक्स) बहुत रोमांचक थी।,"Peak, Zenith",முடிவு நிலை
652,Day 161,Clinch,Verb,Advanced,உறுதிப்படுத்து / முடிவுக்குக் கொண்டு வா,पक्का करना,That final goal helped to clinch the victory.,அந்த இறுதி கோல் வெற்றியை உறுதிப்படுத்த உதவியது.,उस अंतिम गोल ने जीत पक्की करने में मदद की।,"Finalize, Settle",கவ்விப் பிடி / தீர்மானி
653,Day 161,Clique,Noun,Advanced,சிறு குழு,गुट,The high school was divided into different cliques.,உயர்நிலைப் பள்ளி பல்வேறு சிறு குழுக்களாகப் பிரிந்திருந்தது.,हाई स्कूल विभिन्न गुटों में बंटा हुआ था।,"Circle, Coterie",கோஷ்டி
651,Day 161,Clout,Noun,Advanced,செல்வாக்கு,प्रभाव,He has a lot of political clout in this region.,இந்தப் பகுதியில் அவருக்கு அதிக அரசியல் செல்வாக்கு உள்ளது.,इस क्षेत्र में उनका काफी राजनीतिक प्रभाव है।,"Influence, Power",ஓங்கி அடித்தல் / அதிகாரம்
652,Day 161,Cloy,Verb,Advanced,திகட்டு,ऊब जाना (मिठास से),The dessert was so sweet it began to cloy.,இனிப்பு மிகவும் அதிகமாக இருந்ததால் அது திகட்டத் தொடங்கியது.,मिठाई इतनी मीठी थी कि वह ऊबाने (क्लय) लगी।,"Satiate, Surfeit",அளவுக்கு மீறிய இனிப்பால் தெவிட்டு
653,Day 161,Clump,Noun,Advanced,கூட்டம் / புதர்,झुंड,A clump of trees stood at the edge of the field.,வயலின் ஓரத்தில் ஒரு மரக்கூட்டம் நின்றது.,खेत के किनारे पेड़ों का एक झुंड खड़ा था।,"Cluster, Bunch",தடிமனான தொகுதி
651,Day 162,Clumsy,Adjective,Advanced,விகாரமான / கவனக்குறைவான,अनाड़ी,I am very clumsy and always drop things.,"நான் மிகவும் கவனக்குறைவானவன் (விகாரமானவன்), எப்போதும் பொருட்களைக் கீழே போட்டு விடுவேன்.",मैं बहुत अनाड़ी हूँ और हमेशा चीजें गिरा देता हूँ।,"Awkward, Ungainly",திறமையற்ற
652,Day 162,Coalition,Noun,Advanced,கூட்டணி,गठबंधन,The parties formed a coalition to govern the country.,நாட்டை ஆள கட்சிகள் ஒரு கூட்டணியை அமைத்தன.,दलों ने देश पर शासन करने के लिए गठबंधन बनाया।,"Alliance, Union",கூட்டு
653,Day 162,Coax,Verb,Advanced,நயந்து பேசு / சமாதானப்படுத்து,फुसलाना,She tried to coax the cat out from under the bed.,அவள் பூனையைப் படுக்கைக்கு அடியிலிருந்து நயந்து பேசி வெளியே வர வைக்க முயன்றாள்.,उसने बिल्ली को बिस्तर के नीचे से बाहर निकालने के लिए फुसलाने की कोशिश की।,"Cajole, Persuade",கொஞ்சு
651,Day 162,Coda,Noun,Advanced,முடிவுரை (இசையில்),उपसंहार,The symphony ended with a beautiful coda.,அந்த சிம்பொனி ஒரு அழகான முடிவுரையுடன் (இசைப்பகுதி) முடிந்தது.,सिम्फनी एक सुंदर उपसंहार (कोडा) के साथ समाप्त हुई।,"Finale, Conclusion",பிற்சேர்க்கை
652,Day 162,Coddle,Verb,Advanced,செல்லம் கொடுத்துக் கெடு,लाड़-प्यार करना,You shouldn't coddle him so much; he needs to be independent.,நீங்கள் அவருக்கு இவ்வளவு செல்லம் கொடுக்கக்கூடாது; அவர் சுதந்திரமாக இருக்க வேண்டும்.,आपको उसे इतना लाड़-प्यार नहीं करना चाहिए; उसे स्वतंत्र होने की जरूरत है।,"Pamper, Spoil",அதீதக் கவனிப்பு
653,Day 163,Coffer,Noun,Advanced,கஜானா / பெட்டகம்,तिजोरी,The government's coffers are empty.,அரசாங்கத்தின் கஜானா காலியாக உள்ளது.,सरकारी तिजोरी खाली है।,"Treasury, Chest",பணப்பெட்டி
651,Day 163,Cogitate,Verb,Advanced,ஆழ்ந்து சிந்தி,गहराई से सोचना,I need time to cogitate on the proposal.,முன்மொழிவைப் பற்றி ஆழ்ந்து சிந்திக்க எனக்கு நேரம் தேவை.,मुझे प्रस्ताव पर गहराई से सोचने के लिए समय चाहिए।,"Ponder, Meditate",தியானம் செய்
652,Day 163,Cognate,Adjective,Advanced,தொடர்புடைய / ஓரினச் சார்ந்த,सजातीय,"""Mother"" and ""Madre"" are cognate words.","""Mother"" மற்றும் ""Madre"" ஆகியவை தொடர்புடைய (ஒரே வேர் கொண்ட) சொற்கள்.","""Mother"" और ""Madre"" सजातीय शब्द हैं।","Related, Akin",பிறப்பால் ஒன்றுபட்ட