Serial Number,Day Number,English Word,Part of Speech,Difficulty,Tamil Translation,Hindi Translation,English Example,Tamil Example,Hindi Example,Synonyms,Tamil Meaning
1,Day 1,Fluctuate,Verb,Intermediate,ஏறு இறங்கு,उतार-चढ़ाव होना (Utaar-Chadhav Hona),Prices often fluctuate.,விலைகள் அடிக்கடி ஏறு இறங்கும்.,कीमतें अक्सर उतार-चढ़ाव करती हैं।,"Vary, Waver, Shift",ஏற்றத்தாழ்வு
2,Day 1,Furtive,Adjective,Intermediate,திருட்டுத்தனமான,गुप्त (Gupt),They exchanged furtive glances.,அவர்கள் திருட்டுத்தனமான பார்வைகளைப் பரிமாறிக் கொண்டனர்.,उन्होंने गुप्त नज़रें मिलाईं।,"Secretive, Sly, Stealthy",ரகசியமான / திருட்டுத்தனமான
3,Day 1,Gainsay,Verb,Intermediate,மறுக்க,इनकार करना (Inkaar Karna),No one could gainsay his achievement.,அவரது சாதனையை யாரும் மறுக்க முடியவில்லை.,कोई भी उनकी उपलब्धि से इनकार नहीं कर सकता था।,"Deny, Contradict, Dispute",மறுத்துக் கூறுதல்
4,Day 1,Garner,Verb,Intermediate,சேகரி,जमा करना (Jama Karna),He managed to garner enough support.,அவர் போதுமான ஆதரவை சேகரிக்க முடிந்தது.,वह पर्याप्त समर्थन जमा करने में कामयाब रहे।,"Collect, Gather, Accumulate",சேகரித்தல்
5,Day 1,Garrulous,Adjective,Intermediate,அதிகப் பேசும்,बातूनी (Baatooni),The garrulous host kept talking.,அதிகம் பேசும் தொகுப்பாளர் பேசிக் கொண்டே இருந்தார்.,बातूनी मेज़बान बात करता रहा।,"Talkative, Loquacious, Chatty",வளவளவென்று பேசும்
6,Day 2,Gist,Noun,Intermediate,சுருக்கம்,सार (Saar),What is the gist of the conversation?,உரையாடலின் சுருக்கம் என்ன?,बातचीत का सार क्या है?,"Essence, Core, Substance",மையக்கருத்து
7,Day 2,Glib,Adjective,Intermediate,மேலோட்டமாகப் பேசும்,चिकनी-चुपड़ी बातें करने वाला (Chikni-Chupdi Baatein Karne Wala),Don't trust his glib promises.,அவரது மேலோட்டமாகப் பேசும் வாக்குறுதிகளை நம்ப வேண்டாம்.,उसके चिकनी-चुपड़ी वादों पर भरोसा मत करो।,"Fluent, Superficial, Slick",சரளமான (ஆனால் ஆழமற்ற)
8,Day 2,Gratify,Verb,Intermediate,திருப்திப்படுத்து,संतुष्ट करना (Santusht Karna),His success will gratify his parents.,அவரது வெற்றி அவரது பெற்றோரை திருப்திப்படுத்தும்.,उसकी सफलता से उसके माता-पिता संतुष्ट होंगे।,"Satisfy, Please, Delight",திருப்திப்படுத்து
9,Day 2,Halcyon,Adjective,Intermediate,அமைதியான (கடந்த காலம்),शांत (Shaant),They remembered their halcyon days.,அவர்கள் தங்கள் அமைதியான நாட்களை நினைவில் வைத்திருந்தார்கள்.,उन्हें अपने शांत दिन याद थे।,"Peaceful, Calm, Happy",அமைதியான / மகிழ்ச்சியான
10,Day 2,Hapless,Adjective,Intermediate,துரதிர்ஷ்டவசமான,अभागा (Abhaaga),The hapless traveller lost his way.,துரதிர்ஷ்டவசமான பயணி வழிதவறிவிட்டார்.,अभागा यात्री अपना रास्ता भटक गया।,"Unfortunate, Unlucky, Luckless",துரதிர்ஷ்டவசமான
11,Day 3,Harbinger,Noun,Intermediate,முன்னோடி,अग्रदूत (Agradoot),The robin is a harbinger of spring.,ராபின் வசந்த காலத்தின் முன்னோடி.,रॉबिन वसंत का अग्रदूत है।,"Herald, Indicator, Signal",முன்னோடி / அறிகுறி
12,Day 3,Hegemony,Noun,Intermediate,தலைமை,प्रभुत्व (Prabhutva),The nation seeks regional hegemony.,அந்த நாடு பிராந்திய தலைமையை தேடுகிறது.,राष्ट्र क्षेत्रीय प्रभुत्व चाहता है।,"Leadership, Dominance, Control",ஆதிக்கம்
13,Day 3,Heuristic,Adjective,Intermediate,சுயமாகக் கண்டறியும்,अनुमानी (Anumaani),We used a heuristic approach to solve it.,அதைத் தீர்க்க நாங்கள் ஒரு சுயமாகக் கண்டறியும் அணுகுமுறையைப் பயன்படுத்தினோம்.,हमने इसे हल करने के लिए एक अनुमानी दृष्टिकोण का इस्तेमाल किया।,"Practical, Hands-on, Empirical",அனுபவம் சார்ந்த
14,Day 3,Hiatus,Noun,Intermediate,இடைவேளை,अंतराल (Antaraal),The band took a two-year hiatus.,இசைக்குழு இரண்டு வருட இடைவெளி எடுத்துக் கொண்டது.,बैंड ने दो साल का अंतराल लिया।,"Pause, Break, Gap",இடைவேளை / இடைவெளி
15,Day 3,Hubris,Noun,Intermediate,ஆணவம்,घमंड (Ghamand),His downfall was caused by his hubris.,அவரது வீழ்ச்சி அவரது ஆணவத்தால் ஏற்பட்டது.,उनकी हार उनके घमंड के कारण हुई।,"Arrogance, Pride, Conceit",அகங்காரம்
16,Day 4,Humble,Adjective,Intermediate,பணிவான,विनम्र (Vinamra),"Despite his success, he remained humble.","அவரது வெற்றி இருந்தபோதிலும், அவர் பணிவாக இருந்தார்.","अपनी सफलता के बावजूद, वह विनम्र रहे।","Modest, Lowly, Meek",அடக்கமான
17,Day 4,Imbibe,Verb,Intermediate,உறிஞ்சு / உள்வாங்கு,सोखना (Sokhna),He tried to imbibe the new knowledge.,அவர் புதிய அறிவை உள்வாங்க முயன்றார்.,उन्होंने नए ज्ञान को सोखने की कोशिश की।,"Drink, Consume, Absorb",உட்கொள்ளுதல்
18,Day 4,Imminent,Adjective,Intermediate,உடனடியான,आसन्न (Aasann),The storm is imminent.,புயல் உடனடியாக வரவிருக்கிறது.,तूफान आसन्न है।,"Impending, Approaching, Looming",நெருங்கி வருகிற
19,Day 4,Impassive,Adjective,Intermediate,உணர்ச்சியற்ற,भावहीन (Bhaavheen),He remained impassive despite the news.,செய்தி இருந்தபோதிலும் அவர் உணர்ச்சியற்றவராக இருந்தார்.,खबर के बावजूद वह भावहीन रहे।,"Expressionless, Calm",உணர்ச்சியற்ற
20,Day 4,Impetuous,Adjective,Intermediate,அவசரமான,जल्दबाज (Jaldbaz),He regretted his impetuous decision.,அவர் தனது அவசரமான முடிவுக்கு வருந்தினார்.,उन्हें अपने जल्दबाज फैसले पर पछतावा हुआ।,"Impulsive, Rash, Hasty",அவசரமான / முன்கோபமுள்ள
21,Day 5,Inchoate,Adjective,Intermediate,முழுமையற்ற,अपूर्ण (Apurna),The plan was still inchoate.,திட்டம் இன்னும் முழுமையற்றதாக இருந்தது.,योजना अभी भी अपूर्ण थी।,"Developing, Beginning, Nascent",ஆரம்ப நிலையில் உள்ள
22,Day 5,Inherent,Adjective,Intermediate,உள்ளார்ந்த,अंतर्निहित [Antarnihit],The desire for knowledge is inherent in humans.,அறிவுக்கான ஆசை மனிதர்களிடம் உள்ளார்ந்தது.,ज्ञान की इच्छा मनुष्यों में अंतर्निहित है।,"Intrinsic, Innate, Essential",இயற்கை
23,Day 5,Innovate,Verb,Intermediate,புதுமைப்படுத்து,नवाचार करना (Navaachaar Karna),Companies must innovate to survive.,நிறுவனங்கள் வாழ புதுமைப்படுத்த வேண்டும்.,कंपनियों को जीवित रहने के लिए नवाचार करना चाहिए।,"Invent, Create, Modernize",புதுமைப்படுத்து
24,Day 5,Insipid,Adjective,Intermediate,சுவையற்ற,बेस्वाद [Besvaad],The soup was bland and insipid.,சூப் மந்தமாகவும் சுவையற்றதாகவும் இருந்தது.,सूप बेस्वाद और फीका था।,"Bland, Dull, Tasteless",சப்பில்லாத
25,Day 5,Intrepid,Adjective,Intermediate,அஞ்சாத,निडर (Nidar),The intrepid explorers reached the pole.,அஞ்சாத ஆராய்ச்சியாளர்கள் துருவத்தை அடைந்தனர்.,निडर खोजकर्ता ध्रुव पर पहुँचे।,"Fearless, Brave, Courageous",அஞ்சாத / துணிச்சலான
26,Day 6,Invective,Noun,Intermediate,வசவு,गाली-गलौज (Gaali-Galauj),He shouted invective at the referee.,அவர் நடுவரைப் பார்த்து வசவு கூச்சலிட்டார்.,उन्होंने रेफरी पर गाली-गलौज चिल्लाया।,"Abuse, Insults, Vitriol",வசைச்சொல்
27,Day 6,Jettison,Verb,Intermediate,தூக்கி எறி,त्यागना (Tyaagna),They had to jettison the heavy load.,அவர்கள் கனமான சுமையை தூக்கி எறிய வேண்டியிருந்தது.,उन्हें भारी भार त्यागना पड़ा।,"Discard, Abandon, Eject",கைவிடுதல்
28,Day 6,Jingoism,Noun,Intermediate,தீவிர நாட்டுப்பற்று,अंधराष्ट्रीयता (Andhrashtriyata),His speech was full of aggressive jingoism.,அவரது பேச்சு தீவிர நாட்டுப்பற்றால் நிறைந்தது.,उनका भाषण आक्रामक अंधराष्ट्रीयता से भरा था।,"Nationalism, Patriotism",தீவிர தேசபற்று
29,Day 6,Jocular,Adjective,Intermediate,கேலியான,हँसमुख (Hansmukh),He was in a jocular mood.,அவர் ஒரு கேலியான மனநிலையில் இருந்தார்.,वह हँसमुख मूड में थे।,"Humorous, Funny, Witty",நகைச்சுவையான
30,Day 6,Jocund,Adjective,Intermediate,மகிழ்ச்சியான,हँसमुख (Hansmukh),They spent a jocund evening together.,அவர்கள் ஒன்றாக ஒரு மகிழ்ச்சியான மாலைப் பொழுதைக் கழித்தனர்.,उन्होंने एक साथ एक हँसमुख शाम बिताई।,"Cheerful, Lighthearted, Merry",மகிழ்ச்சியான
31,Day 7,Jubilee,Noun,Intermediate,பொன் விழா,जयंती (Jayanti),The Queen celebrated her Silver Jubilee.,ராணி தனது வெள்ளி பொன் விழாவைக் கொண்டாடினார்.,रानी ने अपनी रजत जयंती मनाई।,"Celebration, Anniversary",பொன்விழா / கொண்டாட்டம்
32,Day 7,Juxtapose,Verb,Intermediate,அருகருகே வை,पास-पास रखना [Paas-Paas Rakhna],The painting juxtaposed old and new styles.,ஓவியம் பழைய மற்றும் புதிய பாணிகளை அருகருகே வைத்தது.,पेंटिंग ने पुरानी और नई शैलियों को पास-पास रखा।,"Contrast, Compare, Place side by side",ஒப்பிடு
33,Day 7,Kindred,Adjective,Intermediate,ஒத்த / தொடர்புடைய,समान (Samaan),They shared a kindred spirit.,அவர்கள் ஒரு ஒத்த உணர்வைப் பகிர்ந்து கொண்டனர்.,उन्होंने एक समान भावना साझा की।,"Related, Similar, Akin",உறவினர்கள் / ஒரே போன்ற
34,Day 7,Kismet,Noun,Intermediate,தலைவிதி,भाग्य (Bhaagya),It must have been kismet that they met.,அவர்கள் சந்தித்தது தலைவிதியாக இருந்திருக்க வேண்டும்.,उनका मिलना भाग्य में रहा होगा।,"Fate, Destiny, Fortune",தலைவிதி
35,Day 7,Knack,Noun,Intermediate,திறமை,हुनर (Hunar),She has a knack for gardening.,அவளுக்குத் தோட்டக்கலையில் ஒரு திறமை உள்ளது.,उसके पास बागवानी का हुनर है।,"Talent, Skill, Ability",சாமர்த்தியம்
36,Day 8,Knell,Noun,Intermediate,முடிவின் அறிகுறி,अंत का संकेत (Ant Ka Sanket),The defeat was the knell of his career.,அந்த தோல்வி அவரது வாழ்க்கையின் முடிவின் அறிகுறியாக இருந்தது.,हार उनके करियर के अंत का संकेत थी।,"Toll, Ring, Chime",சாவு மணி
37,Day 8,Kowtow,Verb,Intermediate,அடிபணி,झुकना (Jhukna),He refused to kowtow to the management.,அவர் நிர்வாகத்திற்கு அடிபணிய மறுத்துவிட்டார்.,उन्होंने प्रबंधन के सामने झुकने से इनकार कर दिया।,"Grovel, Bow, Subservience",அடிபணிதல்
38,Day 8,Kudos,Noun,Intermediate,பாராட்டு,प्रशंसा (Prashansa),Kudos to the team for their hard work.,அவர்களின் கடின உழைப்புக்கு குழுவுக்கு பாராட்டு.,उनकी कड़ी मेहनत के लिए टीम को प्रशंसा।,"Praise, Glory, Honor",புகழ் / பாராட்டு
39,Day 8,Labyrinth,Noun,Intermediate,சிக்கலான பாதை,भूलभुलैया (Bhoolbhulaiya),We got lost in the labyrinth of streets.,நாங்கள் தெருக்களின் சிக்கலான பாதையில் தொலைந்து போனோம்.,हम सड़कों की भूलभुलैया में खो गए।,"Maze, Network, Web",சிக்கலான பாதை
40,Day 8,Laconic,Adjective,Intermediate,சுருக்கமான,संक्षिप्त (Sankshipt),He gave a laconic reply.,அவர் ஒரு சுருக்கமான பதிலை அளித்தார்.,उन्होंने एक संक्षिप्त जवाब दिया।,"Brief, Concise, Terse",சுருக்கமான
41,Day 9,Lament,Verb,Intermediate,வருந்து,शोक करना (Shok Karna),She began to lament the lost opportunity.,இழந்த வாய்ப்பிற்காக அவள் வருந்த ஆரம்பித்தாள்.,वह खोए हुए अवसर पर शोक करना शुरू कर दिया।,"Mourn, Grieve, Bemoan",புலம்புதல் / வருந்துதல்
42,Day 9,Languid,Adjective,Intermediate,மந்தமான,आलसी (Aalasi),A languid afternoon nap was refreshing.,ஒரு மந்தமான மதிய உறக்கம் புத்துணர்ச்சி அளித்தது.,एक आलसी दोपहर की झपकी ताजगी भरी थी।,"Weak, Faint, Sluggish",சோர்வான
43,Day 9,Languish,Verb,Intermediate,நலிவடை,कमजोर पड़ना (Kamzor Padna),The plants will languish without water.,தண்ணீர் இல்லாமல் செடிகள் நலிவடையும்.,पानी के बिना पौधे कमजोर पड़ जाएंगे।,"Weaken, Deteriorate, Decline",நலிவடைதல்
44,Day 9,Lethargic,Adjective,Intermediate,சோம்பலான,सुस्त (Sust),He felt lethargic after the meal.,உணவுக்குப் பிறகு அவர் சோம்பலாக உணர்ந்தார்.,भोजन के बाद उन्होंने सुस्त महसूस किया।,"Sluggish, Lazy, Inactive",மந்தமான
45,Day 9,Lithe,Adjective,Intermediate,வளைந்து கொடுக்கும்,लचीला (Lacheela),The dancer was incredibly lithe.,நடனக் கலைஞர் நம்பமுடியாத அளவிற்கு வளைந்து கொடுக்கும் தன்மையுடையவர்.,नर्तकी अविश्वसनीय रूप से लचीली थी।,"Flexible, Supple, Agile",நெகிழ்வான
46,Day 10,Lurid,Adjective,Intermediate,அதிர்ச்சி தரும்,भयावह (Bhayaavah),The newspaper printed lurid details.,செய்தித்தாள் அதிர்ச்சி தரும் விவரங்களை வெளியிட்டது.,अखबार ने भयावह विवरण प्रकाशित किए।,"Shocking, Sensational, Vivid",திடுக்கிட வைக்கும்
47,Day 10,Maelstrom,Noun,Intermediate,கொந்தளிப்பான நிலை,भंवर (Bhanvar),He was caught in a maelstrom of controversy.,அவர் சர்ச்சையின் கொந்தளிப்பான நிலையில் சிக்கினார்.,वह विवादों के भंवर में फंस गया था।,"Whirlpool, Turmoil, Chaos",பெரும் கொந்தளிப்பு
48,Day 10,Malinger,Verb,Intermediate,நோய்வாய்ப்பட்டதாக பாசாங்கு செய்,बीमारी का बहाना करना (Bimaari Ka Bahaana Karna),The employee tried to malinger.,ஊழியர் நோய்வாய்ப்பட்டதாக பாசாங்கு செய்ய முயன்றார்.,कर्मचारी ने बीमारी का बहाना करने की कोशिश की।,"Shirk, Fake illness",வேலையைத் தவிர்க்க
49,Day 10,Miasma,Noun,Intermediate,துர்நாற்றம் / மோசமான சூழல்,दुर्गंध (Durgandh),The office was filled with a miasma of suspicion.,அலுவலகம் சந்தேகத்தின் மோசமான சூழலால் நிரப்பப்பட்டது.,कार्यालय संदेह की दुर्गंध से भरा हुआ था।,"Cloud, Mist, Odor",நச்சுப்புகை
50,Day 10,Mitigate,Verb,Intermediate,தணி,कम करना (Kam Karna),We need to mitigate the risks.,நாம் ஆபத்துக்களை தணிக்க வேண்டும்.,हमें जोखिमों को कम करने की जरूरत है।,"Alleviate, Reduce, Lessen",தணித்தல்
51,Day 11,Nascent,Adjective,Intermediate,வளரும்,नवजात (Navjaat),The nascent industry shows promise.,இந்த வளரும் தொழில் நம்பிக்கை அளிக்கிறது.,नवजात उद्योग आशाजनक है।,"Emerging, Developing, Budding",உருவாகி வருகிற
52,Day 11,Nefarious,Adjective,Intermediate,தீய,कुटिल (Kutil),They uncovered a ** nefarious** plot.,அவர்கள் ஒரு தீய சதித்திட்டத்தைக் கண்டுபிடித்தனர்.,उन्होंने एक कुटिल साजिश का पर्दाफाश किया।,"Wicked, Evil, Villainous",கொடிய / தீய
53,Day 11,Nihilism,Noun,Intermediate,சூனியவாதம்,शून्यवाद (Shunyavaad),His philosophy bordered on nihilism.,அவரது தத்துவம் சூனியவாதத்தின் விளிம்பில் இருந்தது.,उनका दर्शन शून्यवाद की सीमा पर था।,"Skepticism, Negativism",சூனியவாதம்
54,Day 11,Nostalgia,Noun,Intermediate,கடந்தகால ஏக்கம்,पुरानी यादें (Puraani Yaadein),The song filled me with nostalgia.,அந்தப் பாடல் எனக்குள் கடந்தகால ஏக்கத்தை நிரப்பியது.,उस गाने ने मुझे पुरानी यादों से भर दिया।,"Reminiscence, Longing",கடந்த கால நினைவு
55,Day 11,Novel,Adjective,Intermediate,புதிய,नया (Naya),That's a novel approach.,அது ஒரு புதிய அணுகுமுறை.,वह एक नया दृष्टिकोण है।,"New, Original, Innovative",புதிய
56,Day 12,Noxious,Adjective,Intermediate,நச்சுத்தன்மையுள்ள,हानिकारक (Haanikaarak),Avoid inhaling the noxious fumes.,நச்சுத்தன்மையுள்ள புகையை சுவாசிப்பதைத் தவிர்க்கவும்.,हानिकारक धुएं को सूंघने से बचें।,"Harmful, Toxic, Poisonous",நச்சுத்தன்மையுள்ள
57,Day 12,Nugatory,Adjective,Intermediate,முக்கியமற்ற,महत्वहीन (Mahatvaheen),His advice proved to be nugatory.,அவரது ஆலோசனை முக்கியமற்றதாக நிரூபிக்கப்பட்டது.,उनकी सलाह महत्वहीन साबित हुई।,"Worthless, Useless, Vain",மதிப்பற்ற / பயனற்ற
58,Day 12,Obdurate,Adjective,Intermediate,பிடிவாதமான,जिद्दी (Ziddi),The child remained obdurate.,குழந்தை பிடிவாதமாக இருந்தது.,बच्चा जिद्दी बना रहा।,"Stubborn, Obstinate, Unyielding",பிடிவாதமான
59,Day 12,Obfuscate,Verb,Intermediate,குழப்பு,अस्पष्ट करना (Aspasht Karna),He tried to obfuscate the truth.,அவர் உண்மையை குழப்ப முயன்றார்.,उन्होंने सच्चाई को अस्पष्ट करने की कोशिश की।,"Confuse, Blur, Muddle",குழப்புதல்
60,Day 12,Obscure,Adjective,Intermediate,தெளிவற்ற,अस्पष्ट (Aspasht),His motives remain obscure.,அவரது நோக்கங்கள் தெளிவற்றதாக இருக்கின்றன.,उनके इरादे अस्पष्ट बने हुए हैं।,"Unclear, Hidden, Unknown",மங்கலான
61,Day 13,Obviate,Verb,Intermediate,தவிர்ப்பதற்கு,टालना [Taalna],The new policy obviated the need for long meetings.,புதிய கொள்கை நீண்ட கூட்டங்களின் தேவையை தவிர்ப்பதற்கு உதவியது.,नई नीति ने लंबी बैठकों की आवश्यकता को टाल दिया।,"Preclude, Prevent, Avoid",விலக்குதல்
62,Day 13,Onerous,Adjective,Intermediate,கடினமான / பாரமான,भारी (Bhaari),He took on the onerous task.,அவர் அந்த கடினமான பணியை மேற்கொண்டார்.,उन्होंने भारी काम संभाला।,"Burdensome, Heavy, Hard",கடினமான / சுமையான
63,Day 13,Opulence,Noun,Intermediate,செல்வம்,धन-संपत्ति (Dhan-Sampatti),The palace reflected great opulence.,அரண்மனை பெரும் செல்வத்தைப் பிரதிபலித்தது.,महल ने महान धन-संपत्ति को दर्शाया।,"Wealth, Luxury, Abundance",செல்வச் செழிப்பு
64,Day 13,Ossify,Verb,Intermediate,நிலைப்படுத்து / எலும்பாக மாற்று,कठोर बनाना (Kathor Banaana),Old ideas can ossify thinking.,பழைய யோசனைகள் சிந்தனையை நிலைப்படுத்த முடியும்.,पुराने विचार सोच को कठोर बना सकते हैं।,"Harden, Rigidify, Stiffen",எலும்பாக மாறு / இறுகுதல்
65,Day 13,Overt,Adjective,Intermediate,வெளிப்படையான,खुला (Khula),The threat was overt and clear.,அச்சுறுத்தல் வெளிப்படையானதாகவும் தெளிவாகவும் இருந்தது.,धमकी खुली और स्पष्ट थी।,"Obvious, Clear, Apparent",பகிரங்கமான
66,Day 14,Paltry,Adjective,Intermediate,அற்பமான,तुच्छ [Tuchchh],He was only paid a paltry sum for his work.,அவரது வேலைக்கு அவருக்கு அற்பமான தொகை மட்டுமே வழங்கப்பட்டது.,उनके काम के लिए उन्हें केवल एक तुच्छ राशि का भुगतान किया गया।,"Small, Meager, Insignificant",மிக சிறிய
67,Day 14,Paradox,Noun,Intermediate,முரண்பாடு,विरोधाभास (Virodhabhaas),It's a strange paradox.,இது ஒரு விசித்திரமான முரண்பாடு.,यह एक अजीब विरोधाभास है।,"Contradiction, Inconsistency, Puzzle",முரண்பாடு
68,Day 14,Paragon,Noun,Intermediate,சிறந்த உதாரணம்,आदर्श (Aadarsh),He is a paragon of virtue.,அவர் நற்பண்புக்கு ஒரு சிறந்த உதாரணம்.,वह सद्गुण का आदर्श है।,"Model, Ideal, Pattern",முன்மாதிரி
69,Day 14,Paucity,Noun,Intermediate,பற்றாக்குறை,कमी (Kami),There is a paucity of evidence.,ஆதாரங்களின் பற்றாக்குறை உள்ளது.,सबूतों की कमी है।,"Scarcity, Lack, Dearth",பற்றாக்குறை
70,Day 14,Pauper,Noun,Intermediate,ஏழை,कंगाल (Kangaal),He died a pauper.,அவர் ஒரு ஏழையாக இறந்தார்.,वह एक कंगाल के रूप में मर गए।,"Beggar, Indigent",பராரி / ஏழை
71,Day 15,Pellucid,Adjective,Intermediate,மிகவும் தெளிவான,पारदर्शी (Paardarshi),The water was crystal-clear and pellucid.,தண்ணீர் பளிங்கு போல் மிகவும் தெளிவாக இருந்தது.,पानी क्रिस्टल-साफ़ और पारदर्शी था।,"Clear, Transparent, Lucid",தெளிவான
72,Day 15,Pensive,Adjective,Intermediate,சிந்தனைமிகுந்த,विचारशील [Vichaarasheel],"He looked pensive, staring out the window.",அவர் சன்னலை வெறித்துப் பார்த்தபடி சிந்தனைமிகுந்தவராகத் தெரிந்தார்.,वह खिड़की से बाहर देखते हुए विचारशील लग रहे थे।,"Thoughtful, Reflective, Contemplative",சிந்தனைமிகுந்த
73,Day 15,Pervade,Verb,Intermediate,பரவி இரு,व्याप्त होना (Vyaapt Hona),A sense of calm began to pervade the room.,அமைதி உணர்வு அறையில் பரவி இருக்கத் தொடங்கியது.,कमरे में शांति की भावना व्याप्त होने लगी।,"Spread, Permeate, Fill",பரவுதல்
74,Day 15,Pervasive,Adjective,Intermediate,பரவலான,व्यापक (Vyaapak),Corruption is pervasive.,ஊழல் பரவலாக உள்ளது.,भ्रष्टाचार व्यापक है।,"Widespread, Extensive, General",பரவலான
75,Day 15,Pinnacle,Noun,Intermediate,உச்சம்,शिखर (Shikhar),He reached the pinnacle of his career.,அவர் தனது தொழிலின் உச்சத்தை அடைந்தார்.,उन्होंने अपने करियर के शिखर को छुआ।,"Peak, Summit, Apex",உச்சி / சிகரம்
76,Day 16,Quagmire,Noun,Intermediate,சிக்கலான நிலை,दलदल (Daldal),The project turned into a political quagmire.,இந்தத் திட்டம் ஒரு அரசியல் சிக்கலான நிலையை அடைந்தது.,यह परियोजना एक राजनीतिक दलदल में बदल गई।,"Swamp, Morass, Muddle",இக்கட்டான நிலை
77,Day 16,Quell,Verb,Intermediate,அடக்கு,दबाना (Dabaana),The police tried to quell the riot.,கலவரத்தை அடக்க காவல்துறை முயற்சித்தது.,पुलिस ने दंगे को दबाने की कोशिश की।,"Suppress, Extinguish, Subdue",அடக்குதல்
78,Day 16,Quiescent,Adjective,Intermediate,செயலற்ற,निष्क्रिय (Nishkriya),The volcano remained quiescent.,எரிமலை செயலற்றதாக இருந்தது.,ज्वालामुखी निष्क्रिय रहा।,"Inactive, Quiet, Dormant",அமைதியான / செயலற்ற
79,Day 16,Quip,Noun,Intermediate,நகைச்சுவைப் பேச்சு,मज़ाकिया बात (Mazaakiya Baat),He delivered a witty quip.,அவர் ஒரு புத்திசாலித்தனமான நகைச்சுவைப் பேச்சை வழங்கினார்.,उन्होंने एक मजाकिया मज़ाकिया बात कही।,"Joke, Witty remark, Jest",நையாண்டி
80,Day 16,Quixotic,Adjective,Intermediate,நடைமுறை சாத்தியமற்ற,अव्यावहारिक (Avyavahaarik),His plan was utterly quixotic.,அவரது திட்டம் முற்றிலும் நடைமுறை சாத்தியமற்றது.,उनकी योजना पूरी तरह से अव्यावहारिक थी।,"Idealistic, Unrealistic, Impractical",நடைமுறைக்கு ஒவ்வாத
81,Day 17,Quotidian,Adjective,Intermediate,அன்றாட,रोज़मर्रा का (Rozmarra Ka),Cleaning is a quotidian chore.,சுத்தம் செய்வது ஒரு அன்றாட வேலை.,सफाई एक रोज़मर्रा का काम है।,"Daily, Everyday, Ordinary",அன்றாட
82,Day 17,Rampant,Adjective,Intermediate,கட்டுக்கடங்காத,अनियंत्रित (Aniyantrit),Corruption is rampant in the system.,அமைப்பில் ஊழல் கட்டுக்கடங்காததாக உள்ளது.,सिस्टम में भ्रष्टाचार अनियंत्रित है।,"Uncontrolled, Widespread",கட்டுப்பாடற்ற / பரவலான
83,Day 17,Redundant,Adjective,Intermediate,தேவையற்ற,अनावश्यक (Anaavashyak),That step is completely redundant.,அந்த படி முற்றிலும் தேவையற்றது.,वह कदम पूरी तरह से अनावश्यक है।,"Unnecessary, Extra, Excess",தேவையற்ற
84,Day 17,Rend,Verb,Intermediate,கிழி,फाड़ना (Phaadna),The paper began to rend easily.,காகிதம் எளிதில் கிழிக்க ஆரம்பித்தது.,कागज आसानी से फाड़ना शुरू हो गया।,"Tear, Split, Rip",கிழித்தல்
85,Day 17,Repudiate,Verb,Intermediate,மறுத்து ஒதுக்கு,अस्वीकार करना (Asweekaar Karna),He chose to repudiate the allegations.,அவர் குற்றச்சாட்டுகளை மறுத்து ஒதுக்கத் தேர்ந்தெடுத்தார்.,उन्होंने आरोपों को अस्वीकार करने का फैसला किया।,"Reject, Deny, Disown",நிராகரித்தல்
86,Day 18,Reticent,Adjective,Intermediate,அமைதியான,अल्पभाषी (Alpbhaashi),He was reticent about his past.,அவர் தனது கடந்த காலத்தைப் பற்றி அமைதியாக இருந்தார்.,वह अपने अतीत के बारे में अल्पभाषी थे।,"Reserved, Quiet, Shy",அமைதியான / பேசத் தயங்கும்
87,Day 18,Ruminate,Verb,Intermediate,சிந்தி,सोचना (Sochna),She needs time to ruminate on the offer.,அந்த சலுகையைப் பற்றி சிந்திக்க அவளுக்கு நேரம் தேவை.,उसे प्रस्ताव पर सोचने के लिए समय चाहिए।,"Ponder, Meditate, Muse",ஆழமாக சிந்தி
88,Day 18,Salient,Adjective,Intermediate,முக்கியமான,मुख्य (Mukhya),The salient points of the report were highlighted.,அறிக்கையின் முக்கியமான புள்ளிகள் எடுத்துக்காட்டப்பட்டன.,रिपोर्ट के मुख्य बिंदुओं पर प्रकाश डाला गया।,"Important, Main, Notable",முக்கியமான
89,Day 18,Serene,Adjective,Intermediate,அமைதியான,शांत (Shaant),The lake was calm and serene.,ஏரி அமைதியாகவும் அமைதியானதாகவும் இருந்தது.,झील शांत और सौम्य थी।,"Calm, Peaceful, Tranquil",அமைதியான
90,Day 18,Skeptical,Adjective,Intermediate,சந்தேகமுள்ள,संशयवादी (Sanshayvaadi),I'm skeptical about his claims.,அவரது கூற்றுக்கள் பற்றி எனக்கு சந்தேகமுள்ளது.,मैं उनके दावों के बारे में संशयवादी हूँ।,"Doubtful, Dubious, Cynical",சந்தேகமுள்ள
91,Day 19,Spurious,Adjective,Intermediate,போலியான,नकली (Nakli),The documents were found to be spurious.,ஆவணங்கள் போலியானவை என்று கண்டறியப்பட்டது.,दस्तावेज़ नकली पाए गए।,"Fake, False, Counterfeit",போலியான
92,Day 19,Stolid,Adjective,Intermediate,உணர்ச்சியற்ற,भावहीन (Bhaavheen),He maintained a stolid expression.,அவர் ஒரு உணர்ச்சியற்ற வெளிப்பாட்டைப் பராமரித்தார்.,उन्होंने एक भावहीन अभिव्यक्ति बनाए रखी।,"Calm, Dull, Unemotional",உணர்ச்சிகளால் பாதிக்கப்படாத
93,Day 19,Stymie,Verb,Intermediate,தடுத்து நிறுத்து,रोकना (Rokna),Bad weather stymied the rescue mission.,மோசமான வானிலை மீட்பு பணியை தடுத்து நிறுத்தியது.,खराब मौसम ने बचाव मिशन को रोक दिया।,"Hinder, Block, Obstruct",தடுத்தல்
94,Day 19,Subtle,Adjective,Intermediate,நுட்பமான,सूक्ष्म (Sukshm),There was a subtle difference in the flavors.,சுவைகளில் ஒரு நுட்பமான வித்தியாசம் இருந்தது.,स्वाद में एक सूक्ष्म अंतर था।,"Fine, Delicate, Precise",நுணுக்கமான
95,Day 19,Sycophant,Noun,Intermediate,சுயநல முகஸ்துதி செய்பவர்,चापलूस (Chaaploos),The boss surrounded himself with sycophants.,முதலாளி தன்னைச் சுயநல முகஸ்துதி செய்பவர்களால் சூழ்ந்து கொண்டார்.,बॉस ने खुद को चापलूसों से घेर लिया।,"Flatterer, Toady, Minion",முகஸ்துதி செய்பவர்
96,Day 20,Tacit,Adjective,Intermediate,மௌனமான,मौन (Maun),They reached a tacit agreement.,அவர்கள் ஒரு மௌனமான உடன்பாட்டை அடைந்தனர்.,वे एक मौन समझौते पर पहुँचे।,"Implicit, Silent, Unspoken",மௌனமான சம்மதம்
97,Day 20,Tenet,Noun,Intermediate,கோட்பாடு,सिद्धांत [Siddhaant],Freedom is a fundamental tenet of democracy.,சுதந்திரம் ஜனநாயகத்தின் அடிப்படை கோட்பாடு.,स्वतंत्रता लोकतंत्र का एक मूलभूत सिद्धांत है।,"Principle, Belief, Doctrine",கொள்கை
98,Day 20,Tenuous,Adjective,Intermediate,மெல்லிய,कमजोर (Kamzor),The connection is very tenuous.,இணைப்பு மிகவும் மெல்லியதாக உள்ளது.,संबंध बहुत कमजोर है।,"Weak, Fragile, Slender",பலவீனமான
99,Day 20,Terse,Adjective,Intermediate,சுருக்கமான,रूखा (Rookha),She gave a terse response.,அவள் ஒரு சுருக்கமான பதிலைக் கொடுத்தாள்.,उसने एक रूखा जवाब दिया।,"Brief, Concise, Short",சுருக்கமான
100,Day 20,Tirade,Noun,Intermediate,கடுமையான பேச்சு,लंबी आलोचना (Lambhi Aalochana),The boss launched into a furious tirade.,முதலாளி ஒரு கோபமான கடுமையான பேச்சை ஆரம்பித்தார்.,बॉस ने एक भयंकर लंबी आलोचना शुरू कर दी।,"Rant, Attack, Outburst",நீண்ட கண்டன உரை
101,Day 21,Tout,Verb,Intermediate,புகழ்ந்து பேசு,प्रचार करना (Prachaar Karna),The company began to tout its new product.,நிறுவனம் தனது புதிய தயாரிப்பைப் புகழ்ந்து பேச ஆரம்பித்தது.,कंपनी ने अपने नए उत्पाद का प्रचार करना शुरू कर दिया।,"Praise, Promote, Commend",புகழ்ந்து பேசு
102,Day 21,Turgid,Adjective,Intermediate,வீங்கிய / புரியாத,फूला हुआ / जटिल (Foola Hua / Jatil),The writing was turgid and difficult to read.,எழுத்து புரியாததாகவும் படிக்க கடினமானதாகவும் இருந்தது.,लेखन जटिल और पढ़ने में मुश्किल था।,"Swollen, Inflated, Pompous",வீங்கிய / ஆடம்பரமான
103,Day 21,Ubiquity,Noun,Intermediate,எங்கும் இருக்கும் தன்மை,सर्वव्यापकता (Sarvavyaapakta),The ubiquity of mobile phones is evident.,மொபைல் போன்களின் எங்கும் இருக்கும் தன்மை தெளிவாகிறது.,मोबाइल फोन की सर्वव्यापकता स्पष्ट है।,"Omnipresence, Pervasiveness",எங்கும் நிறைந்திருக்கும் தன்மை
104,Day 21,Unctuous,Adjective,Intermediate,மிகவும் பணிவான (தரம் தாழ்ந்த),चापलूस (Chaaploos),His unctuous flattery was obvious.,அவரது மிகவும் பணிவான முகஸ்துதி வெளிப்படையாக இருந்தது.,उसकी चापलूस चापलूसी स्पष्ट थी।,"Oily, Sycophantic, Greasy",வழவழப்பான / போலியான
105,Day 21,Undermine,Verb,Intermediate,பலவீனப்படுத்து,कमजोर करना (Kamzor Karna),Criticism can undermine confidence.,விமர்சனம் நம்பிக்கையை பலவீனப்படுத்த முடியும்.,आलोचना आत्मविश्वास को कमजोर कर सकती है।,"Weaken, Sabotage, Erode",வலுவிழக்கச் செய்
106,Day 22,Undulate,Verb,Intermediate,அலை அலையாக செல்,लहरना (Laharana),The field of wheat began to undulate.,கோதுமை வயல் அலை அலையாக செல்லத் தொடங்கியது.,गेहूं का खेत लहरना शुरू हो गया।,"Ripple, Wave, Surge",அலையலையாக அசை
107,Day 22,Unkempt,Adjective,Intermediate,அலங்கோலமான,अस्त-व्यस्त (Ast-Vyast),His clothes were unkempt.,அவரது உடைகள் அலங்கோலமானதாக இருந்தன.,उसके कपड़े अस्त-व्यस्त थे।,"Messy, Untidy, Disheveled",கலைந்துபோன / அழுக்கான
108,Day 22,Vacillate,Verb,Intermediate,ஊசலாடு,डगमगाना (Dagmagaana),He tends to vacillate between two choices.,அவர் இரண்டு தேர்வுகளுக்கு இடையில் ஊசலாட முனைகிறார்.,वह दो विकल्पों के बीच डगमगाने लगता है।,"Waver, Hesitate, Dither",ஊசலாடுதல் (முடிவெடுக்க முடியாமல்)
109,Day 22,Vagary,Noun,Intermediate,எதிர்பாராத மாற்றம்,मनमौजी परिवर्तन (Manmauji Parivartan),The vagaries of the weather surprised them.,வானிலையின் எதிர்பாராத மாற்றம் அவர்களை ஆச்சரியப்படுத்தியது.,मौसम के मनमौजी परिवर्तन ने उन्हें चौंका दिया।,"Whim, Caprice, Change",விசித்திரமான மாற்றம்
110,Day 22,Venerate,Verb,Intermediate,மதி,सम्मान करना (Sammaan Karna),We venerate our ancestors.,நாங்கள் எங்கள் மூதாதையர்களை மதிக்கிறோம்.,हम अपने पूर्वजों का सम्मान करते हैं।,"Revere, Respect, Worship",போற்றுதல்
111,Day 23,Veracity,Noun,Intermediate,உண்மைத்தன்மை,सत्यता (Satyata),We must question the veracity of the claim.,கூற்றின் உண்மைத்தன்மையை நாம் கேள்வி கேட்க வேண்டும்.,हमें दावे की सत्यता पर सवाल उठाना चाहिए।,"Truthfulness, Accuracy, Honesty",உண்மைத்தன்மை
112,Day 23,Vex,Verb,Intermediate,எரிச்சலூட்டு,परेशान करना (Pareshaan Karna),The noise began to vex him.,சத்தம் அவரை எரிச்சலூட்ட ஆரம்பித்தது.,शोर ने उसे परेशान करना शुरू कर दिया।,"Annoy, Irritate, Bother",தொந்தரவு செய்
113,Day 23,Vicarious,Adjective,Intermediate,மற்றவர் மூலம் உணரும்,परोक्ष (Paroksh),She felt a vicarious thrill watching the race.,பந்தயத்தைப் பார்த்து அவள் ஒரு மற்றவர் மூலம் உணரும் சிலிர்ப்பை உணர்ந்தாள்.,रेस देखकर उसे परोक्ष रोमांच महसूस हुआ।,"Indirect, Second-hand",பிறர் வழி உணர்தல்
114,Day 23,Zenith,Noun,Beginner,உச்சம்,शीर्ष (Sheersh),The company reached its zenith last year.,நிறுவனம் கடந்த ஆண்டு அதன் உச்சத்தை அடைந்தது.,कंपनी पिछले साल अपने शीर्ष पर पहुंची।,"Pinnacle, Summit",உச்சநிலை
115,Day 23,Vivid,Adjective,Intermediate,தெளிவான,स्पष्ट (Spasht),I have a vivid memory of that day.,அந்த நாள் பற்றிய தெளிவான நினைவு எனக்கு இருக்கிறது.,मुझे उस दिन की स्पष्ट याद है।,"Bright, Intense, Graphic",தெளிவான / பிரகாசமான
116,Day 24,Voracious,Adjective,Intermediate,பேராசை கொண்ட,लालची (Laalchi),He has a voracious appetite for books.,அவருக்குப் புத்தகங்கள் மீது பேராசை கொண்ட பசி உள்ளது.,उन्हें किताबों का लालची शौक है।,"Insatiable, Greedy, Ravenous",பேராசை கொண்ட
117,Day 24,Waffle,Verb,Intermediate,உளறு / நேரத்தை வீணடி,बकवास करना (Bakvaas Karna),Stop waffling and get to the point.,உளறுவதை நிறுத்திவிட்டு விஷயத்திற்கு வாருங்கள்.,बकवास करना बंद करो और मुद्दे पर आओ।,"Prattle, Jabber, Babble",வீண் பேச்சு
118,Day 24,Wane,Verb,Intermediate,குறை,घटना (Ghatna),The moon's light will wane.,நிலவின் ஒளி குறையும்.,चाँद की रोशनी घटेगी।,"Decline, Diminish, Fade",தேய்தல் / குறைதல்
119,Day 24,Wanton,Adjective,Intermediate,காரணமில்லாத,मनमाना (Manmaana),He was accused of wanton destruction.,அவர் காரணமில்லாத அழிப்பிற்காக குற்றம் சாட்டப்பட்டார்.,उस पर मनमाना विनाश का आरोप लगाया गया था।,"Reckless, Malicious, Cruel",காரணமற்ற / கொடிய
120,Day 24,Warrant,Verb,Intermediate,உத்தரவாதம் செய்,वारंट देना (Vaarant Dena),This error does not warrant a dismissal.,இந்தத் தவறு ஒரு பணி நீக்கத்தை உத்தரவாதம் செய்யவில்லை.,यह त्रुटि बर्खास्तगी का वारंट नहीं देती है।,"Justify, Sanction, Permit",ஆணை / உத்தரவாதம்
121,Day 25,Wistful,Adjective,Intermediate,ஏங்கக்கூடிய,उदास (Udaas),He gave a wistful smile.,அவர் ஒரு ஏங்கக்கூடிய புன்னகையை அளித்தார்.,उसने एक उदास मुस्कान दी।,"Regretful, Longing, Yearning",ஏக்கம் நிறைந்த
122,Day 25,Wry,Adjective,Intermediate,ஏளனமான,व्यंग्यपूर्ण (Vyangyapurn),He gave a wry smile.,அவர் ஒரு ஏளனமான புன்னகையை அளித்தார்.,उन्होंने एक व्यंग्यपूर्ण मुस्कान दी।,"Sarcastic, Dry, Twisted",கிண்டலான / கோணலான
123,Day 25,Yawn,Verb,Intermediate,கொட்டாவி விடு,जम्हाई लेना (Jamhaai Lena),I began to yawn during the long meeting.,நீண்ட கூட்டத்தின் போது நான் கொட்டாவி விட ஆரம்பித்தேன்.,लंबी बैठक के दौरान मुझे जम्हाई आने लगी।,"Gape, Opening",கொட்டாவி
124,Day 25,Yearn,Verb,Intermediate,ஏங்கு,तरसना (Tarasna),He began to yearn for his homeland.,அவர் தனது தாய்நாட்டிற்காக ஏங்க ஆரம்பித்தார்.,वह अपनी मातृभूमि के लिए तरसने लगा।,"Long, Desire, Crave",ஏங்குதல்
125,Day 25,Yield,Verb,Intermediate,விளைச்சல் கொடு,उपज देना (Upaj Dena),The land will yield a good harvest.,நிலம் நல்ல விளைச்சல் கொடுக்கும்.,भूमि अच्छी उपज देगी।,"Produce, Give, Surrender",விளைச்சல் / விட்டுக்கொடுத்தல்
126,Day 26,Yoke,Verb,Intermediate,இணை,जोड़ना (Jodna),We must yoke theory with practice.,நாம் கோட்பாட்டையும் நடைமுறையையும் இணைக்க வேண்டும்.,हमें सिद्धांत को अभ्यास के साथ जोड़ना चाहिए।,"Bond, Burden, Tie",பிணைப்பு / அடிமைத்தனம்
127,Day 26,Yore,Noun,Intermediate,கடந்த காலம்,प्राचीन काल (Praacheen Kaal),Legends of yore are often interesting.,கடந்த காலத்தின் புராணக்கதைகள் பெரும்பாலும் சுவாரஸ்யமானவை.,प्राचीन काल की किंवदंतियाँ अक्सर दिलचस्प होती हैं।,"Past, History, Antiquity",பழங்காலம்
128,Day 26,Yuppie,Noun,Intermediate,இளம் தொழில்முறை,युवा पेशेवर (Yuva Peshwar),The city center is full of trendy yuppies.,நகர மையம் நாகரீகமான இளம் தொழில்முறைகளால் நிறைந்துள்ளது.,शहर का केंद्र फैशनेबल युवा पेशेवरों से भरा है।,"Professional, Middle-class",இளவயது நகர்ப்புற தொழிலதிபர்
129,Day 26,Zany,Adjective,Intermediate,விசித்திரமான / நகைச்சுவையான,सनकी (Sanaki),He had a zany sense of humor.,அவர் ஒரு விசித்திரமான நகைச்சுவை உணர்வைக் கொண்டிருந்தார்.,उसके पास सनकी हास्यबोध था।,"Eccentric, Wacky, Clownish",கோமாளித்தனமான
130,Day 26,Zephyr,Noun,Intermediate,லேசான காற்று,मंद हवा (Mand Hawa),A gentle zephyr cooled the air.,ஒரு லேசான காற்று காற்றை குளிர்வித்தது.,एक मंद हवा ने हवा को ठंडा कर दिया।,"Breeze, Gust, Draft",தென்றல்
131,Day 27,Zest,Noun,Intermediate,ஆர்வம்,उत्साह (Utsaah),She approached the task with great zest.,அவள் மிகுந்த ஆர்வத்துடன் பணியை அணுகினாள்.,उसने बड़े उत्साह के साथ कार्य किया।,"Enthusiasm, Vigor, Eagerness",பேரார்வம்
132,Day 27,Wary,Adjective,Intermediate,எச்சரிக்கையான,सावधान (Saavdhaan),They were wary of the stranger.,அவர்கள் அந்நியரைக் கண்டு எச்சரிக்கையாக இருந்தனர்.,वे अजनबी से सावधान थे।,"Cautious, Suspicious, Guarded",ஜாக்கிரதையான
133,Day 27,Wallow,Verb,Intermediate,உழலு,लोटना (Lotna),He chose to wallow in self-pity.,அவர் சுய-பச்சாதாபத்தில் உழலத் தேர்ந்தெடுத்தார்.,उन्होंने आत्म-दया में लोटने का फैसला किया।,"Bask, Indulge, Luxuriate",மூழ்கு
134,Day 27,Vituperate,Verb,Intermediate,கடுமையாகத் திட்டு,गाली देना (Gaali Dena),The coach began to vituperate the team.,பயிற்சியாளர் அணியை கடுமையாகத் திட்ட ஆரம்பித்தார்.,कोच ने टीम को गाली देना शुरू कर दिया।,"Berate, Censure, Rail",நிந்தி
135,Day 27,Vindictive,Adjective,Intermediate,பழிவாங்கும்,प्रतिशोधी (Pratishodhi),His vindictive actions cost him his friends.,அவரது பழிவாங்கும் செயல்கள் அவரது நண்பர்களை இழக்கச் செய்தன.,उनके प्रतिशोधी कृत्यों ने उन्हें उनके दोस्तों से दूर कर दिया।,"Vengeful, Spiteful, Malicious",வஞ்சம் தீர்க்கும்
136,Day 28,Virulent,Adjective,Intermediate,வீரியம் மிக்க,घातक (Ghaatak),The disease was highly virulent.,அந்த நோய் மிகவும் வீரியம் மிக்கதாக இருந்தது.,यह बीमारी अत्यधिक घातक थी।,"Toxic, Poisonous, Malignant",கொடிய
137,Day 28,Visceral,Adjective,Intermediate,உள்ளுணர்வுள்ள,सहज (Sahaj),"She reacted from a visceral feeling, not logic.","அவள் தர்க்கத்தால் அல்ல, உள்ளுணர்வுள்ள உணர்வால் எதிர்வினையாற்றினாள்.","उसने तर्क से नहीं, बल्कि सहज भावना से प्रतिक्रिया दी।","Instinctive, Deep, Intuitive",குடலைச் சார்ந்த
138,Day 28,Vitriolic,Adjective,Intermediate,கடுமையான / வெறுப்பான,कटु (Katu),His criticism was vitriolic and harsh.,அவரது விமர்சனம் கடுமையானதாகவும் வெறுப்பானதாகவும் இருந்தது.,उनकी आलोचना कटु और कठोर थी।,"Acrimonious, Caustic, Harsh",அமிலம் போன்ற
139,Day 28,Volatile,Adjective,Intermediate,நிலையற்ற,अस्थिर (Asthir),The stock market is highly volatile today.,பங்குச் சந்தை இன்று மிகவும் நிலையற்றதாக உள்ளது.,शेयर बाजार आज अत्यधिक अस्थिर है।,"Unstable, Changeable, Explosive",எளிதில் ஆவியாகும்
140,Day 28,Vocation,Noun,Intermediate,தொழில்,पेशा (Pesha),Her vocation is teaching.,அவரது தொழில் கற்பித்தல்.,उनका पेशा अध्यापन है।,"Calling, Occupation, Career",தொழில்
141,Day 29,Vogue,Noun,Intermediate,ஃபேஷன்,चलन (Chalan),This style is now in vogue.,இந்த பாணி இப்போது ஃபேஷனில் உள்ளது.,यह शैली अब चलन में है।,"Fashion, Trend, Style",பிரபலம்
142,Day 29,Voluble,Adjective,Intermediate,சரளமாகப் பேசும்,वाचाल (Vaachaal),The voluble salesman made his pitch.,சரளமாகப் பேசும் விற்பனையாளர் தனது விற்பனைப் பேச்சைக் கொடுத்தார்.,वाचाल विक्रेता ने अपना प्रस्ताव दिया।,"Talkative, Articulate, Fluent",வேகமாகப் பேசும்
143,Day 29,Waive,Verb,Intermediate,தள்ளுபடி செய்,माफ करना (Maaf Karna),They agreed to waive the late fee.,அவர்கள் தாமதக் கட்டணத்தை தள்ளுபடி செய்ய ஒப்புக்கொண்டனர்.,वे विलंब शुल्क माफ करने के लिए सहमत हुए।,"Renounce, Forgo, Relinquish",விட்டுக்கொடு
144,Day 29,Waver,Verb,Intermediate,தயங்கு,हिचकिचाना (Hichkichana),She began to waver on her decision.,அவள் தன் முடிவில் தயங்க ஆரம்பித்தாள்.,वह अपने फैसले पर हिचकिचाने लगी।,"Falter, Hesitate, Fluctuate",அசை / ஊசலாடு
145,Day 29,Whimsical,Adjective,Intermediate,விசித்திரமான,मनमौजी (Manmauji),He has a whimsical sense of humor.,அவர் ஒரு விசித்திரமான நகைச்சுவை உணர்வைக் கொண்டுள்ளார்.,उनके पास एक मनमौजी हास्यबोध है।,"Capricious, Playful, Fanciful",கற்பனையான
146,Day 30,Winsome,Adjective,Intermediate,கவரக்கூடிய,आकर्षक (Aakarshak),Her winsome smile charmed everyone.,அவரது கவரக்கூடிய புன்னகை எல்லோரையும் கவர்ந்தது.,उसकी आकर्षक मुस्कान ने सभी को मंत्रमुग्ध कर दिया।,"Charming, Engaging, Appealing",இனிமையான
147,Day 30,Wield,Verb,Intermediate,பயன்படுத்து,इस्तेमाल करना (Istemal Karna),He wielded his power responsibly.,அவர் தனது அதிகாரத்தை பொறுப்புடன் பயன்படுத்தினார்.,उन्होंने अपनी शक्ति का जिम्मेदारी से इस्तेमाल किया।,"Handle, Exert, Employ",ஆட்சி செய்
148,Day 30,Wrath,Noun,Intermediate,கோபம்,क्रोध (Krodh),She feared her father's wrath.,அவள் தன் தந்தையின் கோபத்திற்கு பயந்தாள்.,उसे अपने पिता के क्रोध का डर था।,"Anger, Fury, Rage",பெருங்கோபம்
149,Day 30,Zealot,Noun,Intermediate,வெறியர்,कट्टरपंथी (Kattarpanthi),He was a religious zealot.,அவர் ஒரு மத வெறியர்.,वह एक धार्मिक कट्टरपंथी थे।,"Fanatic, Extremist, Activist",மதவெறியர்
150,Day 30,Admonish,Verb,Intermediate,எச்சரி,चेतावनी देना (Chetavani Dena),The teacher had to admonish the student.,ஆசிரியர் மாணவரை எச்சரிக்க வேண்டியிருந்தது.,शिक्षक को छात्र को चेतावनी देनी पड़ी।,"Reprimand, Censure, Scold",கண்டி
151,Day 31,Alacrity,Noun,Intermediate,உற்சாகம்,तत्परता (Tatparta),He accepted the challenge with alacrity.,அவர் உற்சாகத்துடன் சவாலை ஏற்றுக்கொண்டார்.,उन्होंने तत्परता से चुनौती स्वीकार की।,"Eagerness, Swiftness, Zeal",சுறுசுறுப்பு
152,Day 31,Antithesis,Noun,Intermediate,முரண்பாடு,विपरीत (Vipreet),Love is the antithesis of selfishness.,அன்பு சுயநலத்தின் முரண்பாடு.,प्रेम स्वार्थ का विपरीत है।,"Opposite, Converse, Contrast",எதிர்மறை
153,Day 31,Apparition,Noun,Intermediate,பேய்,भूत (Bhoot),They saw an apparition in the old house.,அவர்கள் பழைய வீட்டில் ஒரு பேயைக் கண்டார்கள்.,उन्होंने पुराने घर में एक भूत देखा।,"Ghost, Phantom, Spectre",மாயத்தோற்றம்
154,Day 31,Arduous,Adjective,Intermediate,கடினமான,कठिन (Kathin),The climb was long and arduous.,ஏறுதல் நீண்ட மற்றும் கடினமானதாக இருந்தது.,चढ़ाई लंबी और कठिन थी।,"Difficult, Strenuous, Tiring",கடும் முயற்சியுள்ள
155,Day 31,Assuage,Verb,Intermediate,தணி,शांत करना (Shaant Karna),He tried to assuage her fears.,அவர் அவளது பயங்களைத் தணிக்க முயன்றார்.,उसने उसके डर को शांत करने की कोशिश की।,"Alleviate, Mitigate, Relieve",அமைதிப்படுத்து
156,Day 32,Austere,Adjective,Intermediate,கடுமையான,कठोर (Kathor),The monk lived an austere life.,துறவி ஒரு கடுமையான வாழ்க்கையை வாழ்ந்தார்.,भिक्षु ने एक कठोर जीवन व्यतीत किया।,"Severe, Strict, Plain",எளிமையான
157,Day 32,Beguile,Verb,Intermediate,ஏமாற்று,बहकाना (Bahkaana),She was beguiled by his charming manner.,அவள் அவனது கவர்ச்சியான நடத்தையால் ஏமாற்றப்பட்டாள்.,वह उसके आकर्षक तरीके से बहका गई।,"Charm, Deceive, Enchant",மயக்கு
158,Day 32,Callous,Adjective,Intermediate,உணர்ச்சியற்ற,कठोर (Kathor),His callous disregard for others was shocking.,மற்றவர்களைப் பற்றிய அவரது உணர்ச்சியற்ற அலட்சியம் அதிர்ச்சியளித்தது.,दूसरों के प्रति उनकी कठोर उपेक्षा चौंकाने वाली थी।,"Heartless, Insensitive, Cruel",கடும்பற்றுள்ள
159,Day 32,Candor,Noun,Intermediate,நேர்மை,निष्कपटता (Nishkapatta),Her candor was refreshing.,அவரது நேர்மை புத்துணர்ச்சி அளிப்பதாக இருந்தது.,उनकी निष्कपटता ताज़ा करने वाली थी।,"Honesty, Openness, Frankness",உள்ளன்பு
160,Day 32,Capricious,Adjective,Intermediate,தன்னிச்சையான,मनमौजी (Manmauji),The weather is capricious in this region.,இந்த பகுதியில் வானிலை தன்னிச்சையானது.,इस क्षेत्र में मौसम मनमौजी है।,"Fickle, Changeable, Unpredictable",நிலையற்ற
161,Day 33,Censure,Verb,Intermediate,கண்டனம் செய்,निंदा करना (Ninda Karna),The committee voted to censure the member.,குழு உறுப்பினரைக் கண்டனம் செய்ய வாக்களித்தது.,समिति ने सदस्य की निंदा करने के लिए मतदान किया।,"Criticize, Reprimand, Blame",குற்றங்கூறு
162,Day 33,Clemency,Noun,Intermediate,கருணை,दया (Daya),The judge showed clemency to the young offender.,நீதிபதி இளம் குற்றவாளிக்கு கருணை காட்டினார்.,न्यायाधीश ने युवा अपराधी पर दया दिखाई।,"Mercy, Leniency, Forgiveness",மன்னிப்பு
163,Day 33,Coalesce,Verb,Intermediate,ஒன்றுசேர்,एकजुट होना (Ekjut Hona),The different groups began to coalesce into a single force.,வெவ்வேறு குழுக்கள் ஒரு சக்தியாக ஒன்றுசேர ஆரம்பித்தன.,विभिन्न समूह एक एकल शक्ति में एकजुट होने लगे।,"Merge, Unite, Fuse",இணை
164,Day 33,Contrite,Adjective,Intermediate,வருத்தமுள்ள,पछतावा (Pachhtaava),He was deeply contrite about his mistake.,அவர் தனது தவறுக்காக மிகவும் வருத்தப்பட்டார்.,उन्हें अपनी गलती पर गहरा पछतावा था।,"Regretful, Penitent, Remorseful",மனவருத்தமுள்ள
165,Day 33,Craven,Adjective,Intermediate,கோழையான,कायर (Kayar),The craven soldier deserted his post.,கோழையான சிப்பாய் தனது பதவியை விட்டு ஓடிவிட்டார்.,कायर सिपाही अपनी चौकी छोड़कर भाग गया।,"Cowardly, Timid, Fearful",அஞ்சும்
166,Day 34,Dearth,Noun,Intermediate,பற்றாக்குறை,कमी (Kami),There was a sudden dearth of fresh water.,திடீரென சுத்தமான நீரின் பற்றாக்குறை ஏற்பட்டது.,ताजे पानी की अचानक कमी हो गई थी।,"Scarcity, Lack, Deficiency",குறைவு
167,Day 34,Debacle,Noun,Intermediate,தோல்வி,पराजय (Paraajay),The economic plan turned into a debacle.,பொருளாதாரத் திட்டம் ஒரு தோல்வியாக மாறியது.,आर्थिक योजना एक पराजय में बदल गई।,"Failure, Disaster, Fiasco",திடீர் தோல்வி
168,Day 34,Deleterious,Adjective,Intermediate,தீங்கு விளைவிக்கும்,हानिकारक (Haanikaarak),Smoking has a deleterious effect on health.,புகைபிடித்தல் ஆரோக்கியத்திற்கு தீங்கு விளைவிக்கும் விளைவைக் கொண்டுள்ளது.,धूम्रपान का स्वास्थ्य पर हानिकारक प्रभाव पड़ता है।,"Harmful, Detrimental, Injurious",சேதப்படுத்தும்
169,Day 34,Deprecate,Verb,Intermediate,குறை கூறு,आलोचना करना (Aalochana Karna),She always deprecates her own achievements.,அவள் எப்போதும் தனது சொந்த சாதனைகளைக் குறை கூறுகிறாள்.,वह हमेशा अपनी उपलब्धियों की आलोचना करती है।,"Belittle, Disparage, Denounce",இகழ்
170,Day 34,Didactic,Adjective,Intermediate,அறிவுறுத்தும்,शिक्षाप्रद (Shikshaprad),The play was too didactic.,நாடகம் மிகவும் அறிவுறுத்துவதாக இருந்தது.,नाटक बहुत शिक्षाप्रद था।,"Instructive, Educational, Moralizing",போதனை செய்யும்
171,Day 35,Diffident,Adjective,Intermediate,தன்னம்பிக்கை இல்லாத,संकोची (Sankochi),He was diffident about speaking in public.,பொதுவில் பேசுவதற்கு அவர் தன்னம்பிக்கை இல்லாதவராக இருந்தார்.,वह सार्वजनिक रूप से बोलने में संकोची थे।,"Shy, Modest, Hesitant",கூச்ச சுபாவமுள்ள
172,Day 35,Dissemble,Verb,Intermediate,பாசாங்கு செய்,छिपाना (Chhipaana),He tried to dissemble his true motives.,அவர் தனது உண்மையான நோக்கங்களை பாசாங்கு செய்ய முயன்றார்.,उसने अपने सच्चे इरादों को छिपाने की कोशिश की।,"Feign, Conceal, Pretend",மறை
173,Day 35,Efface,Verb,Intermediate,அழி,मिटाना (Mitaana),He tried to efface the memory of the mistake.,அவர் அந்த தவறு பற்றிய நினைவை அழிக்க முயன்றார்.,उसने गलती की याद को मिटाने की कोशिश की।,"Erase, Obliterate, Wipe out",நீக்கு
174,Day 35,Elucidate,Verb,Intermediate,விளக்கு,समझाना (Samjhaana),Could you elucidate this concept further?,இந்த கருத்தை மேலும் விளக்க முடியுமா?,क्या आप इस अवधारणा को और समझा सकते हैं?,"Explain, Clarify, Interpret",தெளிவுபடுத்து
175,Day 35,Ennui,Noun,Intermediate,சலிப்பு,ऊब (Oob),A sense of ennui filled the long waiting period.,நீண்ட காத்திருப்பு காலத்தில் ஒரு சலிப்பு உணர்வு நிரப்பியது.,लंबी प्रतीक्षा अवधि में ऊब की भावना भर गई।,"Boredom, Weariness, Listlessness",மனச்சோர்வு
176,Day 36,Ephemeral,Adjective,Intermediate,குறுகிய கால,क्षणभंगुर (Kshanbhangur),Fame is often ephemeral.,புகழ் பெரும்பாலும் குறுகிய காலமே.,प्रसिद्धि अक्सर क्षणभंगुर होती है।,"Transitory, Short-lived, Fleeting",விரைவில் மறையும்
177,Day 36,Erudite,Adjective,Intermediate,ஆழ்ந்த அறிவுள்ள,विद्वान (Vidvaan),The professor was known for his erudite lectures.,அந்த பேராசிரியர் தனது ஆழ்ந்த அறிவுள்ள விரிவுரைகளுக்காக அறியப்பட்டார்.,प्रोफेसर अपने विद्वान व्याख्यानों के लिए जाने जाते थे।,"Learned, Scholarly, Knowledgeable",கல்விச்செருக்குள்ள
178,Day 36,Esoteric,Adjective,Intermediate,இரகசியமான / ஒரு சிலருக்கு மட்டுமே புரியும்,गुप्त (Gupt),The poem was filled with esoteric references.,கவிதை இரகசியமான குறிப்புகளால் நிரப்பப்பட்டிருந்தது.,कविता गुप्त संदर्भों से भरी हुई थी।,"Obscure, Abstruse, Arcane",மறைமுகமான
179,Day 36,Euphemism,Noun,Intermediate,மங்களச் சொல்,शिष्टाचार (Shishtachaar),"""Passed away"" is a euphemism for ""died.""","""இறந்துவிட்டார்"" என்பது ""செத்துவிட்டார்"" என்பதற்கான மங்களச் சொல்.","""गुज़र जाना"" ""मरना"" के लिए एक शिष्टाचार है।","Substitute, Understatement",மாற்றுப் பிரயோகம்
180,Day 36,Exacerbate,Verb,Intermediate,மோசமாக்கு,बिगाड़ना (Bigaadna),The argument will only exacerbate the problem.,இந்த வாதம் சிக்கலை மோசமாக்கும்.,यह तर्क केवल समस्या को बिगाड़ेगा।,"Worsen, Aggravate, Intensify",சிக்கலாக்கு
181,Day 37,Exigency,Noun,Intermediate,அவசரத் தேவை,अत्यावश्यकता (Atyaavashyakta),The exigency of the situation demanded immediate action.,சூழ்நிலையின் அவசரத் தேவை உடனடி நடவடிக்கையை கோரியது.,स्थिति की अत्यावश्यकता ने तत्काल कार्रवाई की मांग की।,"Urgency, Necessity, Crisis",அவசரம்
182,Day 37,Extol,Verb,Intermediate,புகழ்ந்து பேசு,प्रशंसा करना (Prashansa Karna),He extolled the virtues of the new system.,அவர் புதிய அமைப்பின் நற்பண்புகளைப் புகழ்ந்து பேசினார்.,उन्होंने नई प्रणाली के गुणों की प्रशंसा की।,"Praise, Glorify, Acclaim",போற்று
183,Day 37,Fastidious,Adjective,Intermediate,நுணுக்கமான,नकचढ़ा (Nakchadhha),She is fastidious about cleanliness.,அவள் சுத்தத்தைப் பற்றி நுணுக்கமானவள்.,वह स्वच्छता के बारे में नकचढ़ी है।,"Meticulous, Scrupulous, Particular",மிகச் சுத்தமான
184,Day 37,Fecund,Adjective,Intermediate,வளமான,उपजाऊ (Upjaoo),The fecund soil produced a massive harvest.,வளமான மண் ஒரு பெரிய அறுவடையை உருவாக்கியது.,उपजाऊ मिट्टी ने भारी फसल का उत्पादन किया।,"Fertile, Productive, Prolific",செழிப்புமிக்க
185,Day 37,Fickle,Adjective,Intermediate,நிலையற்ற,चंचल (Chanchal),The fickle weather changed quickly.,நிலையற்ற வானிலை விரைவாக மாறியது.,चंचल मौसम जल्दी बदल गया।,"Capricious, Changeable, Volatile",மாறுந்த
186,Day 38,Fidelity,Noun,Intermediate,விசுவாசம்,निष्ठा (Nishtha),He swore an oath of fidelity to the company.,அவர் நிறுவனத்திற்கு விசுவாசமாக இருப்பதாக சத்தியம் செய்தார்.,उन्होंने कंपनी के प्रति निष्ठा की शपथ ली।,"Loyalty, Devotion, Allegiance",பக்தி
187,Day 38,Fissure,Noun,Intermediate,பிளவு,दरार (Daraar),A fissure appeared in the rock.,பாறையில் ஒரு பிளவு தோன்றியது.,चट्टान में एक दरार दिखाई दी।,"Crack, Split, Opening",விரிசல்
188,Day 38,Flagrant,Adjective,Intermediate,வெளிப்படையான,जघन्य (Jaghangya),It was a flagrant violation of the rules.,இது விதிகளை வெளிப்படையான மீறிய செயல்.,यह नियमों का जघन्य उल्लंघन था।,"Blatant, Glaring, Obvious",அப்பட்டமான
189,Day 38,Foment,Verb,Intermediate,தூண்டிவிடு,भड़काना (Bhadkaana),They accused him of trying to foment unrest.,அவர்கள் அவரை அமைதியின்மையைத் தூண்ட முயற்சிக்கிறார் என்று குற்றம் சாட்டினர்.,उन्होंने उन पर अशांति भड़काने की कोशिश करने का आरोप लगाया।,"Incite, Instigate, Provoke",கிளறிவிடு
190,Day 38,Forestall,Verb,Intermediate,முன்கூட்டியே தடு,रोकना (Rokna),He acted quickly to forestall the crisis.,அவர் நெருக்கடியை முன்கூட்டியே தடுக்க விரைவாக செயல்பட்டார்.,उन्होंने संकट को रोकने के लिए तुरंत कार्रवाई की।,"Prevent, Preclude, Avert",முன்னெச்சரிக்கை
191,Day 39,Fortitude,Noun,Intermediate,மனோபலம்,धैर्य (Dhairya),She faced her illness with great fortitude.,அவள் தனது நோயை மிகுந்த மனோபலத்துடன் எதிர்கொண்டாள்.,उसने बड़ी धैर्य से अपनी बीमारी का सामना किया।,"Courage, Endurance, Resilience",தைரியம்
192,Day 39,Fractious,Adjective,Intermediate,முரண்பாடான,झगड़ालू (Jhagdaaloo),The fractious group could not agree on a plan.,முரண்பாடான குழு ஒரு திட்டத்தை ஒப்புக்கொள்ள முடியவில்லை.,झगड़ालू समूह एक योजना पर सहमत नहीं हो सका।,"Irritable, Grumpy, Argumentative",பிடிவாதமான
193,Day 39,Frenetic,Adjective,Intermediate,பரபரப்பான,उन्मत्त (Unmatt),The city was a scene of frenetic activity.,நகரம் பரபரப்பான நடவடிக்கையின் காட்சியாக இருந்தது.,शहर उन्मत्त गतिविधि का दृश्य था।,"Hectic, Frantic, Wild",வெறித்தனமான
194,Day 39,Gaffe,Noun,Intermediate,சமூகத் தவறு,चूक (Chook),He realized he had made a huge gaffe.,அவர் ஒரு பெரிய சமூகத் தவறு செய்துவிட்டதை உணர்ந்தார்.,उन्हें एहसास हुआ कि उन्होंने एक बड़ी चूक कर दी है।,"Blunder, Error, Faux pas",கூற்றுப்பிழை
195,Day 39,Gratuitous,Adjective,Intermediate,தேவையற்ற,अनावश्यक (Anaavashyak),The violence in the film was gratuitous.,திரைப்படத்தில் வன்முறை தேவையற்றதாக இருந்தது.,फिल्म में हिंसा अनावश्यक थी।,"Unwarranted, Needless, Wanton",அநாவசியமான
196,Day 40,Gregarious,Adjective,Intermediate,சமூகமாகப் பழகும்,मिलनसार (Milansaar),She is a gregarious person who loves parties.,அவள் விருந்துகளை விரும்பும் சமூகமாகப் பழகும் நபர்.,वह एक मिलनसार व्यक्ति है जिसे पार्टियां पसंद हैं।,"Sociable, Friendly, Outgoing",கூட்டத்துடன் சேரும்
197,Day 40,Hackneyed,Adjective,Intermediate,பழமையான,घिसा-पिटा (Ghisa-Pita),The plot was full of hackneyed clichés.,கதை பழமையான வெற்று வார்த்தைகளால் நிரம்பியிருந்தது.,कथानक घिसे-पिटे क्लिच से भरा था।,"Trite, Clichéd, Stale",வழக்கமான
198,Day 40,Harangue,Noun,Intermediate,உரத்தப் பேச்சு,लंबा भाषण (Lamba Bhashan),He delivered a long harangue on morality.,அவர் ஒழுக்கத்தைப் பற்றி ஒரு நீண்ட உரத்தப் பேச்சை வழங்கினார்.,उन्होंने नैतिकता पर एक लंबा भाषण दिया।,"Rant, Tirade, Diatribe",கண்டன உரை
199,Day 40,Haughty,Adjective,Intermediate,ஆணவமுள்ள,घमंडी (Ghamandi),His haughty dismissal of the idea angered them.,அந்த யோசனையை அவர் ஆணவமுள்ள வகையில் நிராகரித்தது அவர்களை கோபப்படுத்திய...,विचार की उनकी घमंडी अस्वीकृति ने उन्हें क्रोधित किया।,"Arrogant, Proud, Vain",அகந்தை கொண்ட
200,Day 40,Hypocrisy,Noun,Intermediate,வெளிவேஷம்,पाखंड (Paakhand),He accused the politician of rank hypocrisy.,அவர் அரசியல்வாதியை வெளிவேஷத்தில் குற்றம் சாட்டினார்.,उन्होंने राजनेता पर घोर पाखंड का आरोप लगाया।,"Deception, Duplicity, Insincerity",நயவஞ்சகம்
201,Day 41,Ignominious,Adjective,Intermediate,அவமானகரமான,अपमानजनक (Apmaanajanak),The team suffered an ignominious defeat.,அணி ஒரு அவமானகரமான தோல்வியை சந்தித்தது.,टीम को एक अपमानजनक हार का सामना करना पड़ा।,"Shameful, Humiliating, Disgraceful",இழிவான
202,Day 41,Impede,Verb,Intermediate,தடுக்க,बाधा डालना (Baadha Daalna),Bad weather may impede the rescue effort.,மோசமான வானிலை மீட்பு முயற்சிக்குத் தடுக்கலாம்.,खराब मौसम बचाव प्रयास में बाधा डाल सकता है।,"Hinder, Obstruct, Block",தடையுண்டாக்கு
203,Day 41,Importune,Verb,Intermediate,வற்புறுத்து,आग्रह करना (Aagrah Karna),He continued to importune her for a loan.,அவர் கடனுக்காக அவளை வற்புறுத்திக்கொண்டே இருந்தார்.,वह ऋण के लिए उससे आग्रह करता रहा।,"Beg, Plead, Insist",வருந்திக் கேள்
204,Day 41,Inadvertent,Adjective,Intermediate,கவனக்குறைவான,अनजाने में (Anjaane Mein),The error was inadvertent.,இந்தத் தவறு கவனக்குறைவானது.,त्रुटि अनजाने में हुई थी।,"Unintentional, Accidental, Careless",தற்செயலான
205,Day 41,Inexorable,Adjective,Intermediate,தவிர்க்க முடியாத,अटल (Atal),Time's inexorable passage affects everyone.,காலத்தின் தவிர்க்க முடியாத போக்கே அனைவரையும் பாதிக்கிறது.,समय का अटल मार्ग सभी को प्रभावित करता है।,"Relentless, Unstoppable, Inevitable",தளராத
206,Day 42,Intractable,Adjective,Intermediate,கட்டுப்படுத்த முடியாத,अनियंत्रित (Aniyantrit),The problem proved to be intractable.,சிக்கல் கட்டுப்படுத்த முடியாததாக நிரூபிக்கப்பட்டது.,समस्या अनियंत्रित साबित हुई।,"Stubborn, Unruly, Difficult",வணங்காத
207,Day 42,Inveterate,Adjective,Intermediate,ஆழமாக வேரூன்றிய,कट्टर (Kattar),He is an inveterate gambler.,அவர் ஆழமாக வேரூன்றிய சூதாட்டக்காரர்.,वह एक कट्टर जुआरी है।,"Deep-rooted, Confirmed, Habitual",நெடுங்காலப் பழக்கமான
208,Day 42,Irascible,Adjective,Intermediate,எரிச்சலடையும்,चिड़चिड़ा (Chidchida),The irascible old man shouted at the children.,எரிச்சலடையும் கிழவர் குழந்தைகளைப் பார்த்து கத்தினார்.,चिड़चिड़ा बूढ़ा बच्चों पर चिल्लाया।,"Irritable, Testy, Hot-tempered",முன்கோபமுள்ள
209,Day 42,Lassitude,Noun,Intermediate,சோர்வு,थकावट (Thakavat),A feeling of lassitude overcame him.,சோர்வு உணர்வு அவரை ஆட்கொண்டது.,थकावट की भावना ने उसे काबू कर लिया।,"Fatigue, Weariness, Sluggishness",மந்தம்
210,Day 42,Licentious,Adjective,Intermediate,ஒழுக்கமற்ற,अनैतिक (Anaitik),The play was censored for its licentious content.,அந்த நாடகம் அதன் ஒழுக்கமற்ற உள்ளடக்கத்திற்காக தணிக்கை செய்யப்பட்டது.,नाटक को उसकी अनैतिक सामग्री के लिए सेंसर किया गया था।,"Immoral, Lustful, Promiscuous",காமவெறி பிடித்த
211,Day 43,Lugubrious,Adjective,Intermediate,சோகமான,उदास (Udaas),He delivered the news with a lugubrious tone.,அவர் சோகமான தொனியில் செய்தியை வழங்கினார்.,उन्होंने उदास लहजे में खबर दी।,"Mournful, Gloomy, Melancholy",துக்கமான
212,Day 43,Mendacious,Adjective,Intermediate,பொய்யான,झूठा (Jhootha),The witness was proven to be mendacious.,சாட்சி பொய்யானவர் என்று நிரூபிக்கப்பட்டது.,गवाह झूठा साबित हुआ।,"Untruthful, Lying, False",பொய்யுரைக்கும்
213,Day 43,Obsequious,Adjective,Intermediate,மிகைப்படுத்தப்பட்ட பணிவுள்ள,चापलूस (Chaaploos),His obsequious manner irritated the manager.,அவரது மிகைப்படுத்தப்பட்ட பணிவுள்ள விதம் மேலாளரை எரிச்சலூட்டியது.,उनके चापलूस तरीके ने प्रबंधक को परेशान किया।,"Sycophantic, Fawning, Groveling",அதீத பணிவுள்ள
214,Day 43,Opulent,Adjective,Intermediate,செல்வச் செழிப்புள்ள,आलीशान (Aalishaan),They hosted an opulent banquet.,அவர்கள் ஒரு செல்வச் செழிப்புள்ள விருந்தை வழங்கினர்.,उन्होंने एक आलीशान भोज का आयोजन किया।,"Luxurious, Wealthy, Rich",மிகுந்த செல்வம்
215,Day 43,Ostensible,Adjective,Intermediate,வெளிப்படையான (ஆனால் உண்மையாக இல்லாதது)...,दिखावटी (Dikhavati),"The ostensible reason was sickness, but the real one was fear.","வெளிப்படையான காரணம் நோய், ஆனால் உண்மையானது பயம்.","दिखावटी कारण बीमारी थी, लेकिन असली डर था।","Apparent, Supposed, Professed",பாசாங்கான
216,Day 44,Parsimonious,Adjective,Intermediate,கஞ்சத்தனமான,कंजूस (Kanjus),The parsimonious man never gave tips.,அந்த கஞ்சத்தனமான மனிதன் ஒருபோதும் டிப்ஸ் கொடுக்கவில்லை.,कंजूस आदमी ने कभी टिप नहीं दी।,"Stingy, Frugal, Miserly",சிக்கனமான
217,Day 44,Pejorative,Adjective,Intermediate,இகழ்ச்சியான,अपमानजनक (Apmaanajanak),The term used was pejorative.,பயன்படுத்தப்பட்ட சொல் இகழ்ச்சியானது.,इस्तेमाल किया गया शब्द अपमानजनक था।,"Derogatory, Disparaging, Belittling",தாழ்த்திக் கூறும்
218,Day 44,Penury,Noun,Intermediate,வறுமை,गरीबी (Gareebi),He lived his last years in penury.,அவர் தனது கடைசி ஆண்டுகளை வறுமையில் வாழ்ந்தார்.,उन्होंने अपने अंतिम वर्ष गरीबी में बिताए।,"Poverty, Destitution, Indigence",ஏழ்மை
219,Day 44,Perfidious,Adjective,Intermediate,துரோகமான,विश्वासघाती (Vishvaasghaati),The perfidious act cost him his job.,அந்த துரோகமான செயல் அவருக்கு வேலையை இழக்கச் செய்தது.,विश्वासघाती कार्य ने उन्हें नौकरी से हाथ धोना पड़ा।,"Treacherous, Disloyal, Faithless",நம்பிக்கைத் துரோகமான
220,Day 44,Phlegmatic,Adjective,Intermediate,உணர்ச்சியற்ற,शांत (Shaant),His phlegmatic response showed no alarm.,அவரது உணர்ச்சியற்ற பதில் எந்தவித எச்சரிக்கையையும் காட்டவில்லை.,उनकी शांत प्रतिक्रिया में कोई घबराहट नहीं थी।,"Calm, Cool, Unemotional",மந்தமான
221,Day 45,Plethora,Noun,Intermediate,மிகுதி,बहुतायत (Bahutaayat),The store had a plethora of choices.,கடையில் மிகுதியான தேர்வுகள் இருந்தன.,दुकान में बहुतायत में विकल्प थे।,"Excess, Abundance, Surplus",தேவைக்கு அதிகமான
222,Day 45,Ponderous,Adjective,Intermediate,பாரமான,भारी (Bhaari),His speech was slow and ponderous.,அவரது பேச்சு மெதுவாகவும் பாரமானதாகவும் இருந்தது.,उनका भाषण धीमा और भारी था।,"Heavy, Clumsy, Tedious",சுமையான
223,Day 45,Portend,Verb,Intermediate,அறிவி,संकेत देना (Sanket Dena),The black clouds portend a heavy storm.,கருமேகங்கள் ஒரு பெரிய புயலை அறிவிக்கின்றன.,काले बादल एक बड़े तूफान का संकेत देते हैं।,"Predict, Foretell, Augur",முன் கூட்டி சொல்
224,Day 45,Prevaricate,Verb,Intermediate,உண்மையை மறை,टालमटोल करना (Taalmatol Karna),He tried to prevaricate when questioned.,கேள்வி கேட்கப்பட்டபோது அவர் உண்மையை மறைக்க முயன்றார்.,पूछताछ करने पर उन्होंने टालमटोल करने की कोशिश की।,"Equivocate, Lie, Hedge",ஏமாற்று
225,Day 45,Profligate,Adjective,Intermediate,ஊதாரி,फिजूलखर्ची (Fizoolkharchi),The profligate spending led to bankruptcy.,ஊதாரி செலவு திவால்நிலைக்கு வழிவகுத்தது.,फिजूलखर्ची के कारण दिवालियापन हुआ।,"Wasteful, Extravagant, Spendthrift",வீண்செலவு செய்யும்
226,Day 46,Propagate,Verb,Intermediate,பரப்பு,प्रचार करना (Prachaar Karna),They propagated the new ideology quickly.,அவர்கள் புதிய சித்தாந்தத்தை விரைவாக பரப்பினார்கள்.,उन्होंने नई विचारधारा का तेजी से प्रचार किया।,"Spread, Disseminate, Broadcast",இனப்பெருக்கம் செய்
227,Day 46,Pugnacious,Adjective,Intermediate,சண்டையிடும்,झगड़ालू (Jhagdaaloo),The pugnacious boxer started the fight.,சண்டையிடும் குத்துச்சண்டை வீரர் சண்டையைத் தொடங்கினார்.,झगड़ालू मुक्केबाज ने लड़ाई शुरू कर दी।,"Belligerent, Aggressive, Hostile",முரட்டுத்தனமான
228,Day 46,Pulchritudinous,Adjective,Intermediate,அழகிய,सुंदर (Sundar),She was a pulchritudinous woman.,அவள் ஒரு அழகிய பெண்.,वह एक सुंदर महिला थी।,"Beautiful, Gorgeous, Attractive",கவர்ச்சியான
229,Day 46,Quibble,Verb,Intermediate,குறை கூறு,नुक्ताचीनी करना (Nuktaacheeni Karna),Stop quibbling over minor details.,சிறிய விவரங்களைப் பற்றி குறை கூறுவதை நிறுத்துங்கள்.,छोटी-छोटी बातों पर नुक्ताचीनी करना बंद करो।,"Carp, Nitpick, Bicker",வீண் வாக்குவாதம் செய்
230,Day 46,Recalcitrant,Adjective,Intermediate,கீழ்ப்படியாத,अवज्ञाकारी (Avagyaakaari),The recalcitrant child refused to clean his room.,கீழ்ப்படியாத குழந்தை தனது அறையை சுத்தம் செய்ய மறுத்தது.,अवज्ञाकारी बच्चे ने अपना कमरा साफ करने से इनकार कर दिया।,"Obstinate, Stubborn, Defiant",பிடிவாதம் மிக்க
231,Day 47,Recondite,Adjective,Intermediate,மறைவான,गूढ़ (Gūdh),The book contains recondite knowledge.,இந்த புத்தகம் மறைவான அறிவைக் கொண்டுள்ளது.,पुस्तक में गूढ़ ज्ञान है।,"Obscure, Esoteric, Profound",இரகசியமான
232,Day 47,Refulgent,Adjective,Intermediate,ஒளிரும்,चमकीला (Chamkeela),The bride wore a refulgent white gown.,மணமகள் ஒளிரும் வெள்ளை கவுனை அணிந்திருந்தார்.,दुल्हन ने एक चमकीला सफेद गाउन पहना था।,"Shining, Luminous, Gleaming",ஜொலிக்கும்
233,Day 47,Reprobate,Noun,Intermediate,ஒழுக்கமற்றவர்,दुष्ट (Dusht),He was known as a village reprobate.,அவர் கிராமத்தின் ஒழுக்கமற்றவராக அறியப்பட்டார்.,वह गाँव के एक दुष्ट व्यक्ति के रूप में जाने जाते थे।,"Rogue, Scoundrel, Rascal",சண்டாளன்
234,Day 47,Rescind,Verb,Intermediate,ரத்து செய்,रद्द करना (Radd Karna),The committee voted to rescind the policy.,கொள்கையை ரத்து செய்ய குழு வாக்களித்தது.,समिति ने नीति को रद्द करने के लिए मतदान किया।,"Repeal, Revoke, Cancel",சட்டத்தை நீக்கு
235,Day 47,Ribald,Adjective,Intermediate,ஆபாசமான,अश्लील (Ashleel),The play was criticized for its ribald humor.,நாடகம் அதன் ஆபாசமான நகைச்சுவைக்காக விமர்சிக்கப்பட்டது.,नाटक की उसके अश्लील हास्य के लिए आलोचना की गई।,"Vulgar, Bawdy, Indecent",கெட்ட வார்த்தைகள் கொண்ட
236,Day 48,Rife,Adjective,Intermediate,நிறைந்த,भरा हुआ (Bhara Hua),Rumors are rife throughout the office.,அலுவலகம் முழுவதும் வதந்திகள் நிறைந்துள்ளன.,पूरे कार्यालय में अफवाहें भरी हुई हैं।,"Abundant, Prevalent, Widespread",அதிகமாக
237,Day 48,Sanguine,Adjective,Intermediate,நம்பிக்கையான,आशावादी (Aashavaadi),He remains sanguine about the future.,அவர் எதிர்காலத்தைப் பற்றி நம்பிக்கையுடன் இருக்கிறார்.,वह भविष्य के बारे में आशावादी बने हुए हैं।,"Optimistic, Hopeful, Positive",களிப்புள்ள
238,Day 48,Scion,Noun,Intermediate,வாரிசு,वंशज (Vanshaj),He is the scion of a noble family.,அவர் ஒரு உன்னத குடும்பத்தின் வாரிசு.,वह एक महान परिवार के वंशज हैं।,"Heir, Successor, Descendant",கிளை
239,Day 48,Slovenly,Adjective,Intermediate,அசுத்தமான,लापरवाह (Laaparvaah),His slovenly appearance was criticized.,அவரது அசுத்தமான தோற்றம் விமர்சிக்கப்பட்டது.,उनकी लापरवाह उपस्थिति की आलोचना की गई।,"Messy, Untidy, Disheveled",ஒழுங்கற்ற
240,Day 48,Solicitous,Adjective,Intermediate,அக்கறை கொண்ட,चिंतित (Chintit),The solicitous host attended to every guest.,அக்கறை கொண்ட தொகுப்பாளர் ஒவ்வொரு விருந்தினரையும் கவனித்தார்.,चिंतित मेज़बान ने हर मेहमान पर ध्यान दिया।,"Concerned, Caring, Attentive",கவலையுள்ள
241,Day 49,Stupefy,Verb,Intermediate,திகைக்க வை,दंग करना (Dang Karna),The shocking news stupefied the crowd.,அதிர்ச்சியூட்டும் செய்தி கூட்டத்தை திகைக்க வைத்தது.,चौंकाने वाली खबर ने भीड़ को दंग कर दिया।,"Astonish, Stun, Daze",மூர்ச்சை அடைய செய்
242,Day 49,Subsume,Verb,Intermediate,உள்ளடக்கு,शामिल करना (Shaamil Karna),The new law will subsume the older rules.,புதிய சட்டம் பழைய விதிகளை உள்ளடக்கும்.,नया कानून पुराने नियमों को शामिल करेगा।,"Include, Incorporate, Contain",சேர்க்க
243,Day 49,Surreptitious,Adjective,Intermediate,இரகசியமான,गुप्त (Gupt),They held a surreptitious meeting.,அவர்கள் ஒரு இரகசியமான சந்திப்பை நடத்தினர்.,उन्होंने एक गुप्त बैठक आयोजित की।,"Secret, Stealthy, Clandestine",திருட்டுத்தனமான
244,Day 49,Sybarite,Noun,Intermediate,ஆடம்பரப்பிரியர்,विलासी (Vilaasi),"He lived like a sybarite, surrounded by luxury.",அவர் ஆடம்பரத்தால் சூழப்பட்ட ஒரு ஆடம்பரப்பிரியரைப் போல் வாழ்ந்தார்.,वह विलासिता से घिरे एक विलासी की तरह रहते थे।,"Hedonist, Libertine, Voluptuary",சுகபோகி
245,Day 49,Sycophancy,Noun,Intermediate,முகஸ்துதி,चापलूसी (Chaaploosi),The boss despised all forms of sycophancy.,முதலாளி எல்லா வகையான முகஸ்துதியையும் வெறுத்தார்.,बॉस चापलूसी के सभी रूपों से नफरत करते थे।,"Flattery, Obsequiousness, Fawning",சுயநல புகழ்ச்சி
246,Day 50,Tawdry,Adjective,Intermediate,மலிவான,भड़कीला (Bhadkeela),She wore a tawdry fake fur coat.,அவள் ஒரு மலிவான போலி ரோமக் கோட்டை அணிந்திருந்தாள்.,उसने एक भड़कीला नकली फर कोट पहना था।,"Garish, Cheap, Gaudy",தரம் குறைந்த
247,Day 50,Temerity,Noun,Intermediate,துணிச்சல்,दुस्साहस (Dussaahas),He had the temerity to insult the king.,மன்னரை அவமதிக்கும் துணிச்சல் அவரிடம் இருந்தது.,उसमें राजा का अपमान करने का दुस्साहस था।,"Audacity, Boldness, Recklessness",தைரியம்
248,Day 50,Torpid,Adjective,Intermediate,மந்தமான,सुस्त (Sust),The snake lay torpid in the heat.,பாம்பு வெப்பத்தில் மந்தமாக இருந்தது.,साँप गर्मी में सुस्त पड़ा रहा।,"Lethargic, Sluggish, Inactive",அசைவற்ற
249,Day 50,Trenchant,Adjective,Intermediate,கூர்மையான,तीखा (Teekha),His trenchant criticism was hard to ignore.,அவரது கூர்மையான விமர்சனத்தை புறக்கணிக்க கடினமாக இருந்தது.,उनकी तीखी आलोचना को नजरअंदाज करना मुश्किल था।,"Incisive, Sharp, Acerbic",மிகத் தெளிவான
250,Day 50,Truculent,Adjective,Intermediate,கொடூரமான,क्रूर (Kroor),The truculent security guard denied entry.,கொடூரமான பாதுகாப்பு காவலர் நுழைவை மறுத்தார்.,क्रूर सुरक्षा गार्ड ने प्रवेश से मना कर दिया।,"Belligerent, Aggressive, Savage",சண்டைப் பிடிக்கும்
251,Day 51,Turbid,Adjective,Intermediate,கலங்கிய,गंदला (Gandla),The floodwaters were brown and turbid.,வெள்ள நீர் பழுப்பு நிறமாகவும் கலங்கியதாகவும் இருந்தது.,बाढ़ का पानी भूरा और गंदला था।,"Cloudy, Muddy, Opaque",சேறு கலந்த
252,Day 51,Tutelage,Noun,Intermediate,வழிகாட்டுதல்,संरक्षण (Sanrakshan),The young artist was under his tutelage.,அந்த இளம் கலைஞர் அவரது வழிகாட்டுதலின் கீழ் இருந்தார்.,युवा कलाकार उनके संरक्षण में था।,"Guardianship, Instruction, Guidance",பாதுகாப்பு
253,Day 51,Unfettered,Adjective,Intermediate,தடையற்ற,बेरोकटोक (Beroktok),She enjoyed an unfettered freedom.,அவள் ஒரு தடையற்ற சுதந்திரத்தை அனுபவித்தாள்.,उन्होंने बेरोकटोक स्वतंत्रता का आनंद लिया।,"Unrestrained, Free, Liberated",கட்டுக்கடங்காத
254,Day 51,Unwieldy,Adjective,Intermediate,கையாள்வதற்கு கடினமான,बोझिल (Bojhil),The box was large and unwieldy.,"பெட்டி பெரியதாகவும், கையாள்வதற்கு கடினமானதாகவும் இருந்தது.",बॉक्स बड़ा और बोझिल था।,"Awkward, Clumsy, Bulky",சுலபமில்லாத
255,Day 51,Vapid,Adjective,Intermediate,சப்பென்று,फीका (Feeka),The conversation quickly became vapid.,உரையாடல் விரைவாக சப்பென்று ஆனது.,बातचीत जल्दी ही फीकी पड़ गई।,"Dull, Insipid, Lifeless",உயிரோட்டமற்ற
256,Day 52,Venial,Adjective,Intermediate,மன்னிக்கக்கூடிய,क्षमा योग्य (Kshama Yogya),The mistake was a venial sin.,இந்த தவறு ஒரு மன்னிக்கக்கூடிய பாவம்.,गलती एक क्षमा योग्य पाप थी।,"Pardonable, Excusable, Minor",குற்றமற்ற
257,Day 52,Verisimilitude,Noun,Intermediate,நம்பகத்தன்மை,सत्यता (Satyata),The film lacked verisimilitude.,திரைப்படத்தில் நம்பகத்தன்மை இல்லை.,फिल्म में सत्यता की कमी थी।,"Realism, Authenticity, Plausibility",உண்மையைப் போன்ற தோற்றம்
258,Day 52,Vicissitude,Noun,Intermediate,ஏற்றத்தாழ்வு,उतार-चढ़ाव (Utaar-Chadhav),He experienced the vicissitudes of fortune.,அவர் அதிர்ஷ்டத்தின் ஏற்றத்தாழ்வுகளை அனுபவித்தார்.,उन्होंने भाग्य के उतार-चढ़ाव का अनुभव किया।,"Change, Fluctuation, Turmoil",நிலை மாற்றம்
259,Day 52,Vitiate,Verb,Intermediate,கெடு,बिगाड़ना (Bigaadna),The poor handling vitiated the entire experiment.,மோசமான கையாளுதல் முழு பரிசோதனையையும் கெடுத்தது.,खराब हैंडलिंग ने पूरे प्रयोग को बिगाड़ दिया।,"Spoil, Impair, Corrupt",மதிப்பிழக்க செய்
260,Day 52,Vociferous,Adjective,Intermediate,சத்தமான,शोरगुल वाला (Shorgul Waala),The crowd was vociferous in its demands.,கூட்டம் அதன் கோரிக்கைகளில் சத்தமாக இருந்தது.,भीड़ अपनी मांगों में शोरगुल वाली थी।,"Loud, Noisy, Clamorous",குரலெழுப்பும்
261,Day 53,Wantonness,Noun,Intermediate,கட்டுப்பாடற்ற தன்மை,मनमानी (Manmaani),The act of vandalism was an expression of wantonness.,நாசவேலை என்பது கட்டுப்பாடற்ற தன்மையின் வெளிப்பாடு.,बर्बरता का कार्य मनमानी की अभिव्यक्ति थी।,"Licentiousness, Recklessness, Malice",பொறுப்பற்ற நிலை
262,Day 53,Wheedle,Verb,Intermediate,சமாதானப்படுத்து,फुसलाना (Phuslaana),She tried to wheedle a higher salary out of him.,அவள் அவனிடமிருந்து அதிக சம்பளத்தை சமாதானப்படுத்த முயன்றாள்.,उसने उससे अधिक वेतन फुसलाने की कोशिश की।,"Coax, Cajole, Persuade",கொஞ்சிப் பேசு
263,Day 53,Wraith,Noun,Intermediate,ஆவி,प्रेत (Pret),They saw a pale wraith near the old graveyard.,பழைய கல்லறையின் அருகே ஒரு வெளிறிய ஆவியைக் கண்டார்கள்.,उन्होंने पुराने कब्रिस्तान के पास एक पीला प्रेत देखा।,"Ghost, Spirit, Apparition",பேய் உருவம்
264,Day 53,Abjure,Verb,Intermediate,சத்தியம் செய்து துற,त्यागना (Tyaagna),He was forced to abjure his former beliefs.,அவர் தனது முன்னாள் நம்பிக்கைகளை சத்தியம் செய்து துறக்க வேண்டியிருந்தது.,उन्हें अपने पूर्व विश्वासों को त्यागना पड़ा।,"Renounce, Recant, Forswear",கைவிடு
265,Day 53,Abrogate,Verb,Intermediate,நீக்கு,निरस्त करना (Nirast Karna),The treaty was formally abrogated.,ஒப்பந்தம் முறையாக நீக்கப்பட்டது.,संधि को औपचारिक रूप से निरस्त कर दिया गया।,"Repeal, Annul, Cancel",ஒழித்து விடு
266,Day 54,Acrimony,Noun,Intermediate,கசப்பு,कटुता (Katuta),The debate was marked by intense acrimony.,விவாதம் தீவிர கசப்பால் குறிக்கப்பட்டது.,बहस तीव्र कटुता से चिन्हित थी।,"Bitterness, Rancor, Hostility",கடுமையான குணம்
267,Day 54,Adumbrate,Verb,Intermediate,கோடிட்டுக் காட்டு,रेखांकित करना (Rekhaankit Karna),He only had time to adumbrate his plan.,அவர் தனது திட்டத்தை கோடிட்டுக் காட்ட மட்டுமே நேரம் இருந்தது.,उसके पास अपनी योजना को रेखांकित करने का ही समय था।,"Outline, Sketch, Suggest",சுருக்கிக் கூறு
268,Day 54,Anathema,Noun,Intermediate,வெறுக்கத்தக்கது,अभिशाप (Abhishaap),His political views were anathema to his family.,அவரது அரசியல் கருத்துக்கள் அவரது குடும்பத்திற்கு வெறுக்கத்தக்கதாக இருந்தன.,उसके राजनीतिक विचार उसके परिवार के लिए अभिशाप थे।,"Curse, Abomination, Detestation",அருவருப்பான விஷயம்
269,Day 54,Anomie,Noun,Intermediate,சட்டம் இல்லாத நிலை,अराजकता (Arajakata),The city descended into anomie after the earthquake.,பூகம்பத்திற்குப் பிறகு நகரம் சட்டம் இல்லாத நிலைக்கு சென்றது.,भूकंप के बाद शहर अराजकता में डूब गया।,"Lawlessness, Disorder, Normlessness",சமூக ஒழுங்கின்மை
270,Day 54,Aplomb,Noun,Intermediate,தன்னம்பிக்கை,आत्मविश्वास (Aatmavishvaas),She handled the crisis with aplomb.,அவள் தன்னம்பிக்கையுடன் நெருக்கடியை கையாண்டாள்.,उसने आत्मविश्वास से संकट को संभाला।,"Poise, Confidence, Self-assurance",அமைதி/பக்குவம்
271,Day 55,Apotheosis,Noun,Intermediate,உச்சக்கட்டம்,पराकाष्ठा (Paraakaashthaa),The painting was the apotheosis of his career.,அந்த ஓவியம் அவரது வாழ்க்கையின் உச்சக்கட்டம்.,पेंटिंग उनके करियर की पराकाष्ठा थी।,"Climax, Peak, Zenith",சிகரம்
272,Day 55,Artifice,Noun,Intermediate,தந்திரம்,चालाकी (Chaalaki),The entire plan was a clever artifice.,முழு திட்டமும் ஒரு புத்திசாலித்தனமான தந்திரம்.,पूरी योजना एक चतुर चालाकी थी।,"Deception, Trickery, Cunning",சூழ்ச்சி
273,Day 55,Asperity,Noun,Intermediate,கடுமை,कठोरता (Kathorta),He spoke with some asperity about the budget cuts.,அவர் பட்ஜெட் குறைப்புகள் பற்றி சில கடுமையுடன் பேசினார்.,उन्होंने बजट कटौती के बारे में कुछ कठोरता से बात की।,"Harshness, Severity, Sharpness",கடுமையான சொற்கள்
274,Day 55,Augment,Verb,Intermediate,அதிகரி,बढ़ाना (Badhaana),He needs a second job to augment his income.,அவர் தனது வருமானத்தை அதிகரிக்க இரண்டாவது வேலை தேவைப்படுகிறது.,उसे अपनी आय बढ़ाने के लिए दूसरी नौकरी की जरूरत है।,"Increase, Expand, Supplement",மிகைப்படுத்து
275,Day 55,Barrage,Noun,Intermediate,சரமாரி,बौछार (Bauchaar),The politician faced a barrage of questions.,அரசியல்வாதி சரமாரியான கேள்விகளை எதிர்கொண்டார்.,राजनेता को सवालों की बौछार का सामना करना पड़ा।,"Volley, Deluge, Storm",ஒருங்கே தாக்கும்
276,Day 56,Bellwether,Noun,Intermediate,முன்னோடி,अगुवा (Aguwa),The company is seen as the bellwether of the industry.,அந்த நிறுவனம் தொழில்துறையின் முன்னோடியாகக் கருதப்படுகிறது.,कंपनी को उद्योग का अगुवा माना जाता है।,"Leader, Trendsetter, Indicator",வழிகாட்டி
277,Day 56,Bilk,Verb,Intermediate,ஏமாற்று,धोखा देना (Dhokha Dena),The scammer tried to bilk the elderly out of their savings.,மோசடி செய்பவர் முதியோரின் சேமிப்பை ஏமாற்ற முயன்றார்.,धोखेबाज ने बुजुर्गों को उनकी बचत से धोखा देने की कोशिश की।,"Cheat, Defraud, Swindle",கபடமாகத் தப்புதல்
278,Day 56,Blandishment,Noun,Intermediate,முகஸ்துதி,चापलूसी (Chaaploosi),He was immune to her blandishments.,அவர் அவளது முகஸ்துதிக்கு கட்டுப்படாதவர்.,वह उसकी चापलूसी से अप्रभावित था।,"Flattery, Coaxing, Persuasion",இச்சக வார்த்தைகள்
279,Day 56,Buttress,Verb,Intermediate,ஆதரவளி,समर्थन करना (Samarthan Karna),The evidence will buttress the prosecution's case.,அந்த ஆதாரம் வழக்குத் தொடுக்கும் தரப்பின் வழக்கை ஆதரவளிக்கும்.,सबूत अभियोजन पक्ष के मामले को समर्थन करेगा।,"Support, Reinforce, Strengthen",உறுதியாக்குதல்
280,Day 56,Cabal,Noun,Intermediate,இரகசியக் குழு,गुप्त गुट (Gupt Gut),A cabal of advisors plotted against the king.,ஆலோசகர்களின் இரகசியக் குழு மன்னருக்கு எதிராக சதி செய்தது.,सलाहकारों के एक गुप्त गुट ने राजा के खिलाफ साजिश रची।,"Clique, Faction, Conspiracy",இரகசிய சதி
281,Day 57,Callow,Adjective,Intermediate,அனுபவமற்ற,अनुभवहीन (Anubhavheen),He was just a callow youth when he started.,அவர் தொடங்கியபோது அனுபவமற்ற இளைஞர் மட்டுமே.,"जब उन्होंने शुरुआत की, तब वह सिर्फ एक अनुभवहीन युवा थे।","Immature, Naive, Inexperienced",முதிராத
282,Day 57,Capacious,Adjective,Intermediate,விசாலமான,विशाल (Vishaal),The new stadium is quite capacious.,புதிய மைதானம் மிகவும் விசாலமானது.,नया स्टेडियम काफी विशाल है।,"Spacious, Roomy, Voluminous",இடவசதியுள்ள
283,Day 57,Cavil,Verb,Intermediate,ஆட்சேபம் தெரிவி,मीन-मेख निकालना (Meen-Mekh Nikalna),He tends to cavil over small expenses.,அவர் சிறிய செலவுகளைப் பற்றி ஆட்சேபம் தெரிவிக்க முனைகிறார்.,वह छोटे खर्चों पर मीन-मेख निकालने की प्रवृत्ति रखते हैं।,"Quibble, Carp, Grumble",குறை கூறுதல்
284,Day 57,Chicanery,Noun,Intermediate,ஏமாற்று வேலை,छल (Chhal),The politician was accused of chicanery.,அந்த அரசியல்வாதி ஏமாற்று வேலையில் குற்றம் சாட்டப்பட்டார்.,राजनेता पर छल का आरोप लगाया गया।,"Trickery, Deception, Duplicity",தந்திரம்
285,Day 57,Circumspect,Adjective,Intermediate,விவேகமான,सावधान (Saavdhaan),He gave a circumspect answer to the sensitive question.,முக்கியமான கேள்விக்கு அவர் விவேகமான பதிலை அளித்தார்.,उन्होंने संवेदनशील प्रश्न का सावधान उत्तर दिया।,"Cautious, Wary, Prudent",எச்சரிக்கை உள்ள
286,Day 58,Clandestine,Adjective,Intermediate,இரகசியமான,गुप्त (Gupt),The couple held a clandestine meeting.,தம்பதியினர் ஒரு இரகசியமான சந்திப்பை நடத்தினர்.,जोड़े ने एक गुप्त बैठक आयोजित की।,"Secret, Covert, Stealthy",ஒளிவுமறைவான
287,Day 58,Cogent,Adjective,Intermediate,உறுதியான,ठोस (Thos),She presented a cogent argument for her proposal.,அவர் தனது முன்மொழிவுக்காக ஒரு உறுதியான வாதத்தை முன்வைத்தார்.,उन्होंने अपने प्रस्ताव के लिए एक ठोस तर्क प्रस्तुत किया।,"Convincing, Persuasive, Powerful",வலுவான
288,Day 58,Complaisance,Noun,Intermediate,இணக்கம்,नम्रता (Namrata),His natural complaisance made him popular.,அவரது இயற்கையான இணக்கம் அவரை பிரபலமாக்கியது.,उनकी स्वाभाविक नम्रता ने उन्हें लोकप्रिय बना दिया।,"Politeness, Affability, Agreeableness",சம்மதம்
289,Day 58,Confluence,Noun,Intermediate,சங்கமம்,संगम (Sangam),The town is located at the confluence of two rivers.,அந்த நகரம் இரண்டு நதிகளின் சங்கமத்தில் அமைந்துள்ளது.,यह शहर दो नदियों के संगम पर स्थित है।,"Junction, Meeting, Convergence",ஒன்றுகூடும் இடம்
290,Day 58,Confound,Verb,Intermediate,குழப்பமடையச் செய்,भ्रमित करना (Bhramit Karna),The unexpected results confounded the scientists.,எதிர்பாராத முடிவுகள் விஞ்ஞானிகளை குழப்பமடையச் செய்தன.,अप्रत्याशित परिणामों ने वैज्ञानिकों को भ्रमित कर दिया।,"Perplex, Puzzle, Bewilder",நிலைகுலையச் செய்
291,Day 59,Abeyance,Noun,Intermediate,தற்காலிக நிறுத்தம்,निलंबन (Nilamban),The project was held in abeyance.,திட்டம் தற்காலிக நிறுத்தத்தில் வைக்கப்பட்டது.,परियोजना को निलंबन में रखा गया था।,"Suspension, Postponement, Dormancy",இடைநிறுத்தம்
292,Day 59,Abject,Adjective,Intermediate,மிக மோசமான,दयनीय (Dayneeya),They lived in abject poverty.,அவர்கள் மிக மோசமான வறுமையில் வாழ்ந்தார்கள்.,वे दयनीय गरीबी में रहते थे।,"Miserable, Wretched, Hopeless",பரிதாபகரமான
293,Day 59,Abscond,Verb,Intermediate,ஓடிவிடு,फरार होना (Faraar Hona),The suspect attempted to abscond with the funds.,சந்தேக நபர் நிதியுடன் ஓடிவிட முயன்றார்.,संदिग्ध ने धन लेकर फरार होने की कोशिश की।,"Flee, Escape, Bolt",தப்பி ஓடுதல்
294,Day 59,Accolade,Noun,Intermediate,பாராட்டு / விருது,सम्मान (Sammaan),The film received numerous accolades.,அந்தத் திரைப்படம் ஏராளமான பாராட்டுக்களைப் பெற்றது.,फिल्म को कई सम्मान मिले।,"Honor, Award, Praise",கௌரவம்
295,Day 59,Acquiesce,Verb,Intermediate,சம்மதி,चुपचाप मान लेना (Chupchaap Maan Lena),He decided to acquiesce to the terms of the contract.,அவர் ஒப்பந்தத்தின் விதிமுறைகளுக்கு சம்மதிக்க முடிவு செய்தார்.,उन्होंने अनुबंध की शर्तों को चुपचाप मान लेने का फैसला किया।,"Consent, Agree, Comply",ஒப்புக்கொள்
296,Day 60,Adroit,Adjective,Intermediate,திறமையான,निपुण (Nipun),Her adroit handling of the situation impressed everyone.,சூழ்நிலையை அவர் திறமையான கையாண்டது அனைவரையும் கவர்ந்தது.,स्थिति को उनके निपुण तरीके से संभालने ने सभी को प्रभावित किया।,"Skillful, Clever, Expert",கைதேர்ந்த
297,Day 60,Ameliorate,Verb,Intermediate,மேம்படுத்து,सुधारना (Sudhaarna),Efforts were made to ameliorate the working conditions.,வேலை நிலைமைகளை மேம்படுத்த முயற்சிகள் மேற்கொள்ளப்பட்டன.,काम करने की स्थितियों को सुधारने के प्रयास किए गए।,"Improve, Better, Enhance",செம்மைப்படுத்து
298,Day 60,Amorphous,Adjective,Intermediate,உருவமற்ற,निराकार (Niraakaar),The policy was still amorphous and ill-defined.,அந்தக் கொள்கை இன்னும் உருவமற்றதாகவும் சரியாக வரையறுக்கப்படாததாகவும் இருந்தது।,नीति अभी भी निराकार और अस्पष्ट थी।,"Shapeless, Formless, Unstructured",திட்டவட்டமற்ற
299,Day 60,Anomaly,Noun,Intermediate,விதிவிலக்கு,असंगति (Asangati),The result was an anomaly in the data set.,முடிவு தரவுத் தொகுப்பில் ஒரு விதிவிலக்காக இருந்தது.,परिणाम डेटा सेट में एक असंगति थी।,"Deviation, Oddity, Exception",முரண்பாடு
300,Day 60,Antithetical,Adjective,Intermediate,முற்றிலும் எதிரானது,विपरीत (Vipreet),Their views are antithetical to mine.,அவர்களின் கருத்துக்கள் என்னுடைய கருத்துக்களுக்கு முற்றிலும் எதிரானது.,उनके विचार मेरे विचारों के विपरीत हैं।,"Opposed, Contrary, Conflicting",எதிர்மறையான
301,Day 61,Apathy,Noun,Intermediate,அக்கறையின்மை,उदासीनता (Udaaseenta),The public showed widespread apathy toward the election.,பொது மக்கள் தேர்தலைப் பற்றி பரவலான அக்கறையின்மையை காட்டினர்.,जनता ने चुनाव के प्रति व्यापक उदासीनता दिखाई।,"Indifference, Lethargy, Disinterest",அலட்சியம்
302,Day 61,Apocryphal,Adjective,Intermediate,சந்தேகத்திற்குரிய,अप्रमाणित (Apramaanit),The story about the lost city is probably apocryphal.,தொலைந்த நகரம் பற்றிய கதை அநேகமாக சந்தேகத்திற்குரியது.,खोए हुए शहर के बारे में कहानी शायद अप्रमाणित है।,"Unverified, Fictitious, Dubious",போலியான
303,Day 61,Ardent,Adjective,Intermediate,தீவிரமான,उत्साही (Utsaahi),He is an ardent supporter of the team.,அவர் அணியின் தீவிரமான ஆதரவாளர்.,वह टीम का एक उत्साही समर्थक है।,"Passionate, Fervent, Zealous",உணர்ச்சிமிக்க
304,Day 61,Assiduous,Adjective,Intermediate,விடாமுயற்சியுள்ள,मेहनती (Mehnati),The assiduous student studied late into the night.,விடாமுயற்சியுள்ள மாணவர் இரவு வரை படித்தார்.,मेहनती छात्र ने देर रात तक पढ़ाई की।,"Diligent, Industrious, Hard-working",ஊக்கமுள்ள
305,Day 61,Astringent,Adjective,Intermediate,கடுமையான,कसैला (Kasaila),The critic gave an astringent review of the book.,விமர்சகர் புத்தகத்திற்கு ஒரு கடுமையான விமர்சனத்தை அளித்தார்.,आलोचक ने पुस्तक की कसैली समीक्षा दी।,"Harsh, Sharp, Severe",துவர்ப்பான
306,Day 62,Atrophy,Verb,Intermediate,மெலிந்து போதல்,क्षीण होना (Ksheen Hona),Muscles can atrophy if they are not used.,பயன்படுத்தப்படாவிட்டால் தசைகள் மெலிந்து போகலாம்.,"यदि मांसपेशियों का उपयोग नहीं किया जाता है, तो वे क्षीण हो सकती हैं।","Waste away, Wither, Decline",தேய்ந்து போதல்
307,Day 62,Audacious,Adjective,Intermediate,துணிச்சலான,साहसी (Saahasi),It was an audacious move to challenge the leader.,தலைவரை சவால் செய்வது ஒரு துணிச்சலான நடவடிக்கை.,नेता को चुनौती देना एक साहसी कदम था।,"Bold, Daring, Reckless",நெஞ்சழுத்தமான
308,Day 62,Avarice,Noun,Intermediate,பேராசை,लालच (Laalach),The king's avarice led to the kingdom's downfall.,மன்னரின் பேராசை ராஜ்யத்தின் வீழ்ச்சிக்கு வழிவகுத்தது.,राजा के लालच ने राज्य के पतन का कारण बना।,"Greed, Cupidity, Rapacity",பணத்தாசை
309,Day 62,Banal,Adjective,Intermediate,சலிப்பூட்டும்,मामूली (Maamooli),The lyrics were banal and uninspired.,பாடல் வரிகள் சலிப்பூட்டும் மற்றும் உத்வேகமற்றதாக இருந்தன.,बोल मामूली और नीरस थे।,"Trite, Hackneyed, Mundane",சாதாரணம்
310,Day 62,Belie,Verb,Intermediate,பொய்யாயிரு,झूठा साबित करना (Jhootha Saabit Karna),Her cheerful smile belied her inner sadness.,அவளது மகிழ்ச்சியான புன்னகை அவளது உள் சோகத்தை பொய்யாயிருந்தது.,उसकी खुश मुस्कान ने उसके आंतरिक दुख को झूठा साबित कर दिया।,"Contradict, Disguise, Misrepresent",முரண்படு
311,Day 63,Blight,Verb,Intermediate,நாசமாக்கு,बर्बाद करना (Barbaad Karna),The disease might blight the entire crop.,அந்த நோய் முழு பயிரையும் நாசமாக்கலாம்.,बीमारी पूरी फसल को बर्बाद कर सकती है।,"Spoil, Ruin, Destroy",அழிவு
312,Day 63,Bombastic,Adjective,Intermediate,ஆடம்பரமான,आडंबरपूर्ण (Aadambarpurn),The speaker used bombastic language.,பேச்சாளர் ஆடம்பரமான மொழியைப் பயன்படுத்தினார்.,वक्ता ने आडंबरपूर्ण भाषा का इस्तेमाल किया।,"Pompous, Grandiloquent, Inflated",வீணான ஆரவாரமுள்ள
313,Day 63,Boon,Noun,Intermediate,வரம்,वरदान (Vardaan),The rain was a great boon to the farmers.,மழை விவசாயிகளுக்கு ஒரு பெரிய வரம்.,बारिश किसानों के लिए एक बड़ा वरदान थी।,"Blessing, Advantage, Gift",நன்மை
314,Day 63,Brusque,Adjective,Intermediate,கரடுமுரடான,रूखा (Rookha),His brusque reply offended the customer.,அவரது கரடுமுரடான பதில் வாடிக்கையாளரை புண்படுத்தியது.,उनके रूखे जवाब ने ग्राहक को ठेस पहुंचाई।,"Abrupt, Curt, Short",சொற்பமான
315,Day 63,Bumptious,Adjective,Intermediate,திமிர்பிடித்த,अहंकारी (Ahankaari),The bumptious newcomer annoyed the veterans.,திமிர்பிடித்த புதியவர் மூத்தவர்களை எரிச்சலூட்டினார்.,अहंकारी नवागंतुक ने दिग्गजों को परेशान किया।,"Conceited, Arrogant, Self-assertive",அகந்தை கொண்ட
316,Day 64,Cupidity,Noun,Intermediate,பேராசை,लोभ (Lobh),His downfall was due to his own cupidity.,அவரது வீழ்ச்சி அவரது சொந்த பேராசையால் ஏற்பட்டது.,उसका पतन उसके अपने लोभ के कारण हुआ।,"Greed, Avarice, Rapacity",பணத்தாசை
317,Day 64,Decorum,Noun,Intermediate,ஒழுக்கம்,शिष्टाचार (Shishtachaar),He behaved with decorum at the formal dinner.,அவர் முறையான இரவு விருந்தில் ஒழுக்கத்துடன் நடந்து கொண்டார்.,उन्होंने औपचारिक रात्रिभोज में शिष्टाचार के साथ व्यवहार किया।,"Propriety, Etiquette, Dignity",கண்ணியம்
318,Day 64,Demagogue,Noun,Intermediate,உணர்ச்சிவசப்படுத்துபவர்,लोकलुभावन नेता (Loklubhaavan Neta),The crowd was easily swayed by the demagogue.,கூட்டம் உணர்ச்சிவசப்படுத்துபவரால் எளிதில் அசைக்கப்பட்டது.,भीड़ आसानी से लोकलुभावन नेता द्वारा प्रभावित हो गई।,"Rabble-rouser, Agitator, Instigator",மக்கள்கவர்ச்சி
319,Day 64,Depredation,Noun,Intermediate,கொள்ளை,लूट (Loot),The village suffered from the depredations of war.,போர் கொள்ளையால் கிராமம் பாதிக்கப்பட்டது.,गाँव ने युद्ध की लूट से sufrimiento सहा।,"Pillage, Plunder, Ravage",கொள்ளையிடல்
320,Day 64,Desultory,Adjective,Intermediate,ஒழுங்கற்ற,अनियमित (Aniyamit),He made a desultory attempt to clean the room.,அவர் அறையை சுத்தம் செய்ய ஒழுங்கற்ற முயற்சி செய்தார்.,उन्होंने कमरे को साफ करने का एक अनियमित प्रयास किया।,"Random, Aimless, Haphazard",அலைந்து திரிந்த
321,Day 65,Diaphanous,Adjective,Intermediate,மெல்லிய,पारदर्शी (Paardarshi),She wore a diaphanous silk scarf.,அவள் ஒரு மெல்லிய பட்டுத் துண்டை அணிந்திருந்தாள்.,उन्होंने एक पारदर्शी रेशमी स्कार्फ पहना था।,"Sheer, Transparent, Gossamer",ஒளி புகும்
322,Day 65,Dichotomy,Noun,Intermediate,இருகூற்று,विभाजन (Vibhaajan),There is a clear dichotomy between theory and practice.,கோட்பாடுக்கும் நடைமுறைக்கும் இடையில் ஒரு தெளிவான இருகூற்று உள்ளது.,सिद्धांत और व्यवहार के बीच एक स्पष्ट विभाजन है।,"Division, Split, Contrast",வேறுபாடு
323,Day 65,Discomfit,Verb,Intermediate,குழப்பு,घबरा देना (Ghabra Dena),The unexpected question discomfited the speaker.,எதிர்பாராத கேள்வி பேச்சாளரை குழப்பியது.,अप्रत्याशित प्रश्न ने वक्ता को घबरा दिया।,"Embarrass, Confuse, Frustrate",நிலைகுலையச் செய்
324,Day 65,Effrontery,Noun,Intermediate,திமிர்,धृष्टता (Dhrishtata),He had the effrontery to demand a full refund.,முழு பணத்தைத் திரும்பப் பெற அவர் திமிருடன் கோரினார்.,उन्हें पूर्ण वापसी की मांग करने की धृष्टता थी।,"Impudence, Audacity, Arrogance",நெஞ்சழுத்தம்
325,Day 65,Efficacy,Noun,Intermediate,செயல்திறன்,प्रभावशीलता (Prabhaavasheelata),The efficacy of the new medicine is still debated.,புதிய மருந்தின் செயல்திறன் இன்னும் விவாதிக்கப்படுகிறது.,नई दवा की प्रभावशीलता पर अभी भी बहस हो रही है।,"Effectiveness, Potency, Power",ஆற்றல்
326,Day 66,Egregious,Adjective,Intermediate,மிக மோசமான,जघन्य (Jaghangya),The egregious error cost the company millions.,மிக மோசமான தவறு நிறுவனத்திற்கு மில்லியன் கணக்கான இழப்பை ஏற்படுத்தியது.,जघन्य गलती से कंपनी को लाखों का नुकसान हुआ।,"Flagrant, Shocking, Appalling",அப்பட்டமான தவறு
327,Day 66,Enervate,Verb,Intermediate,சோர்வடையச் செய்,कमजोर करना (Kamjor Karna),The heat began to enervate the marathon runners.,வெப்பம் மாரத்தான் ஓட்டப்பந்தய வீரர்களை சோர்வடையச் செய்யத் தொடங்கியது.,गर्मी ने मैराथन धावकों को कमजोर करना शुरू कर दिया।,"Exhaust, Fatigue, Weaken",பலவீனப்படுத்து
328,Day 66,Equanimity,Noun,Intermediate,சமநிலை,शांति (Shaanti),He faced the bad news with surprising equanimity.,அவர் ஆச்சரியமான சமநிலையுடன் மோசமான செய்தியை எதிர்கொண்டார்.,उन्होंने आश्चर्यजनक शांति से बुरी खबर का सामना किया।,"Composure, Calmness, Serenity",மனத்தெளிவு
329,Day 66,Errant,Adjective,Intermediate,தவறான,भटका हुआ (Bhatka Hua),The errant missile landed far from its target.,தவறான ஏவுகணை அதன் இலக்கிலிருந்து வெகு தொலைவில் தரையிறங்கியது.,भटका हुआ मिसाइल अपने लक्ष्य से बहुत दूर गिरा।,"Misbehaving, Straying, Wayward",அலைந்து திரியும்
330,Day 66,Ethereal,Adjective,Intermediate,வானுலக,अलौकिक (Alaukik),The dancer had an ethereal beauty.,அந்த நடனக் கலைஞருக்கு ஒரு வானுலக அழகு இருந்தது.,नर्तकी में एक अलौकिक सुंदरता थी।,"Delicate, Heavenly, Airy",நுட்பமான
331,Day 67,Exculpate,Verb,Intermediate,குற்றமற்றவர் என்று விடு,दोषमुक्त करना (Doshmukt Karna),The evidence will exculpate him from all charges.,ஆதாரம் அவரை அனைத்து குற்றச்சாட்டுகளிலிருந்தும் குற்றமற்றவர் என்று விடுவிக்கும்.,सबूत उसे सभी आरोपों से दोषमुक्त करेगा।,"Clear, Vindicate, Absolve",குற்றமற்றவர்
332,Day 67,Extemporaneous,Adjective,Intermediate,முன்கூட்டியே தயார் செய்யாத,बिना तैयारी के (Bina Taiyaari Ke),He gave an impressive extemporaneous speech.,அவர் ஒரு ஈர்க்கக்கூடிய முன்கூட்டியே தயார் செய்யாத பேச்சை வழங்கினார்.,उन्होंने एक प्रभावशाली बिना तैयारी के भाषण दिया।,"Impromptu, Unrehearsed, Offhand",தன்னிச்சையான
333,Day 67,Fatuous,Adjective,Intermediate,அறிவற்ற,मूर्खतापूर्ण (Moorkhataapurn),The remark was fatuous and inappropriate.,அந்த கருத்து அறிவற்றதும் பொருத்தமற்றதும் ஆகும்.,टिप्पणी मूर्खतापूर्ण और अनुचित थी।,"Silly, Foolish, Inane",புத்தியீனமான
334,Day 67,Gambol,Verb,Intermediate,துள்ளிக் குதி,उछलना (Uchhalna),The lambs gamboled in the field.,ஆட்டுக்குட்டிகள் வயலில் துள்ளிக் குதித்தன.,मेमने मैदान में उछले।,"Frolic, Skip, Play",துள்ளி விளையாடு
335,Day 67,Garish,Adjective,Intermediate,கண்கவர்,भड़कीला (Bhadkeela),He wore a garish yellow suit.,அவர் ஒரு கண்கவர் மஞ்சள் நிற கோட்டை அணிந்திருந்தார்.,उन्होंने एक भड़कीला पीला सूट पहना था।,"Gaudy, Loud, Flashy",மிக வண்ணமயமான
336,Day 68,Germane,Adjective,Intermediate,பொருத்தமான,प्रासंगिक (Praasangik),Her question was not germane to the topic.,அவரது கேள்வி தலைப்புக்கு பொருத்தமானதல்ல.,उसका सवाल विषय से प्रासंगिक नहीं था।,"Relevant, Pertinent, Applicable",தொடர்புடைய
337,Day 68,Grandiloquence,Noun,Intermediate,மிகைப்படுத்தப்பட்ட பேச்சு,आडंबरपूर्ण भाषा (Aadambarpurn Bhaasha),The speech was ruined by his grandiloquence.,அவரது மிகைப்படுத்தப்பட்ட பேச்சால் பேச்சு பாழானது.,भाषण उनकी आडंबरपूर्ण भाषा से बर्बाद हो गया।,"Pomposity, Bombast, Verbosity",ஆடம்பரமான பேச்சு
338,Day 68,Haggard,Adjective,Intermediate,களைத்த,थका हुआ (Thaka Hua),He looked haggard after the long flight.,நீண்ட விமான பயணத்திற்குப் பிறகு அவர் களைத்தவராக இருந்தார்.,लंबी उड़ान के बाद वह थका हुआ लग रहा था।,"Gaunt, Tired, Drawn",சோர்ந்த
339,Day 68,Hallow,Verb,Intermediate,புனிதப்படுத்து,पवित्र करना (Pavitra Karna),The church was hallowed by the ceremony.,சடங்கு மூலம் தேவாலயம் புனிதப்படுத்தப்பட்டது.,चर्च को समारोह द्वारा पवित्र किया गया था।,"Consecrate, Sanctify, Bless",தெய்வத்தன்மைப்படுத்து
340,Day 68,Heresy,Noun,Intermediate,மதவிரோதக் கருத்து,विधर्म (Vidharma),Galileo was accused of heresy.,கலிலியோ மதவிரோதக் கருத்தில் குற்றம் சாட்டப்பட்டார்.,गैलीलियो पर विधर्म का आरोप लगाया गया था।,"Dissent, Blasphemy, Nonconformity",விசுவாசத்திற்கு மாறான
341,Day 69,Histrionic,Adjective,Intermediate,நாடகத்தனமான,नाटकीय (Naatakeeya),Her histrionic outburst drew attention.,அவரது நாடகத்தனமான வெடிப்பு கவனத்தை ஈர்த்தது.,उसके नाटकीय विस्फोट ने ध्यान आकर्षित किया।,"Overdramatic, Theatrical, Exaggerated",மிகைப்படுத்தப்பட்ட
342,Day 69,Iconoclast,Noun,Intermediate,பழமையை உடைப்பவர்,मूर्तिभंजक (Moortibhanjak),"The artist was an iconoclast, challenging tradition.","அந்த கலைஞர் பழமையை உடைப்பவர், பாரம்பரியத்தை சவால் செய்பவர்.","कलाकार एक मूर्तिभंजक थे, जो परंपरा को चुनौती दे रहे थे।","Critic, Skeptic, Rebel",மரபை மீறுபவர்
343,Day 69,Impecunious,Adjective,Intermediate,ஏழ்மையான,गरीब (Gareeb),He was often too impecunious to afford a meal.,ஒரு வேளை உணவுக்கு கூட அவர் ஏழ்மையானவராக இருந்தார்.,वह अक्सर भोजन का खर्च उठाने के लिए बहुत गरीब थे।,"Poor, Penniless, Indigent",பணமில்லாத
344,Day 69,Implacable,Adjective,Intermediate,சமாதானப்படுத்த முடியாத,अथक (Athak),The victim's family remained implacable in their demands.,பாதிக்கப்பட்டவரின் குடும்பம் தங்கள் கோரிக்கைகளில் சமாதானப்படுத்த முடியாததாக இருந்தது.,पीड़ित का परिवार अपनी मांगों में अथक बना रहा।,"Unyielding, Relentless, Unstoppable",அசைக்க முடியாத
345,Day 69,Impute,Verb,Intermediate,குற்றம் சாட்டு,आरोप लगाना (Aarop Lagaana),They tried to impute the failure to his mismanagement.,தோல்விக்கு அவரது தவறான நிர்வாகத்தை குற்றம் சாட்ட முயன்றனர்.,उन्होंने विफलता का आरोप उनके कुप्रबंधन पर लगाने की कोशिश की।,"Attribute, Ascribe, Charge",பழி சுமத்து
346,Day 70,Inculcate,Verb,Intermediate,பதியவை,मन में बिठाना (Man Mein Bithaana),The school tried to inculcate a sense of duty in students.,பள்ளி மாணவர்களிடம் ஒரு கடமையுணர்வைப் பதியவைக்க முயன்றது.,स्कूल ने छात्रों में कर्तव्य की भावना को मन में बिठाने की कोशिश की।,"Instill, Implant, Teach",ஆழமாகப் பதிவு செய்
347,Day 70,Indefatigable,Adjective,Intermediate,அயராத,अथक (Athak),Her indefatigable spirit inspired everyone.,அவரது அயராத ஆவி அனைவரையும் ஊக்கப்படுத்தியது.,उनकी अथक भावना ने सभी को प्रेरित किया।,"Tireless, Energetic, Persistent",தளர்ச்சியடையாத
348,Day 70,Ineluctable,Adjective,Intermediate,தவிர்க்க முடியாத,अपरिहार्य (Aparihaarya),The ineluctable consequences of his actions followed him.,அவரது செயல்களின் தவிர்க்க முடியாத விளைவுகள் அவரைப் பின்தொடர்ந்தன.,उसके कार्यों के अपरिहार्य परिणाम उसका पीछा करते थे।,"Inescapable, Unavoidable, Certain",தடுக்க முடியாத
349,Day 70,Internecine,Adjective,Intermediate,அழிவுகரமான,विनाशकारी (Vinaashkaaree),The company was crippled by internecine rivalry.,அழிவுகரமான போட்டியால் நிறுவனம் முடங்கியது.,कंपनी आंतरिक प्रतिद्वंद्विता से पंगु हो गई थी।,"Destructive, Deadly, Mutual",உள்ளூர் சண்டை
350,Day 70,Inundate,Verb,Intermediate,மூழ்கடி,जलमग्न करना (Jalmagna Karna),The town was inundated by the river.,நதியால் நகரம் மூழ்கடிக்கப்பட்டது.,नदी से शहर जलमग्न हो गया।,"Flood, Overwhelm, Swamp",வெள்ளம் பெருகு
351,Day 71,Juggernaut,Noun,Intermediate,மிகப்பெரிய சக்தி,बड़ी शक्ति (Badi Shakti),The company became a financial juggernaut.,அந்த நிறுவனம் ஒரு நிதி மிகப்பெரிய சக்தியாக மாறியது.,कंपनी एक वित्तीय बड़ी शक्ति बन गई।,"Force, Mammoth, Powerhouse",அசைக்க முடியாத சக்தி
352,Day 71,Lachrymose,Adjective,Intermediate,கண்ணீருடன்,अश्रुपूर्ण (Ashrupoorna),The play was a lachrymose melodrama.,அந்த நாடகம் ஒரு கண்ணீருடன் கூடிய மெலோடிராமா.,नाटक एक अश्रुपूर्ण मेलोड्रामा था।,"Tearful, Weepy, Sad",அழுமூஞ்சியான
353,Day 71,Lampoon,Verb,Intermediate,கேலி செய்,उपहास करना (Uphaas Karna),The comedian often lampoons politicians.,அந்த நகைச்சுவையாளர் அடிக்கடி அரசியல்வாதிகளை கேலி செய்வார்.,हास्य अभिनेता अक्सर राजनेताओं का उपहास करते हैं।,"Ridicule, Satirize, Mock",நையாண்டி செய்
354,Day 71,Largesse,Noun,Intermediate,கொடை,उदारता (Udaarata),The charity benefited from the billionaire's largesse.,அந்த தொண்டு நிறுவனத்திற்கு பில்லியனரின் கொடையால் நன்மை கிடைத்தது.,अरबपति की उदारता से चैरिटी को लाभ हुआ।,"Generosity, Donation, Gift",பெருங்கொடை
355,Day 71,Latent,Adjective,Intermediate,மறைந்திருக்கும்,अव्यक्त (Avyakta),The medicine can suppress a latent virus.,மருந்து ஒரு மறைந்திருக்கும் வைரஸை அடக்க முடியும்.,दवा एक अव्यक्त वायरस को दबा सकती है।,"Hidden, Dormant, Potential",உள்ளுறைந்த
356,Day 72,Laudable,Adjective,Intermediate,புகழத்தக்க,प्रशंसनीय (Prashansaneeya),His efforts to save the environment were laudable.,சுற்றுச்சூழலைக் காப்பாற்றுவதற்கான அவரது முயற்சிகள் புகழத்தக்கவை.,पर्यावरण को बचाने के उनके प्रयास प्रशंसनीय थे।,"Praiseworthy, Commendable, Admirable",பாராட்டத்தக்க
357,Day 72,Limpid,Adjective,Intermediate,தெளிவாக,स्पष्ट (Spasht),The water was limpid and inviting.,தண்ணீர் தெளிவாகவும் கவர்ச்சியாகவும் இருந்தது.,पानी स्पष्ट और आकर्षक था।,"Clear, Transparent, Lucent",தூய
358,Day 72,Machination,Noun,Intermediate,சதி,साजिश (Saajish),He uncovered the machinations of his enemies.,அவர் தனது எதிரிகளின் சதிகளை கண்டுபிடித்தார்.,उन्होंने अपने दुश्मनों की साजिशों का पर्दाफाश किया।,"Plot, Scheme, Conspiracy",சூழ்ச்சி
359,Day 72,Magnanimous,Adjective,Intermediate,பெருந்தன்மை கொண்ட,उदार (Udaar),The magnanimous winner praised the loser.,பெருந்தன்மை கொண்ட வெற்றியாளர் தோற்றவரை பாராட்டினார்.,उदार विजेता ने हारने वाले की प्रशंसा की।,"Generous, Charitable, Noble",தாராள மனப்பான்மை
360,Day 72,Mendicant,Noun,Intermediate,பிச்சைக்காரர்,भिखारी (Bhikhaari),A mendicant asked for alms near the temple.,ஒரு பிச்சைக்காரர் கோவிலுக்கு அருகில் பிச்சை கேட்டார்.,एक भिखारी ने मंदिर के पास भीख मांगी।,"Beggar, Pauper, Supplicant",யாசகர்
361,Day 73,Meretricious,Adjective,Intermediate,கவர்ச்சியான,दिखावटी (Dikhaavati),The jewelry was meretricious and cheap.,அந்த நகைகள் கவர்ச்சியானதாகவும் மலிவானதாகவும் இருந்தன.,गहने दिखावटी और सस्ते थे।,"Showy, Flashy, Specious",போலிக் கவர்ச்சி
362,Day 73,Misanthrope,Noun,Intermediate,மனித வெறுப்பாளர்,मानवद्वेषी (Maanavdveshi),The misanthrope lived alone in the woods.,மனித வெறுப்பாளர் காட்டில் தனியாக வாழ்ந்தார்.,मानवद्वेषी जंगल में अकेले रहता था।,"Cynic, Hermit, Hater",மனிதர்களை வெறுப்பவர்
363,Day 73,Mollify,Verb,Intermediate,சமாதானப்படுத்து,शांत करना (Shaant Karna),He tried to mollify his angry boss.,அவர் தனது கோபமான முதலாளியை சமாதானப்படுத்த முயன்றார்.,उन्होंने अपने गुस्से वाले बॉस को शांत करने की कोशिश की।,"Appease, Pacify, Soothe",மென்மைப்படுத்து
364,Day 73,Munificent,Adjective,Intermediate,தாராளமான,उदार (Udaar),The munificent donation saved the hospital.,தாராளமான நன்கொடை மருத்துவமனையை காப்பாற்றியது.,उदार दान ने अस्पताल को बचा लिया।,"Generous, Lavish, Benevolent",கொடையுள்ள
365,Day 73,Nadir,Noun,Intermediate,மிகக் குறைந்த நிலை,निम्नतम बिंदु (Nimnatam Bindu),His career reached its nadir after the scandal.,ஊழலுக்குப் பிறகு அவரது தொழில் மிகக் குறைந்த நிலையை அடைந்தது.,घोटाले के बाद उनका करियर निम्नतम बिंदु पर पहुंच गया।,"Low point, Bottom, Abyss",பள்ளம்
366,Day 74,Neophyte,Noun,Intermediate,புதியவர்,नौसिखिया (Nausikhiya),He is a neophyte in the world of programming.,அவர் நிரலாக்க உலகில் ஒரு புதியவர்.,वह प्रोग्रामिंग की दुनिया में एक नौसिखिया है।,"Beginner, Novice, Apprentice",அநுபவமற்றவர்
367,Day 74,Nonchalant,Adjective,Intermediate,கவலையற்ற,लापरवाह (Laaparvaah),He maintained a nonchalant attitude despite the chaos.,குழப்பம் இருந்தபோதிலும் அவர் கவலையற்ற மனப்பான்மையை பராமரித்தார்.,अराजकता के बावजूद उन्होंने एक लापरवाह रवैया बनाए रखा।,"Casual, Indifferent, Unconcerned",அக்கறையற்ற
368,Day 74,Oblique,Adjective,Intermediate,மறைமுகமான,तिरछा (Tirchha),He made an oblique reference to the scandal.,அவர் ஊழலைப் பற்றி ஒரு மறைமுகமான குறிப்பை வெளியிட்டார்.,उन्होंने घोटाले का एक तिरछा संदर्भ दिया।,"Indirect, Slanting, Evasive",சாய்வான
369,Day 74,Obloquy,Noun,Intermediate,பழிச்சொல்,बदनामी (Badnaami),The scandal brought him widespread obloquy.,இந்த ஊழல் அவருக்கு பரவலான பழிச்சொல்லைக் கொண்டு வந்தது.,घोटाले ने उन्हें व्यापक बदनामी दिलाई।,"Censure, Abuse, Vilification",இழிவு
370,Day 74,Opaque,Adjective,Intermediate,ஒளிபுகாத,अपारदर्शी (Apaardarshi),The window was made of opaque glass.,சாளரம் ஒளிபுகாத கண்ணாடியால் செய்யப்பட்டது.,खिड़की अपारदर्शी कांच की बनी थी।,"Cloudy, Nontransparent, Dull",மங்கலான
371,Day 75,Ostentatious,Adjective,Intermediate,ஆடம்பரமான,दिखावटी (Dikhaavati),They lived in an ostentatious mansion.,அவர்கள் ஒரு ஆடம்பரமான மாளிகையில் வாழ்ந்தார்கள்.,वे एक दिखावटी हवेली में रहते थे।,"Showy, Pretentious, Flamboyant",வெளிப்படையான
372,Day 75,Palliate,Verb,Intermediate,குணப்படுத்து,शांत करना (Shaant Karna),He tried to palliate his guilt by donating money.,அவர் பணம் நன்கொடை செய்வதன் மூலம் தனது குற்றத்தை குணப்படுத்த முயன்றார்.,उन्होंने पैसा दान करके अपने अपराध को शांत करने की कोशिश की।,"Alleviate, Mitigate, Soothe",தணிப்பு செய்
373,Day 75,Panegyric,Noun,Intermediate,புகழுரை,प्रशंसा (Prashansa),The director delivered a panegyric for the retiring CEO.,ஓய்வுபெறும் CEO-க்காக இயக்குனர் ஒரு புகழுரையை வழங்கினார்.,निदेशक ने सेवानिवृत्त सीईओ के लिए एक प्रशंसा भाषण दिया।,"Eulogy, Homage, Praise",துதி
374,Day 75,Parity,Noun,Intermediate,சமத்துவம்,समानता (Samaanata),The two nations sought trade parity.,இரண்டு நாடுகளும் வர்த்தக சமத்துவத்தை நாடின.,दोनों देशों ने व्यापार समानता की मांग की।,"Equality, Equivalence, Sameness",சமநிலை
375,Day 75,Peccadillo,Noun,Intermediate,சிறு குற்றம்,छोटा दोष (Chhota Dosh),He excused the mistake as a minor peccadillo.,அவர் அந்தத் தவறை ஒரு சிறிய குற்றமாக மன்னித்தார்.,उन्होंने गलती को एक छोटा दोष मानकर माफ कर दिया।,"Misdemeanor, Fault, Error",அற்பமான குற்றம்
376,Day 76,Pedantic,Adjective,Intermediate,கல்வியறிவு,पांडित्यपूर्ण (Paandityapoorn),The speaker's pedantic language bored the audience.,பேச்சாளரின் கல்வியறிவு மொழி பார்வையாளர்களுக்கு சலிப்பை ஏற்படுத்தியது.,वक्ता की पांडित्यपूर्ण भाषा ने दर्शकों को ऊब दिया।,"Overly scholarly, Bookish, Exacting",அறிவு செருக்கடைந்த
377,Day 76,Penchant,Noun,Intermediate,விருப்பம்,झुकाव (Jhukaav),She has a penchant for historical novels.,அவளுக்கு வரலாற்று நாவல்களில் விருப்பம் உள்ளது.,उन्हें ऐतिहासिक उपन्यासों का झुकाव है।,"Inclination, Fondness, Preference",நாட்டம்
378,Day 76,Perfunctory,Adjective,Intermediate,மேம்போக்கான,सरसरी (Sarasari),He gave a perfunctory nod and walked away.,அவர் ஒரு மேம்போக்கான தலையசைவை கொடுத்துவிட்டு நடந்து சென்றார்.,उन्होंने एक सरसरी点头 दी और चले गए।,"Superficial, Cursory, Routine",கடமைக்கு செய்யும்
379,Day 76,Loquacious,Adjective,Intermediate,அதிகப் பேசும்,बातूनी (Baatooni),The loquacious child never stopped talking.,அதிகப் பேசும் குழந்தை பேசுவதை நிறுத்தவில்லை.,बातूनी बच्चे ने कभी बात करना बंद नहीं किया।,"Talkative, Verbose, Garrulous",சப்தமிடும்
380,Day 76,Altruistic,Adjective,Intermediate,தியாக மனப்பான்மை,परोपकारी (Paropkaari),His altruistic nature led him to donate his savings.,அவரது தியாக மனப்பான்மை அவரைச் சேமிப்பை தானம் செய்யத் தூண்டியது.,उनके परोपकारी स्वभाव के कारण उन्होंने अपनी बचत दान कर दी।,"Unselfish, Philanthropic",பொதுநலமுள்ள
381,Day 77,Benevolent,Adjective,Intermediate,கருணையுள்ள,दयालु (Dayaalu),The benevolent king built hospitals for the poor.,கருணையுள்ள மன்னர் ஏழைகளுக்காக மருத்துவமனைகளைக் கட்டினார்.,दयालु राजा ने गरीबों के लिए अस्पताल बनवाए।,"Kind, Generous, Helpful",நற்பண்புள்ள
382,Day 77,Dormant,Adjective,Intermediate,செயலற்ற நிலையில்,सुप्त (Supt),The volcano has been dormant for centuries.,அந்த எரிமலை பல நூற்றாண்டுகளாகச் செயலற்ற நிலையில் உள்ளது.,वह ज्वालामुखी सदियों से सुप्त है।,"Inactive, Latent, Asleep",உறங்கும் நிலையிலுள்ள
383,Day 77,Enigma,Noun,Intermediate,புதிர்,पहेली (Paheli),His sudden disappearance remains an enigma.,அவர் திடீரென மறைந்தது இன்னும் ஒரு புதிராகவே உள்ளது.,उनका अचानक गायब होना एक पहेली बना हुआ है।,"Mystery, Puzzle, Riddle",விளங்காத விஷயம்
384,Day 77,Incorrigible,Adjective,Intermediate,திருத்த முடியாத,असुधार्य (Asudhaarya),He is an incorrigible liar who cannot be trusted.,அவர் நம்ப முடியாத ஒரு திருத்த முடியாத பொய்யர்.,वह एक असुधार्य झूठा है जिस पर भरोसा नहीं किया जा सकता।,"Habitual, Irredeemable",மாற்ற முடியாத
385,Day 77,Judicious,Adjective,Intermediate,விவேகமான,विवेकपूर्ण (Vivekpoorn),Use a judicious amount of salt in the dish.,உணவில் விவேகமான அளவு உப்பைப் பயன்படுத்துங்கள்.,व्यंजन में विवेकपूर्ण मात्रा में नमक का प्रयोग करें।,"Wise, Prudent, Sensible",அறிவுபூர்வமான
386,Day 78,Malleable,Adjective,Intermediate,எளிதில் வளைக்கக்கூடிய,लचीला (Lacheela),Gold is a very malleable metal.,தங்கம் மிகவும் எளிதில் வளைக்கக்கூடிய உலோகம்.,सोना एक बहुत ही लचीली धातु है।,"Pliable, Flexible, Soft",நெகிழ்வான
387,Day 78,Pacify,Verb,Intermediate,அமைதிப்படுத்து,शांत करना (Shaant Karna),The mother tried to pacify the crying baby.,தாய் அழுது கொண்டிருக்கும் குழந்தையை அமைதிப்படுத்த முயன்றாள்.,माँ ने रोते हुए बच्चे को शांत करने की कोशिश की।,"Appease, Calm, Soothe",சமாதானப்படுத்து
388,Day 78,Quaint,Adjective,Intermediate,விசித்திரமான அழகு,विचित्र (Vichitra),We stayed in a quaint little cottage in the woods.,நாங்கள் காட்டில் ஒரு விசித்திரமான அழகான சிறிய குடிசையில் தங்கினோம்।,हम जंगल में एक विचित्र छोटी कुटिया में रुके थे।,"Old-fashioned, Charming, Sweet",பழமை எழில்
389,Day 78,Soporific,Adjective,Intermediate,தூக்கத்தை வரவழைக்கும்,निद्रालु (Nidraalu),The long lecture had a soporific effect.,நீண்ட விரிவுரை தூக்கத்தை வரவழைக்கும் விளைவை ஏற்படுத்தியது.,लंबे भाषण का निद्रालु प्रभाव पड़ा।,"Sleep-inducing, Drowsy, Calming",உறக்கமூட்டும்
390,Day 78,Tenacious,Adjective,Intermediate,விடாமுயற்சியுள்ள,दृढ़ (Dridh),She is a tenacious advocate for human rights.,அவர் மனித உரிமைகளுக்காக விடாமுயற்சியுடன் வாதிடுபவர்.,वह मानवाधिकारों की एक दृढ़ समर्थक हैं।,"Persistent, Determined, Strong",விடாப்பிடியான
391,Day 79,Abate,Verb,Intermediate,குறை,कम होना (Kam Hona),The storm began to abate after midnight.,நள்ளிரவுக்குப் பிறகு புயல் குறையத் தொடங்கியது.,आधी रात के बाद तूफान कम होने लगा।,"Subside, Decrease, Decline",தணி
392,Day 79,Aberration,Noun,Intermediate,பிறழ்வு,विपथन (Vipathan),The sudden snow in summer was a weather aberration.,கோடையில் பெய்த திடீர் பனி ஒரு வானிலை பிறழ்வு.,गर्मियों में अचानक बर्फबारी मौसम का एक विपथन था।,"Anomaly, Deviation, Outlier",விலகல்
393,Day 79,Anachronism,Noun,Intermediate,கால முரண்பாடு,कालभ्रम (Kaalbhram),A smartphone in a movie about the 1920s is an anachronism.,1920-களைப் பற்றிய படத்தில் ஸ்மார்ட்போன் இருப்பது ஒரு கால முரண்பாடு.,1920 के दशक की फिल्म में स्मार्टफोन एक कालभ्रम है।,"Misplacement, Solecism",காலவழு
394,Day 79,Arcane,Adjective,Intermediate,இரகசியமான / புரியாத,रहस्यमय (Rahasyamay),The scholar studied arcane rituals from ancient times.,அறிஞர் பண்டைய காலத்தின் ரகசியமான சடங்குகளைப் படித்தார்.,विद्वान ने प्राचीन काल के रहस्यमय अनुष्ठानों का अध्ययन किया।,"Mysterious, Esoteric, Secret",புதிரான
395,Day 79,Belligerent,Adjective,Intermediate,சண்டையிடும் குணமுள்ள,लड़ाकू (Ladaakoo),The belligerent tone of the email upset the staff.,மின்னஞ்சலின் சண்டையிடும் தொனி ஊழியர்களை வருத்தமடையச் செய்தது.,ईमेल के लड़ाकू लहजे ने कर्मचारियों को परेशान कर दिया।,"Aggressive, Hostile, Pugnacious",போர் குணம் கொண்ட
396,Day 80,Chide,Verb,Intermediate,கண்டித்தல்,डाँटना (Daantna),The teacher chided the student for being late.,தாமதமாக வந்ததற்காக ஆசிரியர் மாணவனைக் கண்டித்தார்.,शिक्षक ने छात्र को देर से आने के लिए डाँटा।,"Scold, Reprove, Admonish",அதட்டு
397,Day 80,Cognizant,Adjective,Intermediate,உணர்ந்தறிந்த,अवगत (Avgat),We are cognizant of the challenges ahead.,வரவிருக்கும் சவால்களை நாம் உணர்ந்திருக்கிறோம்.,हम आने वाली चुनौतियों से अवगत हैं।,"Aware, Conscious, Informed",தெரிந்திருக்கிற
398,Day 80,Compelling,Adjective,Intermediate,ஈர்க்கக்கூடிய,सम्मोहक (Sammohak),The lawyer presented a compelling argument.,வழக்கறிஞர் ஒரு ஈர்க்கக்கூடிய வாதத்தை முன்வைத்தார்.,वकील ने एक सम्मोहक तर्क प्रस्तुत किया।,"Convincing, Powerful, Captivating",வலுவான
399,Day 80,Conundrum,Noun,Intermediate,கடினமான புதிர்,कठिन पहेली (Kathin Paheli),How to reduce costs without firing staff is a conundrum.,ஊழியர்களை நீக்காமல் செலவுகளை எப்படிக் குறைப்பது என்பது ஒரு புதிர்.,"कर्मचारियों को निकाले बिना लागत कैसे कम की जाए, यह एक कठिन पहेली है।","Problem, Quandary, Dilemma",சிக்கலான கேள்வி
400,Day 80,Deferential,Adjective,Intermediate,மரியாதைக்குரிய,सम्मानपूर्ण (Sammanpoorn),He spoke in a deferential tone to his elders.,அவர் தனது பெரியவர்களிடம் மரியாதைக்குரிய தொனியில் பேசினார்.,उसने अपने बड़ों से सम्मानपूर्ण लहजे में बात की।,"Respectful, Humble, Obedient",கீழ்ப்படிதலுள்ள
401,Day 81,Demure,Adjective,Intermediate,அடக்கமான,संकोची (Sankochi),She gave a demure smile and looked away.,அவள் ஒரு அடக்கமான புன்னகையை அளித்துவிட்டு பார்வையைத் திருப்பினாள்.,उसने एक संकोची मुस्कान दी और दूसरी तरफ देखने लगी।,"Modest, Shy, Reserved",நாணமுள்ள
402,Day 81,Depravity,Noun,Intermediate,ஒழுக்கக்கேடு,भ्रष्टता (Bhrashtata),The film portrays the depravity of war.,இப்படம் போரின் ஒழுக்கக்கேட்டைச் சித்தரிக்கிறது.,फिल्म युद्ध की भ्रष्टता को चित्रित करती है।,"Corruption, Wickedness, Vice",சீர்கேடு
403,Day 81,Despot,Noun,Intermediate,சர்வாதிகாரி,तानाशाह (Tanashah),The kingdom was ruled by a cruel despot.,அந்த ராஜ்யம் ஒரு கொடூரமான சர்வாதிகாரியால் ஆளப்பட்டது.,राज्य पर एक क्रूर तानाशाह का शासन था।,"Tyrant, Dictator, Autocrat",கொடுங்கோலன்
404,Day 81,Dilatory,Adjective,Intermediate,காலதாமதம் செய்யும்,विलंबकारी (Vilambakari),The government was dilatory in responding to the crisis.,நெருக்கடிக்கு பதிலளிப்பதில் அரசாங்கம் காலதாமதம் செய்தது.,सरकार संकट पर प्रतिक्रिया देने में विलंबकारी थी।,"Slow, Tardy, Slack",மெதுவான
405,Day 81,Disparate,Adjective,Intermediate,முற்றிலும் வேறுபட்ட,भिन्न (Bhinn),The two cultures have disparate views on education.,இரு கலாச்சாரங்களும் கல்வியில் முற்றிலும் வேறுபட்ட பார்வைகளைக் கொண்டுள்ளன.,दोनों संस्कृतियों के शिक्षा पर भिन्न विचार हैं।,"Different, Dissimilar, Diverse",சமமற்ற
406,Day 82,Duplicity,Noun,Intermediate,வஞ்சகம்,कपट (Kapat),He was exposed for his duplicity in the business deal.,வணிக ஒப்பந்தத்தில் அவரது வஞ்சகம் அம்பலமானது.,व्यापार सौदे में उसके कपट का पर्दाफाश हो गया।,"Deceit, Treachery, Guile",இருவேடம்
407,Day 82,Ebullient,Adjective,Intermediate,உற்சாகமான,प्रफुल्लित (Prafullit),The fans were in an ebullient mood after the win.,வெற்றியின் பின்னர் ரசிகர்கள் உற்சாகமான மனநிலையில் இருந்தனர்.,जीत के बाद प्रशंसक प्रफुल्लित मूड में थे।,"Enthusiastic, Cheerful, Lively",பொங்கி வழியும் மகிழ்ச்சி
408,Day 82,Eloquent,Adjective,Intermediate,சொல்லாற்றல் மிக்க,वाक्पटु (Vakpatu),The president gave an eloquent speech at the summit.,உச்சிமாநாட்டில் ஜனாதிபதி ஒரு சொல்லாற்றல் மிக்க உரையை நிகழ்த்தினார்.,राष्ट्रपति ने शिखर सम्मेलन में एक वाक्पटु भाषण दिया।,"Articulate, Fluent, Persuasive",நாவன்மை மிக்க
409,Day 82,Facetious,Adjective,Intermediate,விளையாட்டுத்தனமான,मज़ाकिया (Mazakiya),Stop being facetious and take the matter seriously.,விளையாட்டுத்தனமாக இருப்பதை நிறுத்திவிட்டு விஷயத்தைத் தீவிரமாக எடுத்துக் கொள்ளுங்கள்.,मज़ाकिया होना बंद करो और मामले को गंभीरता से लो।,"Flippant, Humorous, Joking",வேடிக்கையான
410,Day 82,Feral,Adjective,Intermediate,காட்டுமிராண்டித்தனமான,जंगली (Jungli),The abandoned house was taken over by feral cats.,கைவிடப்பட்ட வீட்டை காட்டுப் பூனைகள் ஆக்கிரமித்தன.,लावारिस घर पर जंगली बिल्लियों ने कब्जा कर लिया था।,"Wild, Untamed, Savage",வனப்பண்புள்ள
411,Day 83,Innate,Adjective,Intermediate,பிறப்பிலேயே அமைந்த,जन्मजात (Janmajaat),She has an innate ability to play the piano.,அவளுக்கு பியானோ வாசிப்பதில் பிறப்பிலேயே அமைந்த திறன் உள்ளது.,उसके पास पियानो बजाने की जन्मजात क्षमता है।,"Inborn, Natural, Hereditary",உள்ளூர்ந்த
412,Day 83,Insolvent,Adjective,Intermediate,கடனைத் தீர்க்க முடியாத,दिवालिया (Diwaliya),The company was declared insolvent after the market crash.,சந்தை வீழ்ச்சிக்குப் பிறகு நிறுவனம் கடனைத் தீர்க்க முடியாத நிலையில் இருப்பதாக அறிவிக்கப்பட்டது.,बाजार क्रैश होने के बाद कंपनी को दिवालिया घोषित कर दिया गया।,"Bankrupt, Broke, Ruined",திவாலான
413,Day 83,Jubilant,Adjective,Intermediate,மட்டற்ற மகிழ்ச்சி,उल्लासित (Ullasit),The crowd was jubilant after the home team won.,உள்ளூர் அணி வெற்றி பெற்ற பிறகு கூட்டம் மட்டற்ற மகிழ்ச்சியில் இருந்தது.,घरेलू टीम की जीत के बाद भीड़ उल्लासित थी।,"Overjoyed, Triumphant, Thrilled",பெருமகிழ்ச்சி கொண்ட
414,Day 83,Lucid,Adjective,Intermediate,தெளிவான,स्पष्ट (Spasht),The author gave a lucid explanation of the complex theory.,ஆசிரியர் சிக்கலான கோட்பாட்டைப் பற்றித் தெளிவான விளக்கத்தை அளித்தார்.,लेखक ने जटिल सिद्धांत की स्पष्ट व्याख्या दी।,"Clear, Understandable, Rational",விளக்கமான
415,Day 83,Meticulous,Adjective,Intermediate,மிகவும் கவனமான,अति सावधान (Ati Savdhan),He is meticulous about his personal appearance.,அவர் தனது தோற்றத்தில் மிகவும் கவனமாக இருக்கிறார்.,वह अपनी व्यक्तिगत उपस्थिति के प्रति अति सावधान है।,"Precise, Diligent, Careful",துல்லியமான
416,Day 84,Modicum,Noun,Intermediate,சிறிதளவு,अल्प मात्रा (Alp Matra),There is not even a modicum of truth in her story.,அவளது கதையில் சிறிதளவு கூட உண்மை இல்லை.,उसकी कहानी में रत्ती भर भी सच्चाई नहीं है।,"Small amount, Fragment, Speck",ஒரு சிறிய பகுதி
417,Day 84,Pallid,Adjective,Intermediate,வெளிறிய,पीला (Peela),His face looked pallid after the long illness.,நீண்ட உடல்நலக்குறைவுக்குப் பிறகு அவனது முகம் வெளிறிப் போய் காணப்பட்டது.,लंबी बीमारी के बाद उसका चेहरा पीला लग रहा था।,"Pale, Wan, Ashy",இரத்தமற்ற
418,Day 84,Paradigm,Noun,Intermediate,முன்மாதிரி,मिसाल (Misal),This discovery represents a new paradigm in science.,இந்த கண்டுபிடிப்பு அறிவியலில் ஒரு புதிய முன்மாதிரியைக் குறிக்கிறது.,यह खोज विज्ञान में एक नई मिसाल पेश करती है।,"Model, Example, Standard",இலக்கணம் / வடிவம்
419,Day 84,Rancor,Noun,Intermediate,கசப்புணர்வு,विद्वेष (Vidvesh),There was no rancor between the two rivals after the match.,போட்டிக்குப் பிறகு இரு எதிரிகளுக்கும் இடையே கசப்புணர்வு இல்லை.,मैच के बाद दोनों प्रतिद्वंद्वियों के बीच कोई विद्वेष नहीं था।,"Bitterness, Resentment, Malice",பகைமை
420,Day 84,Refute,Verb,Intermediate,மறு,खंडन करना (Khandan Karna),She managed to refute the allegations with evidence.,ஆதாரங்களுடன் குற்றச்சாட்டுகளை அவளால் மறுக்க முடிந்தது.,वह सबूतों के साथ आरोपों का खंडन करने में सफल रही।,"Disprove, Deny, Contradict",பொய்பி
421,Day 85,Reiterate,Verb,Intermediate,மீண்டும் வலியுறுத்து,दोहराना (Dohrana),Let me reiterate the importance of safety.,பாதுகாப்பின் முக்கியத்துவத்தை மீண்டும் வலியுறுத்துகிறேன்.,मुझे सुरक्षा के महत्व को दोहराने दें।,"Repeat, Restate, Recapitulate",திரும்பச் சொல்
422,Day 85,Revere,Verb,Intermediate,மதி,सम्मान करना (Samman Karna),Many people revere him as a hero.,பலரும் அவரை ஒரு நாயகனாக மதிக்கிறார்கள்.,कई लोग उन्हें नायक के रूप में सम्मान देते हैं।,"Respect, Adore, Venerate",வணங்கு
423,Day 85,Sagacious,Adjective,Intermediate,விவேகமான,बुद्धिमान (Buddhiman),The sagacious leader avoided the conflict.,விவேகமான தலைவர் மோதலைத் தவிர்த்தார்.,बुद्धिमान नेता ने संघर्ष को टाल दिया।,"Wise, Shrewd, Prudent",அறிவுக்கூர்மையுள்ள
424,Day 85,Scrupulous,Adjective,Intermediate,நேர்மையான / கவனமான,ईमानदार (Imandar),She is scrupulous about her work and never cuts corners.,"அவள் தனது வேலையில் நேர்மையானவள், எதையும் எளிதாகச் செய்ய மாட்டாள்.",वह अपने काम के प्रति ईमानदार है और कभी शॉर्टकट नहीं अपनाती।,"Ethical, Meticulous, Careful",மனசாட்சியுள்ள
425,Day 85,Sedentary,Adjective,Intermediate,உட்கார்ந்தே இருக்கிற,गतिहीन (Gatiheen),A sedentary lifestyle can lead to health problems.,உட்கார்ந்தே இருக்கும் வாழ்க்கை முறை உடல்நலப் பிரச்சினைகளுக்கு வழிவகுக்கும்.,गतिहीन जीवनशैली से स्वास्थ्य समस्याएं हो सकती हैं।,"Inactive, Stationary, Idle",அசையாத
426,Day 86,Substantiate,Verb,Intermediate,நிரூபி,पुष्ट करना (Pusht Karna),You need evidence to substantiate your claims.,உங்கள் கோரிக்கைகளை நிரூபிக்க உங்களுக்கு ஆதாரங்கள் தேவை.,आपको अपने दावों को पुष्ट करने के लिए सबूत चाहिए।,"Prove, Verify, Validate",ஆதாரப்படுத்து
427,Day 86,Succinct,Adjective,Intermediate,சுருக்கமான,संक्षिप्त (Sankshipt),Her explanation was succinct and easy to understand.,அவரது விளக்கம் சுருக்கமாகவும் புரிந்துகொள்ள எளிதாகவும் இருந்தது.,उनकी व्याख्या संक्षिप्त और समझने में आसान थी।,"Concise, Brief, Short",தெளிவான
428,Day 86,Superfluous,Adjective,Intermediate,தேவையற்ற,फालतू (Faltu),Delete any superfluous words from the essay.,கட்டுரையில் உள்ள தேவையற்ற சொற்களை நீக்கவும்.,निबंध से किसी भी फालतू शब्द को हटा दें।,"Unnecessary, Extra, Excess",மிகையான
429,Day 86,Taciturn,Adjective,Intermediate,அதிகம் பேசாத,अल्पभाषी (Alpbhashi),He was a taciturn man who rarely spoke about his feelings.,அவர் தனது உணர்வுகளைப் பற்றி அரிதாகவே பேசும் அதிகம் பேசாத மனிதர்.,वह एक अल्पभाषी व्यक्ति थे जो शायद ही कभी अपनी भावनाओं के बारे में बात करते थे।,"Silent, Reserved, Quiet",மௌனமான
430,Day 86,Timorous,Adjective,Intermediate,பயந்த,डरपोक (Darpok),The timorous child hid behind his mother.,பயந்த குழந்தை தாயின் பின்னால் ஒளிந்து கொண்டது.,डरपोक बच्चा अपनी माँ के पीछे छिप गया।,"Fearful, Shy, Timid",கோழைத்தனமான
431,Day 87,Transient,Adjective,Intermediate,தற்காலிகமான,क्षणिक (Kshanik),The joy of winning was transient.,வெற்றியின் மகிழ்ச்சி தற்காலிகமானது.,जीत की खुशी क्षणिक थी।,"Temporary, Brief, Fleeting",நிலையற்ற
432,Day 87,Trepidation,Noun,Intermediate,நடுக்கம் / பயம்,घबराहट (Ghabrahat),She approached the stage with trepidation.,அவள் நடுக்கத்துடன் மேடையை அணுகினாள்.,वह घबराहट के साथ मंच की ओर बढ़ी।,"Fear, Anxiety, Dread",கலக்கம்
433,Day 87,Trite,Adjective,Intermediate,பழக்கமான / சலிப்பூட்டும்,घिसा-पिटा (Ghisa-pita),Avoid using trite phrases in your writing.,உங்கள் எழுத்தில் சலிப்பூட்டும் சொற்றொடர்களைப் பயன்படுத்துவதைத் தவிர்க்கவும்.,अपने लेखन में घिसे-पिटे वाक्यांशों के प्रयोग से बचें।,"Overused, Cliche, Common",தேய்ந்து போன
434,Day 87,Truncate,Verb,Intermediate,குறை,छोटा करना (Chhota Karna),The presentation was truncated due to lack of time.,நேரமின்மை காரணமாக விளக்கக்காட்சி குறைக்கப்பட்டது.,समय की कमी के कारण प्रस्तुति को छोटा कर दिया गया।,"Shorten, Cut, Abbreviate",முறி
435,Day 87,Ubiquitous,Adjective,Intermediate,எங்கும் நிறைந்த,सर्वव्यापी (Sarvavyapi),Smartphones are ubiquitous in modern society.,நவீன சமூகத்தில் ஸ்மார்ட்போன்கள் எங்கும் நிறைந்துள்ளன.,आधुनिक समाज में स्मार्टफोन सर्वव्यापी हैं।,"Everywhere, Pervasive, Common",எங்கும் உள்ள
436,Day 88,Umbrage,Noun,Intermediate,கோபம்,अपमान (Apman),He took umbrage at the suggestion that he was lying.,தான் பொய் சொல்வதாகக் கூறப்பட்ட ஆலோசனையினால் அவர் கோபமடைந்தார்.,उन्होंने इस सुझाव पर अपमान महसूस किया कि वे झूठ बोल रहे थे।,"Offense, Resentment, Anger",மனக்கசப்பு
437,Day 88,Upbraid,Verb,Intermediate,கண்டி,डांटना (Daantna),The manager upbraided the team for their poor performance.,மோசமான செயல்பாட்டிற்காக மேலாளர் குழுவைக் கண்டித்தார்.,मैनेजर ने टीम को उनके खराब प्रदर्शन के लिए डांटा।,"Scold, Reprove, Chide",கடிந்து கொள்
438,Day 88,Usurp,Verb,Intermediate,அபகரி,हड़पना (Hadapna),He tried to usurp the throne from the rightful heir.,உரிமையுள்ள வாரிசிடமிருந்து சிம்மாசனத்தை அபகரிக்க முயன்றான்.,उसने असली वारिस से सिंहासन हड़पने की कोशिश की।,"Seize, Take over, Grab",பறி
439,Day 88,Verbose,Adjective,Intermediate,அதிக சொற்களைப் பயன்படுத்தும்,शब्दबहुल (Shabd-bahul),The report was too verbose and needed editing.,அறிக்கை அதிக சொற்களைக் கொண்டிருந்தது மற்றும் திருத்தம் தேவைப்பட்டது.,रिपोर्ट बहुत शब्दबहुल थी और उसे संपादन की आवश्यकता थी।,"Wordy, Talkative, Garrulous",சொல்லடுக்கு மிக்க
440,Day 88,Vigilant,Adjective,Intermediate,விழிப்புடன்,सतर्क (Satark),Security guards must remain vigilant at all times.,பாதுகாப்பு காவலர்கள் எல்லா நேரங்களிலும் விழிப்புடன் இருக்க வேண்டும்.,सुरक्षा गार्डों को हर समय सतर्क रहना चाहिए।,"Watchful, Alert, Cautious",எச்சரிக்கையான
441,Day 89,Vilify,Verb,Intermediate,இழிவுபடுத்து,बदनाम करना (Badnam Karna),The politician was vilified by the press.,அரசியல்வாதி பத்திரிகைகளால் இழிவுபடுத்தப்பட்டார்.,प्रेस द्वारा राजनीतिज्ञ को बदनाम किया गया था।,"Defame, Slander, Abuse",தூற்று
442,Day 89,Vindicate,Verb,Intermediate,நிருபி,न्यायोचित ठहराना (Nyayochit Thahrana),The new evidence will vindicate him.,புதிய ஆதாரங்கள் அவரை நிருபிக்கும் (குற்றமற்றவர் என).,नए सबूत उसे न्यायोचित ठहराएंगे।,"Justify, Clear, Absolve",நியாயப்படுத்து
443,Day 89,Zealous,Adjective,Intermediate,தீவிர ஆர்வமுள்ள,उत्साही (Utsahi),He is a zealous supporter of the local football team.,அவர் உள்ளூர் கால்பந்து அணியின் தீவிர ஆர்வமுள்ள ஆதரவாளர்.,वह स्थानीय फुटबॉल टीम के उत्साही समर्थक हैं।,"Enthusiastic, Passionate, Eager",ஊக்கமுள்ள
444,Day 89,Abhor,Verb,Intermediate,வெறு,घृणा करना (Ghrina Karna),I abhor any form of cruelty to animals.,விலங்குகளுக்கு இழைக்கப்படும் எந்தவொரு கொடுமையையும் நான் வெறுக்கிறேன்.,मैं जानवरों के प्रति किसी भी प्रकार की क्रूरता से घृणा करता हूँ।,"Detest, Loathe, Hate",அருவருப்பு கொள்
445,Day 89,Adversity,Noun,Intermediate,வறுமை / துன்பம்,विपत्ति (Vipatti),He showed great courage in the face of adversity.,துன்பமான காலங்களில் அவர் மிகுந்த தைரியத்தைக் காட்டினார்.,उन्होंने विपत्ति के समय बहुत साहस दिखाया।,"Hardship, Misfortune, Distress",துரதிர்ஷ்டம்
446,Day 90,Affable,Adjective,Intermediate,பழக இனிமையான,मिलनसार (Milansaar),The new manager is very affable and easy to talk to.,புதிய மேலாளர் பழகுவதற்கு மிகவும் இனிமையானவர்.,नए मैनेजर बहुत मिलनसार हैं और उनसे बात करना आसान है।,"Friendly, Amiable, Genial",இனிய பண்புள்ள
447,Day 90,Ambivalent,Adjective,Intermediate,இருமனதான,अनिश्चित (Anishchit),I am ambivalent about moving to a new city.,புதிய நகரத்திற்கு மாறுவது குறித்து நான் இருமனதாக இருக்கிறேன்.,मैं नए शहर में जाने को लेकर अनिश्चित हूँ।,"Undecided, Equivocal, Hesitant",நிலையற்ற மனநிலை
448,Day 90,Amiable,Adjective,Intermediate,அன்பான,स्नेहशील (Snehasheel),She had an amiable personality that attracted everyone.,அவளிடம் அனைவரையும் ஈர்க்கும் அன்பான ஆளுமை இருந்தது.,उनका व्यक्तित्व स्नेहशील था जिसने सभी को आकर्षित किया।,"Friendly, Sociable, Cordial",பிரியமான
449,Day 90,Animosity,Noun,Intermediate,பகைமை,बैर (Bair),There is no animosity between the two former friends.,அந்த முன்னாள் நண்பர்களுக்கு இடையே எந்தப் பகைமையும் இல்லை.,उन दो पूर्व दोस्तों के बीच कोई बैर नहीं है।,"Hostility, Hatred, Enmity",விரோதம்
450,Day 90,Archaic,Adjective,Intermediate,பழமையான,प्राचीन (Prachin),The museum displays archaic tools from the Stone Age.,அருங்காட்சியகம் கற்காலத்தின் பழமையான கருவிகளைக் காட்சிப்படுத்துகிறது.,संग्रहालय पाषाण युग के प्राचीन औजारों को प्रदर्शित करता है।,"Ancient, Old-fashioned, Obsolete",பழங்காலத்து
451,Day 91,Brazen,Adjective,Intermediate,வெட்கமற்ற,बेशरम (Besharam),He told a brazen lie even when caught.,பிடிபட்ட போதும் அவர் ஒரு வெட்கமற்ற பொய்யைச் சொன்னார்.,पकड़े जाने पर भी उसने बेशरम झूठ बोला।,"Bold, Shameless, Insolent",துணிச்சலான (தவறான வழியில்)
452,Day 91,Cajole,Verb,Intermediate,நயவஞ்சகமாகப் பேசு,फुसलाना (Phuslana),He tried to cajole his friend into lending him money.,அவன் தனது நண்பனிடம் நயமாகப் பேசி பணம் வாங்க முயன்றான்.,उसने अपने दोस्त को पैसे उधार देने के लिए फुसलाने की कोशिश की।,"Persuade, Coax, Wheedle",கெஞ்சி வேண்டி
453,Day 91,Castigate,Verb,Intermediate,கடுமையாக தண்டி,आलोचना करना (Alochna Karna),The judge castigated the lawyer for his behavior.,வழக்கறிஞரின் நடத்தைக்காக நீதிபதி அவரை கடுமையாகத் தண்டித்தார்.,जज ने वकील के व्यवहार के लिए उसकी कड़ी आलोचना की।,"Scold, Reprimand, Chastise",கண்டி
454,Day 91,Coherent,Adjective,Intermediate,தெளிவான,सुसंगत (Susangat),He was too excited to give a coherent account of the event.,நிகழ்வைப் பற்றித் தெளிவான விவரத்தை அளிக்க அவர் மிகுந்த உற்சாகத்தில் இருந்தார்.,वह घटना का सुसंगत विवरण देने के लिए बहुत उत्साहित था।,"Clear, Logical, Rational",இயைபுள்ள
455,Day 91,Complacent,Adjective,Intermediate,மனநிறைவு கொண்ட,आत्मसंतुष्ट (Atmasantusht),Don't become complacent despite your recent success.,சமீபத்திய வெற்றி இருந்தபோதிலும் மிதமிஞ்சிய மனநிறைவு கொள்ளாதீர்கள்.,अपनी हालिया सफलता के बावजूद आत्मसंतुष्ट न हों।,"Satisfied, Smug, Uncritical",சுயதிருப்தியுள்ள
456,Day 92,Conciliatory,Adjective,Intermediate,சமாதானப்படுத்தும்,मैत्रीपूर्ण (Maitripoorn),He made a conciliatory gesture to end the argument.,விவாதத்தை முடிக்க அவர் ஒரு சமாதானப்படுத்தும் சைகையைச் செய்தார்.,उन्होंने बहस खत्म करने के लिए मैत्रीपूर्ण संकेत दिया।,"Appeasing, Peacemaking, Soothing",இணக்கமான
457,Day 92,Conspicuous,Adjective,Intermediate,கண்ணில் படக்கூடிய,प्रत्यक्ष (Pratyaksh),The red car was conspicuous in the parking lot.,வாகன நிறுத்துமிடத்தில் அந்தச் சிவப்பு கார் எளிதில் கண்ணில் படக்கூடியதாக இருந்தது.,पार्किंग में लाल कार प्रत्यक्ष रूप से दिखाई दे रही थी।,"Visible, Noticable, Obvious",எடுப்பான
458,Day 92,Cordial,Adjective,Intermediate,இதமான / அன்பான,सौहार्दपूर्ण (Sauhardpoorn),We received a cordial welcome at the hotel.,விடுதியில் எங்களுக்கு இதமான வரவேற்பு கிடைத்தது.,होटल में हमारा सौहार्दपूर्ण स्वागत हुआ।,"Friendly, Warm, Gracious",கனிவான
459,Day 92,Criterion,Noun,Intermediate,அளவுகோல்,मापदंड (Maapdand),Experience is the main criterion for this job.,இந்த வேலைக்கான முக்கிய அளவுகோல் அனுபவம் ஆகும்.,इस नौकरी के लिए अनुभव मुख्य मापदंड है।,"Standard, Measure, Benchmark",தகுதித்தரம்
460,Day 92,Culpable,Adjective,Intermediate,குற்றத்திற்குரிய,अपराधी (Apradhi),He was held culpable for the accident.,விபத்திற்கு அவர் குற்றவாளியாகக் கருதப்பட்டார்.,उसे दुर्घटना के लिए अपराधी माना गया।,"Guilty, Blameworthy, At fault",தண்டனைக்குரிய
461,Day 93,Deterrent,Noun,Intermediate,தடுப்பு,निवारक (Nivarak),CCTV cameras act as a deterrent to crime.,சிசிடிவி கேமராக்கள் குற்றங்களுக்கு ஒரு தடுப்பாகச் செயல்படுகின்றன.,सीसीटीवी कैमरे अपराध के लिए निवारक के रूप में कार्य करते हैं।,"Hindrance, Obstacle, Barrier",தடை
462,Day 93,Discretion,Noun,Intermediate,விவேகம் / விருப்பம்,विवेक (Vivek),You may use your discretion in this matter.,இந்த விஷயத்தில் நீங்கள் உங்கள் விவேகத்தைப் பயன்படுத்தலாம்.,आप इस मामले में अपने विवेक का उपयोग कर सकते हैं।,"Choice, Judgment, Prudence",தன்விருப்பம்
463,Day 93,Dissent,Noun,Intermediate,கருத்து வேறுபாடு,असहमति (Asahmati),There was strong dissent among the board members.,வாரிய உறுப்பினர்களிடையே வலுவான கருத்து வேறுபாடு இருந்தது.,बोर्ड के सदस्यों के बीच कड़ी असहमति थी।,"Disagreement, Opposition",மாறுபட்ட கருத்து
464,Day 93,Docile,Adjective,Intermediate,சாந்தமான,विनम्र (Vinamra),The horse was very docile and easy to ride.,குதிரை மிகவும் சாந்தமாக இருந்ததால் சவாரி செய்ய எளிதாக இருந்தது.,घोड़ा बहुत विनम्र था और सवारी करने में आसान था।,"Compliant, Obedient, Gentle",அடக்கமான
465,Day 93,Dogmatic,Adjective,Intermediate,பிடிவாதமான கருத்து,हठधर्मी (Hathdharmi),He is very dogmatic about his political beliefs.,அவர் தனது அரசியல் நம்பிக்கைகளில் மிகவும் பிடிவாதமாக இருக்கிறார்.,वह अपने राजनीतिक विश्वासों के बारे में बहुत हठधर्मी है।,"Opinionated, Rigid, Inflexible",கொள்கைப்பிடிப்புள்ள
466,Day 94,Empathy,Noun,Intermediate,பிறர் உணர்வை அறிதல்,सहानुभूति (Sahanubhuti),Nurses must show empathy toward their patients.,செவிலியர்கள் தங்கள் நோயாளிகளின் உணர்வுகளை அறிந்து செயல்பட வேண்டும்.,नर्सों को अपने मरीजों के प्रति सहानुभूति दिखानी चाहिए।,"Compassion, Understanding",ஒருமைப்பாடு
467,Day 94,Exemplary,Adjective,Intermediate,முன்மாதிரியான,अनुकरणीय (Anukarniya),His conduct in school was exemplary.,பள்ளியில் அவரது நடத்தை முன்மாதிரியாக இருந்தது.,स्कूल में उनका आचरण अनुकरणीय था।,"Perfect, Ideal, Model",போற்றத்தக்க
468,Day 94,Exonerate,Verb,Intermediate,குற்றச்சாட்டிலிருந்து விடுவி,दोषमुक्त करना (Doshmukt Karna),The court will exonerate him if the evidence is true.,ஆதாரம் உண்மையாக இருந்தால் நீதிமன்றம் அவரை விடுவிக்கும்.,यदि सबूत सच हैं तो अदालत उसे दोषमुक्त कर देगी।,"Acquit, Clear, Absolve",குற்றமற்றவர் என நிரூபி
469,Day 94,Expedite,Verb,Intermediate,விரைவுபடுத்து,शीघ्र (Sheeghra),We need to expedite the delivery process.,விநியோகச் செயல்பாட்டை நாம் விரைவுபடுத்த வேண்டும்.,हमें वितरण प्रक्रिया में शीघ्रता लाने की आवश्यकता है।,"Hurry, Speed up, Accelerate",முடுக்கிவிடு
470,Day 94,Fallacious,Adjective,Intermediate,தவறான,भ्रामक (Bhramak),His argument is based on fallacious reasoning.,அவரது வாதம் தவறான காரணங்களின் அடிப்படையில் அமைந்துள்ளது.,उनका तर्क भ्रामक तर्क पर आधारित है।,"False, Erroneous, Untrue",போலித்தனமான
471,Day 95,Fathom,Verb,Intermediate,புரிந்துகொள்,समझना (Samajhna),I cannot fathom why she decided to quit.,அவள் ஏன் வெளியேற முடிவு செய்தாள் என்று என்னால் புரிந்துகொள்ள முடியவில்லை.,मैं समझ नहीं पा रहा हूँ कि उसने छोड़ने का फैसला क्यों किया।,"Understand, Grasp, Comprehend",ஊகித்து அறி
472,Day 95,Frugal,Adjective,Intermediate,சிக்கனமான,किफायती (Kifayati),She leads a frugal life to save money.,பணத்தைச் சேமிக்க அவள் சிக்கனமான வாழ்க்கையை வாழ்கிறாள்.,वह पैसे बचाने के लिए किफायती जीवन जीती है।,"Thrifty, Economical, Sparing",சிக்கனமுள்ள
473,Day 95,Futile,Adjective,Intermediate,பயனற்ற,व्यर्थ (Vyarth),All attempts to revive the business were futile.,தொழிலை மீட்டெடுக்க எடுத்த அனைத்து முயற்சிகளும் பயனற்றவை.,व्यवसाय को पुनर्जीवित करने के सभी प्रयास व्यर्थ रहे।,"Useless, Vain, Pointless",வீணான
474,Day 95,Gullible,Adjective,Intermediate,ஏமாறக்கூடிய,भोला (Bhola),He is so gullible that he believes everything he reads.,அவர் எதையும் நம்பும் அளவுக்கு ஏமாறக்கூடியவராக இருக்கிறார்.,वह इतना भोला है कि वह जो कुछ भी पढ़ता है उस पर विश्वास कर लेता है।,"Trusting, Naive, Innocent",எளிதில் ஏமாறும்
475,Day 95,Heralded,Verb,Intermediate,அறிவிக்கப்பட்டது,घोषित (Ghoshit),The discovery was heralded as a major breakthrough.,இந்த கண்டுபிடிப்பு ஒரு பெரிய திருப்புமுனையாக அறிவிக்கப்பட்டது.,इस खोज को एक बड़ी सफलता के रूप में घोषित किया गया था।,"Announced, Proclaimed",முன்னறிவித்தல்
476,Day 96,Hyperbole,Noun,Intermediate,மிகைப்படுத்தப்பட்ட பேச்சு,अतिशयोक्ति (Atishayokti),Calling it the best movie ever is a bit of hyperbole.,இதை எக்காலத்திலும் சிறந்த படம் என்று சொல்வது சற்று மிகைப்படுத்தப்பட்ட பேச்சு.,इसे अब तक की सबसे अच्छी फिल्म कहना थोड़ा अतिशयोक्ति है।,"Exaggeration, Overstatement",மிகைப்படுத்திக் கூறல்
477,Day 96,Immaculate,Adjective,Intermediate,கறையற்ற,निर्मल (Nirmal),Her house is always kept in immaculate condition.,அவளுடைய வீடு எப்போதும் கறையற்ற நிலையில் வைக்கப்பட்டுள்ளது.,उसका घर हमेशा निर्मल स्थिति में रखा जाता है।,"Spotless, Pristine, Pure",தூய்மையான
478,Day 96,Immutable,Adjective,Intermediate,மாற்ற முடியாத,अपरिवर्तनीय (Apari-vartaniya),The laws of physics are immutable.,இயற்பியல் விதிகள் மாற்ற முடியாதவை.,भौतिकी के नियम अपरिवर्तनीय हैं।,"Unchangeable, Fixed, Rigid",மாறாத
479,Day 96,Impartial,Adjective,Intermediate,பாரபட்சமற்ற,निष्पक्ष (Nishpaksh),A judge must remain impartial during a trial.,ஒரு நீதிபதி விசாரணையின் போது பாரபட்சமற்றவராக இருக்க வேண்டும்.,एक न्यायाधीश को सुनवाई के दौरान निष्पक्ष रहना चाहिए।,"Unbiased, Neutral, Fair",நடுநிலையான
480,Day 96,Impasse,Noun,Intermediate,முட்டுக்கட்டை,गतिरोध (Gatirodh),Negotiations reached an impasse over salary issues.,ஊதியப் பிரச்சினைகள் காரணமாக பேச்சுவார்த்தையில் முட்டுக்கட்டை ஏற்பட்டது.,वेतन के मुद्दों पर बातचीत गतिरोध पर पहुँच गई।,"Deadlock, Stalemate, Standstill",முட்டுக்கட்டை
481,Day 97,Impediment,Noun,Intermediate,தடையூறு,बाधा (Baadha),Lack of funding is the main impediment to progress.,நிதியின்மையே முன்னேற்றத்திற்கு முக்கிய தடையூறாகும்.,धन की कमी प्रगति में मुख्य बाधा है।,"Obstacle, Barrier, Hurdle",இடைஞ்சல்
482,Day 97,Imperative,Adjective,Intermediate,அவசியமான,अनिवार्य (Anivarya),It is imperative that you finish this by tomorrow.,இதை நாளைக்குள் முடிப்பது அவசியமானது.,यह अनिवार्य है कि आप इसे कल तक पूरा कर लें।,"Crucial, Essential, Vital",மிக முக்கியமான
483,Day 97,Imperious,Adjective,Intermediate,அதிகாரத் தோரணையுள்ள,दबंग (Dabang),She spoke in an imperious tone to her staff.,அவள் தனது ஊழியர்களிடம் அதிகாரத் தோரணையுடன் பேசினாள்.,उसने अपने कर्मचारियों से दबंग लहजे में बात की।,"Overbearing, Domineering",கர்வமுள்ள
484,Day 97,Imperturbable,Adjective,Intermediate,கலக்கமடையாத,शांत (Shaant),He remained imperturbable even in a crisis.,ஒரு நெருக்கடியிலும் அவர் கலக்கமடையாமல் இருந்தார்.,संकट में भी वह शांत रहे।,"Calm, Composed, Serene",அமைதியான
485,Day 97,Impervious,Adjective,Intermediate,ஊடுருவ முடியாத,अभेद्य (Abhedya),This coat is impervious to rain.,இந்த கோட் மழை நீரை ஊடுருவ விடாது.,यह कोट बारिश के लिए अभेद्य है।,"Impenetrable, Resistant",பாதிக்கப்படாத
486,Day 98,Implicit,Adjective,Intermediate,மறைமுகமான,अंतर्निहित (Antarnihit),There was an implicit agreement between them.,அவர்களுக்குள் ஒரு மறைமுகமான உடன்பாடு இருந்தது.,उनके बीच एक अंतर्निहित समझौता था।,"Implied, Suggested",உள்ளுறைந்த
487,Day 98,Implore,Verb,Intermediate,கெஞ்சி வேண்டு,विनती करना (Vinti Karna),I implore you to change your mind.,உங்கள் எண்ணத்தை மாற்றிக்கொள்ளுமாறு நான் உங்களைக் கெஞ்சி வேண்டுகிறேன்.,मैं आपसे अपना विचार बदलने की विनती करता हूँ।,"Beseech, Beg, Entreat",மன்றாடு
488,Day 98,Imposing,Adjective,Intermediate,கம்பீரமான,भव्य (Bhavya),The palace had an imposing entrance.,அரண்மனை ஒரு கம்பீரமான நுழைவாயிலைக் கொண்டிருந்தது.,महल का प्रवेश द्वार भव्य था।,"Impressive, Grand, Striking",கவர்ச்சிகரமான
489,Day 98,Impudence,Noun,Intermediate,துடுக்குத்தனம்,गुस्ताखी (Gustakhi),The teacher was shocked by the student's impudence.,மாணவனின் துடுக்குத்தனத்தைக் கண்டு ஆசிரியர் அதிர்ச்சியடைந்தார்.,छात्र की गुस्ताखी देखकर शिक्षक दंग रह गए।,"Audacity, Insolence, Nerve",திமிர்
490,Day 98,Inane,Adjective,Intermediate,முட்டாள்தனமான,मूर्खतापूर्ण (Moorkhtapoorna),He kept making inane remarks during the meeting.,கூட்டத்தின் போது அவர் முட்டாள்தனமான கருத்துக்களைக் கூறிக்கொண்டே இருந்தார்.,वह बैठक के दौरान मूर्खतापूर्ण टिप्पणी करता रहा।,"Silly, Foolish, Stupid",பொருளற்ற
491,Day 99,Inaugurate,Verb,Intermediate,தொடங்கி வை,उद्घाटन करना (Udghatan Karna),The mayor will inaugurate the new park today.,மேயர் இன்று புதிய பூங்காவைத் தொடங்கி வைப்பார்.,मेयर आज नए पार्क का उद्घाटन करेंगे।,"Initiate, Launch, Start",துவக்கி வை
492,Day 99,Incessant,Adjective,Intermediate,இடைவிடாத,निरंतर (Nirantar),The incessant noise made it hard to sleep.,இடைவிடாத சத்தம் தூங்குவதைக் கடினமாக்கியது.,निरंतर शोर ने सोना मुश्किल कर दिया।,"Constant, Continuous",ஓயாத
493,Day 99,Incisive,Adjective,Intermediate,கூர்மையான,तीक्ष्ण (Teekshna),She is known for her incisive analysis of the news.,செய்திகளைப் பற்றிய கூர்மையான பகுப்பாய்விற்கு அவள் பெயர் பெற்றவள்.,वह समाचारों के तीक्ष्ण विश्लेषण के लिए जानी जाती हैं।,"Sharp, Penetrating, Keen",தெளிவான
494,Day 99,Incognito,Adjective,Intermediate,மாறுவேடத்தில்,गुप्त रूप से (Gupt Roop Se),The celebrity traveled incognito to avoid fans.,பிரபலங்கள் ரசிகர்களைத் தவிர்க்க மாறுவேடத்தில் பயணம் செய்தனர்.,सेलिब्रिटी ने प्रशंसकों से बचने के लिए गुप्त रूप से यात्रा की।,"Disguised, Anonymous",அடையாளம் காட்டாத
495,Day 99,Incongruous,Adjective,Intermediate,பொருத்தமற்ற,बेमेल (Bemel),The modern sofa looked incongruous in the old room.,பழைய அறையில் நவீன சோபா பொருத்தமற்றதாகத் தெரிந்தது.,पुराने कमरे में आधुनिक सोफा बेमेल लग रहा था।,"Out of place, Inconsistent",முரணான
496,Day 100,Indigenous,Adjective,Intermediate,உள்நாட்டைச் சேர்ந்த,स्वदेशी (Swadeshi),The potato is indigenous to South America.,உருளைக்கிழங்கு தென் அமெரிக்காவைச் சேர்ந்தது.,आलू दक्षिण अमेरिका का स्वदेशी है।,"Native, Local, Original",சுதேச
497,Day 100,Indigent,Adjective,Intermediate,ஏழ்மையான,दरिद्र (Daridra),The charity helps indigent families in the area.,இந்த அறக்கட்டளை அப்பகுதியில் உள்ள ஏழ்மையான குடும்பங்களுக்கு உதவுகிறது.,चैरिटी क्षेत्र के दरिद्र परिवारों की मदद करती है।,"Poor, Needy, Impoverished",ஏழை
498,Day 100,Indolent,Adjective,Intermediate,சோம்பேறியான,आलसी (Aalsi),The indolent student failed to finish his project.,சோம்பேறியான மாணவன் தனது திட்டத்தை முடிக்கத் தவறினான்.,आलसी छात्र अपना प्रोजेक्ट पूरा करने में विफल रहा।,"Lazy, Idle, Slothful",மந்தமான
499,Day 100,Indomitable,Adjective,Intermediate,அடக்க முடியாத,अदम्य (Adamya),She has an indomitable spirit even in failure.,தோல்வியிலும் அவளுக்கு அடக்க முடியாத மன உறுதி உள்ளது.,असफलता में भी उनमें अदम्य साहस है।,"Unconquerable, Strong",வெல்ல முடியாத
500,Day 100,Ineffable,Adjective,Intermediate,விவரிக்க முடியாத,अकथनीय (Akathaniya),The beauty of the sunset was ineffable.,சூரிய அஸ்தமனத்தின் அழகு விவரிக்க முடியாததாக இருந்தது.,सूर्यास्त की सुंदरता अकथनीय थी।,"Unutterable, Indescribable",சொல்லொணா
501,Day 101,Inert,Adjective,Intermediate,செயலற்ற,जड़ (Jad),He lay inert on the bed after the long journey.,நீண்ட பயணத்திற்குப் பிறகு அவர் படுக்கையில் செயலற்றுக் கிடந்தார்.,लंबी यात्रा के बाद वह बिस्तर पर जड़ पड़ा रहा।,"Inactive, Motionless, Still",இயக்கமற்ற
502,Day 101,Inevitable,Adjective,Intermediate,தவிர்க்க முடியாத,अनिवार्य (Anivarya),Change is inevitable in life.,வாழ்க்கையில் மாற்றம் என்பது தவிர்க்க முடியாதது.,जीवन में परिवर्तन अनिवार्य है।,"Unavoidable, Certain",நிச்சயம் நிகழும்
503,Day 101,Inference,Noun,Intermediate,அனுமானம்,निष्कर्ष (Nishkarsh),What inference can you draw from these facts?,இந்த உண்மைகளிலிருந்து நீங்கள் என்ன அனுமானத்தை எடுக்கலாம்?,इन तथ्यों से आप क्या निष्कर्ष निकाल सकते हैं?,"Deduction, Conclusion",ஊகம்
504,Day 101,Ingenuous,Adjective,Intermediate,கள்ளங்கபமற்ற,निष्कपट (Nishkapat),Her ingenuous nature made her easy to trust.,அவளது கள்ளங்கபமற்ற குணம் அவளை எளிதில் நம்ப வைத்தது.,उसके निष्कपट स्वभाव ने उस पर भरोसा करना आसान बना दिया।,"Naive, Innocent, Simple",வெளிப்படையான
505,Day 101,Iniquity,Noun,Intermediate,அநீதி,अन्याय (Anyay),The reformer spoke out against the iniquity of the laws.,சீர்திருத்தவாதி சட்டங்களின் அநீதிக்கு எதிராகப் பேசினார்.,सुधारक ने कानूनों के अन्याय के खिलाफ आवाज उठाई।,"Wickedness, Injustice, Evil",பாவம்
506,Day 102,Innocuous,Adjective,Intermediate,தீங்கற்ற,अहानिकर (Ahaanikar),"It was an innocuous joke, not meant to offend.","அது ஒரு தீங்கற்ற நகைச்சுவை, யாரையும் புண்படுத்தும் நோக்கம் கொண்டதல்ல.","यह एक अहानिकर मजाक था, किसी को ठेस पहुँचाने के लिए नहीं।","Harmless, Safe",பாதிப்பில்லாத
507,Day 102,Innuendo,Noun,Intermediate,மறைமுகக் குறிப்பு,कटाक्ष (Katakshta),She used innuendo to criticize his work.,அவரது வேலையை விமர்சிக்க அவள் மறைமுகக் குறிப்பைப் பயன்படுத்தினாள்.,उसने उनके काम की आलोचना करने के लिए कटाक्ष का इस्तेमाल किया।,"Suggestion, Hint, Intimation",ஜாடை
508,Day 102,Inscrutable,Adjective,Intermediate,புரிந்துகொள்ள முடியாத,रहस्यमय (Rahasyamay),He had an inscrutable expression on his face.,அவர் முகத்தில் புரிந்துகொள்ள முடியாத ஒரு பாவனை இருந்தது.,उनके चेहरे पर एक रहस्यमय भाव था।,"Enigmatic, Mysterious",மர்மமான
509,Day 102,Insidious,Adjective,Intermediate,வஞ்சகமான,कपटी (Kapti),High blood pressure is an insidious disease.,உயர் இரத்த அழுத்தம் ஒரு வஞ்சகமான (அறிகுறி தெரியாத) நோய்.,उच्च रक्तचाप एक कपटी बीमारी है।,"Stealthy, Treacherous",சூழ்ச்சியான
510,Day 102,Instigate,Verb,Intermediate,தூண்டிவிடு,उकसाना (Uksana),They were accused of trying to instigate a riot.,அவர்கள் ஒரு கலவரத்தைத் தூண்டிவிட முயன்றதாகக் குற்றம் சாட்டப்பட்டனர்.,उन पर दंगा उकसाने की कोशिश करने का आरोप लगाया गया था।,"Provoke, Incite, Stir up",கிளர்ச்சி செய்
511,Day 103,Insular,Adjective,Intermediate,குறுகிய மனப்பான்மையுள்ள,संकीर्ण (Sankeerna),The village was very insular and didn't like strangers.,"அந்த கிராமம் மிகவும் குறுகிய மனப்பான்மை கொண்டது, அந்நியர்களை விரும்புவதில்லை.",गाँव बहुत संकीर्ण था और अजनबियों को पसंद नहीं करता था।,"Narrow-minded, Isolated",தனிமைப்பட்ட
512,Day 103,Insurgent,Noun,Intermediate,கிளர்ச்சியாளர்,विद्रोही (Vidrohi),The insurgent groups attacked the military base.,கிளர்ச்சிக் குழுக்கள் ராணுவத் தளத்தைத் தாக்கின.,विद्रोही समूहों ने सैन्य अड्डे पर हमला किया।,"Rebel, Revolutionary",கலகக்காரர்
513,Day 103,Intangible,Adjective,Intermediate,கண்ணுக்குத் தெரியாத / அருவமான,अमूर्त (Amoort),Knowledge is an intangible asset.,அறிவு என்பது கண்ணுக்குத் தெரியாத ஒரு சொத்து.,ज्ञान एक अमूर्त संपत्ति है।,"Impalpable, Abstract",தொட்டுணர முடியாத
514,Day 103,Integrity,Noun,Intermediate,நேர்மை,अखंडता (Akhandata),We admire his honesty and personal integrity.,அவருடைய நேர்மையையும் தனிப்பட்ட ஒழுக்கத்தையும் நாங்கள் மதிக்கிறோம்.,हम उनकी ईमानदारी और व्यक्तिगत अखंडता की प्रशंसा करते हैं।,"Honesty, Rectitude, Probity",நாணயம் / ஒழுக்கம்
515,Day 103,Itinerant,Adjective,Intermediate,ஊர் ஊராகச் செல்லும்,भ्रमणकारी (Bhramankari),The itinerant journalist traveled across the country.,ஊர் ஊராகச் செல்லும் அந்த நிருபர் நாடு முழுவதும் பயணம் செய்தார்.,भ्रमणकारी पत्रकार ने पूरे देश की यात्रा की।,"Wandering, Traveling, Roaming",நாடோடி போன்ற
516,Day 104,Jaded,Adjective,Intermediate,சலிப்படைந்த,थका हुआ (Thaka Hua),He felt jaded after years of working in the same job.,பல வருடங்களாக ஒரே வேலையைச் செய்ததால் அவர் சலிப்படைந்தார்.,सालों तक एक ही काम करने के बाद वह थक गया महसूस कर रहा था।,"Tired, Bored, Weary",மரத்துப் போன
517,Day 104,Jargon,Noun,Intermediate,குழுக்குறூஉ,विशेष शब्दावली (Vishesh Shabdavali),I couldn't understand the legal jargon in the contract.,ஒப்பந்தத்தில் உள்ள சட்டக் குழுக்குறூஉக்களை என்னால் புரிந்துகொள்ள முடியவில்லை.,मैं अनुबंध में कानूनी विशेष शब्दावली को नहीं समझ सका।,"Slang, Terminology, Lingo",தொழில்மொழி
518,Day 104,Jaunty,Adjective,Intermediate,துள்ளலான / உற்சாகமான,प्रफुल्लित (Prafullit),He walked with a jaunty step after getting the news.,செய்தி கிடைத்ததும் அவர் உற்சாகமான நடையுடன் நடந்தார்.,खबर मिलने के बाद वह प्रफुल्लित कदमों से चला।,"Cheerful, Sprightly, Lively",மகிழ்ச்சியான
519,Day 104,Jeopardy,Noun,Intermediate,ஆபத்து,ख़तरा (Khatra),The soldier put his life in jeopardy to save others.,மற்றவர்களைக் காக்க அந்த வீரன் தன் உயிரை ஆபத்தில் ஆழ்த்தினான்.,सैनिक ने दूसरों को बचाने के लिए अपनी जान जोखिम में डाल दी।,"Danger, Risk, Peril",இக்கட்டான நிலை
520,Day 104,Jostle,Verb,Intermediate,முட்டித் தள்ளு,धक्का-मुक्की (Dhakka-mukki),People had to jostle for a space on the train.,ரயிலில் இடம்பிடிக்க மக்கள் முட்டித் தள்ள வேண்டியிருந்தது.,ट्रेन में जगह के लिए लोगों को धक्का-मुक्की करनी पड़ी।,"Shove, Push, Elbow",இடித்துத் தள்ளு
521,Day 105,Jovial,Adjective,Intermediate,கலகலப்பான,हंसमुख (Hansmukh),The jovial host made everyone feel welcome.,கலகலப்பான அந்தத் தொகுப்பாளர் அனைவரையும் வரவேற்கச் செய்தார்.,हंसमुख मेजबान ने सभी का स्वागत महसूस कराया।,"Cheerful, Jolly, Friendly",களிப்பான
522,Day 105,Juncture,Noun,Intermediate,தருணம்,मोड़ (Mod),"At this critical juncture, we must make a decision.","இந்த இக்கட்டான தருணத்தில், நாம் ஒரு முடிவை எடுக்க வேண்டும்।","इस महत्वपूर्ण मोड़ पर, हमें एक निर्णय लेना चाहिए।","Moment, Point, Stage",காலக்கட்டம்
523,Day 105,Kindle,Verb,Intermediate,தூண்டு,प्रज्वलित करना (Prajvalit Karna),The book kindled her interest in science.,அந்த புத்தகம் அறிவியலில் அவளது ஆர்வத்தைத் தூண்டியது.,किताब ने विज्ञान में उसकी रुचि जगाई।,"Ignite, Awaken, Stimulate",மூட்டு / கிளறு
524,Day 105,Kinetic,Adjective,Intermediate,இயக்க ஆற்றல் சார்ந்த,गतिज (Gatij),Running water has kinetic energy.,ஓடும் நீர் இயக்க ஆற்றலைக் கொண்டுள்ளது.,बहते पानी में गतिज ऊर्जा होती है।,"Moving, Active, Energetic",இயக்கம் சார்ந்த
525,Day 105,Lacerate,Verb,Intermediate,கிழி / காயப்படுத்து,फाड़ना (Phadna),The sharp thorns lacerated his skin.,கூர்மையான முட்கள் அவரது தோலைக் கிழித்தன.,नुकीले कांटों ने उसकी खाल फाड़ दी।,"Cut, Tear, Gash",ரணமாக்கு
526,Day 106,Larceny,Noun,Intermediate,திருட்டு,चोरी (Chori),He was arrested and charged with grand larceny.,அவர் கைது செய்யப்பட்டு பெரிய திருட்டுக்குற்றம் சாட்டப்பட்டார்.,उसे गिरफ्तार किया गया और बड़ी चोरी का आरोप लगाया गया।,"Theft, Stealing, Robbery",களவு
527,Day 106,Lavish,Adjective,Intermediate,ஆடம்பரமான,आलीशान (Aalishan),They stayed in a lavish hotel during their vacation.,அவர்கள் விடுமுறையின் போது ஆடம்பரமான விடுதியில் தங்கினர்.,वे अपनी छुट्टी के दौरान एक आलीशान होटल में रुके थे।,"Luxurious, Expensive, Grand",தாராளமான
528,Day 106,Lax,Adjective,Intermediate,கவனக்குறைவான,ढीला (Dheela),Security at the airport was criticized for being lax.,விமான நிலைய பாதுகாப்பு கவனக்குறைவாக இருந்ததற்காக விமர்சிக்கப்பட்டது.,हवाई अड्डे पर सुरक्षा में ढिलाई के लिए आलोचना की गई थी।,"Careless, Negligent, Slack",தளர்வான
529,Day 106,Legacy,Noun,Intermediate,பாரம்பரியம்,विरासत (Virasat),He left a legacy of kindness and generosity.,அவர் கருணை மற்றும் தாராள மனப்பான்மையின் பாரம்பரியத்தை விட்டுச் சென்றார்.,उन्होंने दया और उदारता की विरासत छोड़ी।,"Inheritance, Heritage",உயில் வழி வரும் சொத்து
530,Day 106,Legible,Adjective,Intermediate,வாசிக்கக்கூடிய,सुपाठ्य (Supathya),Please ensure that your handwriting is legible.,உங்கள் கையெழுத்து வாசிக்கக்கூடியதாக இருப்பதை உறுதிப்படுத்தவும்.,कृपया सुनिश्चित करें कि आपकी लिखावट सुपाठ्य है।,"Readable, Clear, Neat",எளிதாகப் படிக்கத்தக்க
531,Day 107,Lenient,Adjective,Intermediate,கனிவான / மென்மையான,उदार (Udaar),The teacher was lenient with the students.,ஆசிரியர் மாணவர்களிடம் கனிவாக இருந்தார்.,शिक्षक छात्रों के प्रति उदार थे।,"Merciful, Gentle, Mild",இரக்கமுள்ள
532,Day 107,Lethal,Adjective,Intermediate,ஆபத்தான / உயிர்க்கொல்லி,घातक (Ghatak),The snake's venom is lethal to humans.,பாம்பின் விஷம் மனிதர்களுக்கு உயிர்க்கொல்லியாகும்.,सांप का जहर इंसानों के लिए घातक होता है।,"Deadly, Fatal, Mortal",உயிர்பறிக்கும்
533,Day 107,Levity,Noun,Intermediate,லேசான மனநிலை / வேடிக்கை,छिछोरापन (Chichorapan),His levity during the funeral was inappropriate.,ஈமச்சடங்கின் போது அவரது லேசான மனநிலை பொருத்தமற்றதாக இருந்தது.,अंतिम संस्कार के दौरान उनका छिछोरापन अनुचित था।,"Frivolity, Humor, Glee",மனச்சலனம்
534,Day 107,Liability,Noun,Intermediate,பொறுப்பு / கடன்,दायित्व (Dayitva),The company has a huge financial liability.,நிறுவனத்திற்கு ஒரு பெரிய நிதிப் பொறுப்பு உள்ளது.,कंपनी पर भारी वित्तीय दायित्व है।,"Responsibility, Debt, Burden",கடப்பாடு
535,Day 107,Lucrative,Adjective,Intermediate,இலாபகரமான,लाभदायक (Labhdayak),Investing in real estate can be very lucrative.,ரியல் எஸ்டேட்டில் முதலீடு செய்வது மிகவும் இலாபகரமானதாக இருக்கும்.,रियल एस्टेट में निवेश करना बहुत लाभदायक हो सकता है।,"Profitable, Gainful, Productive",பலன் தரும்
536,Day 108,Ludicrous,Adjective,Intermediate,கேலிக்குரிய,हास्यास्पद (Hasyaspad),It was a ludicrous suggestion that no one took seriously.,யாரும் தீவிரமாக எடுத்துக் கொள்ளாத ஒரு கேலிக்குரிய ஆலோசனையாக அது இருந்தது.,यह एक हास्यास्पद सुझाव था जिसे किसी ने गंभीरता से नहीं लिया।,"Ridiculous, Absurd, Silly",வேடிக்கையான
537,Day 108,Luminous,Adjective,Intermediate,ஒளிரும்,चमकीला (Chamkeela),The stars were luminous in the dark sky.,இருண்ட வானத்தில் நட்சத்திரங்கள் ஒளிரும் தன்மையுடன் இருந்தன.,अंधेरे आकाश में तारे चमकीले थे।,"Radiant, Bright, Shining",பிரகாசமான
538,Day 108,Maladroit,Adjective,Intermediate,திறமையற்ற,अनाड़ी (Anaadi),His maladroit handling of the situation made things worse.,அவர் நிலைமையைத் திறமையற்ற முறையில் கையாண்டது விஷயங்களை மோசமாக்கியது.,स्थिति को अनाड़ी ढंग से संभालने से चीजें और खराब हो गईं।,"Clumsy, Awkward, Unskillful",அநாகரீகமான
539,Day 108,Malevolent,Adjective,Intermediate,தீய எண்ணம் கொண்ட,द्रोही (Drohi),The villain had a malevolent look in his eyes.,வில்லனின் கண்களில் ஒரு தீய எண்ணம் தெரிந்தது.,खलनायक की आँखों में एक द्रोही भाव था।,"Spiteful, Malicious, Evil",வஞ்சகமான
540,Day 108,Mandatory,Adjective,Intermediate,கட்டாயமான,अनिवार्य (Anivarya),Attendance at the meeting is mandatory for all staff.,அனைத்து ஊழியர்களுக்கும் கூட்டத்தில் கலந்து கொள்வது கட்டாயமாகும்.,सभी कर्मचारियों के लिए बैठक में उपस्थिति अनिवार्य है।,"Compulsory, Required, Obligatory",ஆணைப்படி அமையும்
541,Day 109,Manifest,Adjective,Intermediate,வெளிப்படையான,प्रकट (Prakat),His anger was manifest in his facial expression.,அவரது முகப்பாவனையில் அவரது கோபம் வெளிப்படையாகத் தெரிந்தது.,उनका गुस्सा उनके चेहरे के भावों में प्रकट हो रहा था।,"Obvious, Clear, Plain",தெளிவான
542,Day 109,Marginal,Adjective,Intermediate,ஓரளவு / மிகக்குறைந்த,मामूली (Mamuli),The difference between the two products is marginal.,இரண்டு தயாரிப்புகளுக்கும் இடையிலான வித்தியாசம் மிகக்குறைந்தது.,दोनों उत्पादों के बीच का अंतर मामूली है।,"Slight, Small, Minimal",ஓரத்திலுள்ள
543,Day 109,Masticate,Verb,Intermediate,மெல்லு,चबाना (Chabana),You should masticate your food thoroughly.,உங்கள் உணவை நீங்கள் நன்றாக மெல்ல வேண்டும்.,आपको अपना खाना अच्छी तरह चबाना चाहिए।,"Chew, Munch, Crunch",அரைத்து உண்
544,Day 109,Maverick,Noun,Intermediate,தனித்துவமானவர்,स्वतंत्र विचार वाला (Swatantra Vichar Wala),He is a maverick in the world of fashion.,அவர் பேஷன் உலகில் ஒரு தனித்துவமானவர் (மரபு சாராத்தவர்).,वह फैशन की दुनिया में एक स्वतंत्र विचार वाले व्यक्ति हैं।,"Rebel, Nonconformist, Individualist",வழிகேடன்
545,Day 109,Mawkish,Adjective,Intermediate,மிதமிஞ்சிய உணர்ச்சிகரமான,भावुक (Bhavuk),The movie's ending was a bit too mawkish for me.,படத்தின் முடிவு எனக்கு சற்று மிதமிஞ்சிய உணர்ச்சிகரமாக இருந்தது.,फिल्म का अंत मेरे लिए थोड़ा ज्यादा ही भावुक था।,"Sentimental, Mushy, Emotional",சலிப்பூட்டும் அன்பு
546,Day 110,Maxim,Noun,Intermediate,பொன்மொழி,कहावत (Kahavat),"""Action speaks louder than words"" is a famous maxim.","""சொல்லை விடச் செயலே சிறந்தது"" என்பது ஒரு பிரபலமான பொன்மொழி.","""कथनी से करनी भली"" एक प्रसिद्ध कहावत है।","Proverb, Adage, Saying",முதுமொழி
547,Day 110,Meander,Verb,Intermediate,வளைந்து செல் / அலைந்து திரி,भटकना (Bhatakna),The river meanders through the green valley.,ஆறு பசுமையான பள்ளத்தாக்கு வழியாக வளைந்து செல்கிறது.,नदी हरी घाटी से होकर भटकती (टेढ़ी-मेढ़ी बहती) है।,"Wander, Drift, Wind",சுற்றித் திரி
548,Day 110,Melancholy,Noun,Intermediate,மனச்சோர்வு / சோகம்,उदासी (Udasi),A feeling of melancholy came over him in the rain.,மழையில் அவருக்கு ஒருவித மனச்சோர்வு ஏற்பட்டது.,बारिश में उनके मन में उदासी का भाव आ गया।,"Sadness, Sorrow, Gloom",விவரிக்க முடியாத சோகம்
549,Day 110,Mellifluous,Adjective,Intermediate,இனிமையாக ஒலிக்கிற,मधुर (Madhur),The singer had a mellifluous voice.,பாடகருக்கு இனிமையாக ஒலிக்கிற குரல் இருந்தது.,गायक की आवाज़ मधुर थी।,"Dulcet, Sweet-sounding, Smooth",தேனாக இனிக்கும்
550,Day 110,Menace,Noun,Intermediate,அச்சுறுத்தல்,खतरा (Khatra),Stray dogs can be a menace to children.,தெரு நாய்கள் குழந்தைகளுக்கு ஓர் அச்சுறுத்தலாக இருக்கலாம்.,आवारा कुत्ते बच्चों के लिए खतरा हो सकते हैं।,"Threat, Danger, Hazard",தீய விளைவு
551,Day 111,Metaphor,Noun,Intermediate,உருவகம்,रूपक (Roopak),"""Life is a journey"" is a common metaphor.","""வாழ்க்கை ஒரு பயணம்"" என்பது ஒரு பொதுவான உருவகம்.","""जीवन एक यात्रा है"" एक सामान्य रूपक है।","Analogy, Symbol, Image",உவமை
552,Day 111,Mettle,Noun,Intermediate,மன உறுதி / தைரியம்,साहस (Saahas),The soldiers showed their mettle during the battle.,போரின் போது வீரர்கள் தங்கள் மன உறுதியைக் காட்டினர்.,युद्ध के दौरान सैनिकों ने अपना साहस दिखाया।,"Bravery, Spirit, Courage",துணிவு
553,Day 111,Mire,Noun,Intermediate,சேறு / சிக்கல்,दलदल (Daldal),The company is stuck in a mire of debt.,நிறுவனம் கடன் என்ற சேற்றில் (சிக்கலில்) சிக்கியுள்ளது.,कंपनी कर्ज के दलदल में फंसी हुई है।,"Mud, Bog, Swamp",சகதி
554,Day 111,Misnomer,Noun,Intermediate,தவறான பெயர்,मिथ्या नाम (Mithya Naam),"To call this tiny room a ""suite"" is a misnomer.","இந்தச் சிறிய அறையை ""சூட்"" என்று அழைப்பது ஒரு தவறான பெயராகும்.","इस छोटे से कमरे को ""सुइट"" कहना एक मिथ्या नाम है।","Wrong name, Inaccuracy",பொருந்தாப் பெயர்
555,Day 111,Momentous,Adjective,Intermediate,மிக முக்கியமான,महत्वपूर्ण (Mahatvapoorn),It was a momentous occasion for the whole country.,அது முழு நாட்டிற்கும் மிக முக்கியமான ஒரு நிகழ்வாக இருந்தது.,यह पूरे देश के लिए एक महत्वपूर्ण अवसर था।,"Significant, Historic, Vital",முக்கியத்துவம் வாய்ந்த
556,Day 112,Monotony,Noun,Intermediate,ஒரே மாதிரியான சலிப்பு,नीरसता (Neerasata),The monotony of daily life can be tiring.,அன்றாட வாழ்க்கையின் ஒரே மாதிரியான சலிப்பு சோர்வைத் தரும்.,दैनिक जीवन की नीरसता थका देने वाली हो सकती है।,"Sameness, Tedium, Boredom",சலிப்பூட்டும் நிலை
557,Day 112,Morose,Adjective,Intermediate,கடுகடுப்பான / சோகமான,उदास (Udas),He became morose after losing his job.,வேலையை இழந்த பிறகு அவர் சோகமானார்.,नौकरी खोने के बाद वह उदास हो गया।,"Sullen, Gloomy, Glum",முகவாட்டமான
558,Day 112,Mundane,Adjective,Intermediate,சாதாரண / உலகியல் சார்ந்த,साधारण (Sadharan),I am tired of the mundane tasks of my job.,எனது வேலையின் சாதாரணமான பணிகளால் நான் சோர்வடைந்துள்ளேன்.,मैं अपनी नौकरी के साधारण कार्यों से थक गया हूँ।,"Ordinary, Boring, Common",அன்றாட
559,Day 112,Myriad,Adjective,Intermediate,எண்ணற்ற,असंख्य (Asankhya),There are myriad stars in the universe.,பிரபஞ்சத்தில் எண்ணற்ற நட்சத்திரங்கள் உள்ளன.,ब्रह्मांड में असंख्य तारे हैं।,"Countless, Infinite, Multitude",அளவற்ற
560,Day 112,Nebulous,Adjective,Intermediate,தெளிவற்ற,अस्पष्ट (Aspasht),He has some nebulous ideas about his future.,தனது எதிர்காலத்தைப் பற்றி அவருக்கு சில தெளிவற்ற கருத்துக்கள் உள்ளன.,उसके अपने भविष्य के बारे में कुछ अस्पष्ट विचार हैं।,"Vague, Hazy, Unclear",மேகமூட்டமான
561,Day 113,Negligence,Noun,Intermediate,கவனக்குறைவு,लापरवाही (Laparvahi),The accident was caused by the driver's negligence.,விபத்து ஓட்டுநரின் கவனக்குறைவால் ஏற்பட்டது.,दुर्घटना चालक की लापरवाही के कारण हुई थी।,"Carelessness, Slackness",அசட்டை
562,Day 113,Nettle,Verb,Intermediate,எரிச்சலூட்டு,चिढ़ाना (Chidhana),His constant criticism began to nettle her.,அவனது தொடர்ச்சியான விமர்சனம் அவளை எரிச்சலூட்டத் தொடங்கியது.,उसकी लगातार आलोचना उसे चिढ़ाने लगी।,"Annoy, Irritate, Vex",கோபப்படுத்து
563,Day 113,Novelty,Noun,Intermediate,புதுமை,नवीनता (Naveenta),The novelty of the new toy soon wore off.,புதிய பொம்மையின் புதுமை விரைவில் மறைந்துவிட்டது.,नए खिलौने की नवीनता जल्द ही खत्म हो गई।,"Innovation, Freshness, Newness",விந்தைப் பொருள்
564,Day 113,Nuance,Noun,Intermediate,நுட்பமான வேறுபாடு,सूक्ष्म अंतर (Sookshma Antar),You need to understand the nuances of the language.,மொழியின் நுட்பமான வேறுபாடுகளை நீங்கள் புரிந்து கொள்ள வேண்டும்.,आपको भाषा के सूक्ष्म अंतरों को समझने की जरूरत है।,"Subtlety, Shade, Degree",நயமான வேறுபாடு
565,Day 113,Obliterate,Verb,Intermediate,முழுமையாக அழி,मिटा देना (Mita Dena),The memory of the event was obliterated by time.,காலப்போக்கில் அந்த நிகழ்வின் நினைவுகள் முழுமையாக அழிந்தன.,समय के साथ घटना की स्मृति मिट गई।,"Destroy, Erase, Wipe out",சுவடின்றி அழி
566,Day 114,Obstinate,Adjective,Intermediate,முரட்டுப் பிடிவாதமுள்ள,हठी (Hathi),He is too obstinate to listen to advice.,அவர் அறிவுரையைக் கேட்க முடியாத அளவுக்கு முரட்டுப் பிடிவாதமுள்ளவர்.,वह सलाह सुनने के लिए बहुत हठी है।,"Stubborn, Headstrong, Firm",விடாப்பிடியான
567,Day 114,Ominous,Adjective,Intermediate,அபசகுனமான,अशुभ (Ashubh),Those black clouds look ominous.,அந்த கார்மேகங்கள் அபசகுனமாகத் தெரிகின்றன.,वे काले बादल अशुभ लग रहे हैं।,"Threatening, Menacing, Gloomy",தீய சகுனமுள்ள
568,Day 114,Optimistic,Adjective,Intermediate,நம்பிக்கையுள்ள,आशावादी (Ashavadi),We are optimistic about the future of the company.,நிறுவனத்தின் எதிர்காலம் குறித்து நாங்கள் நம்பிக்கையுடன் இருக்கிறோம்.,हम कंपनी के भविष्य को लेकर आशावादी हैं।,"Hopeful, Confident, Positive",நன்னம்பிக்கை
569,Day 114,Ornate,Adjective,Intermediate,அலங்கரிக்கப்பட்ட,अलंकृत (Alankrit),The church had an ornate ceiling.,தேவாலயம் அலங்கரிக்கப்பட்ட கூரையைக் கொண்டிருந்தது.,चर्च की छत अलंकृत थी।,"Decorated, Fancy, Elaborate",நுணுக்கமான வேலைப்பாடுள்ள
570,Day 114,Orthodox,Adjective,Intermediate,மரபுவழி சார்ந்த,रूढ़िवादी (Rudhivadi),He holds orthodox views on education.,அவர் கல்வி குறித்து மரபுவழி சார்ந்த கருத்துக்களைக் கொண்டுள்ளார்.,वह शिक्षा पर रूढ़िवादी विचार रखते हैं।,"Traditional, Standard, Accepted",வைதீகமான
571,Day 115,Ostracize,Verb,Intermediate,ஒதுக்கி வை,बहिष्कृत करना (Bahishkrit Karna),He was ostracized by his community for his views.,அவரது கருத்துக்களுக்காக அவர் தனது சமூகத்தால் ஒதுக்கி வைக்கப்பட்டார்.,उनके विचारों के लिए उन्हें उनके समुदाय द्वारा बहिष्कृत कर दिया गया था।,"Exclude, Shun, Banish",ஊரை விட்டு ஒதுக்கு
572,Day 115,Palpable,Adjective,Intermediate,உணரக்கூடிய,स्पष्ट (Spasht),There was a palpable sense of relief in the room.,அறையில் உணரக்கூடிய அளவிலான நிம்மதி நிலவியது.,कमरे में राहत की एक स्पष्ट अनुभूति थी।,"Tangible, Noticeable, Obvious",தொட்டுணரக்கூடிய
573,Day 115,Panacea,Noun,Intermediate,சர்வலோக நிவாரணி,रामबाण (Ramban),Technology is not a panacea for all our problems.,தொழில்நுட்பம் நமது எல்லாப் பிரச்சினைகளுக்கும் ஒரு சர்வலோக நிவாரணி அல்ல.,तकनीक हमारी सभी समस्याओं के लिए रामबाण नहीं है।,"Cure-all, Remedy, Solution",அனைத்து நோய் தீர்க்கும் மருந்து
574,Day 115,Patronize,Verb,Intermediate,மேலதிகாரமாக நடத்து,संरक्षण देना (Sanrakshan Dena),Don't patronize me; I know what I'm doing.,என்னை மட்டமாக (மேலதிகாரமாக) நடத்தாதே; நான் என்ன செய்கிறேன் என்று எனக்குத் தெரியும்.,मुझे नीचा मत दिखाओ; मुझे पता है कि मैं क्या कर रहा हूँ।,"Condescend, Humiliate, Support",ஆதரவளி / மட்டப்படுத்து
575,Day 115,Philanthropic,Adjective,Intermediate,மனிதநேயமுள்ள,परोपकारी (Paropkaari),The philanthropic organization helped build schools.,அந்த மனிதநேயமுள்ள நிறுவனம் பள்ளிகளைக் கட்ட உதவியது.,परोपकारी संस्था ने स्कूल बनाने में मदद की।,"Charitable, Benevolent, Generous",தர்மசிந்தனை கொண்ட
576,Day 116,Pique,Verb,Intermediate,ஆர்வத்தைத் தூண்டு / வருத்தப்படுத்து,मनमुटाव (Manmutav),The mystery story piqued my interest.,அந்த மர்மக் கதை என் ஆர்வத்தைத் தூண்டியது.,रहस्यमयी कहानी ने मेरी रुचि जगाई।,"Provoke, Arouse, Irritate",சினம் / ஆர்வம் மூட்டு
577,Day 116,Placate,Verb,Intermediate,சமாதானப்படுத்து,शांत करना (Shaant Karna),They tried to placate the angry protestors.,அவர்கள் கோபமான போராட்டக்காரர்களைச் சமாதானப்படுத்த முயன்றனர்.,उन्होंने गुस्साई भीड़ को शांत करने की कोशिश की।,"Pacify, Appease, Mollify",அமைதிப்படுத்து
578,Day 116,Plausible,Adjective,Intermediate,நம்பக்கூடிய,विश्वसनीय (Vishwasniya),Her excuse for being late sounded plausible.,அவள் தாமதமாக வந்ததற்கான காரணம் நம்பக்கூடியதாக இருந்தது.,उसके देर से आने का बहाना विश्वसनीय लग रहा था।,"Believable, Reasonable, Likely",ஏற்கத்தக்க
579,Day 116,Pliant,Adjective,Intermediate,எளிதில் வளைக்கக்கூடிய,लचीला (Lacheela),Willow branches are very pliant.,வில்லோ மரக்கிளைகள் மிகவும் எளிதில் வளைக்கக்கூடியவை.,विलो की शाखाएं बहुत लचीली होती हैं।,"Flexible, Pliable, Supple",இணக்கமான
580,Day 116,Poignant,Adjective,Intermediate,நெஞ்சைத் தொடும்,मर्मस्पर्शी (Marmsparshi),The movie had a poignant ending that made us cry.,அந்தப் படம் எங்களை அழ வைத்த நெஞ்சைத் தொடும் முடிவைக் கொண்டிருந்தது.,फिल्म का अंत मर्मस्पर्शी था जिसने हमें रुला दिया।,"Touching, Moving, Emotional",உருக்கமான
581,Day 117,Pragmatic,Adjective,Intermediate,நடைமுறைச் சார்ந்த,व्यावहारिक (Vyavaharik),We need a pragmatic solution to this problem.,இந்தப் பிரச்சனைக்கு நமக்கு நடைமுறைச் சார்ந்த தீர்வு தேவை.,हमें इस समस्या का व्यावहारिक समाधान चाहिए।,"Practical, Realistic, Efficient",எதார்த்தமான
582,Day 117,Precarious,Adjective,Intermediate,ஆபத்தான / நிலையற்ற,अनिश्चित (Anishchit),The ladder was in a precarious position.,ஏணி ஒரு ஆபத்தான (நிலையற்ற) நிலையில் இருந்தது.,सीढ़ी एक अनिश्चित स्थिति में थी।,"Risky, Dangerous, Unstable",அபாயகரமான
583,Day 117,Preclude,Verb,Intermediate,தவிர் / தடுத்திடு,रोकना (Rokna),His injury will preclude him from playing today.,அவரது காயம் இன்று அவர் விளையாடுவதைத் தடுத்துவிடும்.,उसकी चोट उसे आज खेलने से रोक देगी।,"Prevent, Prohibit, Exclude",விலக்கு
584,Day 117,Precocious,Adjective,Intermediate,முதிர்ச்சியான (சிறுவயதிலேயே),अकालप्रौढ़ (Akaal-praudh),The precocious child was already reading novels.,அந்த முதிர்ச்சியான குழந்தை ஏற்கனவே நாவல்களைப் படித்துக்கொண்டிருந்தது.,वह अकालप्रौढ़ बच्चा पहले से ही उपन्यास पढ़ रहा था।,"Gifted, Advanced, Mature",அறிவு முதிர்ந்த
585,Day 117,Predilection,Noun,Intermediate,தனி விருப்பம்,झुकाव (Jhukaav),He has a predilection for spicy food.,அவருக்கு காரமான உணவின் மீது ஒரு தனி விருப்பம் உள்ளது.,उनका मसालेदार भोजन के प्रति विशेष झुकाव है।,"Preference, Fondness, Liking",சார்பு
586,Day 118,Prevalent,Adjective,Intermediate,பொதுவாகக் காணப்படும்,प्रचलित (Prachalit),This disease is prevalent in tropical climates.,இந்த நோய் வெப்பமண்டல காலநிலைகளில் பொதுவாகக் காணப்படுகிறது.,यह रोग उष्णकटिबंधीय जलवायु में प्रचलित है।,"Common, Widespread, Usual",பரவலாக உள்ள
587,Day 118,Pristine,Adjective,Intermediate,பழமை மாறாத / தூய்மையான,प्राचीन (Prachin),The forest was in a pristine condition.,காடு அதன் பழமை மாறாத (தூய்மையான) நிலையில் இருந்தது.,जंगल अपनी प्राचीन स्थिति में था।,"Pure, Immaculate, Spotless",மாசற்ற
588,Day 118,Proclivity,Noun,Intermediate,மனச்சாய்வு,प्रवृत्ति (Pravritti),He has a proclivity for getting into trouble.,அவருக்குச் சிக்கல்களில் மாட்டிக்கொள்ளும் மனச்சாய்வு உள்ளது.,उनकी मुसीबत में पड़ने की प्रवृत्ति है।,"Inclination, Tendency, Lean",நாட்டம்
589,Day 118,Prodigious,Adjective,Intermediate,பிரம்மாண்டமான,विशाल (Vishaal),The athlete has a prodigious amount of energy.,அந்த வீரரிடம் பிரம்மாண்டமான அளவு ஆற்றல் உள்ளது.,एथलीट के पास विशाल मात्रा में ऊर्जा है।,"Enormous, Huge, Immense",வியக்கத்தக்க
590,Day 118,Profound,Adjective,Intermediate,ஆழமான,गहरा (Gehra),The book had a profound effect on my life.,அந்தப் புத்தகம் என் வாழ்க்கையில் ஓர் ஆழமான தாக்கத்தை ஏற்படுத்தியது.,पुस्तक का मेरे जीवन पर गहरा प्रभाव पड़ा।,"Deep, Serious, Wise",அறிவார்ந்த
591,Day 119,Prolific,Adjective,Intermediate,அதிக விளைச்சலைத் தரும்,फलदायक (Phal-dayak),She is a prolific writer who publishes two books a year.,அவர் ஆண்டுக்கு இரண்டு புத்தகங்களை வெளியிடும் ஒரு சிறந்த (அதிகம் எழுதும்) எழுத்தாளர்.,वह एक फलदायक लेखिका हैं जो साल में दो किताबें प्रकाशित करती हैं।,"Productive, Fertile, Rich",செழிப்பான
592,Day 119,Propensity,Noun,Intermediate,இயல்பான நாட்டம்,प्रवृत्ति (Pravritti),She has a propensity to exaggerate her stories.,அவளுக்குத் தன் கதைகளை மிகைப்படுத்திச் சொல்லும் இயல்பான நாட்டம் உள்ளது.,उसकी अपनी कहानियों को बढ़ा-चढ़ाकर पेश करने की प्रवृत्ति है।,"Tendency, Inclination, Habit",முனைப்பு
593,Day 119,Prophetic,Adjective,Intermediate,தீர்க்கதரிசனமுள்ள,भविष्य बतानेवाला (Bhavishya Batane Wala),Her words proved to be prophetic when the event happened.,அந்த நிகழ்வு நடந்தபோது அவளுடைய வார்த்தைகள் தீர்க்கதரிசனமாக அமைந்தன.,जब घटना हुई तो उनके शब्द भविष्य बताने वाले साबित हुए।,"Predictive, Visionary",முன்னறிவிக்கும்
594,Day 119,Propriety,Noun,Intermediate,ஒழுக்கம் / முறைமை,शिष्टाचार (Shishtachar),You should behave with propriety at the wedding.,திருமணத்தில் நீங்கள் முறைமையுடன் (ஒழுக்கத்துடன்) நடந்து கொள்ள வேண்டும்.,आपको शादी में शिष्टाचार के साथ व्यवहार करना चाहिए।,"Decorum, Decency, Respectability",தகுதி
595,Day 119,Prudent,Adjective,Intermediate,விவேகமான,विवेकी (Viveki),It is prudent to save money for emergencies.,அவசர காலத்திற்காகப் பணத்தைச் சேமிப்பது விவேகமானது.,आपात स्थिति के लिए पैसे बचाना विवेकी है।,"Wise, Cautious, Judicious",முன்யோசனையுள்ள
596,Day 120,Punctilious,Adjective,Intermediate,நுணுக்கமாகக் கவனிக்கும்,अति शिष्टाचारी (Ati Shishtachari),He is punctilious about his appearance.,அவர் தனது தோற்றத்தில் மிகவும் நுணுக்கமாகக் கவனம் செலுத்துபவர்.,वह अपने दिखावे के प्रति अति शिष्टाचारी है।,"Meticulous, Careful, Formal",மிக விழிப்புள்ள
597,Day 120,Qualm,Noun,Intermediate,மன உறுத்தல்,हिचक (Hichak),He had no qualms about lying to the boss.,முதலாளியிடம் பொய் சொல்வதில் அவருக்கு எந்த மன உறுத்தலும் இருக்கவில்லை.,उसे बॉस से झूठ बोलने में कोई हिचक नहीं थी।,"Regret, Misgiving, Doubt",சந்தேகம்
598,Day 120,Quandary,Noun,Intermediate,குழப்பமான நிலை,व्याकुलता (Vyakulata),I am in a quandary about which job to take.,எந்த வேலையைத் தேர்ந்தெடுப்பது என்ற குழப்பமான நிலையில் நான் இருக்கிறேன்.,मैं इस व्याकुलता में हूँ कि कौन सी नौकरी लूँ।,"Dilemma, Problem, Difficulty",இக்கட்டு
599,Day 120,Querulous,Adjective,Intermediate,குறை சொல்லிக்கொண்டே இருக்கும்,शिकायती (Shikayati),The querulous passenger complained about the delay.,குறை சொல்லிக்கொண்டே இருக்கும் அந்தப் பயணி தாமதத்தைப் பற்றிப் புகார் செய்தார்.,शिकायती यात्री ने देरी के बारे में शिकायत की।,"Complaining, Irritable, Grumpy",சிணுங்குகிற
600,Day 120,Rambunctious,Adjective,Intermediate,கட்டுப்பாடற்ற உற்சாகமுள்ள,ऊधमी (Oodhami),The rambunctious kids broke the vase.,உற்சாக மிகுதியால் கட்டுப்பாடற்ற குழந்தைகள் ஜாடியை உடைத்தனர்.,ऊधमी बच्चों ने फूलदान तोड़ दिया।,"Boisterous, Wild, Rowdy",துடுக்குத்தனமான
601,Day 121,Rapport,Noun,Intermediate,நல்லுறவு,तालमेल (Taalmel),She developed a good rapport with her students.,அவள் தன் மாணவர்களுடன் ஒரு நல்லுறவை ஏற்படுத்தினாள்.,उसने अपने छात्रों के साथ अच्छा तालमेल बिढ़ा लिया।,"Bond, Connection, Relationship",இணக்கம்
602,Day 121,Rash,Adjective,Intermediate,அவசரமான / முன்னெச்சரிக்கையற்ற,उतावला (Utavla),Don't make a rash decision you'll regret later.,பின்னர் வருத்தப்படும்படியான அவசரமான முடிவை எடுக்காதே.,उतावला निर्णय न लें जिस पर आपको बाद में पछतावा हो।,"Impulsive, Hasty, Reckless",நிதானமற்ற
603,Day 121,Raucous,Adjective,Intermediate,கரகரப்பான / இரைச்சலான,कर्कश (Karkash),Raucous laughter came from the next room.,அடுத்த அறையிலிருந்து இரைச்சலான சிரிப்புச் சத்தம் வந்தது.,बगल के कमरे से कर्कश हंसी की आवाज आई।,"Harsh, Loud, Piercing",சத்தமான
604,Day 121,Ravenous,Adjective,Intermediate,கடுமையான பசியுள்ள,बहुत भूखा (Bahut Bhookha),I was ravenous after the long hike.,நீண்ட நடைப்பயணத்திற்குப் பிறகு நான் கடுமையான பசியுடன் இருந்தேன்.,लंबी पैदल यात्रा के बाद मैं बहुत भूखा था।,"Starving, Hungry, Famished",பெருவயிற்றுப் பசி
605,Day 121,Rebuke,Verb,Intermediate,கண்டி,डांटना (Daantna),The manager rebuked the staff for the mistake.,தவறுக்காக மேலாளர் ஊழியர்களைக் கண்டித்தார்.,मैनेजर ने गलती के लिए स्टाफ को डांटा।,"Scold, Reprimand, Chide",கடிந்து கொள்
606,Day 122,Reciprocal,Adjective,Intermediate,பரஸ்பர,पारस्परिक (Paaras-parik),They have a reciprocal arrangement to share tools.,அவர்கள் கருவிகளைப் பகிர்ந்து கொள்ள ஒரு பரஸ்பர ஏற்பாட்டைக் கொண்டுள்ளனர்.,उनके पास उपकरण साझा करने की पारस्परिक व्यवस्था है।,"Mutual, Shared, Complementary",ஈடாக அமையும்
607,Day 122,Reclusive,Adjective,Intermediate,தனிமையை விரும்பும்,वैरागी (Vairagi),The reclusive author rarely leaves his house.,தனிமையை விரும்பும் அந்த எழுத்தாளர் அரிதாகவே வீட்டை விட்டு வெளியே வருவார்.,वैरागी लेखक शायद ही कभी अपना घर छोड़ते हैं।,"Solitary, Isolated, Hermit-like",ஒதுங்கி வாழும்
608,Day 122,Relinquish,Verb,Intermediate,கைவிடு / துறந்திடு,त्यागना (Tyagna),He was forced to relinquish his control of the company.,அவர் நிறுவனத்தின் மீதான தனது கட்டுப்பாட்டைக் கைவிட வேண்டிய கட்டாயம் ஏற்பட்டது.,उन्हें कंपनी पर से अपना नियंत्रण त्यागने के लिए मजबूर होना पड़ा।,"Surrender, Abandon, Give up",விட்டுக்கொடு
609,Day 122,Remonstrate,Verb,Intermediate,ஆட்சேபி / வாதாடு,विरोध करना (Virodh Karna),He remonstrated with the referee about the foul.,அவர் ஃபவுல் குறித்து நடுவரிடம் ஆட்சேபித்தார் (வாதாடினார்).,उन्होंने फाउल को लेकर रेफरी के साथ विरोध किया।,"Protest, Argue, Object",எதிர்ப்புத் தெரிவி
610,Day 122,Renaissance,Noun,Intermediate,மறுமலர்ச்சி,पुनर्जागरण (Punariagran),The city is experiencing a cultural renaissance.,நகரம் ஒரு கலாச்சார மறுமலர்ச்சியை அனுபவித்து வருகிறது.,शहर एक सांस्कृतिक पुनर्जागरण का अनुभव कर रहा है।,"Revival, Rebirth, Renewal",கலை மறுமலர்ச்சி
611,Day 123,Renounce,Verb,Intermediate,அதிகாரப்பூர்வமாகத் துறத்தல்,त्यागना (Tyagna),The king decided to renounce his throne.,மன்னர் தனது அரியணையைத் துறக்க முடிவு செய்தார்.,राजा ने अपना सिंहासन त्यागने का निर्णय लिया।,"Reject, Abjure, Relinquish",மறுத்துவிடு
612,Day 123,Reprehensible,Adjective,Intermediate,கண்டிக்கத்தக்க,निंदनीय (Nindaneeya),His conduct towards the staff was reprehensible.,ஊழியர்களிடம் அவரது நடத்தை கண்டிக்கத்தக்கதாக இருந்தது.,कर्मचारियों के प्रति उनका आचरण निंदनीय था।,"Blameworthy, Shameful",குற்றஞ்சாட்டத்தக்க
613,Day 123,Resilient,Adjective,Intermediate,மீள்திறன் கொண்ட,लचीला (Lacheela),She is resilient and recovered quickly from the loss.,"அவள் மீள்திறன் கொண்டவள், இழப்பிலிருந்து விரைவாக மீண்டாள்.",वह लचीली है और नुकसान से जल्दी उबर गई।,"Tough, Strong, Flexible",எளிதில் குணமடையும்
614,Day 123,Resolute,Adjective,Intermediate,உறுதியான,दृढ़ (Dridh),He remained resolute in his decision to resign.,அவர் தனது ராஜினாமா முடிவில் உறுதியாக இருந்தார்.,वह इस्तीफा देने के अपने फैसले पर दृढ़ रहे।,"Determined, Firm, Unwavering",மனவுறுதி கொண்ட
615,Day 123,Resplendent,Adjective,Intermediate,கண்ணைக் கவரும்,चमकीला (Chamkeela),The bride looked resplendent in her wedding dress.,மணமகள் தனது திருமண உடையில் கண்ணைக் கவரும் வகையில் இருந்தாள்.,दुल्हन अपनी शादी की पोशाक में चमकीली (शानदार) लग रही थी।,"Radiant, Dazzling, Brilliant",மிகச் சோபையுள்ள
616,Day 124,Restive,Adjective,Intermediate,அமைதியற்ற,बेचैन (Bechain),The crowd grew restive as the delay continued.,தாமதம் நீடித்ததால் கூட்டம் அமைதியற்றதாக மாறியது.,देरी जारी रहने पर भीड़ बेचैन हो गई।,"Restless, Uneasy, Fidgety",அடங்காத
617,Day 124,Revile,Verb,Intermediate,திட்டு / இகழ்,गाली देना (Gaali Dena),The coach was reviled by the fans after the defeat.,தோல்விக்குப் பிறகு ரசிகர்கள் பயிற்சியாளரை இகழ்ந்தனர்.,हार के बाद प्रशंसकों ने कोच को गाली दी (बुरा-भला कहा)।,"Abuse, Criticize, Scold",ஏசு / வசைபாடு
618,Day 124,Rhetoric,Noun,Intermediate,சொல்லாட்சி,अलंकारशास्त्र (Alankar-shastra),His empty rhetoric didn't convince the voters.,அவரது வெறும் சொல்லாட்சி வாக்காளர்களை நம்ப வைக்கவில்லை.,उनके खाली अलंकारशास्त्र ने मतदाताओं को आश्वस्त नहीं किया।,"Oratory, Eloquence",பேச்சாற்றல்
619,Day 124,Rigor,Noun,Intermediate,கடினம் / துல்லியம்,कठोरता (Kathorta),The project requires academic rigor and focus.,இந்தத் திட்டத்திற்கு கல்வி சார்ந்த துல்லியம் மற்றும் கவனம் தேவை.,परियोजना के लिए शैक्षणिक कठोरता और ध्यान की आवश्यकता है।,"Severity, Strictness, Precision",கண்டிப்பு
620,Day 124,Robust,Adjective,Intermediate,வலுவான,मजबूत (Mazboot),The company has a robust plan for growth.,நிறுவனத்திடம் வளர்ச்சிக்கான ஒரு வலுவான திட்டம் உள்ளது.,कंपनी के पास विकास के लिए एक मजबूत योजना है।,"Strong, Healthy, Sturdy",திண்ணிய
621,Day 125,Rustic,Adjective,Intermediate,கிராமப்புற சார்ந்த,ग्रामीण (Grameen),"The restaurant had a charming, rustic atmosphere.","அந்த உணவகம் ஒரு அழகான, கிராமப்புற சூழலைக் கொண்டிருந்தது.","रेस्तरां में एक आकर्षक, ग्रामीण वातावरण था।","Rural, Simple, Plain",நாட்டுப்புற
622,Day 125,Sacrosanct,Adjective,Intermediate,புனிதமான,पवित्र (Pavitra),"To many, freedom of speech is sacrosanct.","பலருக்கு, பேச்சுரிமை என்பது புனிதமானது (மீறக்கூடாதது).","कई लोगों के लिए, अभिव्यक्ति की स्वतंत्रता पवित्र है।","Sacred, Inviolable, Holy",மீறத்தகாத
623,Day 125,Salubrious,Adjective,Intermediate,ஆரோக்கியமான,स्वास्थ्यवर्धक (Swasthya-vardhak),We moved to a more salubrious part of the city.,நாங்கள் நகரின் ஆரோக்கியமான பகுதிக்கு குடிபெயர்ந்தோம்.,हम शहर के अधिक स्वास्थ्यवर्धक हिस्से में चले गए।,"Healthy, Pleasant, Beneficial",நலம் பயக்கும்
624,Day 125,Sanctimonious,Adjective,Intermediate,வேஷமிடுகிற / போலித்தனமான,पाखंडी (Pakhandi),I'm tired of his sanctimonious lectures on morality.,அறநெறி குறித்த அவரது போலித்தனமான விரிவுரைகளால் நான் சோர்வடைந்துள்ளேன்.,मैं नैतिकता पर उनके पाखंडी व्याख्यानों से थक गया हूँ।,"Hypocritical, Self-righteous",மாய்மாலமான
625,Day 125,Sarcasm,Noun,Intermediate,கிண்டல் / நையாண்டி,कटाक्ष (Katakshta),"""Great job,"" he said with heavy sarcasm when I failed.","நான் தோற்றபோது, ""சிறந்த வேலை"" என்று அவர் நையாண்டியுடன் கூறினார்.","जब मैं असफल हुआ तो उन्होंने बड़े कटाक्ष के साथ कहा, ""बहुत अच्छा काम किया।""","Irony, Mockery, Ridicule",வஞ்சப்புகழ்ச்சி
626,Day 126,Scathing,Adjective,Intermediate,கடுமையான (விமர்சனம்),तीखा (Teekha),The critic gave a scathing review of the movie.,விமர்சகர் அந்தத் திரைப்படத்தைப் பற்றி ஒரு கடுமையான விமர்சனத்தை அளித்தார்.,समीक्षक ने फिल्म की तीखी आलोचना की।,"Harsh, Severe, Cutting",புண்படுத்தும்
627,Day 126,Schism,Noun,Intermediate,பிளவு,दरार (Darar),The issue caused a deep schism within the party.,அந்தப் பிரச்சனை கட்சிக்குள் ஒரு ஆழமான பிளவை ஏற்படுத்தியது.,इस मुद्दे ने पार्टी के भीतर एक गहरी दरार पैदा कर दी।,"Split, Division, Break",பிரிவினை
628,Day 126,Scintillating,Adjective,Intermediate,மின்னுகிற / திறமையான,बहुत चमकीला (Bahut Chamkeela),She gave a scintillating performance on stage.,அவள் மேடையில் ஒரு மிகச் சிறந்த (மின்னுகிற) நடிப்பை வெளிப்படுத்தினாள்.,उसने मंच पर बहुत ही शानदार (चमकीला) प्रदर्शन किया।,"Sparkling, Brilliant, Dazzling",ஒளிவீசும்
629,Day 126,Scoff,Verb,Intermediate,எள்ளி நகையாடு,हंसी उड़ाना (Hansi Udana),"They used to scoff at his ideas, but now they agree.","அவர்கள் அவரது கருத்துக்களை எள்ளி நகையாடினர், ஆனால் இப்போது ஒப்புக்கொள்கிறார்கள்.","वे उसके विचारों की हंसी उड़ाते थे, लेकिन अब वे सहमत हैं।","Mock, Ridicule, Deride",பரிகசி
630,Day 126,Sedulous,Adjective,Intermediate,விடாமுயற்சியுள்ள,परिश्रमी (Parishrami),He was sedulous in his efforts to learn English.,ஆங்கிலம் கற்க அவர் எடுத்த முயற்சிகளில் விடாமுயற்சியுடன் இருந்தார்.,वह अंग्रेजी सीखने के अपने प्रयासों में परिश्रमी था।,"Diligent, Hardworking, Assiduous",ஊக்கமுள்ள
631,Day 127,Sensible,Adjective,Intermediate,அறிவார்ந்த / புத்திசாலித்தனமான,समझदार (Samajhdar),It was a sensible decision to leave early.,சீக்கிரம் கிளம்பியது ஒரு புத்திசாலித்தனமான முடிவு.,जल्दी निकलना एक समझदारी भरा फैसला था।,"Practical, Rational, Wise",விவேகமுள்ள
632,Day 127,Serendipity,Noun,Intermediate,எதிர்பாராத அதிர்ஷ்டம்,आकस्मिक लाभ (Aakasmik Labh),Finding the old letter was a stroke of serendipity.,அந்தப் பழைய கடிதத்தைக் கண்டது ஒரு எதிர்பாராத அதிர்ஷ்டம்.,वह पुराना पत्र मिलना एक आकस्मिक लाभ था।,"Chance, Luck, Fluke",நற்பேறு
633,Day 127,Servile,Adjective,Intermediate,அடிமைத்தனமான,चापलूस (Chaploos),He had a servile attitude toward his boss.,அவர் தனது முதலாளியிடம் அடிமைத்தனமான அணுகுமுறையைக் கொண்டிருந்தார்.,उनका अपने बॉस के प्रति चापलूसी भरा रवैया था।,"Submissive, Fawning, Humble",தாழ்ந்த
634,Day 127,Shrewd,Adjective,Intermediate,தந்திரமான / புத்திசாலித்தனமான,चतुर (Chatur),She made a shrewd investment in the stock market.,அவள் பங்குச் சந்தையில் ஒரு புத்திசாலித்தனமான முதலீட்டைச் செய்தாள்.,उसने शेयर बाजार में चतुर निवेश किया।,"Clever, Sharp, Astute",சூட்சுமமான
635,Day 127,Sluggish,Adjective,Intermediate,மந்தமான,सुस्त (Sust),The economy has been sluggish this year.,இந்த ஆண்டு பொருளாதாரம் மந்தமாக உள்ளது.,इस साल अर्थव्यवस्था सुस्त रही है।,"Slow, Lethargic, Inactive",சுறுசுறுப்பற்ற
636,Day 128,Smug,Adjective,Intermediate,தற்பெருமை கொண்ட,आत्मसंतुष्ट (Atma-santusht),He had a smug look on his face after winning.,வெற்றி பெற்ற பிறகு அவர் முகத்தில் தற்பெருமை தெரிந்தது.,जीतने के बाद उनके चेहरे पर आत्मसंतुष्ट भाव था।,"Self-satisfied, Conceited",கர்வமுள்ள
637,Day 128,Solace,Noun,Intermediate,ஆறுதல்,सांत्वना (Santvana),She found solace in music after her breakup.,பிரிவிற்குப் பிறகு அவள் இசையில் ஆறுதல் கண்டாள்.,ब्रेकअप के बाद उसे संगीत में सांत्वना मिली।,"Comfort, Relief, Consolation",தேறுதல்
638,Day 128,Specious,Adjective,Intermediate,உண்மையானது போல் தோன்றும் போலி,बनावटी (Banavati),His argument was specious and misleading.,அவரது வாதம் உண்மையானது போல் தோன்றினாலும் தவறாக வழிநடத்துவதாக இருந்தது.,उनका तर्क बनावटी और भ्रामक था।,"Deceptive, False, Plausible-sounding",ஏமாற்றுகிற
639,Day 128,Sporadic,Adjective,Intermediate,அங்கொன்றும் இங்கொன்றுமான,छिटपुट (Chitput),There were sporadic outbreaks of violence.,அங்கொன்றும் இங்கொன்றுமாக வன்முறைச் சம்பவங்கள் நடந்தன.,हिंसा की छिटपुट घटनाएं हुईं।,"Occasional, Random, Irregular",விட்டுவிட்டு நிகழ்கிற
640,Day 128,Squander,Verb,Intermediate,வீணாக்கு,गंवाना (Ganvana),Don't squander your time on social media.,சமூக ஊடகங்களில் உங்கள் நேரத்தை வீணாக்காதீர்கள்.,सोशल मीडिया पर अपना समय न गंवाएं।,"Waste, Lavish, Misspend",விரயமாக்கு
641,Day 129,Stagnant,Adjective,Intermediate,தேக்கமடைந்த,स्थिर (Sthir),The water in the pond was stagnant and smelly.,குளத்தில் உள்ள நீர் தேக்கமடைந்து துர்நாற்றத்துடன் இருந்தது.,तालाब का पानी स्थिर और बदबूदार था।,"Still, Motionless, Inactive",ஓடாத / தேங்கிய
642,Day 129,Stark,Adjective,Intermediate,அப்பட்டமான / கடுமையான,स्पष्ट (Spasht),There is a stark contrast between rich and poor.,ஏழைகளுக்கும் பணக்காரர்களுக்கும் இடையே ஓர் அப்பட்டமான முரண்பாடு உள்ளது.,अमीर और गरीब के बीच एक स्पष्ट अंतर है।,"Harsh, Plain, Simple",முழுமையான
643,Day 129,Steadfast,Adjective,Intermediate,உறுதியான / மாறாத,अडिग (Adig),They remained steadfast in their loyalty.,அவர்கள் தங்கள் விசுவாசத்தில் உறுதியாக இருந்தனர்.,वे अपनी निष्ठा में अडिग रहे।,"Loyal, Firm, Dedicated",நிலையான
644,Day 129,Stigma,Noun,Intermediate,களங்கம்,कलंक (Kalank),There is still a social stigma attached to mental illness.,மனநலம் பாதிப்பு குறித்து இன்னும் சமூகத்தில் ஒரு களங்கம் உள்ளது.,मानसिक बीमारी से अभी भी एक सामाजिक कलंक जुड़ा हुआ है।,"Shame, Disgrace, Dishonor",அவமானம்
645,Day 129,Stoic,Adjective,Intermediate,இன்ப துன்பங்களை சமமாக ஏற்கும்,उदासीन (Udasin),He faced the pain with a stoic expression.,அவர் வலியை இன்ப துன்பங்களை சமமாக ஏற்கும் பாவனையுடன் எதிர்கொண்டார்.,उसने उदासीन भाव से दर्द का सामना किया।,"Patient, Emotionless, Calm",பற்றற்ற
646,Day 130,Strenuous,Adjective,Intermediate,கடின உழைப்பு தேவைப்படும்,जोरदार (Jordar),Avoid strenuous exercise for a few days.,சில நாட்களுக்குக் கடினமான உடற்பயிற்சியைத் தவிர்க்கவும்.,कुछ दिनों के लिए जोरदार व्यायाम से बचें।,"Taxing, Arduous, Tiring",முயற்சிமிக்க
647,Day 130,Strident,Adjective,Intermediate,கடுமையான / கரகரப்பான,कठोर (Kathor),She had a strident voice that hurt my ears.,அவளது குரல் என் காதுகளைப் புண்படுத்தும் அளவுக்குக் கடுமையாக இருந்தது.,उसकी आवाज़ इतनी कठोर थी कि मेरे कान दुखने लगे।,"Harsh, Loud, Piercing",கீச்சுக்குரலான
648,Day 130,Subjugate,Verb,Intermediate,அடக்கி ஆள்,अधीन करना (Adheen Karna),The empire sought to subjugate nearby nations.,அந்தப் பேரரசு அண்டை நாடுகளை அடக்கி ஆள முயன்றது.,साम्राज्य ने पड़ोसी देशों को अपने अधीन करने की कोशिश की।,"Conquer, Defeat, Overpower",பணியவை
649,Day 130,Sublime,Adjective,Intermediate,உன்னதமான,उदात्त (Udaatt),The mountain view was truly sublime.,மலைக் காட்சி உண்மையிலேயே உன்னதமாக இருந்தது.,पहाड़ों का दृश्य वास्तव में उदात्त था।,"Grand, Noble, Magnificent",மேன்மையான
650,Day 130,Sullen,Adjective,Intermediate,கடுகடுப்பான,उदास (Udas),The boy sat in a sullen silence after being scolded.,திட்டு வாங்கிய பிறகு அந்தச் சிறுவன் கடுகடுப்புடன் அமைதியாக அமர்ந்திருந்தான்.,डांट खाने के बाद लड़का उदास होकर चुपचाप बैठ गया।,"Gloomy, Sulky, Morose",முகஞ்சுளித்த
651,Day 131,Supercilious,Adjective,Intermediate,மமதை கொண்ட,घमंडी (Ghamandi),His supercilious attitude made him unpopular.,அவரது மமதை கொண்ட அணுகுமுறை அவரைப் பிரபலமற்றவராக்கியது.,उनके घमंडी रवैये ने उन्हें अलोकप्रिय बना दिया।,"Arrogant, Haughty, Snobbish",செருக்குள்ள
652,Day 131,Surfeit,Noun,Intermediate,மிகை / மிகுதி,अधिकता (Adhikta),There is a surfeit of food at the party.,விருந்தில் மிகையான அளவு உணவு உள்ளது.,पार्टी में भोजन की अधिकता है।,"Excess, Surplus, Glut",தெவிட்டிய அளவு
653,Day 131,Tantamount,Adjective,Intermediate,நிகரானது,समान (Samaan),His silence was tantamount to an admission of guilt.,அவனது மௌனம் குற்றத்தை ஒப்புக்கொள்வதற்கு நிகரானது.,उनकी चुप्पी अपराध स्वीकार करने के समान थी।,"Equivalent, Equal, Identical",சமமான
654,Day 131,Tarnish,Verb,Intermediate,களங்கப்படுத்து,कलंकित करना (Kalankit Karna),The scandal served to tarnish his reputation.,அந்த ஊழல் அவரது நற்பெயரைக் களங்கப்படுத்தியது.,घोटाले ने उनकी प्रतिष्ठा को कलंकित कर दिया।,"Stain, Blemish, Sully",மழுங்கச்செய்
655,Day 131,Teem,Verb,Intermediate,நிறைந்து வழி,भरा होना (Bhara Hona),The streets were teeming with people.,வீதிகள் மக்களால் நிறைந்து வழிந்தன.,सड़कें लोगों से भरी हुई थीं।,"Swarm, Abound, Overflow",மலிந்திரு
656,Day 132,Temperance,Noun,Intermediate,நிதானம் / கட்டுப்பாடு,संयम (Sanyam),He was known for his temperance in eating and drinking.,உணவிலும் குடிப்பதிலும் அவர் காட்டிய கட்டுப்பாட்டிற்காக அறியப்பட்டார்.,वे खाने-पीने में अपने संयम के लिए जाने जाते थे।,"Moderation, Restraint, Self-control",மிதநிலை
657,Day 132,Tentative,Adjective,Intermediate,தற்காலிகமான / உறுதியற்ற,अनिश्चित (Anishchit),We made a tentative plan to meet on Friday.,வெள்ளிக்கிழமை சந்திப்பதாக ஒரு தற்காலிகமான திட்டத்தை உருவாக்கினோம்.,हमने शुक्रवार को मिलने की एक अनिश्चित योजना बनाई।,"Provisional, Hesitant, Uncertain",சோதனை ரீதியான
658,Day 132,Tepid,Adjective,Intermediate,மிதமான சூடுள்ள / ஆர்வமற்ற,गुनगुना (Gunguna),The response to the new policy was tepid.,புதிய கொள்கைக்கான வரவேற்பு ஆர்வமற்றதாக (மிதமாக) இருந்தது.,नई नीति पर प्रतिक्रिया उत्साहहीन (गुनगुनी) थी।,"Lukewarm, Indifferent, Half-hearted",வெதுவெதுப்பான
659,Day 132,Therapeutic,Adjective,Intermediate,குணப்படுத்தும்,उपचारात्मक (Upcharatmak),Gardening can be very therapeutic.,தோட்டம் வளர்ப்பது மனதைக் குணப்படுத்தும் ஒரு செயலாக இருக்கும்.,बागवानी बहुत उपचारात्मक हो सकती है।,"Healing, Curative, Restorative",நோய் தீர்க்கும்
660,Day 132,Thwart,Verb,Intermediate,முறியடி / தடுத்து நிறுத்து,विफल करना (Vifal Karna),The police managed to thwart the robbery.,போலீசார் அந்தத் திருட்டு முயற்சியை முறியடித்தனர்.,पुलिस डकैती को विफल करने में सफल रही।,"Prevent, Block, Foil",குறுக்கிடு
661,Day 133,Torpor,Noun,Intermediate,மரத்துப் போன நிலை / சோம்பல்,सुस्ती (Susti),He sank into a state of torpor after the heavy meal.,கனமான உணவிற்குப் பிறகு அவர் ஒருவித சோம்பல் நிலைக்குச் சென்றார்.,भारी भोजन के बाद वह सुस्ती की स्थिति में डूब गया।,"Lethargy, Sluggishness, Inactivity",உணர்ச்சியற்ற நிலை
662,Day 133,Tortuous,Adjective,Intermediate,வளைந்து நெளிந்த / சிக்கலான,पेचीदा (Pechida),The road to the village was tortuous.,கிராமத்திற்குச் செல்லும் சாலை வளைந்து நெளிந்து இருந்தது.,गाँव की सड़क पेचीदा (टेढ़ी-मेढ़ी) थी।,"Winding, Twisting, Complex",நெளிவான
663,Day 133,Tractable,Adjective,Intermediate,எளிதில் கையாளக்கூடிய,आज्ञाकारी (Agyakari),The horse was gentle and tractable.,அந்த குதிரை சாந்தமாகவும் எளிதில் கையாளக்கூடியதாகவும் இருந்தது.,घोड़ा शांत और आज्ञाकारी था।,"Manageable, Obedient, Pliant",இணக்கமான
664,Day 133,Tranquility,Noun,Intermediate,அமைதி,शांति (Shanti),I love the tranquility of the countryside.,கிராமப்புறத்தின் அமைதியை நான் விரும்புகிறேன்.,मुझे ग्रामीण इलाकों की शांति पसंद है।,"Calmness, Peace, Serenity",நிம்மதி
665,Day 133,Transgress,Verb,Intermediate,மீறு (சட்டம்/விதி),उल्लंघन करना (Ullanghan Karna),Those who transgress the law will be punished.,சட்டத்தை மீறுபவர்கள் தண்டிக்கப்படுவார்கள்.,कानून का उल्लंघन करने वालों को दंडित किया जाएगा।,"Violate, Break, Offend",வரம்பு மீறு
666,Day 134,Turbulent,Adjective,Intermediate,கொந்தளிப்பான,अशांत (Ashant),The plane flew through turbulent air.,விமானம் கொந்தளிப்பான காற்று வழியாகப் பறந்தது.,विमान अशांत हवा के बीच से उड़ा।,"Stormy, Unsettled, Chaotic",கலக்கமடைந்த
667,Day 134,Uncanny,Adjective,Intermediate,விசித்திரமான / மர்மமான,अलौकिक (Alaukik),He has an uncanny ability to predict the future.,எதிர்காலத்தைக் கணிக்கும் விசித்திரமான திறன் அவரிடம் உள்ளது.,उनके पास भविष्य बताने की अलौकिक क्षमता है।,"Eerie, Strange, Mysterious",விந்தையான
668,Day 134,Unconscionable,Adjective,Intermediate,நியாயமற்ற,अनुचित (Anuchit),Taking advantage of the elderly is unconscionable.,முதியவர்களைப் பயன்படுத்திக் கொள்வது நியாயமற்றது.,बुजुर्गों का फायदा उठाना अनुचित है।,"Unethical, Unfair, Extreme",மனசாட்சியற்ற
669,Day 134,Unequivocal,Adjective,Intermediate,தெளிவான / ஐயமற்ற,सुस्पष्ट (Suspasht),"He gave an unequivocal ""no"" to the proposal.","அவர் அந்தத் திட்டத்திற்குத் தெளிவான ""இல்லை"" என்று பதிலளித்தார்.","उन्होंने प्रस्ताव को सुस्पष्ट ""ना"" कह दिया।","Unambiguous, Clear, Plain",சந்தேகமற்ற
670,Day 134,Unprecedented,Adjective,Intermediate,இதுவரை இல்லாத,अभूतपूर्व (Abhoot-poorv),The discovery was unprecedented in science.,இந்த கண்டுபிடிப்பு அறிவியலில் இதுவரை இல்லாத ஒன்றாக இருந்தது.,विज्ञान में यह खोज अभूतपूर्व थी।,"New, Unmatched, Unique",முன்னெப்பொழுதும் இல்லாத
671,Day 135,Urbane,Adjective,Intermediate,நாகரீகமான,शिष्ट (Shisht),He was an urbane man who felt at home in any city.,அவர் எந்த நகரத்திலும் வசதியாக உணரக்கூடிய ஒரு நாகரீகமான மனிதர்.,वह एक शिष्ट व्यक्ति थे जो किसी भी शहर में सहज महसूस करते थे।,"Sophisticated, Suave, Refined",பண்பட்ட
672,Day 135,Vacuous,Adjective,Intermediate,அறிவற்ற / வெற்று,शून्य (Shunya),He gave a vacuous smile when asked the question.,கேள்வி கேட்டபோது அவர் ஓர் அறிவற்ற புன்னகையை அளித்தார்.,सवाल पूछे जाने पर उन्होंने एक शून्य (बुद्धिहीन) मुस्कान दी।,"Empty, Blank, Silly",பொருளற்ற
673,Day 135,Abnegation,Noun,Intermediate,சுயமறுப்பு / தியாகம்,आत्म-त्याग (Atma-tyag),Monks are known for their abnegation of worldly pleasures.,துறவிகள் உலக இன்பங்களை மறுப்பதில் (தியாகம் செய்வதில்) பெயர் பெற்றவர்கள்.,भिक्षु सांसारिक सुखों के अपने आत्म-त्याग के लिए जाने जाते हैं।,"Self-denial, Renunciation",துறத்தல்
674,Day 135,Abstruse,Adjective,Intermediate,புரிந்து கொள்ளக் கடினமான,गूढ़ (Goodh),The professor’s lectures were often too abstruse.,பேராசிரியரின் விரிவுரைகள் பெரும்பாலும் புரிந்து கொள்ளக் கடினமாக இருந்தன.,प्रोफेसर के व्याख्यान अक्सर बहुत गूढ़ होते थे।,"Obscure, Complex, Deep",புதிரான
675,Day 135,Accretion,Noun,Intermediate,படிப்படியான வளர்ச்சி,वृद्धि (Vriddhi),The beach was formed by the accretion of sand.,மணலின் படிப்படியான சேர்ப்பினால் கடற்கரை உருவானது.,समुद्र तट का निर्माण रेत की वृद्धि (जमाव) से हुआ था।,"Accumulation, Growth",பெருக்கம்
676,Day 136,Acerbic,Adjective,Intermediate,கசப்பான / கடுமையான,कड़वा (Kadva),She is known for her acerbic wit and criticism.,அவர் தனது கடுமையான புத்திசாலித்தனம் மற்றும் விமர்சனத்திற்குப் பெயர் பெற்றவர்.,वह अपनी कड़वी बुद्धि और आलोचना के लिए जानी जाती हैं।,"Sharp, Sarcastic, Harsh",துவர்ப்பான
677,Day 136,Acumen,Noun,Intermediate,கூர்மதி / நுண்மதி,कुशाग्रता (Kushagrata),His business acumen helped him build an empire.,அவரது வணிகக் கூர்மதி ஒரு பேரரசை உருவாக்க அவருக்கு உதவியது.,उनकी व्यावसायिक कुशाग्रता ने उन्हें एक साम्राज्य बनाने में मदद की।,"Sharpness, Insight, Wisdom",அறிவுத்திறம்
678,Day 136,Adulation,Noun,Intermediate,அதீத புகழ்ச்சி,चापलूसी (Chaploosi),The young actor enjoyed the adulation of his fans.,இளம் நடிகர் தனது ரசிகர்களின் அதீத புகழ்ச்சியை அனுபவித்தார்.,युवा अभिनेता ने अपने प्रशंसकों की चापलूसी (अत्यधिक प्रशंसा) का आनंद लिया।,"Flattery, Worship, Praise",முகஸ்துதி
679,Day 136,Adulterate,Verb,Intermediate,கலப்படம் செய்,मिलावट करना (Milavat Karna),It is illegal to adulterate food with chemicals.,உணவில் இரசாயனங்களைக் கலப்படம் செய்வது சட்டவிரோதமானது.,रसायनों के साथ भोजन में मिलावट करना अवैध है।,"Contaminate, Pollute, Debase",மட்டமாக்கு
680,Day 136,Aesthetic,Adjective,Intermediate,அழகியல் சார்ந்த,सौंदर्य संबंधी (Saundarya Sambandhi),The building was designed for aesthetic appeal.,கட்டிடம் அழகியல் ஈர்ப்புக்காக வடிவமைக்கப்பட்டது.,इमारत को सौंदर्य अपील के लिए डिजाइन किया गया था।,"Artistic, Visual, Beautiful",வனப்பு மிகுந்த
681,Day 137,Aggrandize,Verb,Intermediate,உயர்த்து / பெரிதாக்கு,शक्ति बढ़ाना (Shakti Badhana),He sought to aggrandize his own reputation.,அவர் தனது சொந்த நற்பெயரை உயர்த்த முயன்றார்.,उसने अपनी प्रतिष्ठा बढ़ाने की कोशिश की।,"Exaggerate, Advance, Promote",மேன்மைப்படுத்து
682,Day 137,Amalgamate,Verb,Intermediate,ஒன்றிணை,मिलाना (Milana),The two companies decided to amalgamate.,இரண்டு நிறுவனங்களும் ஒன்றிணைய முடிவு செய்தன.,दोनों कंपनियों ने विलय (मिलने) करने का फैसला किया।,"Combine, Merge, Unite",கலப்பு செய்
683,Day 137,Anomalous,Adjective,Intermediate,முரணான / விதிவிலக்கான,असामान्य (Asamanya),The test results were anomalous and needed rechecking.,தேர்வு முடிவுகள் முரணாக இருந்ததால் மீண்டும் சரிபார்க்க வேண்டியிருந்தது.,परीक्षण के परिणाम असामान्य थे और उन्हें फिर से जाँचने की आवश्यकता थी।,"Abnormal, Irregular, Odd",முறைதவறிய
684,Day 137,Antipathy,Noun,Intermediate,வெறுப்பு / ஒவ்வாமை,घृणा (Ghrina),There is a deep antipathy between the two rivals.,அந்த இரண்டு எதிரிகளுக்கும் இடையே ஆழமான வெறுப்பு உள்ளது.,दोनों प्रतिद्वंद्वियों के बीच गहरी घृणा है।,"Hostility, Hatred, Dislike",பகைமை
685,Day 137,Apex,Noun,Intermediate,உச்சி / சிகரம்,शिखर (Shikhar),He is at the apex of his career.,அவர் தனது வாழ்க்கைப் பயணத்தின் உச்சியில் இருக்கிறார்.,वह अपने करियर के शिखर पर है।,"Peak, Summit, Zenith",நுனி
686,Day 138,Approbation,Noun,Intermediate,அங்கீகாரம் / பாராட்டு,अनुमोदन (Anumodan),The plan received the official approbation of the board.,அந்தத் திட்டம் வாரியத்தின் அதிகாரப்பூர்வ அங்கீகாரத்தைப் பெற்றது.,योजना को बोर्ड का आधिकारिक अनुमोदन मिला।,"Approval, Acceptance, Praise",சம்மதம்
687,Day 138,Arable,Adjective,Intermediate,விவசாயத்திற்கு ஏற்ற,कृषि योग्य (Krishi Yogya),"The valley is famous for its rich, arable land.","அந்தப் பள்ளத்தாக்கு செழிப்பான, விவசாயத்திற்கு ஏற்ற நிலத்திற்குப் பெயர் பெற்றது.","घाटी अपनी समृद्ध, कृषि योग्य भूमि के लिए प्रसिद्ध है।","Fertile, Cultivable, Productive",பயிரிடத்தக்க
688,Day 138,Arbitrary,Adjective,Intermediate,தன்னிச்சையான,मनमाना (Manmana),The decision was based on arbitrary rules.,அந்த முடிவு தன்னிச்சையான விதிகளின் அடிப்படையில் எடுக்கப்பட்டது.,निर्णय मनमाने नियमों पर आधारित था।,"Random, Chance, Unreasoned",தற்போக்கான
689,Day 138,Ascetic,Adjective,Intermediate,துறவு வாழ்க்கை மேற்கொள்ளும்,तपस्वी (Tapaswi),He lived an ascetic life in the mountains.,அவர் மலைகளில் ஒரு துறவு வாழ்க்கையை வாழ்ந்தார்.,वह पहाड़ों में एक तपस्वी जीवन जीता था।,"Austere, Self-denying, Simple",தவசி
690,Day 138,Avert,Verb,Intermediate,தவிர் / திசை திருப்பு,टालना (Taalna),We must take action to avert a disaster.,ஒரு பேரிடரைத் தவிர்க்க நாம் நடவடிக்கை எடுக்க வேண்டும்.,हमें आपदा को टालने के लिए कार्रवाई करनी चाहिए।,"Prevent, Avoid, Turn away",விலக்கு
691,Day 139,Boorish,Adjective,Intermediate,பண்பற்ற / அநாகரீகமான,गँवार (Ganwar),His boorish behavior at the party upset everyone.,விருந்தில் அவரது பண்பற்ற நடத்தை அனைவரையும் வருத்தமடையச் செய்தது.,पार्टी में उनके गँवार व्यवहार ने सभी को परेशान कर दिया।,"Rude, Clumsy, Unrefined",முரட்டுத்தனமான
692,Day 139,Burgeon,Verb,Intermediate,வேகமாக வளர்,तेजी से बढ़ना (Tezi se Badhna),The small town began to burgeon into a city.,அந்தச் சிறிய நகரம் வேகமாக ஒரு மாநகரமாக வளரத் தொடங்கியது.,छोटा शहर तेजी से एक बड़े शहर के रूप में बढ़ने लगा।,"Flourish, Thrive, Grow",தழை / அரும்பு
693,Day 139,Burnish,Verb,Intermediate,மெருகூட்டு,चमकाना (Chamkana),He spent hours trying to burnish the silver tray.,அவர் வெள்ளித் தட்டை மெருகூட்ட மணிநேரம் செலவழித்தார்.,उन्होंने चांदी की ट्रे को चमकाने की कोशिश में घंटों बिताए।,"Polish, Shine, Buff",துலக்கு
694,Day 139,Cacophony,Noun,Intermediate,இரைச்சல் / கடும் ஓசை,कोलाहल (Kolahal),The cacophony of city traffic can be stressful.,நகரப் போக்குவரத்தின் இரைச்சல் மன அழுத்தத்தைத் தரும்.,शहर के यातायात का कोलाहल तनावपूर्ण हो सकता है।,"Racket, Noise, Discord",அபஸ்வரம்
695,Day 139,Calumny,Noun,Intermediate,அவதூறு,चुगली (Chugli),He fell victim to a campaign of calumny.,அவர் ஒரு அவதூறு பிரச்சாரத்திற்கு பலியானார்.,वह चुगली (झूठी निंदा) के अभियान का शिकार हो गया।,"Slander, Defamation, Lie",பொய்ப்பழி
696,Day 140,Canon,Noun,Intermediate,கோட்பாடு / விதிமுறை,सिद्धांत (Siddhant),The book has become part of the literary canon.,இந்தப் புத்தகம் இலக்கியக் கோட்பாட்டின் ஒரு பகுதியாக மாறிவிட்டது.,पुस्तक साहित्यिक सिद्धांत का हिस्सा बन गई है।,"Rule, Law, Principle",திருமுறை / கட்டளை
697,Day 140,Canvass,Verb,Intermediate,கருத்துக்கணிப்பு நடத்து / ஆதரவு திரட்டு,समर्थन माँगना (Samarthan Maangna),They went door-to-door to canvass for the candidate.,அவர்கள் வேட்பாளருக்காக ஆதரவு திரட்ட வீடு வீடாகச் சென்றனர்.,वे उम्मीदवार के लिए समर्थन माँगने घर-घर गए।,"Campaign, Poll, Survey",வாக்குக் கேள்
698,Day 140,Capitulate,Verb,Intermediate,சரணடை,हथियार डालना (Hathiyar Daalna),The rebels finally decided to capitulate to the army.,கிளர்ச்சியாளர்கள் இறுதியாக ராணுவத்திடம் சரணடைய முடிவு செய்தனர்.,विद्रोहियों ने आखिरकार सेना के सामने हथियार डालने का फैसला किया।,"Surrender, Yield, Give in",விட்டுக்கொடு
699,Day 140,Captious,Adjective,Intermediate,குற்றம் காணும் இயல்புள்ள,नुक्ताचीनी करने वाला (Nuktacheeni Karne Wala),He is a captious critic who finds fault in everything.,அவர் எல்லாவற்றிலும் குற்றம் காணும் இயல்புள்ள ஒரு விமர்சகர்.,वह एक नुक्ताचीनी करने वाला आलोचक है जो हर चीज में दोष ढूंढता है।,"Fault-finding, Critical",எரிச்சலூட்டுகிற
700,Day 140,Carnage,Noun,Intermediate,படுகொலை,नरसंहार (Narsamhaar),The war left behind a scene of terrible carnage.,போர் ஒரு பயங்கரமான படுகொலை காட்சியை விட்டுச் சென்றது.,युद्ध अपने पीछे भयानक नरसंहार का दृश्य छोड़ गया।,"Slaughter, Massacre, Bloodshed",பேரழிவு
701,Day 141,Catalyst,Noun,Intermediate,தூண்டுதல் / ஊக்கி,उत्प्रेरक (Ut-prerak),The new law served as a catalyst for social change.,புதிய சட்டம் சமூக மாற்றத்திற்கான ஒரு தூண்டுதலாக அமைந்தது.,नया कानून सामाजिक परिवर्तन के लिए एक उत्प्रेरक के रूप में काम आया।,"Stimulant, Impetus, Spark",வினையூக்கி
702,Day 141,Categorical,Adjective,Intermediate,திட்டவட்டமான,स्पष्ट (Spasht),He gave a categorical refusal to the proposal.,அவர் அந்தத் திட்டத்திற்குத் திட்டவட்டமான மறுப்பைத் தெரிவித்தார்.,उन्होंने प्रस्ताव पर स्पष्ट इनकार कर दिया।,"Absolute, Direct, Definite",வகை சார்ந்த
703,Day 141,Catharsis,Noun,Intermediate,உணர்ச்சி வடிகால்,विरेचन (Virechan),Writing in a journal provided a sense of catharsis.,நாட்குறிப்பில் எழுதுவது ஒருவித உணர்ச்சி வடிகாலாக அமைந்தது.,डायरी में लिखना विरेचन (भावनाओं की शुद्धि) की भावना प्रदान करता था।,"Purgation, Release, Relief",மனத்தூய்மை
704,Day 141,Caustic,Adjective,Intermediate,புண்படுத்தும் / அரிக்கும்,संक्षारक (Sanshaarak),His caustic remarks offended everyone in the room.,அவரது புண்படுத்தும் கருத்துக்கள் அறையிலிருந்த அனைவரையும் காயப்படுத்தின.,उनकी तीखी (संक्षारक) टिप्पणियों ने कमरे में सभी को नाराज कर दिया।,"Sarcastic, Biting, Acidic",எரிக்கும் தன்மையுள்ள
705,Day 141,Celerity,Noun,Intermediate,வேகம் / துரிதம்,तत्परता (Tatparta),The emergency team responded with great celerity.,அவசர காலக் குழு மிகுந்த வேகத்துடன் (துரிதத்துடன்) செயல்பட்டது.,आपातकालीन टीम ने बड़ी तत्परता (तेजी) से जवाब दिया।,"Swiftness, Speed, Haste",விரைவு
706,Day 142,Cerebral,Adjective,Intermediate,அறிவு சார்ந்த / மூளை சார்ந்த,मस्तिष्क संबंधी (Mastishk Sambandhi),The movie is a cerebral thriller that requires focus.,அந்தத் திரைப்படம் கவனம் தேவைப்படும் ஒரு அறிவு சார்ந்த த்ரில்லர்.,फिल्म एक मस्तिष्क संबंधी (बौद्धिक) थ्रिलर है जिसमें ध्यान की आवश्यकता होती है।,"Intellectual, Mental, Logical",மூளை சம்பந்தப்பட்ட
707,Day 142,Chagrin,Noun,Intermediate,மனவருத்தம் / ஏமாற்றம்,चिढ़ (Chidh),"Much to his chagrin, he didn't get the promotion.","அவருக்கு மிகுந்த ஏமாற்றம் அளிக்கும் வகையில், பதவி உயர்வு கிடைக்கவில்லை.",उसे बहुत चिढ़ (निराशा) हुई कि उसे पदोन्नति नहीं मिली।,"Annoyance, Shame, Dismay",மனக்கிலேசம்
708,Day 142,Charlatan,Noun,Intermediate,போலி மருத்துவர் / ஏமாற்றுக்காரர்,ढोंगी (Dhongi),The man was exposed as a charlatan with no medical degree.,மருத்துவப் பட்டம் இல்லாத அந்த நபர் ஒரு ஏமாற்றுக்காரர் என்று அம்பலமானார்.,वह आदमी बिना मेडिकल डिग्री के ढोंगी के रूप में सामने आया।,"Fraud, Fake, Impostor",போலிப் பேர்வழி
709,Day 142,Chasm,Noun,Intermediate,இடைவெளி / ஆழமான பிளவு,खाई (Khai),There is a growing chasm between the two political parties.,இரண்டு அரசியல் கட்சிகளுக்கும் இடையே வளர்ந்து வரும் ஆழமான பிளவு உள்ளது.,दोनों राजनीतिक दलों के बीच एक बढ़ती हुई खाई (मतभेद) है।,"Abyss, Gorge, Gap",பிளவு
710,Day 142,Chaste,Adjective,Intermediate,தூய்மையான / ஒழுக்கமான,पवित्र (Pavitra),She led a chaste and simple life.,அவள் ஒரு தூய்மையான மற்றும் எளிமையான வாழ்க்கையை வாழ்ந்தாள்.,उसने एक पवित्र और सरल जीवन व्यतीत किया।,"Pure, Modest, Virtuous",கற்புள்ள
711,Day 143,Chastise,Verb,Intermediate,தண்டி / கண்டி,दंड देना (Dand Dena),Parents should not chastise children too harshly.,பெற்றோர்கள் குழந்தைகளை மிகவும் கடுமையாகத் தண்டிக்கக்கூடாது.,माता-पिता को बच्चों को बहुत कठोरता से दंड नहीं देना चाहिए।,"Scold, Punish, Reprove",தண்டி
712,Day 143,Cherubic,Adjective,Intermediate,தேவதை போன்ற / அழகான,मासूम (Masoom),The baby had a cherubic face and curly hair.,அந்தக் குழந்தைக்குத் தேவதை போன்ற முகமும் சுருட்டை முடியும் இருந்தது.,बच्चे का चेहरा मासूम (देवदूत जैसा) और बाल घुंघराले थे।,"Angelic, Sweet, Innocent",குழந்தை போன்ற
713,Day 143,Chimera,Noun,Intermediate,கற்பனை / எட்டாக்கனி,कल्पना (Kalpana),Permanent world peace is often seen as a chimera.,நிரந்தர உலக அமைதி என்பது பெரும்பாலும் ஒரு எட்டாக்கனியாகவே (கற்பனையாக) பார்க்கப்படுகிறது.,स्थायी विश्व शांति को अक्सर एक कल्पना (असंभव सपना) के रूप में देखा जाता है।,"Illusion, Fantasy, Dream",மாயத் தோற்றம்
714,Day 143,Choleric,Adjective,Intermediate,எளிதில் கோபமடையும்,गुस्सैल (Gussail),He has a choleric temperament and loses his temper easily.,"அவர் எளிதில் கோபமடையும் குணம் கொண்டவர், சீக்கிரம் ஆத்திரப்படுவார்.",उसका स्वभाव गुस्सैल है और वह आसानी से आपा खो देता है।,"Bad-tempered, Irascible",முன் கோபமுள்ள
715,Day 143,Chronic,Adjective,Intermediate,தீராத / நீண்டகால,पुराना (Purana),He suffers from chronic back pain.,அவர் தீராத (நீண்டகால) முதுகுவலியால் அவதிப்படுகிறார்.,वह पुराने (दीर्घकालिक) पीठ दर्द से पीड़ित है।,"Persistent, Constant, Lifelong",தீராத நோய்
716,Day 144,Churlish,Adjective,Intermediate,பண்பற்ற / மரியாதையற்ற,असभ्य (Asabhya),It would be churlish to refuse such a kind offer.,இத்தகைய கனிவான சலுகையை மறுப்பது பண்பற்ற செயலாகும்.,इतने दयालु प्रस्ताव को अस्वीकार करना असभ्य होगा।,"Rude, Ill-mannered, Boorish",முரட்டுத்தனமான
717,Day 144,Circuitous,Adjective,Intermediate,சுற்றியலைகிற / நேரடியற்ற,घुमावदार (Ghumavdar),They took a circuitous route to avoid the traffic.,போக்குவரத்தைத் தவிர்க்க அவர்கள் சுற்றியலைகிற (சுற்று வழி) பாதையைத் தேர்ந்தெடுத்தனர்.,उन्होंने ट्रैफिक से बचने के लिए घुमावदार रास्ता अपनाया।,"Roundabout, Indirect, Winding",மறைமுகமான
718,Day 144,Circumlocution,Noun,Intermediate,சுற்றி வளைத்துப் பேசுதல்,कपटपूर्ण बातें (Kapat-poorn Baatein),The politician used circumlocution to avoid the question.,அரசியல்வாதி கேள்வியைத் தவிர்க்கச் சுற்றி வளைத்துப் பேசினார்.,राजनेता ने सवाल से बचने के लिए घुमावदार बातों (वाकछल) का इस्तेमाल किया।,"Evasion, Wordiness",சுற்றி வளைத்தல்
719,Day 144,Circumscribe,Verb,Intermediate,கட்டுப்படுத்து / வரம்புக்குட்படுத்து,सीमित करना (Seemit Karna),The power of the king was circumscribed by the new law.,புதிய சட்டத்தின் மூலம் மன்னரின் அதிகாரம் கட்டுப்படுத்தப்பட்டது.,राजा की शक्ति नए कानून द्वारा सीमित कर दी गई थी।,"Limit, Restrict, Confine",எல்லை இடு
720,Day 144,Circumvent,Verb,Intermediate,முறியடி / தந்திரமாகத் தவிர்,मात देना (Maat Dena),They tried to circumvent the rules to save money.,பணத்தைச் சேமிக்க அவர்கள் விதிகளைத் தந்திரமாகத் தவிர்க்க முயன்றனர்.,उन्होंने पैसे बचाने के लिए नियमों को मात देने (बचने) की कोशिश की।,"Avoid, Bypass, Sidestep",முறியடி
721,Day 145,Clairvoyant,Noun,Intermediate,தொலைநோக்கு உடையவர் / ஞானதிருஷ்டி,भविष्यदृष्टा (Bhavishya-drishta),She claims to be a clairvoyant who can see the future.,எதிர்காலத்தைக் காணக்கூடிய ஞானதிருஷ்டி தமக்கு இருப்பதாக அவள் கூறுகிறாள்.,वह भविष्यदृष्टा होने का दावा करती है जो भविष्य देख सकती है।,"Psychic, Visionary, Prophet",ஞானதிருஷ்டி உடையவர்
722,Day 145,Clamor,Noun,Intermediate,கூச்சல் / பேரிரைச்சல்,शोर मचाना (Shor Machana),The students raised a clamor for a holiday.,மாணவர்கள் விடுமுறை வேண்டிப் பெரும் கூச்சலிட்டனர்.,छात्रों ने छुट्टी के लिए शोर मचाया।,"Outcry, Noise, Uproar",ஆரவாரம்
723,Day 145,Cleave,Verb,Intermediate,பிள / ஒட்டியிரு,चीरना (Cheerna),The axe was used to cleave the wood in two.,மரத்தை இரண்டாகப் பிளக்கக் கோடரி பயன்படுத்தப்பட்டது.,लकड़ी को दो भागों में चीरने के लिए कुल्हाड़ी का इस्तेमाल किया गया था।,"Split, Divide, Sever",பிள / பற்றி இரு
724,Day 145,Coddle,Verb,Intermediate,அளவுக்கு அதிகமாகச் செல்லம் கொடு,लाड़-प्यार करना (Laad-pyar Karna),Don't coddle the child; let him learn from his mistakes.,குழந்தைக்கு அளவுக்கு அதிகமாகச் செல்லம் கொடுக்காதீர்கள்; அவன் தவறுகளிலிருந்து கற்றுக்கொள்ளட்டும்.,बच्चे को बहुत लाड़-प्यार मत करो; उसे अपनी गलतियों से सीखने दो।,"Pamper, Spoil, Indulge",செல்லம் கொடு
725,Day 145,Coerce,Verb,Intermediate,கட்டாயப்படுத்து / வற்புறுத்து,मजबूर करना (Majboor Karna),He was coerced into signing the document.,அவர் அந்த ஆவணத்தில் கையெழுத்திட வற்புறுத்தப்பட்டார்.,उसे दस्तावेज पर हस्ताक्षर करने के लिए मजबूर किया गया था।,"Force, Compel, Pressure",பலவந்தப்படுத்து
726,Day 146,Colloquial,Adjective,Intermediate,பேச்சு வழக்கு சார்ந்த,बोलचाल का (Bolchaal ka),"""Gonna"" is a colloquial form of ""going to.""","""Gonna"" என்பது ""going to"" என்பதன் பேச்சு வழக்கு வடிவம்.","""Gonna"", ""going to"" का बोलचाल का रूप है।","Informal, Conversational",நடைமுறைப் பேச்சு
727,Day 146,Collusion,Noun,Intermediate,இரகசிய உடன்பாடு / சதி,सांठगांठ (Saath-gaanth),They were accused of collusion to rig the election.,தேர்தலில் முறைகேடு செய்ய அவர்கள் இரகசிய உடன்பாடு கொண்டதாகக் குற்றம் சாட்டப்பட்டனர்.,उन पर चुनाव में धांधली करने के लिए सांठगांठ का आरोप लगाया गया था।,"Conspiracy, Plot, Scheme",கள்ளக்கூட்டு
728,Day 146,Commensurate,Adjective,Intermediate,சமமான / ஈடான,अनुरूप (Anuroop),The salary will be commensurate with your experience.,சம்பளம் உங்கள் அனுபவத்திற்கு ஈடானதாக இருக்கும்.,वेतन आपके अनुभव के अनुरूप होगा।,"Proportional, Equal, Equivalent",சரியான அளவுள்ள
729,Day 146,Compliant,Adjective,Intermediate,இணங்குகிற / அடக்கமான,आज्ञाकारी (Agyakari),The staff were compliant with the new regulations.,ஊழியர்கள் புதிய விதிகளுக்கு இணங்கி நடந்தனர்.,कर्मचारी नए नियमों के प्रति आज्ञाकारी थे।,"Obedient, Cooperative, Docile",நெகிழ்வான
730,Day 146,Compunction,Noun,Intermediate,மன உறுத்தல் / குற்ற உணர்வு,मलाल (Malal),He felt no compunction about telling a lie.,பொய் சொல்வதில் அவருக்கு எந்த மன உறுத்தலும் இல்லை.,उसे झूठ बोलने में कोई मलाल (पछतावा) महसूस नहीं हुआ।,"Regret, Guilt, Remorse",மனச்சான்று வருத்தம்
731,Day 147,Concede,Verb,Intermediate,ஒப்புக்கொள் / விட்டுக்கொடு,स्वीकार करना (Sweekar Karna),He was forced to concede that he was wrong.,தான் செய்தது தவறு என்று அவர் ஒப்புக்கொள்ள வேண்டியிருந்தது.,उसे यह स्वीकार करने के लिए मजबूर होना पड़ा कि वह गलत था।,"Admit, Acknowledge, Yield",ஏற்றுக்கொள்
732,Day 147,Concoct,Verb,Intermediate,புனை / உருவாக்கு,मनगढ़ंत बनाना (Mangadhant Banana),He had to concoct a story to explain his absence.,தான் வராததற்கு ஒரு கதையைப் புனைய வேண்டியிருந்தது.,उसे अपनी अनुपस्थिति स्पष्ट करने के लिए एक मनगढ़ंत कहानी बनानी पड़ी।,"Create, Devise, Fabricate",சோடித்தல்
733,Day 147,Concomitant,Adjective,Intermediate,உடன் நிகழ்கிற,सहवर्ती (Sahvarti),Loss of memory is often a concomitant of old age.,ஞாபக மறதி என்பது பெரும்பாலும் முதுமையுடன் நிகழும் ஒன்றாக இருக்கிறது.,याददाश्त का कम होना अक्सर बुढ़ापे का एक सहवर्ती (जुड़ा हुआ) लक्षण होता है।,"Accompanying, Associated",உடனுள்ள
734,Day 147,Condone,Verb,Intermediate,மன்னி / பொறுத்துக்கொள்,माफ़ करना (Maaf Karna),The school does not condone bullying.,பள்ளி அராஜகத்தை (bullying) மன்னிப்பதில்லை.,स्कूल दादागिरी को माफ़ नहीं करता है।,"Excuse, Overlook, Forgive",குற்றத்தைப் பொறு
735,Day 147,Congenial,Adjective,Intermediate,இனிமையான / இணக்கமான,अनुकूल (Anukool),He found a congenial work environment at the new office.,புதிய அலுவலகத்தில் அவருக்கு ஓர் இணக்கமான பணிச்சூழல் கிடைத்தது.,उसे नए कार्यालय में एक अनुकूल कार्य वातावरण मिला।,"Friendly, Pleasing, Suitable",மனதுக்கினிய
736,Day 148,Conjecture,Noun,Intermediate,ஊகம்,अनुमान (Anuman),The cause of the crash is still a matter of conjecture.,விபத்துக்கான காரணம் இன்னும் ஒரு ஊகமாகவே உள்ளது.,दुर्घटना का कारण अभी भी अनुमान का विषय है।,"Guess, Speculation, Theory",கருதுகோள்
737,Day 148,Connive,Verb,Intermediate,உடந்தையாக இரு,मिलीभगत करना (Milibhagat Karna),The guards were accused of conniving in the escape.,தப்பிச் செல்வதற்கு காவலர்கள் உடந்தையாக இருந்ததாகக் குற்றம் சாட்டப்பட்டனர்.,गार्डों पर भागने में मिलीभगत करने का आरोप लगाया गया था।,"Plot, Scheme, Collude",கள்ளக்கூட்டு சேர்
738,Day 148,Connoisseur,Noun,Intermediate,சுவைஞன் / கலைநயமிக்கவர்,विशेषज्ञ (Visheshagya),He is a connoisseur of classical music.,அவர் செவ்வியல் இசையின் சிறந்த சுவைஞன் ஆவார்.,वह शास्त्रीय संगीत के विशेषज्ञ (पारखी) हैं।,"Expert, Judge, Aficionado",கலை வித்தகர்
739,Day 148,Consecrate,Verb,Intermediate,புனிதப்படுத்து,पवित्र करना (Pavitra Karna),The new temple was consecrated last week.,புதிய கோவில் கடந்த வாரம் புனிதப்படுத்தப்பட்டது.,पिछले हफ्ते नए मंदिर को पवित्र किया गया था।,"Sanctify, Bless, Hallow",பிரதிஷ்டை செய்
740,Day 148,Consensus,Noun,Intermediate,ஒருமித்த கருத்து,आम सहमति (Aam Sahmati),They reached a consensus after hours of discussion.,பல மணி நேர விவாதத்திற்குப் பிறகு அவர்கள் ஒருமித்த கருத்தை எட்டினர்.,घंटों की चर्चा के बाद वे आम सहमति पर पहुँचे।,"Agreement, Harmony, Unity",பொது இணக்கம்
741,Day 149,Consign,Verb,Intermediate,ஒப்படை / அனுப்பு,सौंपना (Saunpna),He was consigned to a life of poverty.,அவர் வறுமையான வாழ்க்கைக்குத் தள்ளப்பட்டார் (ஒப்படைக்கப்பட்டார்).,उसे गरीबी के जीवन में सौंप (धकेल) दिया गया था।,"Assign, Entrust, Commit",அனுப்பி வை
742,Day 149,Consolation,Noun,Intermediate,ஆறுதல்,सांत्वना (Santvana),His kind words were a great consolation to her.,அவரது கனிவான வார்த்தைகள் அவளுக்குப் பெரும் ஆறுதலாக இருந்தன.,उनके दयालु शब्द उसके लिए बड़ी सांत्वना थे।,"Comfort, Solace, Relief",தேறுதல்
743,Day 149,Constituent,Noun,Intermediate,தொகுதி நபர் / கூறு,घटक (Ghatak),Hydrogen is a constituent of water.,ஹைட்ரஜன் நீரின் ஒரு கூறு (பகுதி) ஆகும்.,हाइड्रोजन पानी का एक घटक है।,"Component, Part, Element",அங்கமான
744,Day 149,Construe,Verb,Intermediate,விளக்கம் கூறு / பொருள் கொள்,अर्थ लगाना (Arth Lagana),His silence was construed as a sign of guilt.,அவரது மௌனம் குற்றத்தின் அடையாளமாகப் பொருள் கொள்ளப்பட்டது.,उनकी चुप्पी को अपराध के संकेत के रूप में अर्थ लगाया गया था।,"Interpret, Understand, Explain",மொழிபெயர்க்க
745,Day 149,Consummate,Adjective,Intermediate,மிகச்சிறந்த / முழுமையான,निपुण (Nipun),She is a consummate professional in her field.,அவள் தன் துறையில் மிகச்சிறந்த (முழுமையான) நிபுணர்.,वह अपने क्षेत्र में एक निपुण पेशेवर है।,"Superb, Accomplished, Perfect",நிறைவான
746,Day 150,Contempt,Noun,Intermediate,அவமதிப்பு / அலட்சியம்,अवमानना (Avmanna),He showed contempt for the court’s decision.,நீதிமன்றத் தீர்ப்பின் மீது அவர் அவமதிப்பைக் காட்டினார்.,उन्होंने अदालत के फैसले के प्रति अवमानना दिखाई।,"Disdain, Scorn, Disrespect",இகழ்ச்சி
747,Day 150,Contentious,Adjective,Intermediate,விவாதத்திற்குரிய,विवादास्पद (Vivad-aspad),The border issue is a contentious topic between countries.,எல்லைப் பிரச்சனை நாடுகளுக்கு இடையே ஒரு விவாதத்திற்குரிய தலைப்பு.,सीमा का मुद्दा देशों के बीच एक विवादास्पद विषय है।,"Disputed, Quarrelsome, Hotly debated",சச்சரவான
748,Day 150,Contrive,Verb,Intermediate,திட்டம் தீட்டு / உருவாக்கு,जुगत करना (Jugat Karna),She contrived a way to escape the meeting.,கூட்டத்திலிருந்து தப்பிக்க அவள் ஒரு வழியைத் திட்டமிட்டாள்.,उसने बैठक से बचने की जुगत (योजना) की।,"Devise, Plan, Create",சூழ்ச்சி செய்
749,Day 150,Convene,Verb,Intermediate,கூட்டு / ஒன்றுகூடு,आयोजित करना (Ayojit Karna),The committee will convene next week.,குழு அடுத்த வாரம் கூடும் (கூட்டப்படும்).,समिति अगले सप्ताह बैठक आयोजित करेगी।,"Assemble, Gather, Summon",மாநாடு கூட்டு
750,Day 150,Convivial,Adjective,Intermediate,கலகலப்பான / மகிழ்ச்சியான,खुशनुमा (Khushnuma),The dinner party was a convivial occasion.,அந்த இரவு விருந்து ஒரு கலகலப்பான நிகழ்வாக இருந்தது.,डिनर पार्टी एक खुशनुमा अवसर था।,"Sociable, Jolly, Lively",விருந்து சார்ந்த
751,Day 151,Convoluted,Adjective,Intermediate,மிகச் சிக்கலான,पेचीदा (Pechida),The book has a convoluted plot that is hard to follow.,அந்தப் புத்தகம் பின்பற்றுவதற்கு கடினமான ஒரு சிக்கலான கதையைக் கொண்டுள்ளது.,पुस्तक की कहानी पेचीदा है जिसका अनुसरण करना कठिन है।,"Complex, Intricate, Twisted",சுருள் சுருளான
752,Day 151,Copious,Adjective,Intermediate,ஏராளமான / மிகுதியான,प्रचुर (Prachur),She took copious notes during the lecture.,விரிவுரையின் போது அவள் ஏராளமான குறிப்புகளை எடுத்தாள்.,उसने व्याख्यान के दौरान प्रचुर मात्रा में नोट्स लिए।,"Abundant, Ample, Plentiful",மலிவான / மிகுந்த
753,Day 151,Corpulent,Adjective,Intermediate,குண்டான / பருமனான,स्थूल (Sthool),The corpulent man struggled to climb the stairs.,பருமனான அந்த மனிதர் படிக்கட்டுகளில் ஏற சிரமப்பட்டார்.,स्थूल (मोटा) व्यक्ति सीढ़ियाँ चढ़ने के लिए संघर्ष कर रहा था।,"Obese, Fat, Fleshy",சதைப்பற்றான
754,Day 151,Corroborate,Verb,Intermediate,உறுதிப்படுத்து / மெய்ப்பி,पुष्टि करना (Pushti Karna),The witness was able to corroborate her story.,சாட்சி அவளது கதையை உறுதிப்படுத்த முடிந்தது.,गवाह उसकी कहानी की पुष्टि करने में सक्षम था।,"Confirm, Verify, Support",வலுவூட்டு
755,Day 151,Cosmopolitan,Adjective,Intermediate,உலகளாவிய / பல கலாச்சாரங்கள் கொண்ட,सर्वदेशीय (Sarvadesh-iya),London is a very cosmopolitan city.,லண்டன் ஒரு மிகச் சிறந்த உலகளாவிய (பல கலாச்சாரங்கள் கொண்ட) நகரம்.,लंदन एक बहुत ही सर्वदेशीय (महानगरीय) शहर है।,"Universal, Global, Cultured",உலகப் பொதுவான
756,Day 152,Countenance,Noun,Intermediate,முகபாவனை / ஆதரவு,मुखाकृति (Mukh-akriti),Her pleasant countenance made everyone feel welcome.,அவளது இனிமையான முகபாவனை அனைவரையும் வரவேற்பதாக உணரச் செய்தது.,उसकी सुखद मुखाकृति ने सभी को स्वागत का अनुभव कराया।,"Face, Expression, Support",மனவளம்
757,Day 152,Covert,Adjective,Intermediate,மறைமுகமான / இரகசிய,गुप्त (Gupt),The government conducted covert operations.,அரசாங்கம் இரகசிய நடவடிக்கைகளை மேற்கொண்டது.,सरकार ने गुप्त अभियान चलाए।,"Secret, Hidden, Stealthy",அந்தரங்கமான
758,Day 152,Covet,Verb,Intermediate,ஆசைப்படு / பேராசைப்படு,ललचाना (Lalchana),He coveted his neighbor’s new car.,அவன் தன் அண்டை வீட்டாரின் புதிய காரின் மீது ஆசைப்பட்டான்.,वह अपने पड़ोसी की नई कार के लिए ललचा रहा था।,"Desire, Crave, Want",இச்சி
759,Day 152,Credulity,Noun,Intermediate,எளிதில் நம்பும் குணம்,भोलापन (Bholapan),His credulity made him an easy target for scammers.,எதையும் எளிதில் நம்பும் அவனது குணம் ஏமாற்றுபவர்களுக்கு அவரை ஒரு எளிதான இலக்காக மாற்றியது.,उसके भोलेपन ने उसे घोटालेबाजों के लिए एक आसान लक्ष्य बना दिया।,"Gullibility, Naivety",ஏமாளித்தனம்
760,Day 152,Cryptic,Adjective,Intermediate,புதிரான / மர்மமான,रहस्यमय (Rahasya-may),He left a cryptic message on the board.,அவர் பலகையில் ஒரு புதிரான செய்தியை விட்டுச் சென்றார்.,उसने बोर्ड पर एक रहस्यमय संदेश छोड़ा।,"Mysterious, Coded, Hidden",மறைபொருளான
761,Day 153,Culinary,Adjective,Intermediate,சமையல் கலை சார்ந்த,पाक कला संबंधी (Paak-kala Sambandhi),She has great culinary skills.,அவளுக்குச் சிறந்த சமையல் கலைத் திறன்கள் உள்ளன.,उसके पास बेहतरीन पाक कला कौशल है।,"Cooking, Dietary",மடைப்பள்ளி சார்ந்த
762,Day 153,Culminate,Verb,Intermediate,உச்சத்தை அடை,समाप्त होना (Samapt Hona),The festival will culminate in a grand parade.,திருவிழா ஒரு பிரம்மாண்டமான அணிவகுப்புடன் உச்சத்தை அடையும் (முடிவடையும்).,उत्सव का समापन (शिखर) एक भव्य परेड के साथ होगा।,"Peak, End, Conclude",முடிவுக்கு வா
763,Day 153,Cumbersome,Adjective,Intermediate,பாரமான / கையாளுவதற்கு கடினமான,भारी-भरकम (Bhari-bharkam),The old machine was cumbersome to move.,பழைய இயந்திரத்தை நகர்த்துவது கடினமாக இருந்தது.,पुरानी मशीन को हटाना भारी-भरकम (असुविधाजनक) था।,"Awkward, Clumsy, Heavy",சுமக்க முடியாத
764,Day 153,Cursory,Adjective,Intermediate,மேலோட்டமான,सरसरी (Sarsari),He gave the report a cursory glance.,அவர் அறிக்கையை மேலோட்டமாகப் பார்த்தார்.,उन्होंने रिपोर्ट पर एक सरसरी नज़र डाली।,"Brief, Hasty, Quick",மேம்போக்கான
765,Day 153,Curtail,Verb,Intermediate,குறை / கட்டுப்படுத்து,कटौती करना (Katoti Karna),We must curtail our spending to save money.,பணத்தைச் சேமிக்க நாம் நமது செலவுகளைக் குறைக்க வேண்டும்.,हमें पैसे बचाने के लिए अपने खर्चों में कटौती करनी चाहिए।,"Reduce, Shorten, Limit",சுருக்கு
766,Day 154,Dauntless,Adjective,Intermediate,அஞ்சாத / துணிச்சலான,निडर (Nidar),The dauntless explorer entered the dark cave.,அஞ்சாத அந்த ஆய்வாளர் இருண்ட குகைக்குள் நுழைந்தார்.,निडर खोजकर्ता अंधेरी गुफा में दाखिल हुआ।,"Fearless, Brave, Bold",நெஞ்சுரம் மிக்க
767,Day 154,Debase,Verb,Intermediate,தரம் தாழ்த்து,मूल्य घटाना (Mulya Ghatana),Constant criticism can debase a person’s self-worth.,தொடர்ச்சியான விமர்சனம் ஒருவரின் சுயமரியாதையைத் தரம் தாழ்த்தும்.,निरंतर आलोचना किसी व्यक्ति के आत्म-मूल्य को घटा सकती है।,"Degrade, Corrupt, Lower",இழிவுபடுத்து
768,Day 154,Debilitate,Verb,Intermediate,பலவீனப்படுத்து,कमजोर करना (Kamzor Karna),The illness continued to debilitate him.,அந்த நோய் அவரைத் தொடர்ந்து பலவீனப்படுத்தியது.,बीमारी उसे कमजोर करती रही।,"Weaken, Enfeeble, Exhaust",தளர்ச்சியடையச் செய்
769,Day 154,Decorous,Adjective,Intermediate,கண்ணியமான,शालीन (Shaleen),They maintained a decorous behavior at the funeral.,அவர்கள் ஈமச்சடங்கில் கண்ணியமான நடத்தையைப் பேணினர்.,उन्होंने अंतिम संस्कार में शालीन व्यवहार बनाए रखा।,"Proper, Polite, Respectable",மரியாதையான
770,Day 154,Defile,Verb,Intermediate,அசுத்தப்படுத்து / களங்கப்படுத்து,अशुद्ध करना (Ashuddh Karna),They were accused of trying to defile the holy site.,புனிதத் தலத்தை அசுத்தப்படுத்த முயன்றதாக அவர்கள் குற்றம் சாட்டப்பட்டனர்.,उन पर पवित्र स्थल को अशुद्ध करने की कोशिश करने का आरोप लगाया गया था।,"Pollute, Corrupt, Stain",பாழ்படுத்து
771,Day 155,Delineate,Verb,Intermediate,விவரி / சித்தரி,वर्णन करना (Varnan Karna),The report clearly delineates the steps of the project.,அந்த அறிக்கை திட்டத்தின் படிகளைத் தெளிவாக விவரிக்கிறது.,रिपोर्ट परियोजना के चरणों का स्पष्ट रूप से वर्णन करती है।,"Describe, Outline, Sketch",வரைந்து காட்டு
772,Day 155,Denigrate,Verb,Intermediate,மட்டம் தட்டு / இழிவுபடுத்து,बदनाम करना (Badnam Karna),You shouldn't denigrate the efforts of others.,மற்றவர்களின் முயற்சியை நீங்கள் மட்டம் தட்டக்கூடாது.,आपको दूसरों के प्रयासों को बदनाम (कमतर) नहीं करना चाहिए।,"Belittle, Disparage, Vilify",தூற்று
773,Day 155,Deplete,Verb,Intermediate,குறை / காலி செய்,कम करना (Kam Karna),Years of farming had depleted the soil of nutrients.,பல வருட விவசாயம் மண்ணின் ஊட்டச்சத்துக்களைக் குறைத்துவிட்டது.,वर्षों की खेती ने मिट्टी के पोषक तत्वों को कम कर दिया था।,"Exhaust, Drain, Empty",வறளச்செய்
774,Day 155,Deplore,Verb,Intermediate,வருந்து / கண்டனம் தெரிவி,विलाप करना (Vilap Karna),We deplore the use of violence in any form.,எந்த வடிவத்திலும் வன்முறை பயன்படுத்தப்படுவதை நாங்கள் கண்டிக்கிறோம்.,हम किसी भी रूप में हिंसा के उपयोग की निंदा करते हैं।,"Regret, Lament, Condemn",இரக்கப்படு
775,Day 155,Deride,Verb,Intermediate,ஏளனம் செய்,उपहास करना (Up-haas Karna),Critics derided the movie as a waste of time.,விமர்சகர்கள் அந்தத் திரைப்படத்தை நேர விரயம் என்று ஏளனம் செய்தனர்.,आलोचकों ने फिल्म को समय की बर्बादी बताकर उसका उपहास किया।,"Mock, Ridicule, Scoff",பரிகசி
776,Day 156,Derivative,Adjective,Intermediate,மற்றொன்றிலிருந்து பெறப்பட்ட,व्युत्पन्न (Vyut-pann),The artist's work is quite derivative of Picasso.,அந்த கலைஞரின் படைப்பு பிக்காசோவின் பாணியிலிருந்து பெறப்பட்டது (நகல்).,कलाकार का काम काफी हद तक पिकासो से व्युत्पन्न (प्रेरित) है।,"Unoriginal, Imitative, Copied",வழிவந்த
777,Day 156,Desiccate,Verb,Intermediate,உலர வை,सुखाना (Sukhana),The hot sun will desiccate the plants.,வெப்பமான சூரியன் செடிகளை உலர வைக்கும்.,तेज़ धूप पौधों को सुखा देगी।,"Dry, Dehydrate, Parch",நீர்ச்சத்து போக்க
778,Day 156,Desolate,Adjective,Intermediate,பாழடைந்த / தனிமையான,सुनसान (Sunsaan),The landscape was desolate and empty.,அந்த நிலப்பரப்பு பாழடைந்து வெறிச்சோடி காணப்பட்டது.,परिदृश्य सुनसान और खाली था।,"Deserted, Bleak, Isolated",கைவிடப்பட்ட
779,Day 156,Despondent,Adjective,Intermediate,நம்பிக்கையற்ற / சோகமான,निराश (Niraash),He grew despondent after failing the exam again.,மீண்டும் தேர்வில் தோல்வியடைந்த பிறகு அவர் நம்பிக்கையற்றவரானார்.,परीक्षा में फिर से असफल होने के बाद वह निराश हो गया।,"Hopeless, Dejected, Sad",தளர்ச்சியடைந்த
780,Day 156,Destitute,Adjective,Intermediate,வறிய / ஆதரவற்ற,बेसहारा (Besahara),The flood left thousands of people destitute.,வெள்ளம் ஆயிரக்கணக்கான மக்களை ஆதரவற்றவர்களாக மாற்றியது.,बाढ़ ने हजारों लोगों को बेसहारा छोड़ दिया।,"Poor, Impoverished, Needy",ஏழ்மையான
781,Day 157,Devoid,Adjective,Intermediate,அற்ற / இல்லாத,रहित (Rahit),The argument was completely devoid of logic.,அந்த வாதத்தில் தர்க்கம் (logic) முற்றிலும் இல்லாமல் இருந்தது.,तर्क पूरी तरह से तर्कहीन (तर्क से रहित) था।,"Lacking, Empty, Without",இல்லாத
782,Day 157,Dexterous,Adjective,Intermediate,கைதேர்ந்த / திறமையான,निपुण (Nipun),The pianist was very dexterous with his fingers.,பியானோ கலைஞர் தனது விரல்களைக் கையாள்வதில் கைதேர்ந்தவராக இருந்தார்.,पियानोवादक अपनी उंगलियों के संचालन में बहुत निपुण था।,"Skillful, Adroit, Handy",வலக்கை பழக்கமுள்ள
783,Day 157,Diatribe,Noun,Intermediate,கடுமையான கண்டன உரை,निंदा (Ninda),The article was a long diatribe against the media.,அந்த கட்டுரை ஊடகங்களுக்கு எதிரான ஒரு நீண்ட கண்டன உரையாக இருந்தது.,वह लेख मीडिया के खिलाफ एक लंबी निंदा (आलोचना) थी।,"Rant, Tirade, Attack",வசவுரை
784,Day 157,Diffuse,Verb,Intermediate,பரவு / சிதறு,फैलना (Failna),The scent of roses began to diffuse through the room.,ரோஜாவின் மணம் அறை முழுவதும் பரவத் தொடங்கியது.,कमरे में गुलाब की खुशबू फैलने लगी।,"Spread, Scatter, Disperse",விரவிப்பரவு
785,Day 157,Digress,Verb,Intermediate,திசைமாறு / விலகிச் செல்,विषय से भटकना (Vishay se Bhatakna),The speaker began to digress from the main topic.,பேச்சாளர் முதன்மைத் தலைப்பிலிருந்து விலகிச் செல்லத் தொடங்கினார்.,वक्ता मुख्य विषय से भटकने लगा।,"Wander, Deviate, Stray",பொருள் மாறு
786,Day 158,Dilettante,Noun,Intermediate,மேலோட்டமான ஆர்வலர்,शौकिया (Shaukiya),He is just a dilettante who knows little about art.,அவர் கலையைப் பற்றிச் சிறிதே தெரிந்த ஒரு மேலோட்டமான ஆர்வலர் மட்டுமே.,वह सिर्फ एक शौकिया व्यक्ति है जिसे कला के बारे में बहुत कम जानकारी है।,"Amateur, Dabbler",அரைகுறை வித்தகர்
787,Day 158,Diligent,Adjective,Intermediate,விடாமுயற்சியுள்ள,मेहनती (Mehnati),Success comes to those who are diligent.,விடாமுயற்சியுடன் இருப்பவர்களுக்கே வெற்றி தேடி வரும்.,सफलता उन्हीं को मिलती है जो मेहनती होते हैं।,"Hardworking, Assiduous, Careful",ஊக்கமுள்ள
788,Day 158,Diminution,Noun,Intermediate,குறைவு / தேய்மானம்,कमी (Kami),There was a gradual diminution of his power.,அவரது அதிகாரத்தில் படிப்படியான குறைவு ஏற்பட்டது.,उनकी शक्ति में धीरे-धीरे कमी आई।,"Reduction, Decrease, Lessening",தணிவு
789,Day 158,Dirge,Noun,Intermediate,இரங்கற்பாடல்,शोकगीत (Shok-geet),The musician composed a haunting dirge for the funeral.,இசைக்கலைஞர் ஈமச்சடங்கிற்காக ஓர் உருக்கமான இரங்கற்பாடலை அமைத்தார்.,संगीतकार ने अंतिम संस्कार के लिए एक मार्मिक शोकगीत तैयार किया।,"Elegy, Lament, Requiem",சாவுப்பாட்டு
790,Day 158,Disabuse,Verb,Intermediate,தவறைத் திருத்து / தெளிவுபடுத்து,भ्रम दूर करना (Bhram Door Karna),I must disabuse you of the idea that this is easy.,இது எளிதானது என்ற உங்களின் தவறான எண்ணத்தை நான் திருத்த வேண்டும்.,मुझे आपका यह भ्रम दूर करना होगा कि यह आसान है।,"Correct, Enlighten, Undeceive",உண்மையுணர்த்து
791,Day 159,Discern,Verb,Intermediate,அடையாளம் காண் / பகுத்தறி,पहचानना (Pehchanna),It was difficult to discern the truth from his story.,அவரது கதையிலிருந்து உண்மையைப் பகுத்தறிவது கடினமாக இருந்தது.,उनकी कहानी से सच्चाई को पहचानना मुश्किल था।,"Distinguish, Notice, Perceive",கண்டுணர்
792,Day 159,Discordant,Adjective,Intermediate,ஒத்திசைவற்ற / முரண்பட்ட,बेसुरा (Besura),The choir produced a discordant sound.,பாடகர் குழு ஒத்திசைவற்ற (கரகரப்பான) ஒலியை எழுப்பியது.,गायक मंडली ने एक बेसुरा (असंगत) स्वर निकाला।,"Dissonant, Harsh, Clashing",சுதி தவறிய
793,Day 159,Discrepancy,Noun,Intermediate,முரண்பாடு / வேறுபாடு,विसंगति (Visangati),There is a discrepancy between the two reports.,இரண்டு அறிக்கைகளுக்கும் இடையே ஒரு முரண்பாடு உள்ளது.,दोनों रिपोर्टों के बीच एक विसंगति (अंतर) है।,"Inconsistency, Difference, Gap",பொருந்தாமை
794,Day 159,Discursive,Adjective,Intermediate,தொடர்பற்ற / பரந்து விரிந்த,विस्तृत (Vistrit),"The professor gave a long, discursive lecture.","பேராசிரியர் ஒரு நீண்ட, தலைப்பிலிருந்து விலகிச் செல்கிற விரிவுரையை ஆற்றினார்.","प्रोफेसर ने एक लंबा, विस्तृत (विषयांतर करने वाला) व्याख्यान दिया।","Rambling, Digressive, Long-winded",ஒரு பொருள் சாராத
795,Day 159,Disdain,Noun,Intermediate,அலட்சியம் / இகழ்ச்சி,तिरस्कार (Tiraskar),She treated the suggestion with disdain.,அவள் அந்த ஆலோசனையை அலட்சியத்துடன் நடத்தினாள்.,उसने सुझाव को तिरस्कार की दृष्टि से देखा।,"Scorn, Contempt, Disrespect",கீழானதாகக் கருது
796,Day 160,Disingenuous,Adjective,Intermediate,நேர்மையற்ற / கபடமான,कपटी (Kapti),It was disingenuous of him to say he didn't know.,தனக்குத் தெரியாது என்று அவர் கூறியது கபடமானது (நேர்மையற்றது).,उनका यह कहना कपटी (छलपूर्ण) था कि उन्हें पता नहीं था।,"Dishonest, Deceitful, Insincere",கபடமுள்ள
797,Day 160,Disinterested,Adjective,Intermediate,பாரபட்சமற்ற / சுயநலமற்ற,निष्पक्ष (Nishpaksh),A judge must be a disinterested party in the case.,ஒரு நீதிபதி வழக்கில் ஒரு பாரபட்சமற்ற நபராக இருக்க வேண்டும்.,एक न्यायाधीश को मामले में एक निष्पक्ष पक्ष होना चाहिए।,"Unbiased, Neutral, Objective",ஆர்வமற்ற / நடுநிலையான
798,Day 160,Disparage,Verb,Intermediate,இழிவுபடுத்து / குறைத்துப் பேசு,नीचा दिखाना (Neecha Dikhana),Do not disparage your rivals.,உங்கள் எதிரிகளை இழிவுபடுத்திப் பேசாதீர்கள்.,अपने प्रतिद्वंद्वियों को नीचा मत दिखाओ।,"Belittle, Denigrate, Criticize",மட்டம் தட்டு
799,Day 160,Disseminate,Verb,Intermediate,பரப்பு / விநியோகி,प्रसारित करना (Prasarit Karna),The internet is used to disseminate information quickly.,தகவல்களை விரைவாகப் பரப்ப இணையம் பயன்படுத்தப்படுகிறது.,जानकारी को तेज़ी से प्रसारित करने के लिए इंटरनेट का उपयोग किया जाता है।,"Spread, Distribute, Circulate",விதை / பரப்பு
800,Day 160,Dissolution,Noun,Intermediate,கலைப்பு / முடிவு,विघटन (Vighatan),The dissolution of the parliament led to new elections.,நாடாளுமன்றக் கலைப்பு புதிய தேர்தல்களுக்கு வழிவகுத்தது.,संसद के विघटन से नए चुनाव हुए।,"Termination, Breaking up, End",நீக்கம்
801,Day 161,Dissonance,Noun,Intermediate,ஒத்திசைவின்மை / முரண்பாடு,मतभेद (Matbhed),There is a cognitive dissonance between his beliefs and actions.,அவரது நம்பிக்கைகளுக்கும் செயல்களுக்கும் இடையே ஒரு முரண்பாடு (ஒத்திசைவின்மை) உள்ளது.,उनके विश्वासों और कार्यों के बीच एक संज्ञानात्मक मतभेद (असंगति) है।,"Discord, Conflict, Clashing",முரண்
802,Day 161,Distend,Verb,Intermediate,வீங்கு / விரிவடை,फूलना (Foolna),The starvation caused the child’s stomach to distend.,பட்டினி குழந்தையின் வயிறு வீங்கக் காரணமாக அமைந்தது.,भुखमरी के कारण बच्चे का पेट फूल गया।,"Swell, Bloat, Expand",உப்பச்செய்
803,Day 161,Dither,Verb,Intermediate,தயங்கு / ஊசலாடு,दुविधा में होना (Duvidha mein hona),Stop dithering and make a choice!,தயங்குவதை நிறுத்திவிட்டு ஒரு முடிவை எடு!,दुविधा में रहना बंद करो और चुनाव करो!,"Hesitate, Vacillate, Waver",தடுமாறு
804,Day 161,Diurnal,Adjective,Intermediate,பகல் நேரத்தைச் சார்ந்த,दैनिक (Dainik),"Unlike owls, most birds are diurnal.","ஆந்தைகளைப் போலல்லாமல், பெரும்பாலான பறவைகள் பகல் நேரத்தைச் சார்ந்தவை.","उल्लुओं के विपरीत, अधिकांश पक्षी दैनिक (दिन में सक्रिय) होते हैं।","Daily, Daytime",பகல் பொழுது சார்ந்த
805,Day 161,Divulge,Verb,Intermediate,வெளிப்படுத்து / இரகசியத்தை வெளியிடு,प्रकट करना (Prakat Karna),I cannot divulge the source of my information.,எனது தகவலின் ஆதாரத்தை என்னால் வெளியிட முடியாது.,मैं अपनी जानकारी के स्रोत को प्रकट नहीं कर सकता।,"Reveal, Disclose, Tell",கசிய விடு