id,title,passage,q1,a1,q2,a2,level,Tamil Translation (Passage),Hindi Translation (Passage)
R001,The Silent Guardian,"Mount Everest, known in Nepal as Sagarmatha, is the highest peak on Earth. Climbing it requires immense physical strength.",What is the local name for Everest?,Sagarmatha,What is required to climb it?,Immense physical strength.,Beginner (A1),எவரெஸ்ட் சிகரம் நேபாளத்தில் சாகர்மாதா என்று அழைக்கப்படுகிறது.,माउंट एवरेस्ट को नेपाल में सगरमाथा के नाम से जाना जाता है।
R002,The Red Planet,Mars is known as the Red Planet because of the iron oxide on its surface. It has the largest volcano.,Why is Mars red?,Iron oxide on its surface.,What unique feature does it have?,The largest volcano.,Beginner (A1),அதன் மேற்பரப்பில் உள்ள இரும்பு ஆக்சைடு காரணமாக செவ்வாய் சிவப்பு கிரகம் எனப்படுகிறது.,इसकी सतह पर आयरन ऑक्साइड के कारण मंगल को लाल ग्रह कहा जाता है।
R003,Photosynthesis,Plants use sunlight to turn water and carbon dioxide into food. This process releases oxygen.,What do plants use for food?,"Sunlight, water, and CO2.",What gas do they release?,Oxygen.,Beginner (A1),தாவரங்கள் சூரிய ஒளியைப் பயன்படுத்தி உணவைத் தயாரிக்கின்றன.,पौधे भोजन बनाने के लिए सूर्य के प्रकाश का उपयोग करते हैं।
R004,The Great Wall,"The Great Wall of China was built to protect the empire from invasions. It stretches over 13,000 miles.",Why was it built?,To protect from invasions.,How long is it?,"Over 13,000 miles.",Beginner (A1),சீனப் பெருஞ்சுவர் படையெடுப்பிலிருந்து பாதுகாக்க கட்டப்பட்டது.,चीन की दीवार आक्रमणों से बचने के लिए बनाई गई थी।
R005,The Blue Whale,The Blue Whale is the largest animal. A blue whale's heart is the size of a bumper car.,What is the largest animal?,The Blue Whale.,How big is its heart?,The size of a bumper car.,Beginner (A1),நீலத் திமிங்கலம் உலகின் மிகப்பெரிய விலங்கு ஆகும்.,ब्लू व्हेल दुनिया का सबसे बड़ा जानवर है।
R006,The Amazon,"The Amazon is the ""Lungs of the Planet"" because it produces much of the Earth's oxygen.",What is its nickname?,Lungs of the Planet.,Why is it called that?,It produces oxygen.,Beginner (A1),"அமேசான் காடுகள் ""பூமியின் நுரையீரல்"" என்று அழைக்கப்படுகின்றன.","अमेज़न को ""ग्रह के फेफड़े"" कहा जाता है।"
R007,The Busy Ants,"Ants live in colonies. Every ant has a specific job, like finding food or protecting the queen.",Where do ants live?,In colonies.,What are their jobs?,Finding food/protecting queen.,Beginner (A1),எறும்புகள் காலனிகளில் வாழ்கின்றன.,चींटियाँ कॉलोनियों में रहती हैं।
R008,Gentle Giraffe,Giraffes are the tallest land animals. Their necks help them reach leaves at the top of trees.,Why is their neck long?,To reach high leaves.,What is their height rank?,Tallest land animal.,Beginner (A1),ஒட்டகச்சிவிங்கிகள் மிக உயரமான நிலவாழ் விலங்குகள்.,जिराफ़ सबसे ऊँचे ज़मीनी जानवर हैं।
R009,Healthy Fruit,Apples contain fiber which helps your stomach. Eating one daily keeps you energized.,What helps the stomach?,Fiber.,What is the benefit?,Provides energy.,Beginner (A1),ஆப்பிளில் உள்ள நார்ச்சத்து வயிற்றுக்கு நல்லது.,सेब में फाइबर होता है जो पेट के लिए अच्छा होता है।
R010,Night Owls,Owls are active at night. They have large eyes to see in the dark and fly silently.,When are they active?,At night.,How do they fly?,Silently.,Beginner (A1),ஆந்தைகள் இரவில் சுறுசுறுப்பாக இருக்கும்.,उल्लू रात में सक्रिय होते हैं।
R011,Firefighters,Firefighters wear heavy suits for safety. They use long hoses and tall ladders to save people.,Why wear heavy suits?,For safety.,Name one tool used.,Hoses or Ladders.,Beginner (A1),தீயணைப்பு வீரர்கள் பாதுகாப்பு உடையை அணிகிறார்கள்.,अग्निशमन कर्मी सुरक्षा सूट पहनते हैं।
R012,The Moon,The Moon orbits the Earth. It does not have its own light; it reflects the Sun's light.,Does the moon have light?,"No, it reflects sunlight.",What does it orbit?,The Earth.,Beginner (A1),நிலவு சூரிய ஒளியைப் பிரதிபலிக்கிறது.,चंद्रमा सूर्य के प्रकाश को परावर्तित करता है।
R013,Healthy Teeth,Brushing twice a day prevents cavities. It keeps your smile bright and healthy.,How often to brush?,Twice a day.,What is the benefit?,Prevents cavities.,Beginner (A1),ஒரு நாளைக்கு இருமுறை பல் துலக்குவது நல்லது.,दिन में दो बार ब्रश करना अच्छा होता है।
R014,Rainy Days,Rain helps plants grow. It fills our lakes and provides water for animals to drink.,How does rain help?,Helps plants grow.,Where does water go?,Into lakes.,Beginner (A1),மழை தாவரங்கள் வளர உதவுகிறது.,बारिश पौधों को बढ़ने में मदद करती है।
R015,The Bee's Dance,Bees use a waggle dance to tell others where flowers are. The dance shows the direction.,Why do bees dance?,To show flower locations.,What does it show?,Direction and distance.,Beginner (A1),தேனீக்கள் நடனம் மூலம் உணவின் திசையைக் கூறுகின்றன.,मधुमक्खियाँ नृत्य के माध्यम से भोजन की दिशा बताती हैं।
R016,Bioluminescence,Many deep-sea creatures produce their own light. This is called bioluminescence.,What is the term?,Bioluminescence.,Where does it happen?,In the deep sea.,Beginner (A1),ஆழ்கடல் உயிரினங்கள் ஒளியை உருவாக்குவது பயோலுமினெசென்ஸ் எனப்படும்.,गहरे समुद्र के जीवों का प्रकाश उत्पन्न करना बायोलुमिनेसेंस कहलाता है।
R017,The Printing Press,Gutenberg invented the press in 1440. It made books cheaper and spread knowledge.,Who invented the press?,Johannes Gutenberg.,What was the impact?,Books became cheaper.,Beginner (A1),குட்டன்பெர்க் அச்சு இயந்திரத்தைக் கண்டுபிடித்தார்.,गुटेनबर्ग ने प्रिंटिंग प्रेस का आविष्कार किया।
R018,Volcanoes,"Magma is liquid rock under Earth. When it erupts, it is called lava. It forms mountains.",What is liquid rock?,Magma (under) / Lava (above).,What does it form?,Mountains.,Beginner (A1),எரிமலையிலிருந்து வெளியேறும் குழம்பு லாவா எனப்படும்.,ज्वालामुखी से निकलने वाला तरल लावा कहलाता है।
R019,The Silk Road,The Silk Road was a trade network connecting East and West for spices and ideas.,What was the Silk Road?,A trade network.,What was traded?,"Spices, silk, and ideas.",Beginner (A1),சில்க் ரோடு என்பது ஒரு பண்டைய வணிகப் பாதை.,सिल्क रोड एक प्राचीन व्यापार मार्ग था।
R020,Ocean Plastic,Plastic pollution harms sea turtles. They mistake plastic bags for jellyfish (food).,What is the harm?,It hurts sea life.,Why do turtles eat it?,They mistake it for food.,Beginner (A1),பிளாஸ்டிக் கடல் ஆமைகளை பாதிக்கிறது.,प्लास्टिक समुद्री कछुओं को नुकसान पहुँचाता है।
R021,The Brain,"The brain has billions of neurons. It controls breathing, memory, and emotions.",What are brain cells?,Neurons.,What does it control?,Breathing and memory.,Beginner (A1),மூளையில் பில்லியன் கணக்கான நியூரான்கள் உள்ளன.,मस्तिष्क में अरबों न्यूरॉन्स होते हैं।
R022,Urbanization,People move from villages to cities for jobs. This is called urbanization.,Why do people move?,For jobs.,What is the term?,Urbanization.,Beginner (A1),மக்கள் வேலைக்காக நகரங்களுக்குச் செல்வது நகரமயமாக்கல்.,लोगों का शहरों की ओर जाना शहरीकरण है।
R023,The Olympic Games,The Olympics promote peace and unity by bringing athletes from every nation together.,What is the goal?,Peace and unity.,Who participates?,Athletes from every nation.,Beginner (A1),ஒலிம்பிக் போட்டிகள் அமைதியை வளர்க்கின்றன.,ओलंपिक खेल शांति को बढ़ावा देते हैं।
R024,Solar Energy,Solar panels turn sunlight into electricity. It is a renewable and clean source.,What is the source?,Sunlight.,Why is it good?,It is clean and renewable.,Beginner (A1),சூரிய மின் தகடுகள் மின்சாரத்தை உருவாக்குகின்றன.,सौर पैनल बिजली पैदा करते हैं।
R025,The Water Cycle,"Water evaporates, forms clouds, and falls as rain. This cycle repeats forever.",What is evaporation?,Water turning into gas/clouds.,Is the cycle limited?,"No, it repeats forever.",Beginner (A1),நீர் சுழற்சி என்பது ஒரு தொடர்ச்சியான நிகழ்வு.,जल चक्र एक निरंतर चलने वाली प्रक्रिया है।
R026,The Clever Octopus,An octopus has three hearts. They can squeeze through tiny gaps due to no bones.,How many hearts?,Three.,Why can they squeeze?,They have no bones.,Beginner (A1),ஆக்டோபஸிற்கு மூன்று இதயங்கள் உள்ளன.,ऑक्टोपस के तीन दिल होते हैं।
R027,Artificial Intelligence,AI machines are programmed to think like humans. They can recognize complex patterns.,What is AI?,Human-like thinking machines.,What can they do?,Recognize patterns.,Beginner (A1),AI மனிதனைப் போல சிந்திக்கும் திறன் கொண்டது.,एआई में मनुष्य की तरह सोचने की क्षमता होती है।
R028,Global Warming,The Earth is heating up due to CO2. This melts ice caps and raises sea levels.,What is the cause?,CO2/Greenhouse gases.,What is the effect?,Rising sea levels.,Beginner (A1),புவி வெப்பமடைதலால் கடல் மட்டம் உயர்கிறது.,ग्लोबल वार्मिंग से समुद्र का स्तर बढ़ रहा है।
R029,The Renaissance,"This was a period of ""rebirth"" in Europe. It shifted focus toward logic and art.",What does it mean?,Rebirth.,What was the focus?,Logic and art.,Beginner (A1),மறுமலர்ச்சிக் காலம் கலைக்கு முக்கியத்துவம் அளித்தது.,पुनर्जागरण काल ने कला को महत्व दिया।
R030,Magnetism,"Magnets have North and South poles. Opposite poles attract, while same poles repel.",What are the poles?,North and South.,What do same poles do?,They repel each other.,Beginner (A1),காந்தத்தின் ஒத்த துருவங்கள் விலகிச் செல்லும்.,चुंबक के समान ध्रुव एक-दूसरे को दूर धकेलते हैं।
R031,Banyan Resilience,The Banyan tree has aerial roots for support. It symbolizes eternal life in cultures.,What supports it?,Aerial prop roots.,What is it a symbol of?,Eternal life.,Beginner (A1),ஆலமரம் அதன் விழுதுகளால் தாங்கப்படுகிறது.,बरगद का पेड़ अपनी जड़ों से सहारा लेता है।
R032,Industrial Revolution,"This era shifted production from hands to machines, causing massive urban growth.",What was the shift?,From hands to machines.,What was a result?,Urban development/pollution.,Beginner (A1),தொழில் புரட்சி இயந்திர உற்பத்தியைத் தொடங்கியது.,औद्योगिक क्रांति ने मशीन उत्पादन शुरू किया।
R033,Quantum Computing,Qubits allow quantum computers to calculate at speeds impossible for bits.,What is a qubit?,A quantum bit.,Why is it faster?,It processes data differently.,Beginner (A1),குவாண்டம் கணினிகள் குபிட்டுகளைப் பயன்படுத்துகின்றன.,क्वांटम कंप्यूटर क्यूबिट्स का उपयोग करते हैं।
R034,The Magna Carta,"Signed in 1215, it established that even the King is not above the law.",When was it signed?,1215,What did it establish?,Law is supreme for everyone.,Beginner (A1),மன்னரும் சட்டத்திற்கு உட்பட்டவர் என இது கூறியது.,इसने कहा कि राजा भी कानून के अधीन है।
R035,Black Holes,Gravity in a black hole is so strong that even light cannot escape its pull.,"Why is it ""black""?",Because light cannot escape.,What is the cause?,Intense gravity.,Beginner (A1),கருந்துளையிலிருந்து ஒளி கூட தப்ப முடியாது.,ब्लैक होल से प्रकाश भी नहीं बच सकता।
R036,Microeconomics,It studies how individual firms allocate scarce resources under supply and demand.,What does it study?,Individual/Firm decisions.,What is the core?,Supply and demand.,Beginner (A1),இது தனிநபர் பொருளாதார முடிவுகளைப் படிக்கிறது.,यह व्यक्तिगत आर्थिक निर्णयों का अध्ययन करता है।
R037,Dark Matter,Invisible matter that makes up most of the universe. It is detected via gravity.,Is it visible?,"No, it is invisible.",How is it found?,Through gravitational effects.,Beginner (A1),இருண்ட பொருள் கண்ணுக்குத் தெரியாதது.,डार्क मैटर अदृश्य है।
R038,Genetic Engineering,Scientists modify DNA to create pest-resistant crops or cure human diseases.,What is modified?,DNA.,Name one benefit.,Curing diseases/better crops.,Beginner (A1),இது டிஎன்ஏ-வை மாற்றியமைக்கும் தொழில்நுட்பம்.,यह डीएनए को संशोधित करने की तकनीक है।
R039,Theory of Relativity,"Einstein's theory links space and time, describing gravity as a curve.",Who developed it?,Albert Einstein.,How is gravity seen?,As a curve in space-time.,Beginner (A1),ஐன்ஸ்டீன் இடத்தையும் நேரத்தையும் இணைத்தார்.,आइंस्टीन ने स्थान और समय को जोड़ा।
R040,Cryptography,It is the practice of encrypting data to ensure secure digital communication.,What is the goal?,Secure communication.,What is the process?,Encrypting data.,Beginner (A1),தகவல்களைப் பாதுகாப்பதே கிரிப்டோகிராபி.,सूचना को सुरक्षित रखना ही क्रिप्टोग्राफी है।
R041,The Loyal Dog,"Dogs are known as man's best friend. They are loyal animals that can be trained to help people. Some dogs work with the police, while others help people who cannot see.",Why are dogs called best friends?,Because they are loyal.,Name one way dogs help people.,Working with police or helping the blind.,Beginner (A1),நாய்கள் மனிதனின் சிறந்த நண்பனாகக் கருதப்படுகின்றன. அவை விசுவாசமான விலங்குகள்.,कुत्तों को इंसान का सबसे अच्छा दोस्त माना जाता है। वे वफादार जानवर हैं।
R042,Rainforest Layers,"A rainforest has four layers: emergent, canopy, understory, and forest floor. Most animals live in the canopy layer because it has the most food and sunlight.",How many layers does a rainforest have?,Four.,Which layer has the most animals?,The canopy layer.,Beginner (A1),மழைக்காடுகள் நான்கு அடுக்குகளைக் கொண்டுள்ளன. பெரும்பாலான விலங்குகள் 'கேனோபி' அடுக்கில் வாழ்கின்றன.,वर्षावन की चार परतें होती हैं। अधिकांश जानवर 'कैनोपी' परत में रहते हैं।
R043,The Fast Cheetah,"The cheetah is the fastest land animal. It can run as fast as a car on a highway. However, it can only run this fast for a short distance before getting tired.",What is the fastest land animal?,The cheetah.,Can it run fast for a long time?,"No, only for a short distance.",Beginner (A1),சிறுத்தை நிலத்தில் மிக வேகமாக ஓடும் விலங்கு. இது ஒரு நெடுஞ்சாலையில் செல்லும் காரைப் போல வேகமாக ஓடக்கூடியது.,चीता सबसे तेज़ ज़मीनी जानवर है। यह राजमार्ग पर कार जितनी तेज़ दौड़ सकता है।
R044,Making Honey,Bees collect nectar from flowers to make honey. They store the honey in wax cells called honeycombs. Honey is the only food made by insects that humans eat.,What do bees collect to make honey?,Nectar.,Where do they store the honey?,In honeycombs.,Beginner (A1),தேனீக்கள் தேன் தயாரிக்க மலர்களிலிருந்து தேனைச் சேகரிக்கின்றன. இவை தேன்கூடுகளில் சேமிக்கப்படுகின்றன.,मधुमक्खियाँ शहद बनाने के लिए फूलों से अमृत इकट्ठा करती हैं। वे इसे छत्ते में जमा करती हैं।
R045,The Brave Knight,"In the Middle Ages, knights were soldiers who rode horses. They wore heavy metal armor to protect themselves in battle. They followed a code of honor called chivalry.",What did knights wear for protection?,Heavy metal armor.,What was their code of honor called?,Chivalry.,Beginner (A1),"இடைக்காலத்தில், மாவீரர்கள் (Knights) போரில் தங்களைப் பாதுகாத்துக் கொள்ள உலோகக் கவசங்களை அணிந்தனர்.","मध्य युग में, शूरवीर (Knights) सुरक्षा के लिए धातु के कवच पहनते थे।"
R046,The Invention of Paper,"Paper was invented in China nearly 2,000 years ago. Before paper, people wrote on silk, clay, or stone. The invention made it much easier to share stories and laws.",Where was paper invented?,China.,What did people use before paper?,"Silk, clay, or stone.",Beginner (A1),"சுமார் 2,000 ஆண்டுகளுக்கு முன்பு சீனாவில் காகிதம் கண்டுபிடிக்கப்பட்டது.","कागज़ का आविष्कार लगभग 2,000 साल पहले चीन में हुआ था।"
R047,The Earth's Crust,"The Earth's surface is made of tectonic plates. These plates move very slowly. When they rub against each other, they can cause earthquakes or form mountains.",What is the Earth's surface made of?,Tectonic plates.,What happens when plates rub together?,Earthquakes or mountain formation.,Beginner (A1),பூமியின் மேற்பரப்பு டெக்டோனிக் தட்டுகளால் ஆனது. இவை மெதுவாக நகர்கின்றன.,पृथ्वी की सतह टेक्टोनिक प्लेटों से बनी है। ये बहुत धीमी गति से चलती हैं।
R048,Desert Survival,Camels can live in the desert because they store fat in their humps. This fat provides energy when food is scarce. They also have thick eyelashes to keep sand out.,What is stored in a camel's hump?,Fat.,Why do they have thick eyelashes?,To keep sand out of their eyes.,Beginner (A1),ஒட்டகங்கள் தங்கள் திமில்களில் கொழுப்பைச் சேமித்து வைப்பதால் பாலைவனத்தில் உயிர்வாழ முடிகிறது.,"ऊँट अपने कूबड़ में वसा जमा करते हैं, जिससे वे रेगिस्तान में जीवित रह पाते हैं।"
R049,The Statue of Liberty,"This famous statue was a gift from France to the United States. It stands for freedom. It is made of copper, which turned green over time due to the air.",Which country gave the statue as a gift?,France.,Why did the statue turn green?,Because the copper reacted with the air.,Beginner (A1),இந்தச் சிலை பிரான்சிடமிருந்து அமெரிக்காவிற்கு வழங்கப்பட்ட பரிசாகும். இது செம்பினால் ஆனது.,यह मूर्ति फ्रांस की ओर से अमेरिका को उपहार थी। यह तांबे से बनी है।
R050,The Solar System,"Our solar system has eight planets that orbit the Sun. Jupiter is the largest planet, while Mercury is the closest to the Sun. Each planet has a unique atmosphere.",How many planets are in our solar system?,Eight.,Which planet is closest to the Sun?,Mercury.,Beginner (A1),நமது சூரிய மண்டலத்தில் சூரியனைச் சுற்றி வரும் எட்டு கோள்கள் உள்ளன. வியாழன் மிகப்பெரிய கோள்.,हमारे सौर मंडल में आठ ग्रह हैं। बृहस्पति सबसे बड़ा है और बुध सूर्य के सबसे करीब है।
R051,Vaccines and Health,Vaccines work by training the immune system to recognize and fight viruses. They contain weakened versions of a germ. This has helped wipe out many deadly diseases.,How do vaccines work?,By training the immune system to fight viruses.,What do they contain?,Weakened versions of a germ.,Beginner (A1),தடுப்பூசிகள் வைரஸ்களை எதிர்த்துப் போராட நோய் எதிர்ப்பு மண்டலத்திற்குப் பயிற்சியளிக்கின்றன.,टीके प्रतिरक्षा प्रणाली को वायरस से लड़ने के लिए प्रशिक्षित करते हैं।
R052,The Titanic,"The Titanic was a giant ship that hit an iceberg in 1912. It was thought to be unsinkable, but it sank on its first voyage. This led to better sea safety laws.",What did the ship hit?,An iceberg.,What was a positive result of this tragedy?,Better sea safety laws were created.,Beginner (A1),டைட்டானிக் 1912-இல் பனிப்பாறையில் மோதி மூழ்கிய ஒரு பிரம்மாண்டமான கப்பலாகும்.,टाइटैनिक 1912 में एक हिमशैल से टकराकर डूब गया था।
R053,Microbiology,"Microbiology is the study of tiny organisms like bacteria and fungi. These microbes are too small to see with eyes, but they play a big role in health and nature.",What is microbiology?,The study of tiny organisms like bacteria.,Can you see microbes with your eyes?,"No, they are too small.",Beginner (A1),நுண்ணுயிரியல் என்பது பாக்டீரியா போன்ற மிகச்சிறிய உயிரினங்களைப் பற்றிய படிப்பாகும்.,सूक्ष्मजीव विज्ञान बैक्टीरिया और कवक जैसे छोटे जीवों का अध्ययन है।
R054,Renewable Resources,Wind and solar energy are renewable because they never run out. Using these helps reduce pollution. It is a key way to fight climate change in the future.,Why is wind energy renewable?,Because it never runs out.,How does using it help the planet?,It reduces pollution and fights climate change.,Beginner (A1),"காற்று மற்றும் சூரிய ஆற்றல் மீண்டும் புதுப்பிக்கத்தக்கவை, ஏனெனில் அவை முடிவடையாது.",पवन और सौर ऊर्जा नवीकरणीय हैं क्योंकि वे कभी खत्म नहीं होतीं।
R055,The Roman Empire,"Rome was once the center of a huge empire. They built roads and bridges that still exist today. Their language, Latin, influenced many modern languages.",What did the Romans build?,Roads and bridges.,How did they influence modern languages?,"Through their language, Latin.",Beginner (A1),ரோம் ஒரு காலத்தில் ஒரு பெரிய பேரரசின் மையமாக இருந்தது. அவர்களின் லத்தீன் மொழி பல மொழிகளைப் பாதித்தது.,रोम कभी एक विशाल साम्राज्य का केंद्र था। लैटिन भाषा ने कई आधुनिक भाषाओं को प्रभावित किया।
R056,The Law of Gravity,Isaac Newton formulated the law of universal gravitation. It explains why objects fall to the ground and why planets orbit stars. Mass and distance affect gravity.,Who formulated the law of gravity?,Isaac Newton.,What two factors affect the strength of gravity?,Mass and distance.,Beginner (A1),ஐசக் நியூட்டன் புவிஈர்ப்பு விதியைக் கண்டறிந்தார். இது பொருட்கள் ஏன் கீழே விழுகின்றன என்பதை விளக்குகிறது.,आइजैक न्यूटन ने गुरुत्वाकर्षण का नियम दिया। यह समझाता है कि वस्तुएं नीचे क्यों गिरती हैं।
R057,Ethical Philosophy,Ethics is a branch of philosophy that examines what is right and wrong. It explores human values and how we should treat others in a fair society.,What does ethics examine?,Concepts of right and wrong.,What does it explore?,Human values and fair treatment.,Beginner (A1),"அறநெறி (Ethics) என்பது எது சரி, எது தவறு என்பதை ஆராயும் தத்துவத்தின் ஒரு கிளையாகும்.",नीतिशास्त्र दर्शन की वह शाखा है जो सही और गलत की अवधारणाओं की जांच करती है।
R058,Macroeconomics,"Macroeconomics studies the economy as a whole. It looks at national income, unemployment rates, and inflation to understand how countries grow or fail.",What is the focus of macroeconomics?,The economy as a whole.,Name two things it looks at.,Unemployment rates and inflation.,Beginner (A1),மேக்ரோ எகனாமிக்ஸ் என்பது ஒரு நாட்டின் ஒட்டுமொத்தப் பொருளாதாரத்தைப் பற்றிய படிப்பாகும்.,समष्टि अर्थशास्त्र (Macroeconomics) समग्र अर्थव्यवस्था का अध्ययन करता है।
R059,The Hubble Telescope,"Launched in 1990, the Hubble Space Telescope orbits high above Earth. It takes clear pictures of distant galaxies, helping us learn how the universe began.",When was Hubble launched?,1990,How does it help scientists?,By taking clear pictures of distant galaxies.,Beginner (A1),"1990-இல் ஏவப்பட்ட ஹப்பிள் தொலைநோக்கி, தொலைதூர விண்மீன் திரள்களைப் படம் பிடிக்கிறது.",1990 में लॉन्च हुआ हबल टेलीस्कोप दूर की आकाशगंगाओं की तस्वीरें लेता है।
R060,The Global Economy,Modern trade means that a product sold in one country might have parts from five others. This interconnectivity creates growth but also makes nations dependent.,What does modern trade mean?,Products have parts from many different countries.,What is a result of interconnectivity?,Economic growth and national dependency.,Beginner (A1),நவீன வர்த்தகம் என்பது நாடுகளுக்கு இடையிலான பொருளாதாரத் தொடர்புகளைக் குறிக்கிறது.,आधुनिक व्यापार का अर्थ है कि देश आर्थिक रूप से एक-दूसरे से जुड़े हुए हैं।
R061,The Moon's Face,The Moon does not have its own light. It looks bright because it reflects the Sun's light. It has many craters caused by space rocks hitting it.,Does the Moon have its own light?,"No, it reflects the Sun's light.",What causes the craters?,Space rocks hitting the Moon.,Beginner (A1),நிலாவிற்குச் சொந்தமாக ஒளி கிடையாது. அது சூரிய ஒளியைப் பிரதிபலிக்கிறது.,चंद्रमा का अपना प्रकाश नहीं होता। यह सूर्य के प्रकाश को परावर्तित करता है।
R062,Plant Food,Plants are amazing because they make their own food using sunlight. This is called photosynthesis. They also need water and good soil to grow strong.,What is it called when plants make food?,Photosynthesis.,What two other things do plants need?,Water and good soil.,Beginner (A1),தாவரங்கள் சூரிய ஒளியைப் பயன்படுத்தித் தங்கள் உணவைத் தாங்களே தயாரிக்கின்றன.,पौधे सूर्य के प्रकाश का उपयोग करके अपना भोजन स्वयं बनाते हैं।
R063,My Pet Cat,Cats are popular pets. They like to sleep for many hours during the day. They use their long whiskers to feel things around them in the dark.,When do cats like to sleep?,During the day.,What do they use to feel things?,Their whiskers.,Beginner (A1),பூனைகள் பகல் நேரத்தில் பல மணிநேரம் உறங்க விரும்பும்.,बिल्लियाँ दिन के समय कई घंटों तक सोना पसंद करती हैं।
R064,The Big Elephant,Elephants are the largest animals on land. They use their long trunks to drink water and pick up food. They live in groups called herds.,Where do elephants live?,On land.,What is a group of elephants called?,A herd.,Beginner (A1),யானைகள் நிலத்தில் வாழும் மிகப்பெரிய விலங்குகள். அவை கூட்டமாக வாழ்கின்றன.,हाथी ज़मीन पर रहने वाले सबसे बड़े जानवर हैं। वे झुंड में रहते हैं।
R065,Colorful Rainbows,A rainbow appears when it is sunny and raining at the same time. The sunlight shines through the water drops and breaks into seven beautiful colors.,When does a rainbow appear?,When it is sunny and raining.,How many colors are in a rainbow?,Seven.,Beginner (A1),வெயிலும் மழையும் ஒரே நேரத்தில் வரும்போது வானவில் தோன்றுகிறது.,इंद्रधनुष तब दिखाई देता है जब धूप और बारिश एक साथ होती है।
R066,The Library,"A library is a quiet place where people go to read books. You can borrow books and take them home, but you must return them on time.",Is a library a loud place?,"No, it is a quiet place.",What can you do with library books?,Borrow them and take them home.,Beginner (A1),நூலகம் என்பது மக்கள் புத்தகம் வாசிக்கச் செல்லும் ஒரு அமைதியான இடம்.,पुस्तकालय एक शांत जगह है जहाँ लोग किताबें पढ़ने जाते हैं।
R067,The Busy Baker,"Bakers wake up very early in the morning to bake fresh bread. They use flour, water, and yeast to make the dough rise before putting it in the oven.",When do bakers wake up?,Very early in the morning.,What three things are used to make bread?,"Flour, water, and yeast.",Beginner (A1),ரொட்டி தயாரிப்பவர்கள் அதிகாலையிலேயே எழுந்து புதிய ரொட்டிகளைச் செய்கிறார்கள்.,बेकर्स ताज़ा ब्रेड बनाने के लिए सुबह बहुत जल्दी उठते हैं।
R068,Spring Season,"In spring, the weather gets warmer and flowers begin to bloom. Many birds build nests in the trees to lay their eggs during this time.",What happens to the weather in spring?,It gets warmer.,Why do birds build nests in spring?,To lay their eggs.,Beginner (A1),வசந்த காலத்தில் வானிலை வெப்பமடைகிறது மற்றும் பூக்கள் மலர்கின்றன.,वसंत ऋतु में मौसम गर्म हो जाता है और फूल खिलने लगते हैं।
R069,The Small Seed,"A seed needs water, air, and warmth to grow. First, it grows roots into the dirt, and then a green sprout comes out of the ground.",What three things does a seed need?,"Water, air, and warmth.","What grows first, roots or a sprout?",Roots.,Beginner (A1),"ஒரு விதை வளர்வதற்கு நீர், காற்று மற்றும் வெப்பம் தேவை.","एक बीज को बढ़ने के लिए पानी, हवा और गर्माहट की जरूरत होती है।"
R070,Healthy Breakfast,"Breakfast is the most important meal of the day. It gives you energy to study and play. Eggs, milk, and fruit are healthy choices.",Which meal is the most important?,Breakfast.,Why is breakfast good for you?,It gives you energy.,Beginner (A1),காலை உணவு அன்றைய தினத்தின் மிக முக்கியமான உணவாகும்.,नाश्ता दिन का सबसे महत्वपूर्ण भोजन है। यह ऊर्जा देता है।
R071,The Brave Pilot,Pilots fly airplanes to take people across the world. They stay in the cockpit and use many buttons and screens to steer the plane safely.,What is the pilot's seat area called?,The cockpit.,Why do pilots fly airplanes?,To take people across the world.,Beginner (A1),விமானிகள் மக்களை உலகம் முழுவதும் அழைத்துச் செல்ல விமானங்களை ஓட்டுகிறார்கள்.,पायलट लोगों को दुनिया भर में ले जाने के लिए हवाई जहाज उड़ाते हैं।
R072,The Friendly Dolphin,Dolphins are mammals that live in the ocean. They are very smart and communicate with each other using clicks and whistles. They love to jump out of the water.,Are dolphins fish or mammals?,Mammals.,How do dolphins talk to each other?,Using clicks and whistles.,Beginner (A1),டால்பின்கள் கடலில் வாழும் பாலூட்டிகள். அவை புத்திசாலியானவை.,डॉल्फ़िन स्तनधारी हैं जो समुद्र में रहते हैं। वे बहुत होशियार होते हैं।
R073,How Clouds Form,"When the sun heats up water in lakes, it turns into gas. This is called water vapor. The vapor rises and cools down to form clouds in the sky.",What is water called when it turns into gas?,Water vapor.,What happens when water vapor cools down?,It forms clouds.,Beginner (A1),"சூரியன் ஏரிகளில் உள்ள நீரை வெப்பப்படுத்தும்போது, அது மேகங்களாக மாறுகிறது.","जब सूरज झीलों के पानी को गर्म करता है, तो वह बादलों में बदल जाता है।"
R074,The Roman Roads,"The ancient Romans were famous for building strong roads. They used layers of stone and sand. Some of these roads are still used today, thousands of years later.",What were the Romans famous for?,Building strong roads.,What materials did they use?,Layers of stone and sand.,Beginner (A1),பண்டைய ரோமானியர்கள் வலுவான சாலைகளை அமைப்பதில் பிரபலமானவர்கள்.,प्राचीन रोमन मजबूत सड़कें बनाने के लिए प्रसिद्ध थे।
R075,The Amazon River,The Amazon River is the second longest river in the world. It flows through a huge rainforest and holds more water than any other river on Earth.,Is the Amazon the longest river?,"No, it is the second longest.",What is unique about the Amazon?,It holds more water than any other river.,Beginner (A1),அமேசான் நதி உலகின் இரண்டாவது நீளமான நதியாகும்.,अमेज़न नदी दुनिया की दूसरी सबसे लंबी नदी है।
R076,Life of a Butterfly,"A butterfly starts as a tiny egg. It becomes a caterpillar, then a chrysalis, and finally a butterfly. This amazing change is called metamorphosis.",What is the second stage of a butterfly?,Caterpillar.,What is the scientific name for this change?,Metamorphosis.,Beginner (A1),ஒரு பட்டாம்பூச்சி ஒரு சிறிய முட்டையாகத் தொடங்கி நான்கு நிலைகளைக் கடக்கிறது.,एक तितली एक नन्हे अंडे के रूप में शुरू होती है और चार चरणों से गुजरती है।
R077,The Invention of the Wheel,"The wheel was invented over 5,000 years ago. It made it much easier to move heavy things and travel long distances. It is one of the most important inventions.",When was the wheel invented?,"Over 5,000 years ago.",Why was the wheel important?,It made moving things and travel easier.,Beginner (A1),"சக்கரம் 5,000 ஆண்டுகளுக்கு முன்பே கண்டுபிடிக்கப்பட்டது.","पहिये का आविष्कार 5,000 साल पहले हुआ था। इसने यात्रा को आसान बनाया।"
R078,Solar Eclipses,"A solar eclipse happens when the Moon passes between the Earth and the Sun. This blocks the sunlight for a few minutes, making the sky look dark during the day.",What causes a solar eclipse?,The Moon passing between the Earth and the Sun.,Does it last for many hours?,"No, only for a few minutes.",Beginner (A1),பூமிக்கும் சூரியனுக்கும் இடையில் நிலவு செல்லும்போது சூரிய கிரகணம் ஏற்படுகிறது.,सूर्य ग्रहण तब होता है जब चंद्रमा पृथ्वी और सूर्य के बीच से गुजरता है।
R079,The Great Barrier Reef,The Great Barrier Reef is the world's largest coral reef system. It is located in Australia and is home to thousands of types of colorful fish and sea plants.,Where is the Great Barrier Reef?,Australia.,What lives in the reef?,Thousands of types of fish and sea plants.,Beginner (A1),கிரேட் பேரியர் ரீஃப் உலகின் மிகப்பெரிய பவளப்பாறை அமைப்பாகும். இது ஆஸ்திரேலியாவில் உள்ளது.,ग्रेट बैरियर रीफ दुनिया का सबसे बड़ा कोरल रीफ सिस्टम है। यह ऑस्ट्रेलिया में है।
R080,The Discovery of Fire,Early humans discovered how to use fire for warmth and cooking. It also protected them from wild animals at night. Fire changed the way humans lived forever.,Name two uses of fire for early humans.,Warmth and cooking.,How did fire help them at night?,It protected them from wild animals.,Beginner (A1),ஆரம்பகால மனிதர்கள் நெருப்பை வெப்பத்திற்கும் சமைப்பதற்கும் பயன்படுத்தினர்.,शुरुआती इंसानों ने गर्मी और खाना पकाने के लिए आग का इस्तेमाल किया।
R081,Modern Recycling,Recycling turns waste materials into new products. This saves energy and reduces the amount of trash in landfills. Aluminum and paper are common recycled items.,What is recycling?,Turning waste into new products.,Name two items that are often recycled.,Aluminum and paper.,Beginner (A1),மறுசுழற்சி கழிவுப்பொருட்களைப் புதிய பொருட்களாக மாற்றுகிறது.,रीसाइक्लिंग कचरे को नए उत्पादों में बदल देती है। यह ऊर्जा बचाती है।
R082,Gravity in Space,"Gravity is a force that pulls objects toward each other. In space, gravity keeps the planets in orbit around the Sun and keeps the Moon near the Earth.",What does gravity do?,Pulls objects toward each other.,What keeps planets orbiting the Sun?,Gravity.,Beginner (A1),ஈர்ப்பு விசை என்பது பொருட்களை ஒன்றையொன்று ஈர்க்கும் ஒரு சக்தியாகும்.,गुरुत्वाकर्षण एक बल है जो वस्तुओं को एक-दूसरे की ओर खींचता है।
R083,Microscopic Life,"Bacteria are tiny living things that exist everywhere. Some bacteria can make you sick, but others are helpful and help us digest our food.",Can you see bacteria with your eyes?,"No, they are too small.",Are all bacteria bad?,"No, some are helpful for digestion.",Beginner (A1),பாக்டீரியாக்கள் எல்லா இடங்களிலும் இருக்கும் மிகச்சிறிய உயிரினங்கள்.,बैक्टीरिया नन्हे जीव हैं जो हर जगह मौजूद हैं। कुछ मददगार होते हैं।
R084,The Steam Engine,"The steam engine used boiling water to create power. This invention led to the creation of trains and factories, starting the Industrial Revolution.",What did the steam engine use for power?,Boiling water.,What did this invention start?,The Industrial Revolution.,Beginner (A1),நீராவி இயந்திரம் கொதிக்கும் நீரைப் பயன்படுத்தி சக்தியை உருவாக்கியது.,भाप इंजन ने शक्ति बनाने के लिए उबलते पानी का इस्तेमाल किया।
R085,Mars Exploration,Robots called rovers are currently exploring Mars. They take pictures and test the soil to help scientists learn if life ever existed on the Red Planet.,What are the robots on Mars called?,Rovers.,Why are they testing the soil?,To see if life ever existed there.,Beginner (A1),ரோவர் எனப்படும் ரோபோக்கள் தற்போது செவ்வாய் கிரகத்தை ஆராய்ந்து வருகின்றன.,रोवर्स नामक रोबोट वर्तमान में मंगल ग्रह की खोज कर रहे हैं।
R086,The Earth's Atmosphere,The atmosphere is a layer of gases that surrounds the Earth. It protects us from the Sun's harmful rays and gives us the air we need to breathe.,What is the atmosphere?,A layer of gases surrounding the Earth.,Name one way it protects us.,It blocks the Sun's harmful rays.,Beginner (A1),வளிமண்டலம் என்பது பூமியைச் சுற்றியுள்ள வாயுக்களின் அடுக்கு ஆகும்.,वायुमंडल गैसों की एक परत है जो पृथ्वी को घेरे हुए है।
R087,Thomas Edison,Thomas Edison was a famous inventor who created the light bulb and the phonograph. He failed many times but never gave up until his inventions worked.,What did Edison invent?,The light bulb and phonograph.,Did he succeed on his first try?,"No, he failed many times.",Beginner (A1),தாமஸ் எடிசன் மின்விளக்கைக் கண்டுபிடித்த பிரபலமான கண்டுபிடிப்பாளர்.,थॉमस एडिसन एक प्रसिद्ध आविष्कारक थे जिन्होंने लाइट बल्ब बनाया था।
R088,The Sahara Desert,The Sahara is the largest hot desert in the world. It covers much of North Africa. Temperatures can be very hot during the day and very cold at night.,Is the Sahara a cold desert?,"No, it is the largest hot desert.",How does the temperature change?,Hot during the day and cold at night.,Beginner (A1),சஹாரா உலகின் மிகப்பெரிய வெப்பமான பாலைவனமாகும்.,सहारा दुनिया का सबसे बड़ा गर्म रेगिस्तान है। यह अफ्रीका में है।
R089,Plant Pollination,"Bees and butterflies help plants grow by carrying pollen from one flower to another. This is called pollination, and it allows plants to make seeds.",How do insects help plants?,By carrying pollen from flower to flower.,What does pollination allow plants to do?,Make seeds.,Beginner (A1),தேனீக்களும் பட்டாம்பூச்சிகளும் மகரந்தச் சேர்க்கைக்கு உதவுகின்றன.,मधुमक्खियाँ और तितलियाँ परागण में मदद करके पौधों को बढ़ने में मदद करती हैं।
R090,The Great Depression,"In the 1930s, many countries faced a severe economic crisis called the Great Depression. Many people lost their jobs and struggled to buy food for their families.",When did the Great Depression happen?,In the 1930s.,What was the main struggle for people?,Lost jobs and struggling to buy food.,Beginner (A1),1930-களில் உலகம் கடுமையான பொருளாதார நெருக்கடியைச் சந்தித்தது.,"1930 के दशक में, दुनिया को एक गंभीर आर्थिक संकट का सामना करना पड़ा।"
R091,Human Rights,"Human rights are basic rights that belong to every person in the world. They include the right to life, freedom of speech, and equal treatment under the law.",Who do human rights belong to?,Every person in the world.,Name two human rights mentioned.,Freedom of speech and equal treatment.,Beginner (A1),மனித உரிமைகள் என்பது உலகில் உள்ள ஒவ்வொருவருக்கும் உரிய அடிப்படை உரிமைகள்.,मानवाधिकार बुनियादी अधिकार हैं जो दुनिया के हर व्यक्ति के हैं।
R092,Quantum Entanglement,"Quantum entanglement is a phenomenon where two particles become linked. If you change one, the other changes instantly, even if it is far away.",What happens to linked particles in entanglement?,Changing one affects the other instantly.,Does distance stop this effect?,"No, it happens even if they are far away.",Beginner (A1),குவாண்டம் சிக்கல் (Quantum Entanglement) என்பது துகள்கள் ஒன்றுடன் ஒன்று இணைந்திருக்கும் ஒரு நிகழ்வு.,क्वांटम उलझाव एक ऐसी घटना है जहाँ दो कण आपस में जुड़ जाते हैं।
R093,Sustainable Development,Sustainable development means growing our economy without destroying the environment. It ensures that future generations will have enough resources to live well.,What is the goal of sustainable development?,Economic growth without destroying the environment.,Who does it protect resources for?,Future generations.,Beginner (A1),நிலையான வளர்ச்சி என்பது சுற்றுச்சூழலை அழிக்காமல் பொருளாதாரத்தை வளர்ப்பதாகும்.,सतत विकास का अर्थ है पर्यावरण को नष्ट किए बिना अपनी अर्थव्यवस्था को बढ़ाना।
R094,The French Revolution,The French Revolution was a time of political change in France. People fought to end the power of kings and create a society based on liberty and equality.,What was the goal of the French Revolution?,To end the power of kings and create equality.,What were the two core values mentioned?,Liberty and equality.,Beginner (A1),பிரெஞ்சு புரட்சி என்பது மன்னர்களின் அதிகாரத்தை முடிவுக்குக் கொண்டுவர நடந்த மாற்றமாகும்.,फ्रांसीसी क्रांति राजाओं की शक्ति को समाप्त करने के लिए एक राजनीतिक बदलाव था।
R095,The Ethics of AI,"As AI becomes more powerful, we must consider the ethics of its use. This includes concerns about privacy, bias in algorithms, and its impact on the future of work.",What should we consider as AI gets stronger?,The ethics of its use.,Name two ethical concerns mentioned.,Privacy and bias in algorithms.,Beginner (A1),"AI வலிமை பெறும்போது, அதன் பயன்பாட்டில் உள்ள அறநெறிகளை நாம் கவனிக்க வேண்டும்.","जैसे-जैसे एआई अधिक शक्तिशाली होता है, हमें इसके उपयोग की नैतिकता पर विचार करना चाहिए।"
R096,Global Trade Dynamics,Global trade allows countries to exchange goods and services. This interdependence creates wealth but can also lead to economic instability during global crises.,What does global trade allow?,Exchange of goods and services.,What is a potential risk of trade interdependence?,Economic instability during global crises.,Beginner (A1),உலகளாவிய வர்த்தகம் நாடுகள் தங்களுக்குள் பொருட்களைப் பரிமாறிக் கொள்ள அனுமதிக்கிறது.,वैश्विक व्यापार देशों को वस्तुओं और सेवाओं का आदान-प्रदान करने की अनुमति देता है।
R097,The Hubble Deep Field,"The Hubble telescope took a picture of a tiny piece of dark sky. It revealed thousands of galaxies, showing how incredibly vast the universe truly is.",What did the Hubble telescope reveal in dark sky?,Thousands of galaxies.,What does this picture show about the universe?,How vast it truly is.,Beginner (A1),ஹப்பிள் தொலைநோக்கி பிரபஞ்சத்தின் பரந்த தன்மையை உலகிற்கு வெளிப்படுத்தியது.,हबल टेलीस्कोप ने दिखाया कि ब्रह्मांड वास्तव में कितना विशाल है।
R098,Digital Privacy,"In the digital age, protecting personal data is a major challenge. Companies often track user behavior to show ads, raising concerns about individual privacy.",What is a major challenge in the digital age?,Protecting personal data.,Why do companies track user behavior?,To show targeted advertisements.,Beginner (A1),டிஜிட்டல் யுகத்தில் தனிப்பட்ட தரவுகளைப் பாதுகாப்பது ஒரு பெரிய சவாலாகும்.,"डिजिटल युग में, व्यक्तिगत डेटा की रक्षा करना एक बड़ी चुनौती है।"
R099,The Philosophy of Stoicism,"Stoicism is an ancient philosophy that teaches people to focus only on what they can control. By doing so, they can find peace even in difficult situations.",What does Stoicism teach?,To focus only on what you can control.,What is the benefit of this focus?,Finding peace in difficult situations.,Beginner (A1),ஸ்டோயிசிசம் என்பது கட்டுப்படுத்தக்கூடிய விஷயங்களில் மட்டும் கவனம் செலுத்தக் கற்பிக்கும் தத்துவமாகும்.,स्टोइसिज्म एक प्राचीन दर्शन है जो सिखाता है कि जो आप नियंत्रित कर सकते हैं उस पर ध्यान दें।
R100,Genetic Diversity,Genetic diversity is essential for the survival of a species. It allows populations to adapt to changing environments and resist new types of diseases.,Why is genetic diversity essential?,For the survival of a species.,What two things does it help populations do?,Adapt to environments and resist diseases.,Beginner (A1),ஒரு உயிரினத்தின் உயிர்வாழ்விற்கு மரபணு பன்முகத்தன்மை அவசியம்.,किसी प्रजाति के जीवित रहने के लिए आनुवंशिक विविधता आवश्यक है।
R101,The Gutenberg Bible,The Gutenberg Bible was the first major book printed using movable type. This started the Printing Revolution and made books more common across Europe.,What was the Gutenberg Bible?,The first major book printed with movable type.,What did this start in Europe?,The Printing Revolution.,Beginner (A1),குட்டன்பெர்க் பைபிள் அச்சு இயந்திரத்தில் அச்சிடப்பட்ட முதல் முக்கிய புத்தகமாகும்.,गुटेनबर्ग बाइबिल प्रिंटिंग प्रेस का उपयोग करके मुद्रित पहली प्रमुख पुस्तक थी।
R102,Dark Energy,Dark energy is a mysterious force that causes the universe to expand faster and faster. It makes up about 68% of everything in the entire universe.,What does dark energy cause?,The universe to expand faster.,How much of the universe is dark energy?,About 68%.,Beginner (A1),டார்க் எனர்ஜி என்பது பிரபஞ்சத்தை வேகமாக விரிவடையச் செய்யும் ஒரு மர்மமான சக்தியாகும்.,डार्क एनर्जी एक रहस्यमय शक्ति है जो ब्रह्मांड को तेजी से विस्तारित करती है।
R103,Ancient Democracy,"Democracy began in Athens, Greece. Citizens would gather to vote on laws. However, only a small part of the population was allowed to participate at that time.",Where did democracy begin?,"Athens, Greece.",Was everyone allowed to vote back then?,"No, only a small part of the population.",Beginner (A1),ஜனநாயகம் கிரேக்கத்தின் ஏதென்ஸில் தொடங்கியது. குடிமக்கள் வாக்களித்து சட்டங்களை உருவாக்கினர்.,लोकतंत्र की शुरुआत ग्रीस के एथेंस में हुई थी। नागरिक कानूनों पर वोट देते थे।
R104,Neural Plasticity,The brain's ability to change and form new connections is called plasticity. This allows humans to learn new skills and recover from certain brain injuries.,What is neural plasticity?,The brain's ability to change and form new connections.,What does this allow humans to do?,Learn skills and recover from injuries.,Beginner (A1),மூளை புதிய தொடர்புகளை உருவாக்கும் திறன் 'பிளாஸ்டிசிட்டி' எனப்படும்.,मस्तिष्क की बदलने और नए कनेक्शन बनाने की क्षमता को प्लास्टिसिटी कहा जाता है।
R105,The Law of Supply,"In economics, the law of supply states that as the price of an item rises, producers are willing to supply more of it to make more profit.",What happens to supply as prices rise?,Producers supply more of the item.,Why do producers supply more?,To make more profit.,Beginner (A1),விலை உயரும்போது உற்பத்தியாளர்கள் அதிகப் பொருட்களை விநியோகிக்க விரும்புவார்கள்.,"अर्थशास्त्र में, जैसे-जैसे वस्तु की कीमत बढ़ती है, आपूर्ति भी बढ़ती है।"
R106,Existentialism,"Existentialism is a philosophy that says individuals are responsible for creating meaning in their own lives, rather than following a set path.",What is the main idea of existentialism?,Individuals create their own meaning in life.,Are individuals responsible for their paths?,"Yes, they are.",Beginner (A1),எக்ஸிஸ்டென்ஷியலிசம் என்பது ஒவ்வொருவரும் தங்கள் வாழ்வின் அர்த்தத்தைத் தாங்களே உருவாக்க வேண்டும் எனக் கூறுகிறது.,अस्तित्ववाद (Existentialism) कहता है कि व्यक्ति अपने जीवन का अर्थ स्वयं बनाने के लिए जिम्मेदार हैं।
R107,The Industrial Revolution,"Starting in Britain, the Industrial Revolution changed how goods were made. Machines replaced hand tools, leading to the growth of cities and modern life.",Where did the Industrial Revolution start?,Britain.,What was the major change in production?,Machines replaced hand tools.,Beginner (A1),பிரிட்டனில் தொடங்கிய தொழில் புரட்சி பொருட்கள் தயாரிக்கப்படும் முறையை மாற்றியது.,ब्रिटेन में शुरू हुई औद्योगिक क्रांति ने सामान बनाने के तरीके को बदल दिया।
R108,Oceanic Carbon Sinks,"The oceans absorb a large amount of carbon dioxide from the air. This helps slow down global warming, but it also makes the ocean water more acidic.",What do oceans absorb from the air?,Carbon dioxide.,What is a negative effect of this absorption?,The ocean water becomes more acidic.,Beginner (A1),கடல்கள் காற்றில் உள்ள கார்பன் டை ஆக்சைடை உறிஞ்சி புவி வெப்பமடைதலைக் குறைக்கின்றன.,महासागर हवा से कार्बन डाइऑक्साइड को सोख लेते हैं। इससे पानी अम्लीय हो जाता है।
R109,The Theory of Evolution,Charles Darwin proposed that species change over time through natural selection. Those that adapt best to their environment are more likely to survive.,Who proposed the theory of evolution?,Charles Darwin.,What is the process called?,Natural selection.,Beginner (A1),சார்லஸ் டார்வின் உயிரினங்கள் காலப்போக்கில் இயற்கைத் தேர்வின் மூலம் மாறுகின்றன எனக் கூறினார்.,चार्ल्स डार्विन ने प्रस्तावित किया कि प्रजातियां प्राकृतिक चयन के माध्यम से बदलती हैं।
R110,Global Diplomacy,Diplomacy is the art of conducting negotiations between nations. It aims to solve conflicts and build alliances through talk rather than force or war.,What is the goal of diplomacy?,To solve conflicts and build alliances through talk.,Does diplomacy prefer force?,"No, it prefers negotiation over force.",Beginner (A1),நாடுகளுக்கு இடையே பேச்சுவார்த்தை மூலம் அமைதியை ஏற்படுத்துவதே ராஜதந்திரம் (Diplomacy) ஆகும்.,कूटनीति (Diplomacy) राष्ट्रों के बीच बातचीत के माध्यम से संघर्षों को सुलझाने की कला है।
R111,The Farmer's Friend,"Earthworms are often called a farmer's best friend. They tunnel through the soil, which helps air and water reach the roots of plants. They also turn old leaves into rich soil.",Why are earthworms good for plants?,They help air and water reach the roots.,What do they do with old leaves?,Turn them into rich soil.,Beginner (A1),மண்புழுக்கள் விவசாயியின் நண்பன் என்று அழைக்கப்படுகின்றன. அவை மண்ணைத் துளைத்து செடிகளுக்குக் காற்றும் நீரும் கிடைக்க உதவுகின்றன.,केंचुओं को किसान का मित्र कहा जाता है। वे मिट्टी में बिल बनाते हैं जिससे हवा और पानी जड़ों तक पहुँचते हैं।
R112,The Tallest Grass,Did you know that bamboo is actually a type of grass? It is the fastest-growing plant in the world. Some types of bamboo can grow three feet in just one day!,What type of plant is bamboo?,A type of grass.,How fast can it grow in a day?,Up to three feet.,Beginner (A1),மூங்கில் உண்மையில் ஒரு வகை புல் ஆகும். இது உலகின் மிக வேகமாக வளரும் தாவரமாகும்.,क्या आप जानते हैं कि बाँस वास्तव में एक प्रकार की घास है? यह दुनिया का सबसे तेज़ बढ़ने वाला पौधा है।
R113,Ice Cream History,"Thousands of years ago, people in China made a snack using snow, rice, and milk. This was the first version of ice cream. Later, it became popular all over the world.",Where was the first version of ice cream made?,China.,What were the three original ingredients?,"Snow, rice, and milk.",Beginner (A1),"ஆயிரக்கணக்கான ஆண்டுகளுக்கு முன்பு சீனாவில் பனி, அரிசி மற்றும் பாலைக் கொண்டு ஐஸ்கிரீம் போன்ற ஒரு உணவு தயாரிக்கப்பட்டது.","हजारों साल पहले चीन के लोगों ने बर्फ, चावल और दूध का उपयोग करके एक स्नैक बनाया था।"
R114,The Little Penguin,"Penguins are birds, but they cannot fly. Instead, they use their wings as flippers to swim fast in the cold ocean. They live in big groups to keep warm.",Can penguins fly in the sky?,"No, they use wings to swim.",Why do they live in big groups?,To keep themselves warm.,Beginner (A1),"பென்குயின்கள் பறவைகள், ஆனால் அவற்றால் பறக்க முடியாது. அவை கடலில் வேகமாக நீந்த தங்கள் இறக்கைகளைப் பயன்படுத்துகின்றன.",पेंगुइन पक्षी हैं लेकिन उड़ नहीं सकते। वे अपने पंखों का उपयोग तैरने के लिए करते हैं।
R115,The Mighty Ants,Ants are very strong for their size. Some ants can lift things that are 50 times heavier than their own bodies! They work together to build their homes.,How much can some ants lift?,50 times their own body weight.,Do ants work alone or together?,They work together.,Beginner (A1),எறும்புகள் அவற்றின் உடல் எடையை விட 50 மடங்கு அதிக எடையைத் தூக்கும் திறன் கொண்டவை.,चींटियाँ अपने आकार के हिसाब से बहुत मजबूत होती हैं। वे अपने वजन से 50 गुना अधिक वजन उठा सकती हैं।
R116,Pamban Bridge,The Pamban Bridge connects the town of Mandapam with Rameswaram. It was India's first sea bridge. It has a special section that opens to let large ships pass through.,What does the Pamban Bridge connect?,Mandapam and Rameswaram.,What is special about this bridge?,A section opens to let ships pass.,Beginner (A1),பாம்பன் பாலம் மண்டபத்தையும் ராமேஸ்வரத்தையும் இணைக்கிறது. இது இந்தியாவின் முதல் கடல் பாலமாகும்.,पम्बन ब्रिज मंडपम को रामेश्वरम से जोड़ता है। यह भारत का पहला समुद्री पुल था।
R117,The Chola Bronze,"The Chola kings were famous for making beautiful bronze statues. They used the ""lost wax"" method. These statues are now admired in museums across the world.",Who was famous for bronze statues?,The Chola kings.,What method was used to make them?,"The ""lost wax"" method.",Beginner (A1),"சோழ அரசர்கள் அழகான வெண்கலச் சிலைகளைச் செய்வதில் வல்லவர்கள். அவர்கள் ""மெழுகு உருக்கும்"" முறையைப் பயன்படுத்தினர்.","चोल राजा सुंदर कांस्य मूर्तियाँ बनाने के लिए प्रसिद्ध थे। उन्होंने ""लॉस्ट वैक्स"" पद्धति का उपयोग किया।"
R118,Thanjavur Temple,The Big Temple in Thanjavur was built by Raja Raja Chola I. The top stone of the temple weighs about 80 tons. It is a masterpiece of Tamil architecture.,Who built the Thanjavur Big Temple?,Raja Raja Chola I.,How heavy is the top stone?,About 80 tons.,Beginner (A1),தஞ்சைப் பெரிய கோயில் முதலாம் ராஜராஜ சோழனால் கட்டப்பட்டது. இது தமிழ் கட்டிடக்கலையின் உச்சமாகும்.,तंजावुर का बृहदेश्वर मंदिर राजा राजा चोल प्रथम द्वारा बनवाया गया था।
R119,The Electric Car,"Electric cars use batteries instead of petrol. They do not have exhaust pipes, so they do not release smoke. This makes the air in our cities much cleaner.",What do electric cars use for power?,Batteries.,Why are they better for the air?,They do not release smoke or exhaust.,Beginner (A1),மின்சாரக் கார்கள் பெட்ரோலுக்குப் பதிலாக பேட்டரிகளைப் பயன்படுத்துகின்றன. இதனால் காற்று மாசுபாடு குறைகிறது.,इलेक्ट्रिक कारें पेट्रोल के बजाय बैटरी का उपयोग करती हैं। इससे प्रदूषण कम होता है।
R120,3D Printing,3D printing creates objects by adding layer upon layer of material. Engineers use it to make everything from toy cars to parts for houses and airplanes.,How does a 3D printer make objects?,By adding layer upon layer of material.,Name two things made using 3D printing.,Toy cars and airplane parts.,Beginner (A1),3D பிரிண்டிங் என்பது பொருட்களை அடுக்கு அடுக்காக உருவாக்கும் ஒரு தொழில்நுட்பமாகும்.,3D प्रिंटिंग सामग्री की परत-दर-परत जोड़कर वस्तुएं बनाती है।
R121,The Kallanai Dam,The Kallanai Dam is one of the oldest dams in the world. It was built by King Karikala Cholan across the Kaveri River. It still helps farmers irrigate their lands today.,Who built the Kallanai Dam?,Karikala Cholan.,Where is it built?,Across the Kaveri River.,Intermediate (B1),கல்லணை உலகின் மிகப்பழமையான அணைகளில் ஒன்று. இது கரிகால சோழனால் காவிரி ஆற்றின் குறுக்கே கட்டப்பட்டது.,कल्लनई बांध दुनिया के सबसे पुराने बांधों में से एक है। इसे करिकाल चोलन ने बनवाया था।
R122,Cybersecurity,Cybersecurity protects computers and data from hackers. Using strong passwords and not clicking on strange links are basic ways to stay safe on the internet.,What is the goal of cybersecurity?,To protect computers and data from hackers.,Name one way to stay safe online.,Use strong passwords.,Intermediate (B1),சைபர் செக்யூரிட்டி கணினிகளையும் தரவுகளையும் ஹேக்கர்களிடமிருந்து பாதுகாக்கிறது.,साइबर सुरक्षा कंप्यूटर और डेटा को हैकर्स से बचाती है।
R123,Virtual Reality,"Virtual Reality (VR) uses a headset to put you inside a digital world. It can be used for playing games, but it is also used for training doctors and pilots.",What equipment is needed for VR?,A headset.,Name a use for VR other than gaming.,Training doctors or pilots.,Intermediate (B1),விர்ச்சுவல் ரியாலிட்டி (VR) நம்மை ஒரு டிஜிட்டல் உலகிற்குள் அழைத்துச் செல்கிறது.,वर्चुअल रियलिटी (VR) आपको एक डिजिटल दुनिया के अंदर ले जाती है।
R124,The Water Cycle,Water from rivers evaporates into the air. It cools down to form clouds and eventually falls back as rain. This process provides fresh water for everyone.,What happens to river water?,It evaporates into the air.,Why is the water cycle important?,It provides fresh water for everyone.,Intermediate (B1),"ஆறுகளில் உள்ள நீர் ஆவியாகி, மேகங்களாக மாறி, பின் மழையாகப் பொழிகிறது.",नदियों का पानी वाष्पित होकर हवा में मिल जाता है और बादलों का रूप ले लेता है।
R125,The Great Sphinx,The Great Sphinx of Giza is a giant statue with the body of a lion and the head of a king. It was carved out of a single piece of limestone in ancient Egypt.,What does the Sphinx look like?,Body of a lion and head of a king.,What was it carved out of?,A single piece of limestone.,Intermediate (B1),கிசா (Giza) நகரில் உள்ள ஸ்பிங்க்ஸ் சிலை சிங்க உடலையும் மனிதத் தலையையும் கொண்டது.,गीज़ा का ग्रेट स्फिंक्स शेर के शरीर और राजा के सिर वाली एक विशाल मूर्ति है।
R126,Quantum Computing,"Classical computers use bits, while quantum computers use qubits. This allows them to process vast amounts of data at speeds that were previously unthinkable.",What is the basic unit of a quantum computer?,A qubit.,What makes it better than a normal computer?,It processes data at much faster speeds.,Intermediate (B1),குவாண்டம் கணினிகள் குபிட்டுகளைப் (qubits) பயன்படுத்துகின்றன. இவை சாதாரண கணினிகளை விட மிக வேகமானவை.,क्वांटम कंप्यूटर क्यूबिट्स का उपयोग करते हैं। ये सामान्य कंप्यूटरों से बहुत तेज़ होते हैं।
R127,Epigenetics,Epigenetics is the study of how your behaviors and environment can cause changes that affect the way your genes work. These changes do not alter your DNA.,Does epigenetics change your DNA?,"No, it only affects how genes work.",What can cause these changes?,Behaviors and environment.,Intermediate (B1),எபிஜெனெடிக்ஸ் என்பது நமது நடத்தைகள் எவ்வாறு மரபணுக்களின் செயல்பாட்டை மாற்றுகின்றன என்பதைப் பற்றிய படிப்பாகும்.,एपिजेनेटिक्स इस बात का अध्ययन है कि व्यवहार और पर्यावरण आपके जीन के काम करने के तरीके को कैसे प्रभावित करते हैं।
R128,The Thirukkural,"The Thirukkural is a classic Tamil text consisting of 1,330 couplets. It offers universal guidance on virtue, wealth, and love, and has been translated into many languages.",How many couplets are in the Thirukkural?,"1,330 couplets.",What are the three main topics?,"Virtue, wealth, and love.",Intermediate (B1),"திருக்குறள் 1,330 குறள்களைக் கொண்ட ஒரு உன்னதமான தமிழ் நூலாகும். இது அறம், பொருள், இன்பம் பற்றிப் பேசுகிறது.","तिरुक्कुरल एक क्लासिक तमिल ग्रंथ है जिसमें 1,330 दोहे हैं।"
R129,Black Hole Singularities,"At the center of a black hole lies a singularity, where gravity is so intense that space and time as we know it cease to exist. It is a point of infinite density.",What is at the center of a black hole?,A singularity.,What happens to space and time there?,They cease to exist as we know it.,Intermediate (B1),"ஒரு கருந்துளையின் மையத்தில் 'சிங்குலாரிட்டி' உள்ளது, அங்கு ஈர்ப்பு விசை மிக அதிகமாக இருக்கும்.","ब्लैक होल के केंद्र में एक 'सिंगुलैरिटी' होती है, जहाँ गुरुत्वाकर्षण अत्यंत तीव्र होता है।"
R130,Blockchain Technology,Blockchain is a decentralized ledger that records transactions across many computers. It is designed to be transparent and resistant to data tampering.,Is a blockchain controlled by one person?,"No, it is decentralized.",Why is it used?,It is transparent and resistant to tampering.,Intermediate (B1),பிளாக்செயின் என்பது தரவுகளைப் பாதுகாப்பாகவும் வெளிப்படையாகவும் பதிவு செய்யும் ஒரு தொழில்நுட்பமாகும்.,ब्लॉकचेन एक विकेंद्रीकृत लेज़र है जो लेनदेन को सुरक्षित रूप से रिकॉर्ड करता है।
R131,Social Contract Theory,This political theory suggests that individuals consent to surrender some freedoms to an authority in exchange for the protection of their remaining rights.,What do individuals surrender?,Some of their freedoms.,What do they get in exchange?,Protection of their remaining rights.,Intermediate (B1),சமூக ஒப்பந்தக் கோட்பாடு என்பது பாதுகாப்பிற்காகச் சில உரிமைகளை அரசாங்கத்திடம் ஒப்படைப்பதாகும்.,सामाजिक अनुबंध सिद्धांत का अर्थ है सुरक्षा के बदले अपनी कुछ स्वतंत्रता का त्याग करना।
R132,Dark Matter,"Dark matter is an invisible substance that makes up about 27% of the universe. We cannot see it, but we can detect it through its gravitational pull on galaxies.",How much of the universe is dark matter?,About 27%.,How do we know it exists?,Through its gravitational pull on galaxies.,Intermediate (B1),டார்க் மேட்டர் என்பது பிரபஞ்சத்தில் 27% உள்ள ஒரு கண்ணுக்குத் தெரியாத பொருளாகும்.,डार्क मैटर एक अदृश्य पदार्थ है जो ब्रह्मांड का लगभग 27% हिस्सा है।
R133,Machine Learning,Machine learning is a branch of AI where computers learn from data rather than being explicitly programmed. It allows apps to suggest movies or detect fraud.,How do computers learn in machine learning?,They learn from data.,Name one real-world application.,Movie suggestions or fraud detection.,Intermediate (B1),மெஷின் லேர்னிங் என்பது கணினிகள் தரவுகளிலிருந்து தானாகவே கற்றுக்கொள்ளும் ஒரு முறையாகும்.,मशीन लर्निंग एआई की एक शाखा है जहाँ कंप्यूटर डेटा से सीखते हैं।
R134,The Socratic Method,The Socratic Method is a form of dialogue based on asking and answering questions to stimulate critical thinking and illuminate ideas.,What is the basis of this method?,Asking and answering questions.,What is its purpose?,To stimulate critical thinking.,Intermediate (B1),சாக்ரடீஸ் முறை என்பது கேள்விகள் கேட்பதன் மூலம் சிந்தனையைத் தூண்டும் ஒரு முறையாகும்.,सुकराती पद्धति (Socratic Method) सवालों के जरिए गहन सोच को बढ़ावा देने का एक तरीका है।
R135,CRISPR Technology,"CRISPR is a tool used for editing genomes. It allows scientists to easily alter DNA sequences and modify gene function, which could help cure diseases.",What is CRISPR used for?,Editing genomes and altering DNA.,Why is this tool important?,It could help cure genetic diseases.,Intermediate (B1),CRISPR என்பது டிஎன்ஏ-வை மாற்றியமைக்க உதவும் ஒரு மரபணு திருத்தக் கருவியாகும்.,CRISPR जीनोम संपादन के लिए उपयोग किया जाने वाला एक उपकरण है।
R136,The Roman Republic,"Before it was an empire, Rome was a republic where citizens elected officials. This system influenced many modern democracies around the world.",Was early Rome an empire?,"No, it was a republic first.",How did citizens participate?,They elected their officials.,Intermediate (B1),ரோம் பேரரசாக மாறுவதற்கு முன்பு ஒரு குடியரசாக இருந்தது. இது நவீன ஜனநாயகத்திற்கு அடிப்படையாகும்.,साम्राज्य बनने से पहले रोम एक गणतंत्र था जहाँ नागरिक अधिकारी चुनते थे।
R137,The Silk Road,"The Silk Road was an ancient trade route connecting China to the West. It allowed for the exchange of goods like silk, spices, and cultural ideas.",What did the Silk Road connect?,China to the West.,Name two things exchanged.,Silk and cultural ideas.,Intermediate (B1),சில்க் ரோடு என்பது சீனாவையும் மேலை நாடுகளையும் இணைத்த ஒரு பண்டைய வர்த்தகப் பாதையாகும்.,सिल्क रोड चीन को पश्चिम से जोड़ने वाला एक प्राचीन व्यापार मार्ग था।
R138,Coral Reefs,"Coral reefs are often called the ""rainforests of the sea."" They protect coastlines from storms and provide a home for 25% of all marine species.",What is a nickname for coral reefs?,Rainforests of the sea.,What percentage of marine species live there?,About 25%.,Intermediate (B1),"பவளப்பாறைகள் ""கடலின் மழைக்காடுகள்"" என்று அழைக்கப்படுகின்றன. இவை பல கடல் உயிரினங்களுக்கு வீடாக உள்ளன.",कोरल रीफ को 'समुद्र का वर्षावन' कहा जाता है। वे समुद्री प्रजातियों के लिए घर प्रदान करते हैं।
R139,The Great Depression,The Great Depression was a severe economic slump in the 1930s. It began with a stock market crash and led to poverty for millions of people worldwide.,When did it happen?,In the 1930s.,How did it start?,With a stock market crash.,Intermediate (B1),1930-களில் உலகம் சந்தித்த மிக மோசமான பொருளாதார வீழ்ச்சி 'மகா மந்தநிலை' எனப்படும்.,महामंदी 1930 के दशक की एक गंभीर आर्थिक गिरावट थी।
R140,Solar Eclipses,"A solar eclipse occurs when the Moon passes between the Sun and Earth, blocking the Sun's light. It can be a total eclipse or a partial one.",What causes a solar eclipse?,The Moon passes between the Sun and Earth.,Are all solar eclipses total?,"No, some are partial.",Intermediate (B1),சூரியனுக்கும் பூமிக்கும் இடையில் சந்திரன் வரும்போது சூரிய கிரகணம் ஏற்படுகிறது.,सूर्य ग्रहण तब होता है जब चंद्रमा सूर्य और पृथ्वी के बीच से गुजरता है।
R141,My Happy Dog,"I have a small dog named Rex. He has brown fur and a short tail. Every time I come home from school, he wags his tail and jumps on me.",What is the dog's name?,Rex.,What color is his fur?,Brown.,Intermediate (B1),என்னிடம் ரெக்ஸ் என்ற நாய் உள்ளது. அதன் முடி பழுப்பு நிறத்தில் இருக்கும்.,मेरे पास रेक्स नाम का एक कुत्ता है। उसका फर भूरा है।
R142,The Red Apple,"Apples are sweet and crunchy. They grow on trees. Some are red, and some are green. Eating an apple every day is good for your health.",Where do apples grow?,On trees.,What colors can apples be?,Red or green.,Intermediate (B1),ஆப்பிள்கள் இனிப்பானவை. சில சிவப்பாகவும் சில பச்சையாகவும் இருக்கும்.,सेब मीठे होते हैं। वे पेड़ों पर उगते हैं।
R143,Rainy Days,"When it rains, I wear my yellow coat and boots. I like to jump in the puddles. The water helps the grass and flowers grow green and beautiful.",What color is the coat?,Yellow.,Why is rain good for flowers?,It helps them grow.,Intermediate (B1),மழை பெய்யும்போது நான் மஞ்சள் கோட் அணிகிறேன். மழை தாவரங்களுக்கு நல்லது.,"जब बारिश होती है, तो मैं अपना पीला कोट पहनता हूँ।"
R144,The Big Bus,"Every morning, I take a big blue bus to go to school. Many children sit inside. The driver is very kind and always says hello to everyone.",What color is the bus?,Blue.,Is the driver mean or kind?,Kind.,Intermediate (B1),நான் பள்ளிக்குச் செல்ல நீல நிறப் பேருந்தைப் பயன்படுத்துகிறேன்.,मैं स्कूल जाने के लिए एक नीली बस लेता हूँ।
R145,The Night Sky,"At night, the sky is dark. We can see the white moon and many twinkling stars. Sometimes, the moon looks like a circle, and sometimes like a banana.",What color are the stars?,White/Twinkling.,Does the moon always look the same?,"No, it changes shape.",Intermediate (B1),இரவில் வானம் இருட்டாக இருக்கும். நாம் நிலாவையும் நட்சத்திரங்களையும் பார்க்கலாம்.,रात में आसमान काला होता है। हम चंद्रमा और तारे देख सकते हैं।
R146,Global Warming,"Global warming is the rise in Earth's temperature due to greenhouse gases. It causes ice to melt and sea levels to rise, which can harm coastal cities.",What causes global warming?,Greenhouse gases.,What happens to sea levels?,They rise.,Intermediate (B1),பசுமை இல்ல வாயுக்களால் பூமியின் வெப்பநிலை உயருவது புவி வெப்பமடைதல் எனப்படும்.,ग्रीनहाउस गैसों के कारण पृथ्वी के तापमान में वृद्धि ग्लोबल वार्मिंग है।
R147,The Industrial Revolution,"Starting in Britain, this period saw a shift from hand-making things to using machines. It led to the growth of big cities and new ways of travel.",Where did it start?,Britain.,What was the big change?,Hand-making shifted to using machines.,Intermediate (B1),பிரிட்டனில் தொடங்கிய தொழில் புரட்சி கைகளால் உற்பத்தி செய்வதை இயந்திரங்களுக்கு மாற்றியது.,औद्योगिक क्रांति की शुरुआत ब्रिटेन में हुई थी।
R148,The Great Wall,The Great Wall of China was built thousands of years ago. It was made to protect the country from enemies. It is the longest structure ever built.,Why was it built?,To protect the country from enemies.,Is it a short wall?,"No, it is the longest structure.",Intermediate (B1),சீனப் பெருஞ்சுவர் எதிரிகளிடமிருந்து நாட்டைப் பாதுகாக்க கட்டப்பட்டது.,चीन की विशाल दीवार देश की रक्षा के लिए बनाई गई थी।
R149,The Honeybee,Bees fly from flower to flower to collect nectar. They use the nectar to make honey in their hives. They also help plants by carrying pollen.,What do bees collect?,Nectar.,Where do they make honey?,In their hives.,Intermediate (B1),தேனீக்கள் மலர்களிலிருந்து தேனைச் சேகரித்து தங்கள் கூடுகளில் தேனை உருவாக்குகின்றன.,मधुमक्खियाँ अमृत इकट्ठा करती हैं और छत्ते में शहद बनाती हैं।
R150,Volcanoes,"A volcano is a mountain that opens downward to a pool of molten rock. When it erupts, hot lava and ash come out. This can create new islands.",What is inside a volcano?,Molten rock (Magma/Lava).,Can volcanoes create new land?,"Yes, they can create new islands.",Intermediate (B1),எரிமலை என்பது உருகிய பாறைகளைக் கொண்ட ஒரு மலை. இது புதிய தீவுகளை உருவாக்கலாம்.,ज्वालामुखी एक पहाड़ है जिसके अंदर पिघली हुई चट्टान होती है।
R151,Artificial Intelligence,"AI refers to machines that can think and learn like humans. It is used in smartphones, medical diagnosis, and even self-driving cars.",What can AI machines do?,Think and learn like humans.,Name one use of AI.,Smartphones or self-driving cars.,Intermediate (B1),AI என்பது மனிதனைப் போலச் சிந்திக்கும் திறன் கொண்ட இயந்திரங்களைக் குறிக்கிறது.,एआई उन मशीनों को संदर्भित करता है जो मनुष्यों की तरह सोच और सीख सकती हैं।
R152,Photosynthesis,"Plants use sunlight, water, and carbon dioxide to create oxygen and energy in the form of sugar. This process is vital for life on Earth.",What three things do plants need?,"Sunlight, water, and carbon dioxide.",What do plants produce?,Oxygen and sugar (energy).,Intermediate (B1),தாவரங்கள் சூரிய ஒளி மற்றும் நீரைப் பயன்படுத்தி ஆக்சிஜனையும் உணவையும் தயாரிக்கின்றன.,पौधे ऑक्सीजन और भोजन बनाने के लिए सूर्य के प्रकाश का उपयोग करते हैं।
R153,The Magna Carta,"Signed in 1215, the Magna Carta was a document that limited the power of the King of England. It said that everyone must follow the law.",When was it signed?,1215,What was its main idea?,"That everyone, including the King, must follow the law.",Intermediate (B1),1215-இல் கையெழுத்திடப்பட்ட மாக்னா கார்ட்டா மன்னரின் அதிகாரத்தைக் குறைத்தது.,1215 में हस्ताक्षरित मैग्ना कार्टा ने राजा की शक्ति को सीमित कर दिया।
R154,Gravity,"Gravity is a force that pulls objects toward each other. On Earth, it keeps us on the ground and causes things to fall when you drop them.",What does gravity do?,Pulls objects toward each other.,Why do things fall down?,Because of gravity.,Intermediate (B1),புவிஈர்ப்பு விசை என்பது பொருட்களை ஒன்றை ஒன்று ஈர்க்கும் சக்தியாகும்.,गुरुत्वाकर्षण एक बल है जो वस्तुओं को एक-दूसरे की ओर खींचता है।
R155,The Renaissance,"The Renaissance was a time of ""rebirth"" in European art, science, and culture. Famous artists like Leonardo da Vinci lived during this time.","What does ""Renaissance"" mean?",Rebirth.,Name a famous person from this time.,Leonardo da Vinci.,Intermediate (B1),மறுமலர்ச்சி (Renaissance) என்பது ஐரோப்பிய கலை மற்றும் கலாச்சாரத்தின் மறுபிறப்பு காலமாகும்.,पुनर्जागरण यूरोप में कला और विज्ञान के 'पुनर्जन्म' का समय था।
R156,Biodiversity,Biodiversity is the variety of all living things on Earth. A high level of biodiversity is important for a healthy and stable environment.,What is biodiversity?,The variety of all living things.,Why is it important?,For a healthy and stable environment.,Intermediate (B1),பல்லுயிர் பெருக்கம் (Biodiversity) என்பது பூமியில் உள்ள அனைத்து உயிரினங்களின் வகைகளைக் குறிக்கிறது.,जैव विविधता पृथ्वी पर सभी जीवित चीजों की विविधता है।
R157,The Solar System,"Our solar system has eight planets. Jupiter is the largest, while Mercury is the smallest. They all orbit around a star called the Sun.",How many planets are there?,Eight.,What is the center of the solar system?,The Sun.,Intermediate (B1),நமது சூரிய மண்டலத்தில் எட்டு கோள்கள் உள்ளன. சூரியன் அதன் மையத்தில் உள்ளது.,हमारे सौर मंडल में आठ ग्रह हैं जो सूर्य के चारों ओर घूमते हैं।
R158,Ocean Tides,Tides are the rise and fall of sea levels caused by the moon's gravity. High tide and low tide happen twice a day in most places.,What causes ocean tides?,The moon's gravity.,How many times a day do tides happen?,Twice a day.,Intermediate (B1),நிலவின் ஈர்ப்பு விசையால் கடலில் அலைகளின் ஏற்ற இறக்கம் ஏற்படுகிறது.,चंद्रमा के गुरुत्वाकर्षण के कारण समुद्र के स्तर में उतार-चढ़ाव आता है।
R159,Electromagnetism,"Electromagnetism is a force that acts between charged particles. It is responsible for light, electricity, and the magnetic fields of magnets.",What does electromagnetism act on?,Charged particles.,What is it responsible for?,"Light, electricity, and magnetic fields.",Intermediate (B1),மின்காந்தவியல் என்பது மின்னூட்டம் பெற்ற துகள்களுக்கு இடையே செயல்படும் விசையாகும்.,विद्युत चुंबकत्व (Electromagnetism) आवेशित कणों के बीच लगने वाला बल है।
R160,The Theory of Relativity,"Developed by Albert Einstein, this theory explains how space and time are linked. It changed our understanding of gravity and the universe.",Who developed this theory?,Albert Einstein.,What does it link?,Space and time.,Intermediate (B1),ஐன்ஸ்டீன் உருவாக்கிய இந்தக் கோட்பாடு இடமும் காலமும் எவ்வாறு இணைந்துள்ளன என்பதை விளக்குகிறது.,आइंस्टीन के इस सिद्धांत ने ब्रह्मांड के प्रति हमारी समझ को बदल दिया।
R161,The Sleepy Koala,"Koalas live in Australia. They spend most of their time sleeping on eucalyptus trees. They eat the leaves of these trees, which give them all the water they need.",Where do Koalas live?,Australia.,What do they eat?,Eucalyptus leaves.,Intermediate (B1),கோலாக்கள் ஆஸ்திரேலியாவில் வாழ்கின்றன. அவை யூக்கலிப்டஸ் மரங்களில் தூங்குவதில் அதிக நேரத்தைச் செலவிடுகின்றன.,कोआला ऑस्ट्रेलिया में रहते हैं। वे अपना अधिकांश समय नीलगिरी के पेड़ों पर सोने में बिताते हैं।
R162,My New Bike,I got a new red bike for my birthday. It has two wheels and a shiny bell. I wear a helmet every time I ride it to stay safe.,What color is the bike?,Red.,Why does the child wear a helmet?,To stay safe.,Intermediate (B1),எனது பிறந்தநாளுக்கு எனக்கு ஒரு புதிய சிவப்பு மிதிவண்டி கிடைத்தது. நான் பாதுகாப்புக்காகத் தலைக்கவசம் அணிகிறேன்.,मुझे मेरे जन्मदिन पर एक नई लाल साइकिल मिली। मैं सुरक्षा के लिए हेलमेट पहनता हूँ।
R163,The Little Seed,"A tiny seed falls into the dirt. When it gets rain and sun, it starts to grow. Soon, it becomes a beautiful flower with green leaves.",What does a seed need to grow?,Rain and sun.,What does the seed become?,A beautiful flower.,Intermediate (B1),ஒரு சிறிய விதை மண்ணில் விழுகிறது. மழை மற்றும் வெயில் கிடைக்கும்போது அது வளரத் தொடங்குகிறது.,एक नन्हा बीज मिट्टी में गिरता है। बारिश और धूप मिलने पर वह बढ़ने लगता है।
R164,Baking Cookies,"My mom and I bake cookies on Sundays. We mix flour, sugar, and chocolate chips. The house smells wonderful when they are in the oven.",When do they bake cookies?,On Sundays.,What is one ingredient they use?,"Flour, sugar, or chocolate chips.",Intermediate (B1),ஞாயிற்றுக்கிழமைகளில் நானும் என் அம்மாவும் குக்கீகள் செய்கிறோம். வீடு முழுவதும் நல்ல வாசனை வீசுகிறது.,मेरी माँ और मैं रविवार को कुकीज़ बनाते हैं। ओवन में होने पर घर में बहुत अच्छी महक आती है।
R165,The Big Blue Whale,The blue whale is the largest animal in the world. It lives in the ocean and eats tiny fish. It can breathe air through a hole on its head.,Is the blue whale small?,"No, it is the largest animal.",How does it breathe?,Through a hole on its head.,Intermediate (B1),நீலத் திமிங்கலம் உலகின் மிகப்பெரிய விலங்கு. இது தலையில் உள்ள துளை வழியாக சுவாசிக்கிறது.,ब्लू व्हेल दुनिया का सबसे बड़ा जानवर है। यह अपने सिर पर एक छेद के जरिए सांस लेती है।
R166,The Eiffel Tower,"Located in Paris, the Eiffel Tower is a famous iron structure. It was built for a world fair in 1889. Millions of people visit it every year to see the view.",In which city is the Eiffel Tower?,Paris.,Why was it originally built?,For a world fair in 1889.,Intermediate (B1),பாரிஸில் உள்ள ஈபிள் கோபுரம் ஒரு புகழ்பெற்ற இரும்பு அமைப்பாகும். இது 1889-ல் கட்டப்பட்டது.,पेरिस में स्थित एफिल टॉवर एक प्रसिद्ध लोहे की संरचना है। इसे 1889 में बनाया गया था।
R167,How Clouds Rain,"When water in the ocean gets warm, it turns into vapor and rises. High in the sky, it cools down and forms clouds. When clouds get heavy, rain falls.",What happens when ocean water gets warm?,It turns into vapor and rises.,Why does it rain?,Because the clouds get heavy.,Intermediate (B1),"கடல் நீர் வெப்பமடையும் போது, அது ஆவியாகி மேகங்களை உருவாக்குகிறது. மேகங்கள் கனமாகும்போது மழை பெய்கிறது.","जब समुद्र का पानी गर्म होता है, तो वह वाष्प बनकर ऊपर उठ जाता है और बादल बनाता है।"
R168,The Taj Mahal,The Taj Mahal is a white marble tomb in India. It was built by Emperor Shah Jahan in memory of his wife. It is known as a symbol of love.,What material is the Taj Mahal made of?,White marble.,Who built it?,Emperor Shah Jahan.,Intermediate (B1),தாஜ்மஹால் இந்தியாவின் ஒரு வெள்ளை பளிங்கு நினைவுச்சின்னம். இது காதலின் அடையாளமாகக் கருதப்படுகிறது.,ताजमहल भारत में सफेद संगमरमर से बना मकबरा है। इसे शाहजहाँ ने बनवाया था।
R169,The Life of a Frog,"A frog starts its life as an egg in the water. It hatches into a tadpole with a tail. Slowly, it grows legs and loses its tail to become an adult frog.",Where does a frog start its life?,In the water (as an egg).,What is a young frog with a tail called?,A tadpole.,Intermediate (B1),ஒரு தவளை தண்ணீரில் முட்டையாகத் தன் வாழ்க்கையைத் தொடங்குகிறது. பின் அது தலைப்பிரட்டையாக மாறுகிறது.,एक मेंढक अपने जीवन की शुरुआत पानी में अंडे के रूप में करता है। फिर वह टैडपोल बन जाता है।
R170,The Great Fire of London,"In 1666, a big fire broke out in London. It lasted for four days and destroyed many wooden houses. Afterward, people began building houses with bricks.",How long did the fire last?,Four days.,What material did people use for houses after the fire?,Bricks.,Intermediate (B1),1666-ல் லண்டனில் ஒரு பெரிய தீ விபத்து ஏற்பட்டது. அதன் பிறகு மக்கள் செங்கற்களால் வீடுகளைக் கட்டினர்.,1666 में लंदन में भीषण आग लगी थी। इसके बाद लोगों ने ईंटों से घर बनाना शुरू किया।
R171,The Human Heart,"The heart is a muscular organ that pumps blood throughout the body. It beats about 100,000 times a day. Keeping it healthy requires exercise and good food.",What is the main job of the heart?,To pump blood throughout the body.,How many times does it beat daily?,"About 100,000 times.",Intermediate (B1),இதயம் என்பது உடல் முழுவதும் இரத்தத்தை செலுத்தும் ஒரு தசை உறுப்பு. இது தினமும் 1 லட்சம் முறை துடிக்கிறது.,हृदय एक पेशीय अंग है जो पूरे शरीर में रक्त पंप करता है। यह दिन में 1 लाख बार धड़कता है।
R172,Renewable Energy,"Energy from the sun and wind is called renewable. Unlike coal or oil, these sources will never run out. They are much cleaner for our environment.",Name two renewable energy sources.,Sun (Solar) and Wind.,Why are they better than coal?,They never run out and are cleaner.,Intermediate (B1),சூரியன் மற்றும் காற்றிலிருந்து கிடைக்கும் ஆற்றல் புதுப்பிக்கத்தக்கது. இவை சுற்றுச்சூழலுக்கு நல்லது.,सूरज और हवा से मिलने वाली ऊर्जा नवीकरणीय कहलाती है। यह पर्यावरण के लिए स्वच्छ है।
R173,The First Moon Landing,"In 1969, Neil Armstrong became the first person to walk on the moon. He said, ""That's one small step for man, one giant leap for mankind.""",Who was the first person on the moon?,Neil Armstrong.,In what year did this happen?,1969,Intermediate (B1),1969-ல் நீல் ஆம்ஸ்ட்ராங் நிலவில் காலடி வைத்த முதல் மனிதர் ஆனார்.,1969 में नील आर्मस्ट्रांग चंद्रमा पर चलने वाले पहले व्यक्ति बने।
R174,Earthquakes,Earthquakes happen when the giant plates under the ground move suddenly. This causes the earth to shake. Scientists use a seismograph to measure them.,What causes an earthquake?,Sudden movement of plates under the ground.,What tool measures earthquakes?,A seismograph.,Intermediate (B1),நிலத்தடியில் உள்ள தட்டுகள் திடீரென நகரும்போது நிலநடுக்கம் ஏற்படுகிறது.,भूकंप तब आते हैं जब ज़मीन के नीचे की प्लेटें अचानक हिलती हैं।
R175,The Olympic Rings,The five rings of the Olympic flag represent the five major continents of the world. The colors were chosen because every national flag has at least one of them.,What do the five rings represent?,The five major continents.,Why were these colors chosen?,Every national flag contains at least one of those colors.,Intermediate (B1),ஒலிம்பிக் கொடியின் ஐந்து வளையங்கள் உலகின் ஐந்து கண்டங்களைக் குறிக்கின்றன.,ओलंपिक ध्वज के पांच छल्ले दुनिया के पांच महाद्वीपों का प्रतिनिधित्व करते हैं।
R176,The Amazon Rainforest,The Amazon produces 20% of the world's oxygen. It is home to millions of species. Deforestation is a major threat to this vital ecosystem today.,How much of the world's oxygen does the Amazon produce?,20%.,What is the main threat to the Amazon?,Deforestation.,Intermediate (B1),அமேசான் காடுகள் உலகின் 20% ஆக்சிஜனை உற்பத்தி செய்கின்றன. காடழிப்பு இதற்குப் பெரிய அச்சுறுத்தலாகும்.,अमेज़न वर्षावन दुनिया की 20% ऑक्सीजन पैदा करता है। वनों की कटाई इसके लिए एक बड़ा खतरा है।
R177,Neural Networks,"In AI, neural networks are systems inspired by the human brain. They recognize patterns in data, allowing computers to learn from experience.",What inspired neural networks?,The human brain.,What is their primary function?,To recognize patterns in data.,Intermediate (B1),AI-இல் உள்ள நியூரல் நெட்வொர்க்குகள் மனித மூளையின் செயல்பாட்டை அடிப்படையாகக் கொண்டவை.,एआई में न्यूरल नेटवर्क मानव मस्तिष्क से प्रेरित होते हैं।
R178,The Great Barrier Reef,"Located off the coast of Australia, this is the largest coral reef system. Climate change and rising sea temperatures are causing coral bleaching.",Where is the Great Barrier Reef?,Australia.,What is causing coral bleaching?,Climate change and rising sea temperatures.,Intermediate (B1),ஆஸ்திரேலியாவில் உள்ள இது உலகின் மிகப்பெரிய பவளப்பாறை அமைப்பாகும். பருவநிலை மாற்றம் இதைப் பாதிக்கிறது.,ऑस्ट्रेलिया में स्थित यह दुनिया की सबसे बड़ी कोरल रीफ है। जलवायु परिवर्तन इसे नुकसान पहुँचा रहा है।
R179,The Industrial Revolution,This period marked a transition to new manufacturing processes using machines. It led to urbanization and major changes in social structures.,What was the major shift during this period?,Transition to machine-based manufacturing.,What did it lead to in cities?,Urbanization.,Intermediate (B1),தொழில் புரட்சி என்பது இயந்திரங்களைக் கொண்டு உற்பத்தி செய்யும் முறையாக மாறிய காலமாகும்.,औद्योगिक क्रांति ने मशीनों का उपयोग करके नई निर्माण प्रक्रियाओं की शुरुआत की।
R180,Quantum Computing,"Quantum computers use qubits, which can exist in multiple states at once. This allows them to solve problems that are too complex for normal computers.",What unit do quantum computers use?,Qubits.,Why are they more powerful?,Qubits can exist in multiple states at once.,Intermediate (B1),குவாண்டம் கணினிகள் குபிட்டுகளைப் பயன்படுத்துகின்றன. இவை மிகவும் சிக்கலான கணக்குகளைத் தீர்க்கும்.,क्वांटम कंप्यूटर क्यूबिट्स का उपयोग करते हैं। वे जटिल समस्याओं को हल कर सकते हैं।
R181,Vaccine Technology,"Vaccines train the immune system to recognize pathogens. mRNA vaccines, like those for COVID-19, teach cells how to make a protein that triggers an immune response.",How do vaccines work?,They train the immune system to recognize pathogens.,What do mRNA vaccines teach cells to do?,To make a protein that triggers an immune response.,Intermediate (B1),தடுப்பூசிகள் நோயெதிர்ப்பு மண்டலத்திற்குப் பயிற்சியளிக்கின்றன. mRNA தொழில்நுட்பம் ஒரு புதிய முறையாகும்.,टीके प्रतिरक्षा प्रणाली को प्रशिक्षित करते हैं। mRNA टीके प्रोटीन बनाना सिखाते हैं।
R182,The Magna Carta,"Signed in 1215, this document limited the power of the King. it is considered one of the most important documents in the history of democracy.",When was the Magna Carta signed?,1215,Why is it historically important?,It limited the King's power and influenced democracy.,Intermediate (B1),1215-ல் கையெழுத்திடப்பட்ட இது மன்னரின் அதிகாரத்தைக் குறைத்து ஜனநாயகத்திற்கு வழிகாட்டியது.,1215 में हस्ताक्षरित इस दस्तावेज़ ने राजा की शक्ति को सीमित कर दिया।
R183,Black Holes,A black hole is a region where gravity is so strong that even light cannot escape. They are formed when massive stars collapse at the end of their life.,Why can't light escape a black hole?,Because gravity is extremely strong.,How are they formed?,When massive stars collapse.,Intermediate (B1),கருந்துளை என்பது ஈர்ப்பு விசை மிக அதிகமாக இருக்கும் ஒரு விண்வெளிப் பகுதி. ஒளி கூட அங்கிருந்து தப்ப முடியாது.,ब्लैक होल वह क्षेत्र है जहाँ गुरुत्वाकर्षण इतना मजबूत होता है कि प्रकाश भी नहीं बच सकता।
R184,Sustainable Development,This involves meeting the needs of the present without compromising the ability of future generations to meet their own needs. It focuses on balance.,What is the goal of sustainable development?,To meet present needs without hurting future generations.,What is the core focus?,Balance (between growth and environment).,Intermediate (B1),நிலையான வளர்ச்சி என்பது எதிர்கால சந்ததியினரின் தேவைகளைப் பாதிக்காமல் நமது தேவைகளைப் பூர்த்தி செய்வதாகும்.,सतत विकास का अर्थ है भविष्य की पीढ़ियों की जरूरतों से समझौता किए बिना वर्तमान जरूरतों को पूरा करना।
R185,The French Revolution,This was a period of far-reaching social and political upheaval in France. It led to the end of the monarchy and the rise of democratic ideals.,What was a major result of the French Revolution?,The end of the monarchy.,What kind of ideals rose during this time?,Democratic ideals.,Intermediate (B1),பிரெஞ்சு புரட்சி மன்னராட்சியின் முடிவிற்கும் ஜனநாயகக் கருத்துக்களின் எழுச்சிக்கும் வழிவகுத்தது.,फ्रांसीसी क्रांति ने राजशाही को समाप्त कर दिया और लोकतांत्रिक आदर्शों को जन्म दिया।
R186,Photosynthesis,"In this process, plants convert light energy into chemical energy. Chlorophyll in leaves absorbs sunlight to produce glucose and oxygen.",What do plants convert light energy into?,Chemical energy.,What substance in leaves absorbs sunlight?,Chlorophyll.,Intermediate (B1),ஒளிச்சேர்க்கையின் போது தாவரங்கள் ஒளி ஆற்றலை வேதி ஆற்றலாக மாற்றுகின்றன. பச்சையம் இதற்கு உதவுகிறது.,प्रकाश संश्लेषण में पौधे प्रकाश ऊर्जा को रासायनिक ऊर्जा में बदलते हैं। क्लोरोफिल इसमें मदद करता है।
R187,The Digestive System,"Digestion begins in the mouth and continues in the stomach. The small intestine absorbs nutrients, while the large intestine absorbs water.",Where does digestion begin?,In the mouth.,What is the function of the small intestine?,To absorb nutrients.,Intermediate (B1),செரிமானம் வாயில் தொடங்கி வயிற்றில் தொடர்கிறது. சிறுகுடல் ஊட்டச்சத்துக்களை உறிஞ்சுகிறது.,पाचन मुँह से शुरू होता है। छोटी आंत पोषक तत्वों को सोखती है।
R188,The Water Cycle,"Water moves from the earth to the sky and back. Evaporation turns water into gas, while precipitation brings it back as rain or snow.",What turns water into gas?,Evaporation.,What is precipitation?,Water falling back as rain or snow.,Intermediate (B1),நீர் சுழற்சியில் ஆவியாதல் நீரை வாயுவாக மாற்றுகிறது. வீழ்படிவு மழையாக நீரைத் தருகிறது.,जल चक्र में वाष्पीकरण पानी को गैस में बदल देता है। वर्षा पानी को वापस लाती है।
R189,The Great Depression,This was a severe worldwide economic depression that took place mostly during the 1930s. It began after a major fall in stock prices in the United States.,When did it happen?,In the 1930s.,Where did it begin?,In the United States (after stock market fall).,Intermediate (B1),1930-களில் உலகம் முழுவதும் ஏற்பட்ட ஒரு பெரிய பொருளாதார வீழ்ச்சி இதுவாகும்.,यह 1930 के दशक के दौरान दुनिया भर में आई एक गंभीर आर्थिक मंदी थी।
R190,Solar Eclipses,"A solar eclipse happens when the Moon passes between the Earth and the Sun, blocking the Sun's light. It can only occur during a new moon phase.",What causes a solar eclipse?,The Moon passing between the Earth and the Sun.,During which moon phase does it occur?,New moon phase.,Intermediate (B1),பூமிக்கும் சூரியனுக்கும் இடையில் நிலவு வரும்போது சூரிய கிரகணம் ஏற்படுகிறது.,सूर्य ग्रहण तब होता है जब चंद्रमा पृथ्वी और सूर्य के बीच से गुजरता है।
R191,The Milky Way,"Our solar system is located in the Milky Way galaxy. It is a barred spiral galaxy containing billions of stars. On a dark night, it looks like a faint band of light.",What is the name of our galaxy?,The Milky Way.,How many stars does it contain?,Billions of stars.,Intermediate (B1),நமது சூரிய மண்டலம் பால்வெளி (Milky Way) அண்டத்தில் அமைந்துள்ளது.,हमारा सौर मंडल आकाशगंगा (Milky Way) में स्थित है।
R192,The Giant Redwood,Redwood trees are some of the tallest living things on Earth. They can grow over 300 feet tall and live for thousands of years. Their thick bark protects them from fire.,How tall can Redwoods grow?,Over 300 feet.,What protects them from fire?,Their thick bark.,Intermediate (B1),ரெட்வுட் மரங்கள் பூமியின் மிக உயரமான உயிரினங்களில் ஒன்றாகும்.,रेडवुड पेड़ पृथ्वी पर सबसे ऊंचे जीवित जीवों में से कुछ हैं।
R193,How Fossils Form,"Fossils are remains of plants or animals from long ago. When an animal dies, its bones are buried under mud. Over millions of years, the mud turns into rock.",What are fossils?,Remains of plants or animals from long ago.,What happens to mud over millions of years?,It turns into rock.,Intermediate (B1),புதைபடிவங்கள் என்பவை நீண்ட காலத்திற்கு முந்தைய உயிரினங்களின் எச்சங்கள்.,जीवाश्म बहुत समय पहले के पौधों या जानवरों के अवशेष हैं।
R194,The First Flight,"In 1903, Orville and Wilbur Wright made the first powered airplane flight. It lasted only 12 seconds, but it changed the way people travel forever.",Who made the first flight?,The Wright brothers.,How long did it last?,12 seconds.,Intermediate (B1),1903-ல் ரைட் சகோதரர்கள் முதல் விமானப் பயணத்தை மேற்கொண்டனர்.,1903 में राइट बंधुओं ने पहली हवाई उड़ान भरी।
R195,The Honeybee's Job,"Bees fly from flower to flower to drink nectar. While doing this, they carry pollen on their legs. This helps flowers make seeds so new plants can grow.",What do bees drink?,Nectar.,How do they help flowers?,By carrying pollen to help make seeds.,Intermediate (B1),தேனீக்கள் மலர்களிலிருந்து தேனைச் சேகரித்து மகரந்தத்தைச் சுமந்து செல்கின்றன.,मधुमक्खियाँ फूलों से अमृत पीती हैं और परागण में मदद करती हैं।
R196,The Printing Press,"Johannes Gutenberg invented the printing press. Before this, books were written by hand and were very expensive. This invention allowed knowledge to spread.",Who invented it?,Johannes Gutenberg.,Why were books expensive before?,Because they were written by hand.,Intermediate (B1),ஜோஹன்னஸ் குட்டன்பெர்க் அச்சு இயந்திரத்தைக் கண்டுபிடித்தார்.,जोहान्स गुटेनबर्ग ने प्रिंटिंग प्रेस का आविष्कार किया।
R197,Static Electricity,Have you ever felt a shock after touching a doorknob? This is static electricity. It happens when tiny charges build up on the surface and jump.,What causes the shock?,Static electricity.,Where do the charges build up?,On the surface of an object.,Intermediate (B1),கதவுக் கைப்பிடியைத் தொடும்போது ஏற்படும் அதிர்ச்சி நிலைமின்னியல் ஆகும்.,दरवाज़े की कुंडी छूने पर लगने वाला झटका स्थैतिक बिजली है।
R198,The Compass,"A compass is a tool used for navigation. It has a magnetic needle that always points toward the Earth's North Pole, helping travelers find their way.",What is a compass used for?,Navigation (finding the way).,Where does the needle point?,Toward the North Pole.,Intermediate (B1),திசைகாட்டி என்பது வடக்கு திசையைக் காட்டும் ஒரு கருவி.,कंपास नेविगेशन के लिए इस्तेमाल किया जाने वाला उपकरण है।
R199,The Great Wall,"This wall was built to protect China from invasions. It is made of stone, brick, and wood. It stretches over 13,000 miles across the northern border.",Why was it built?,To protect China from invasions.,How long is the wall?,"Over 13,000 miles.",Intermediate (B1),சீனப் பெருஞ்சுவர் படையெடுப்புகளிலிருந்து நாட்டைப் பாதுகாக்கக் கட்டப்பட்டது.,चीन की महान दीवार आक्रमणों से बचाने के लिए बनाई गई थी।
R200,Parts of a Flower,"Flowers have different parts. Petals attract insects with colors. The stamen makes pollen, while the pistil is where seeds start to grow.",What part makes pollen?,The stamen.,Why are petals colorful?,To attract insects.,Intermediate (B1),பூக்களின் இதழ்கள் பூச்சிகளைக் கவரும். மகரந்தத் தாள் மகரந்தத்தை உருவாக்குகிறது.,पुंकेसर (Stamen) पराग बनाता है। पंखुड़ियाँ कीटों को आकर्षित करती हैं।
R201,Photosynthesis,"Plants use sunlight to make food. This process is called photosynthesis. They take in carbon dioxide and release oxygen, which we breathe.",What do plants use for food?,Sunlight.,Which gas do they release?,Oxygen.,Intermediate (B1),தாவரங்கள் சூரிய ஒளியைப் பயன்படுத்தி உணவு தயாரிப்பது ஒளிச்சேர்க்கை எனப்படும்.,पौधे भोजन बनाने के लिए सूर्य के प्रकाश का उपयोग करते हैं।
R202,Human Skeleton,"The skeleton provides support and protects internal organs. For example, ribs protect the heart and lungs. Adults have 206 bones.",How many bones in an adult?,206 bones.,Name one function.,Support or protection of organs.,Intermediate (B1),மனித எலும்புக்கூடு உடலுக்கு ஆதாரத்தை அளிக்கிறது. இதில் 206 எலும்புகள் உள்ளன.,वयस्क मनुष्य के शरीर में 206 हड्डियाँ होती हैं।
R203,Electromagnetism,"This force acts between particles with an electric charge. It is responsible for light, magnetic fields, and the electricity in our homes.",What particles does it act on?,Particles with an electric charge.,Name one result of this force.,Light or electricity.,Intermediate (B1),மின்காந்தவியல் என்பது மின்னூட்டம் பெற்ற துகள்களுக்கு இடையே செயல்படும் விசை.,विद्युत चुंबकत्व आवेशित कणों के बीच लगने वाला बल है।
R204,Microbiology,"Microbiology is the study of tiny organisms called microbes. Some make us sick, while others help us digest food or make bread and cheese.",What is microbiology?,The study of tiny organisms (microbes).,Are all microbes bad?,"No, some help with digestion or food making.",Intermediate (B1),நுண்ணுயிரியல் என்பது மிகச்சிறிய உயிரினங்களைப் பற்றிய படிப்பாகும்.,सूक्ष्मजीव विज्ञान सूक्ष्म जीवों का अध्ययन है।
R205,Law of Gravity,Isaac Newton discovered that gravity pulls everything toward the center of the Earth. It also keeps the planets in orbit around the Sun.,Who discovered it?,Isaac Newton.,What does it keep in orbit?,The planets.,Intermediate (B1),புவிஈர்ப்பு விசை பொருட்களை பூமியின் மையம் நோக்கி ஈர்க்கிறது.,आइजैक न्यूटन ने गुरुत्वाकर्षण की खोज की।
R206,Oceanic Trenches,"Trenches are the deepest parts of the ocean. The Mariana Trench is over 36,000 feet deep—much deeper than Mount Everest is tall.",What is the deepest part?,Oceanic trenches (Mariana Trench).,Is it deeper than Everest?,Yes.,Intermediate (B1),கடலில் ஆழமான பகுதிகள் அகழிகள் எனப்படும்.,महासागरीय खाइयाँ समुद्र के सबसे गहरे भाग हैं।
R207,The Renaissance,"The Renaissance was a ""rebirth"" in Europe. People became interested in art and science. Famous artists like Leonardo da Vinci lived then.",What does the name mean?,Rebirth.,Name a famous person.,Leonardo da Vinci.,Intermediate (B1),மறுமலர்ச்சி என்பது ஐரோப்பாவில் கலை மற்றும் அறிவியலில் ஏற்பட்ட எழுச்சிக் காலம்.,पुनर्जागरण यूरोप में 'पुनर्जन्म' का काल था।
R208,Greenhouse Effect,"Certain gases trap heat in the atmosphere, keeping Earth warm. This is the greenhouse effect. Too many of these gases cause global warming.",What does it do?,Traps heat in the atmosphere.,What happens if gases increase?,Global warming.,Intermediate (B1),வாயுக்கள் வளிமண்டலத்தில் வெப்பத்தைத் தக்கவைத்துக் கொள்வதே பசுமை இல்ல விளைவு.,ग्रीनहाउस प्रभाव पृथ्वी को गर्म रखता है।
R209,Genetic Engineering,This allows scientists to change the DNA of an organism. It can be used to make pest-resistant crops or to treat human diseases.,What do scientists change?,The DNA of an organism.,Name one use.,Pest-resistant crops or treating diseases.,Intermediate (B1),மரபணு பொறியியல் மூலம் டிஎன்ஏ-வை மாற்றியமைக்க முடியும்.,जेनेटिक इंजीनियरिंग वैज्ञानिकों को डीएनए बदलने की अनुमति देती है।
R210,Industrial Revolution,This began in Britain and was a shift from hand-made goods to using machines. It changed how people lived and worked forever.,Where did it start?,Britain.,What was the major change?,From hand-made goods to using machines.,Intermediate (B1),தொழில் புரட்சி பிரிட்டனில் தொடங்கியது. இது இயந்திர உற்பத்தியை அறிமுகப்படுத்தியது.,औद्योगिक क्रांति ब्रिटेन में शुरू हुई।
R211,Our Five Senses,"We have five senses: sight, hearing, smell, taste, and touch. They help us understand the world, and our brain processes the information.",How many senses?,Five.,What processes the info?,The brain.,Intermediate (B1),நமக்கு ஐந்து புலன்கள் உள்ளன. மூளை தகவல்களைச் செயலாக்குகிறது.,हमारी पांच इंद्रियां हैं। मस्तिष्क जानकारी को संसाधित करता है।
R212,Earth's Layers,"The Earth has layers: the crust, mantle, outer core, and inner core. We live on the crust, which is the thin outer layer.",Which layer do we live on?,The crust.,Is it the center layer?,"No, it is the outer layer.",Intermediate (B1),பூமி பல அடுக்குகளைக் கொண்டது. நாம் மேலோட்டில் (Crust) வசிக்கிறோம்.,"हम पृथ्वी की सबसे बाहरी परत, क्रस्ट, पर रहते हैं।"
R213,Magnets,"Magnets have North and South poles. Opposite poles pull together (attract), but the same poles push away (repel).",What are the poles called?,North and South.,What do same poles do?,They push each other away.,Intermediate (B1),காந்தத்தின் ஒத்த துருவங்கள் ஒன்றை ஒன்று விலக்கும்.,चुंबक के समान ध्रुव एक-दूसरे को दूर धकेलते हैं।
R214,Roman Republic,"Before Rome had emperors, it was a republic. Citizens elected leaders to represent them. This influenced modern democracies.",What was Rome first?,A republic.,How were leaders chosen?,They were elected by citizens.,Intermediate (B1),ரோம் பேரரசாக மாறுவதற்கு முன்பு ஒரு குடியரசாக (Republic) இருந்தது.,साम्राज्य बनने से पहले रोम एक गणतंत्र था।
R215,The Mighty Nile,"The Nile in Africa is one of the longest rivers. Ancient Egyptians lived near it for water, food, and farming.",Where is the Nile?,Africa.,Why live near it?,For water and farming.,Intermediate (B1),நைல் நதி ஆப்பிரிக்காவில் உள்ளது. இது விவசாயத்திற்கு உதவியது.,नील नदी अफ्रीका में है। यह खेती के लिए महत्वपूर्ण थी।
R216,How Sound Travels,"Sound travels in waves through air, water, or solids. It moves fastest through solids because atoms are packed tightly together.",How does sound move?,In waves.,Where does it move fastest?,Through solids.,Intermediate (B1),ஒலி அலைகளாகப் பரவுகிறது. இது திடப் பொருட்களில் வேகமாகப் பயணிக்கும்.,ध्वनि लहरों के रूप में चलती है। ठोस में यह सबसे तेज़ होती है।
R217,Statue of Liberty,This statue was a gift from France to the USA. It stands in New York and represents freedom and democracy.,Who gave the gift?,France.,What does it represent?,Freedom and democracy.,Intermediate (B1),சுதந்திர தேவி சிலை பிரான்சிடமிருந்து அமெரிக்காவிற்கு வழங்கப்பட்ட பரிசு.,स्टैच्यू ऑफ लिबर्टी फ्रांस की ओर से अमेरिका को एक उपहार था।
R218,Volcanoes,"A volcano is an opening in Earth's crust where lava, ash, and gases escape. Eruptions can build mountains or create new islands.",What escapes during eruption?,"Lava, ash, and gases.",What can eruptions build?,Mountains or islands.,Intermediate (B1),எரிமலை வெடிப்பின் போது லாவா மற்றும் சாம்பல் வெளியேறும்.,ज्वालामुखी के फटने पर लावा और राख बाहर निकलती है।
R219,The Moon,The Moon orbits the Earth. It does not make its own light but reflects light from the Sun. It causes tides in the oceans.,Does the Moon make light?,"No, it reflects sunlight.",What does it cause?,Tides in the ocean.,Intermediate (B1),நிலவு சூரிய ஒளியைப் பிரதிபலிக்கிறது. இது கடல் அலைகளை உண்டாக்குகிறது.,चंद्रमा सूर्य के प्रकाश को परावर्तित करता है।
R220,Solar Energy,"Solar energy comes from the Sun. Solar panels turn sunlight into electricity. It is a clean, renewable resource.",Where does it come from?,The Sun.,Is it renewable?,Yes.,Intermediate (B1),சூரிய ஆற்றல் சுத்தமான மற்றும் புதுப்பிக்கத்தக்க ஆற்றலாகும்.,सौर ऊर्जा सूर्य से आती है। यह एक नवीकरणीय संसाधन है।
R221,The Brain,"The brain is the control center of the body. It controls breathing, moving, and thinking. It has billions of tiny cells called neurons.",What is the brain?,The control center of the body.,What are brain cells called?,Neurons.,Intermediate (B1),மூளை உடலின் கட்டுப்பாட்டு மையம். இதில் பில்லியன் கணக்கான நியூரான்கள் உள்ளன.,मस्तिष्क शरीर का नियंत्रण केंद्र है। इसमें अरबों न्यूरॉन्स होते हैं।
R222,Deserts,"Deserts are dry areas that get very little rain. Some are hot, like the Sahara, while others are cold, like Antarctica.",Do deserts get much rain?,"No, very little.",Are all deserts hot?,"No, some (like Antarctica) are cold.",Intermediate (B1),பாலைவனங்கள் மிகக் குறைந்த மழையைப் பெறும் வறண்ட பகுதிகள்.,रेगिस्तान बहुत शुष्क होते हैं। सभी रेगिस्तान गर्म नहीं होते।
R223,Atoms,Everything is made of tiny particles called atoms. They are so small you cannot see them without special tools. They combine to form molecules.,What are atoms?,Tiny particles that make up everything.,What do they form?,Molecules.,Intermediate (B1),அனைத்தும் அணுக்கள் எனப்படும் மிகச்சிறிய துகள்களால் ஆனவை.,हर चीज़ परमाणुओं (Atoms) से बनी है।
R224,Electricity,"Electricity is the flow of tiny particles called electrons. It powers our lights, computers, and appliances.",What is electricity?,The flow of electrons.,What does it power?,Lights and appliances.,Intermediate (B1),மின்சாரம் என்பது எலக்ட்ரான்களின் ஓட்டம் ஆகும்.,बिजली इलेक्ट्रॉनों का प्रवाह है।
R225,The Heart,The heart is a pump that moves blood through the body. It sends oxygen and nutrients to your muscles and organs.,What is the heart's job?,To pump blood through the body.,What does blood carry?,Oxygen and nutrients.,Intermediate (B1),இதயம் உடல் முழுவதும் இரத்தத்தை செலுத்தும் ஒரு பம்ப் போன்றது.,हृदय पूरे शरीर में रक्त पंप करता है।
R226,Global Trade,Countries trade with each other to get goods they don't have. This connects the world's economy and allows for more variety in stores.,Why do countries trade?,To get goods they don't have.,What does trade connect?,The world's economy.,Intermediate (B1),நாடுகள் தங்களுக்குத் தேவையான பொருட்களைப் பெற வர்த்தகம் செய்கின்றன.,देश सामान प्राप्त करने के लिए आपस में व्यापार करते हैं।
R227,Dinosaurs,"Dinosaurs lived millions of years ago. Some were huge plant-eaters, and others were fast hunters. They went extinct long before humans existed.",When did they live?,Millions of years ago.,Did they live with humans?,"No, they went extinct long before.",Intermediate (B1),டைனோசர்கள் மில்லியன் கணக்கான ஆண்டுகளுக்கு முன்பு வாழ்ந்தன.,डायनासोर लाखों साल पहले रहते थे।
R228,Ecosystems,"An ecosystem is a community of living and non-living things interacting together. Examples include forests, ponds, and deserts.",What is an ecosystem?,A community of living and non-living things.,Give an example.,"Forest, pond, or desert.",Intermediate (B1),சுற்றுச்சூழல் அமைப்பு என்பது உயிரினங்களும் உயிரற்றவைகளும் இணைந்து செயல்படும் இடமாகும்.,पारिस्थितिकी तंत्र (Ecosystem) जीवित और निर्जीव चीजों का एक समुदाय है।
R229,The Atmosphere,The atmosphere is the layer of gases surrounding Earth. It contains the oxygen we breathe and protects us from the Sun's harmful rays.,What is the atmosphere?,Layer of gases surrounding Earth.,Name one function.,Provides oxygen or protects from Sun's rays.,Intermediate (B1),வளிமண்டலம் என்பது பூமியைச் சுற்றியுள்ள வாயுக்களின் அடுக்கு.,वायुमंडल पृथ्वी के चारों ओर गैसों की परत है।
R230,Black Holes,A black hole has gravity so strong that even light cannot escape it. They are formed when massive stars collapse at the end of their lives.,Can light escape a black hole?,No.,How are they formed?,When massive stars collapse.,Intermediate (B1),கருந்துளையிலிருந்து ஒளி கூட தப்ப முடியாது.,ब्लैक होल से प्रकाश भी नहीं बच सकता।
R231,Migration,Some animals travel long distances every year to find food or better weather. This is called migration. Birds and whales are famous migrators.,What is migration?,Traveling long distances for food or weather.,Name one migrating animal.,Birds or whales.,Intermediate (B1),விலங்குகள் உணவு தேடி நீண்ட தூரம் பயணம் செய்வது இடம்பெயர்வு எனப்படும்.,"कुछ जानवर भोजन या मौसम के लिए लंबी यात्रा करते हैं, जिसे प्रवास (Migration) कहते हैं।"
R232,Gravity,Gravity is the force that pulls objects toward each other. It keeps us on the ground and determines how much we weigh.,What does gravity do?,Pulls objects toward each other.,What does it determine?,How much we weigh.,Intermediate (B1),புவிஈர்ப்பு விசை நம்மைத் தரையில் நிலைக்க வைக்கிறது.,गुरुत्वाकर्षण वह बल है जो हमें जमीन पर रखता है।
R233,Ancient Olympics,"The first Olympics were held in Greece over 2,000 years ago. Only men could compete, and the winners received olive leaf crowns.",Where were they first held?,Greece.,What did winners receive?,Olive leaf crowns.,Intermediate (B1),"முதல் ஒலிம்பிக் போட்டிகள் 2,000 ஆண்டுகளுக்கு முன்பு கிரேக்கத்தில் நடந்தன.","पहले ओलंपिक 2,000 साल पहले ग्रीस में आयोजित किए गए थे।"
R234,Human Cells,"The human body is made of trillions of tiny cells. Each cell has a specific job, like carrying oxygen or fighting germs.",What is the body made of?,Trillions of tiny cells.,Do all cells do the same job?,"No, each has a specific job.",Intermediate (B1),மனித உடல் டிரில்லியன் கணக்கான செல்களால் ஆனது.,मानव शरीर खरबों छोटी कोशिकाओं से बना है।
R235,The North Star,"Polaris, or the North Star, stays in the same spot in the sky while others move. Sailors used it for centuries to find North and stay on course.",What is another name for North Star?,Polaris.,Who used it for navigation?,Sailors.,Intermediate (B1),துருவ நட்சத்திரம் (Polaris) எப்போதும் ஒரே இடத்தில் இருந்து திசையைக் காட்டுகிறது.,ध्रुव तारा हमेशा एक ही स्थान पर रहता है और नेविगेशन में मदद करता है।
R236,Biodiversity,Biodiversity is the variety of life in an area. High biodiversity makes an environment healthy and strong against changes.,What is biodiversity?,The variety of life in an area.,Why is it important?,It makes the environment healthy and strong.,Intermediate (B1),பல்லுயிர் பெருக்கம் ஒரு சூழலை ஆரோக்கியமாக வைக்கிறது.,जैव विविधता एक क्षेत्र में जीवन की विविधता है।
R237,Glaciers,Glaciers are huge masses of ice that move very slowly across land. They store most of the Earth's fresh water.,What are glaciers?,Huge masses of ice.,What do they store?,Most of Earth's fresh water.,Intermediate (B1),பனிப்பாறைகள் பூமியின் பெரும்பாலான நன்னீரைச் சேமிக்கின்றன.,ग्लेशियर बर्फ के विशाल समूह हैं जो मीठे पानी को संग्रहित करते हैं।
R238,The Eiffel Tower,"Located in Paris, the Eiffel Tower is a famous iron structure. It was built for a world fair in 1889. Millions of people visit it every year to see the view.",In which city is the Eiffel Tower?,Paris.,Why was it originally built?,For a world fair in 1889.,Intermediate (B1),பாரிஸில் உள்ள ஈபிள் கோபுரம் ஒரு புகழ்பெற்ற இரும்பு அமைப்பாகும். இது 1889-ல் கட்டப்பட்டது.,पेरिस में स्थित एफिल टॉवर एक प्रसिद्ध लोहे की संरचना है। इसे 1889 में बनाया गया था।
R239,The Amazon Rainforest,The Amazon produces 20% of the world's oxygen. It is home to millions of species. Deforestation is a major threat to this vital ecosystem today.,How much of the world's oxygen does the Amazon produce?,20%.,What is the main threat to the Amazon?,Deforestation.,Intermediate (B1),அமேசான் காடுகள் உலகின் 20% ஆக்சிஜனை உற்பத்தி செய்கின்றன. காடழிப்பு இதற்குப் பெரிய அச்சுறுத்தலாகும்.,अमेज़न वर्षावन दुनिया की 20% ऑक्सीजन पैदा करता है। वनों की कटाई इसके लिए एक बड़ा खतरा है।
R240,Neural Networks,"In AI, neural networks are systems inspired by the human brain. They recognize patterns in data, allowing computers to learn from experience.",What inspired neural networks?,The human brain.,What is their primary function?,To recognize patterns in data.,Intermediate (B1),AI-இல் உள்ள நியூரல் நெட்வொர்க்குகள் மனித மூளையின் செயல்பாட்டை அடிப்படையாகக் கொண்டவை.,एआई में न्यूरल नेटवर्क मानव मस्तिष्क से प्रेरित होते हैं।
R241,The Olympic Rings,The five rings of the Olympic flag represent the five major continents of the world. The colors were chosen because every national flag has at least one of them.,What do the five rings represent?,The five major continents.,Why were these colors chosen?,Every national flag contains at least one of those colors.,Advanced (C1),ஒலிம்பிக் கொடியின் ஐந்து வளையங்கள் உலகின் ஐந்து கண்டங்களைக் குறிக்கின்றன.,ओलंपिक ध्वज के पांच छल्ले दुनिया के पांच महाद्वीपों का प्रतिनिधित्व करते हैं।
R242,Renewable Energy,"Energy from the sun and wind is called renewable. Unlike coal or oil, these sources will never run out. They are much cleaner for our environment.",Name two renewable energy sources.,Sun (Solar) and Wind.,Why are they better than coal?,They never run out and are cleaner.,Advanced (C1),சூரியன் மற்றும் காற்றிலிருந்து கிடைக்கும் ஆற்றல் புதுப்பிக்கத்தக்கது. இவை சுற்றுச்சூழலுக்கு நல்லது.,सूरज और हवा से मिलने वाली ऊर्जा नवीकरणीय कहलाती है। यह पर्यावरण के लिए स्वच्छ है।
R243,How Clouds Rain,"When water in the ocean gets warm, it turns into vapor and rises. High in the sky, it cools down and forms clouds. When clouds get heavy, rain falls.",What happens when ocean water gets warm?,It turns into vapor and rises.,Why does it rain?,Because the clouds get heavy.,Advanced (C1),"கடல் நீர் வெப்பமடையும் போது, அது ஆவியாகி மேகங்களை உருவாக்குகிறது. மேகங்கள் கனமாகும்போது மழை பெய்கிறது.","जब समुद्र का पानी गर्म होता है, तो वह वाष्प बनकर ऊपर उठ जाता है और बादल बनाता है।"
R244,The Taj Mahal,The Taj Mahal is a white marble tomb in India. It was built by Emperor Shah Jahan in memory of his wife. It is known as a symbol of love.,What material is the Taj Mahal made of?,White marble.,Who built it?,Emperor Shah Jahan.,Advanced (C1),தாஜ்மஹால் இந்தியாவின் ஒரு வெள்ளை பளிங்கு நினைவுச்சின்னம். இது காதலின் அடையாளமாகக் கருதப்படுகிறது.,ताजमहल भारत में सफेद संगमरमर से बना मकबरा है। इसे शाहजहाँ ने बनवाया था।
R245,The Life of a Frog,"A frog starts its life as an egg in the water. It hatches into a tadpole with a tail. Slowly, it grows legs and loses its tail to become an adult frog.",Where does a frog start its life?,In the water (as an egg).,What is a young frog with a tail called?,A tadpole.,Advanced (C1),ஒரு தவளை தண்ணீரில் முட்டையாகத் தன் வாழ்க்கையைத் தொடங்குகிறது. பின் அது தலைப்பிரட்டையாக மாறுகிறது.,एक मेंढक अपने जीवन की शुरुआत पानी में अंडे के रूप में करता है। फिर वह टैडपोल बन जाता है।
R246,The Great Fire of London,"In 1666, a big fire broke out in London. It lasted for four days and destroyed many wooden houses. Afterward, people began building houses with bricks.",How long did the fire last?,Four days.,What material did people use for houses after the fire?,Bricks.,Advanced (C1),1666-ல் லண்டனில் ஒரு பெரிய தீ விபத்து ஏற்பட்டது. அதன் பிறகு மக்கள் செங்கற்களால் வீடுகளைக் கட்டினர்.,1666 में लंदन में भीषण आग लगी थी। इसके बाद लोगों ने ईंटों से घर बनाना शुरू किया।
R247,The Human Heart,"The heart is a muscular organ that pumps blood throughout the body. It beats about 100,000 times a day. Keeping it healthy requires exercise and good food.",What is the main job of the heart?,To pump blood throughout the body.,How many times does it beat daily?,"About 100,000 times.",Advanced (C1),இதயம் என்பது உடல் முழுவதும் இரத்தத்தை செலுத்தும் ஒரு தசை உறுப்பு. இது தினமும் 1 லட்சம் முறை துடிக்கிறது.,हृदय एक पेशीय अंग है जो पूरे शरीर में रक्त पंप करता है। यह दिन में 1 लाख बार धड़कता है।
R248,The First Moon Landing,"In 1969, Neil Armstrong became the first person to walk on the moon. He said, ""That's one small step for man, one giant leap for mankind.""",Who was the first person on the moon?,Neil Armstrong.,In what year did this happen?,1969,Advanced (C1),1969-ல் நீல் ஆம்ஸ்ட்ராங் நிலவில் காலடி வைத்த முதல் மனிதர் ஆனார்.,1969 में नील आर्मस्ट्रांग चंद्रमा पर चलने वाले पहले व्यक्ति बने।
R249,Earthquakes,Earthquakes happen when the giant plates under the ground move suddenly. This causes the earth to shake. Scientists use a seismograph to measure them.,What causes an earthquake?,Sudden movement of plates under the ground.,What tool measures earthquakes?,A seismograph.,Advanced (C1),நிலத்தடியில் உள்ள தட்டுகள் திடீரென நகரும்போது நிலநடுக்கம் ஏற்படுகிறது.,भूकंप तब आते हैं जब ज़मीन के नीचे की प्लेटें अचानक हिलती हैं।
R250,The Great Barrier Reef,"Located off the coast of Australia, this is the largest coral reef system. Climate change and rising sea temperatures are causing coral bleaching.",Where is the Great Barrier Reef?,Australia.,What is causing coral bleaching?,Climate change and rising sea temperatures.,Advanced (C1),ஆஸ்திரேலியாவில் உள்ள இது உலகின் மிகப்பெரிய பவளப்பாறை அமைப்பாகும். பருவநிலை மாற்றம் இதைப் பாதிக்கிறது.,ऑस्ट्रेलिया में स्थित यह दुनिया की सबसे बड़ी कोरल रीफ है। जलवायु परिवर्तन इसे नुकसान पहुँचा रहा है।
R251,The Sleepy Koala,"Koalas live in Australia. They spend most of their time sleeping on eucalyptus trees. They eat the leaves of these trees, which give them all the water they need.",Where do Koalas live?,Australia.,What do they eat?,Eucalyptus leaves.,Advanced (C1),கோலாக்கள் ஆஸ்திரேலியாவில் வாழ்கின்றன. அவை யூக்கலிப்டஸ் மரங்களில் தூங்குவதில் அதிக நேரத்தைச் செலவிடுகின்றன.,कोआला ऑस्ट्रेलिया में रहते हैं। वे अपना अधिकांश समय नीलगिरी के पेड़ों पर सोने में बिताते हैं।
R252,My New Bike,I got a new red bike for my birthday. It has two wheels and a shiny bell. I wear a helmet every time I ride it to stay safe.,What color is the bike?,Red.,Why does the child wear a helmet?,To stay safe.,Advanced (C1),எனது பிறந்தநாளுக்கு எனக்கு ஒரு புதிய சிவப்பு மிதிவண்டி கிடைத்தது. நான் பாதுகாப்புக்காகத் தலைக்கவசம் அணிகிறேன்.,मुझे मेरे जन्मदिन पर एक नई लाल साइकिल मिली। मैं सुरक्षा के लिए हेलमेट पहनता हूँ।
R253,The Little Seed,"A tiny seed falls into the dirt. When it gets rain and sun, it starts to grow. Soon, it becomes a beautiful flower with green leaves.",What does a seed need to grow?,Rain and sun.,What does the seed become?,A beautiful flower.,Advanced (C1),ஒரு சிறிய விதை மண்ணில் விழுகிறது. மழை மற்றும் வெயில் கிடைக்கும்போது அது வளரத் தொடங்குகிறது.,एक नन्हा बीज मिट्टी में गिरता है। बारिश और धूप मिलने पर वह बढ़ने लगता है।
R254,Baking Cookies,"My mom and I bake cookies on Sundays. We mix flour, sugar, and chocolate chips. The house smells wonderful when they are in the oven.",When do they bake cookies?,On Sundays.,What is one ingredient they use?,"Flour, sugar, or chocolate chips.",Advanced (C1),ஞாயிற்றுக்கிழமைகளில் நானும் என் அம்மாவும் குக்கீகள் செய்கிறோம். வீடு முழுவதும் நல்ல வாசனை வீசுகிறது.,मेरी माँ और मैं रविवार को कुकीज़ बनाते हैं। ओवन में होने पर घर में बहुत अच्छी महक आती है।
R255,The Big Blue Whale,The blue whale is the largest animal in the world. It lives in the ocean and eats tiny fish. It can breathe air through a hole on its head.,Is the blue whale small?,"No, it is the largest animal.",How does it breathe?,Through a hole on its head.,Advanced (C1),நீலத் திமிங்கலம் உலகின் மிகப்பெரிய விலங்கு. இது தலையில் உள்ள துளை வழியாக சுவாசிக்கிறது.,ब्लू व्हेल दुनिया का सबसे बड़ा जानवर है। यह अपने सिर पर एक छेद के जरिए सांस लेती है।
R256,Vaccine Technology,"Vaccines train the immune system to recognize pathogens. mRNA vaccines, like those for COVID-19, teach cells how to make a protein that triggers an immune response.",How do vaccines work?,They train the immune system to recognize pathogens.,What do mRNA vaccines teach cells to do?,To make a protein that triggers an immune response.,Advanced (C1),தடுப்பூசிகள் நோயெதிர்ப்பு மண்டலத்திற்குப் பயிற்சியளிக்கின்றன. mRNA தொழில்நுட்பம் ஒரு புதிய முறையாகும்.,टीके प्रतिरक्षा प्रणाली को प्रशिक्षित करते हैं। mRNA टीके प्रोटीन बनाना सिखाते हैं।
R257,The Magna Carta,"Signed in 1215, this document limited the power of the King. it is considered one of the most important documents in the history of democracy.",When was the Magna Carta signed?,1215,Why is it historically important?,It limited the King's power and influenced democracy.,Advanced (C1),1215-ல் கையெழுத்திடப்பட்ட இது மன்னரின் அதிகாரத்தைக் குறைத்து ஜனநாயகத்திற்கு வழிகாட்டியது.,1215 में हस्ताक्षरित इस दस्तावेज़ ने राजा की शक्ति को सीमित कर दिया।
R258,Sustainable Development,This involves meeting the needs of the present without compromising the ability of future generations to meet their own needs. It focuses on balance.,What is the goal of sustainable development?,To meet present needs without hurting future generations.,What is the core focus?,Balance (between growth and environment).,Advanced (C1),நிலையான வளர்ச்சி என்பது எதிர்கால சந்ததியினரின் தேவைகளைப் பாதிக்காமல் நமது தேவைகளைப் பூர்த்தி செய்வதாகும்.,सतत विकास का अर्थ है भविष्य की पीढ़ियों की जरूरतों से समझौता किए बिना वर्तमान जरूरतों को पूरा करना।
R259,The French Revolution,This was a period of far-reaching social and political upheaval in France. It led to the end of the monarchy and the rise of democratic ideals.,What was a major result of the French Revolution?,The end of the monarchy.,What kind of ideals rose during this time?,Democratic ideals.,Advanced (C1),பிரெஞ்சு புரட்சி மன்னராட்சியின் முடிவிற்கும் ஜனநாயகக் கருத்துக்களின் எழுச்சிக்கும் வழிவகுத்தது.,फ्रांसीसी क्रांति ने राजशाही को समाप्त कर दिया और लोकतांत्रिक आदर्शों को जन्म दिया।
R260,The Digestive System,"Digestion begins in the mouth and continues in the stomach. The small intestine absorbs nutrients, while the large intestine absorbs water.",Where does digestion begin?,In the mouth.,What is the function of the small intestine?,To absorb nutrients.,Advanced (C1),செரிமானம் வாயில் தொடங்கி வயிற்றில் தொடர்கிறது. சிறுகுடல் ஊட்டச்சத்துக்களை உறிஞ்சுகிறது.,पाचन मुँह से शुरू होता है। छोटी आंत पोषक तत्वों को सोखती है।
R261,My Red Ball,I have a big red ball. I like to kick it in the park. My friends and I play together every evening. We have a lot of fun.,What color is the ball?,Red.,Where do they play?,In the park.,Advanced (C1),என்னிடம் ஒரு பெரிய சிவப்பு பந்து உள்ளது. நான் அதை பூங்காவில் விளையாடுகிறேன்.,मेरे पास एक बड़ी लाल गेंद है। मैं इसे पार्क में खेलता हूँ।
R262,The Little Cat,"A small cat sits on the mat. It says ""Meow."" It likes to drink white milk. The cat is very soft and brown.",Where is the cat sitting?,On the mat.,What does the cat drink?,White milk.,Advanced (C1),ஒரு சிறிய பூனை பாயில் அமர்ந்திருக்கிறது. அது பால் குடிக்க விரும்புகிறது.,एक छोटी बिल्ली चटाई पर बैठी है। वह दूध पीना पसंद करती है।
R263,The Big Sun,The sun is yellow and hot. It shines in the day. It gives us light and keeps us warm. The flowers grow with sunlight.,What color is the sun?,Yellow.,When does the sun shine?,During the day.,Advanced (C1),சூரியன் மஞ்சளாகவும் வெப்பமாகவும் இருக்கும். இது பகலில் பிரகாசிக்கிறது.,सूरज पीला और गर्म है। यह दिन में चमकता है और हमें रोशनी देता है।
R264,Rainy Day,It is raining today. I have a blue umbrella. The grass is very green. I can see a rainbow in the sky.,What color is the umbrella?,Blue.,What can be seen in the sky?,A rainbow.,Advanced (C1),இன்று மழை பெய்கிறது. என்னிடம் நீல நிற குடை உள்ளது. நான் வானவில்லைப் பார்க்கிறேன்.,आज बारिश हो रही है। मेरे पास नीला छाता है। मैं इंद्रधनुष देख सकता हूँ।
R265,The Tall Tree,Look at the tall tree. It has green leaves and brown branches. A small bird has a nest in the tree. The bird sings every morning.,What color are the leaves?,Green.,Who lives in the tree?,A small bird.,Advanced (C1),அந்த உயரமான மரத்தைப் பாருங்கள். அதில் ஒரு சிறிய பறவை கூடு கட்டியுள்ளது.,उस ऊँचे पेड़ को देखो। एक नन्ही चिड़िया ने उस पर घोंसला बनाया है।
R266,The Roman Empire,"The Romans built many roads and bridges that are still used today. Their language, Latin, influenced many modern languages like English and French.",What did the Romans build?,Roads and bridges.,Which language did they speak?,Latin.,Advanced (C1),ரோமானியர்கள் சாலைகளையும் பாலங்களையும் கட்டினர். அவர்களின் லத்தீன் மொழி பல மொழிகளில் ஆதிக்கம் செலுத்துகிறது.,रोमनों ने कई सड़कें और पुल बनाए। उनकी भाषा लैटिन थी।
R267,The Discovery of Fire,Early humans used fire to keep warm and cook food. Fire also kept wild animals away at night. It was one of the most important discoveries.,Why did early humans use fire?,To keep warm and cook food.,How did fire help at night?,It kept wild animals away.,Advanced (C1),ஆரம்பகால மனிதர்கள் நெருப்பை வெப்பத்திற்கும் சமைப்பதற்கும் பயன்படுத்தினர்.,शुरुआती इंसानों ने गर्मी और खाना पकाने के लिए आग का इस्तेमाल किया।
R268,Mars: The Red Planet,Mars is called the Red Planet because of the iron oxide on its surface. Scientists send robots to Mars to look for signs of water.,Why is Mars red?,Because of iron oxide on its surface.,Why do scientists send robots there?,To look for signs of water.,Advanced (C1),செவ்வாய் கிரகத்தின் மேற்பரப்பில் உள்ள இரும்பு ஆக்சைடு காரணமாக அது சிவப்பாக உள்ளது.,मंगल को इसकी सतह पर आयरन ऑक्साइड के कारण लाल ग्रह कहा जाता है।
R269,The Invention of Paper,"Paper was invented in China long ago. Before paper, people wrote on silk, clay, or stone. Paper made it easier to share information.",Where was paper invented?,China.,What did people write on before paper?,"Silk, clay, or stone.",Advanced (C1),காகிதம் சீனாவில் கண்டுபிடிக்கப்பட்டது. அதற்கு முன்பு மக்கள் பட்டு அல்லது கல்லில் எழுதினர்.,कागज़ का आविष्कार चीन में हुआ था। उससे पहले लोग रेशम या पत्थर पर लिखते थे।
R270,The Honeybee,Bees visit flowers to collect nectar. They turn nectar into honey in their hive. Bees are important because they help plants grow seeds.,Why do bees visit flowers?,To collect nectar.,Where do they make honey?,In their hive.,Advanced (C1),தேனீக்கள் மலர்களிலிருந்து தேனைச் சேகரித்து தங்கள் கூட்டில் தேனாக மாற்றுகின்றன.,मधुमक्खियाँ अमृत इकट्ठा करने के लिए फूलों पर जाती हैं। वे छत्ते में शहद बनाती हैं।
R271,The Theory of Evolution,Charles Darwin proposed that species change over time through natural selection. This theory explains how all life on Earth is connected.,Who proposed this theory?,Charles Darwin.,What is the main idea?,Species change over time through natural selection.,Advanced (C1),சார்லஸ் டார்வின் உயிரினங்கள் காலப்போக்கில் இயற்கைத் தேர்வின் மூலம் மாறுகின்றன எனக் கூறினார்.,चार्ल्स डार्विन ने प्रस्तावित किया कि प्रजातियां समय के साथ बदलती हैं।
R272,Dark Matter,Dark matter is an invisible substance that makes up most of the universe's mass. Scientists know it is there because of its gravity.,Is dark matter visible?,"No, it is invisible.",How do scientists know it exists?,Because of its gravity.,Advanced (C1),இருண்ட பொருள் என்பது கண்ணுக்குத் தெரியாத ஒரு பொருள். இது பிரபஞ்சத்தின் நிறையில் பெரும்பகுதியைக் கொண்டுள்ளது.,डार्क मैटर एक अदृश्य पदार्थ है। वैज्ञानिक इसके गुरुत्वाकर्षण से इसके बारे में जानते हैं।
R273,Universal Human Rights,The Declaration of Human Rights states that all people are born free and equal. It protects freedom of speech and the right to education for everyone.,What does the declaration state?,All people are born free and equal.,Name one right it protects.,Freedom of speech or right to education.,Advanced (C1),மனித உரிமைப் பிரகடனம் அனைத்து மக்களும் சமமானவர்கள் மற்றும் சுதந்திரமானவர்கள் எனக் கூறுகிறது.,मानवाधिकारों की घोषणा कहती है कि सभी लोग स्वतंत्र और समान पैदा हुए हैं।
R274,Microbiology,"This is the study of tiny organisms like bacteria and viruses. These microbes can cause disease, but many are helpful for our health.",What does microbiology study?,Tiny organisms like bacteria and viruses.,Are all microbes bad?,"No, many are helpful for our health.",Advanced (C1),நுண்ணுயிரியல் என்பது பாக்டீரியா மற்றும் வைரஸ்கள் போன்ற மிகச்சிறிய உயிரினங்களைப் பற்றிய படிப்பாகும்.,सूक्ष्मजीव विज्ञान बैक्टीरिया और वायरस जैसे छोटे जीवों का अध्ययन है।
R275,The Printing Press,Johannes Gutenberg's invention of the printing press in the 1440s allowed books to be mass-produced. This spread knowledge rapidly across Europe.,Who invented the printing press?,Johannes Gutenberg.,What was the result of this invention?,Books were mass-produced and knowledge spread.,Advanced (C1),குட்டன்பெர்க் அச்சு இயந்திரத்தைக் கண்டுபிடித்தார். இது அறிவை வேகமாகப் பரப்ப உதவியது.,जोहान्स गुटेनबर्ग ने प्रिंटिंग प्रेस का आविष्कार किया जिससे ज्ञान का प्रसार हुआ।
R276,The Nervous System,"This system sends signals between the brain and the body. It allows us to feel pain, move our muscles, and think clearly.",What does the nervous system do?,Sends signals between the brain and the body.,What are two things it allows us to do?,Feel pain and move muscles.,Advanced (C1),நரம்பு மண்டலம் மூளைக்கும் உடலுக்கும் இடையே சமிக்ஞைகளை அனுப்புகிறது.,तंत्रिका तंत्र मस्तिष्क और शरीर के बीच संकेत भेजता है।
R277,Global Diplomacy,Diplomacy is the practice of conducting negotiations between nations. It aims to solve international problems peacefully without using war.,What is diplomacy?,Negotiating between nations.,What is its primary goal?,To solve problems peacefully without war.,Advanced (C1),நாடுகளுக்கு இடையே பேச்சுவார்த்தை மூலம் அமைதியை ஏற்படுத்துவதே ராஜதந்திரம் (Diplomacy) ஆகும்.,कूटनीति राष्ट्रों के बीच शांतिपूर्ण बातचीत का अभ्यास है।
R278,The Greenhouse Effect,"This occurs when certain gases trap heat in the Earth's atmosphere. While it keeps the planet warm, too much of it causes global warming.",What happens during the greenhouse effect?,Gases trap heat in the atmosphere.,What is a negative result of too much heat?,Global warming.,Advanced (C1),வளிமண்டலத்தில் சில வாயுக்கள் வெப்பத்தைத் தக்கவைத்துக் கொள்வதே பசுமை இல்ல விளைவு ஆகும்.,ग्रीनहाउस प्रभाव तब होता है जब गैसें वायुमंडल में गर्मी को रोक लेती हैं।
R279,Ancient Olympics,The first Olympic Games were held in Ancient Greece in 776 BC. They were dedicated to the god Zeus and held every four years in Olympia.,Where were the first Olympics held?,Ancient Greece (Olympia).,To whom were the games dedicated?,The god Zeus.,Advanced (C1),முதல் ஒலிம்பிக் போட்டிகள் பண்டைய கிரேக்கத்தில் கிமு 776-ல் நடத்தப்பட்டன.,पहले ओलंपिक खेल 776 ईसा पूर्व में प्राचीन ग्रीस में आयोजित किए गए थे।
R280,The Statue of Liberty,This statue was a gift from France to the United States in 1886. It stands on Liberty Island and represents freedom and democracy to the world.,Which country gave the statue?,France.,What does the statue represent?,Freedom and democracy.,Advanced (C1),சுதந்திர தேவி சிலை பிரான்சிடமிருந்து அமெரிக்காவிற்கு வழங்கப்பட்ட ஒரு பரிசாகும்.,स्टैच्यू ऑफ लिबर्टी फ्रांस की ओर से अमेरिका को एक उपहार था।
R281,Plate Tectonics,"[Image showing the cross-section of Earth with tectonic plates moving at boundaries: divergent, convergent, and transform] The Earth's outer shell is divided into several plates that glide over the mantle. Their movement causes continents to shift and mountain ranges to form.",What is Earth's outer shell divided into?,Several plates (tectonic plates).,What do these plates glide over?,The mantle.,Advanced (C1),பூமியின் மேலோடு பல தட்டுகளாகப் பிரிக்கப்பட்டுள்ளது. அவற்றின் நகர்வு மலைகளை உருவாக்குகிறது.,पृथ्वी की बाहरी परत कई प्लेटों में विभाजित है। इनकी हलचल से पहाड़ बनते हैं।
R282,Photosynthesis,"In this process, plants convert light energy into chemical energy. Chlorophyll in leaves absorbs sunlight to produce glucose and oxygen.",What do plants convert light energy into?,Chemical energy.,What substance in leaves absorbs sunlight?,Chlorophyll.,Advanced (C1),ஒளிச்சேர்க்கையின் போது தாவரங்கள் ஒளி ஆற்றலை வேதி ஆற்றலாக மாற்றுகின்றன. பச்சையம் இதற்கு உதவுகிறது.,प्रकाश संश्लेषण में पौधे प्रकाश ऊर्जा को रासायनिक ऊर्जा में बदलते हैं। क्लोरोफिल इसमें मदद करता है।
R283,The Big Bang Theory,"This is the leading explanation about how the universe began. It states the universe started as a very hot, dense point and has been expanding for 13.8 billion years.",How did the universe begin according to this theory?,"As a very hot, dense point.",For how long has the universe been expanding?,13.8 billion years.,Advanced (C1),"பிரபஞ்சம் ஒரு சிறிய, வெப்பமான புள்ளியில் தொடங்கி விரிவடைந்தது என்பதே பெருவெடிப்புக் கொள்கை.",बिग बैंग सिद्धांत कहता है कि ब्रह्मांड एक बहुत गर्म और घने बिंदु से शुरू हुआ।
R284,Water Filtration,Filtration removes impurities from water by passing it through a medium. This is a crucial step in providing safe drinking water to communities.,What does filtration remove?,Impurities from water.,Why is this process crucial?,To provide safe drinking water.,Advanced (C1),நீர் வடிகட்டுதல் என்பது தண்ணீரில் உள்ள அசுத்தங்களை அகற்றி அதைத் தூய்மையாக்கும் முறையாகும்.,निस्पंदन (Filtration) पानी से अशुद्धियों को दूर करने की एक प्रक्रिया है।
R285,The Great Depression,This was a severe worldwide economic depression that took place mostly during the 1930s. It began after a major fall in stock prices in the United States.,When did the Great Depression happen?,In the 1930s.,Where did it begin?,In the United States (after stock market fall).,Advanced (C1),1930-களில் உலகம் முழுவதும் ஏற்பட்ட ஒரு பெரிய பொருளாதார வீழ்ச்சி இதுவாகும்.,यह 1930 के दशक के दौरान दुनिया भर में आई एक गंभीर आर्थिक मंदी थी।
R286,Solar Eclipses,"A solar eclipse happens when the Moon passes between the Earth and the Sun, blocking the Sun's light. It can only occur during a new moon phase.",What causes a solar eclipse?,The Moon passing between the Earth and the Sun.,During which moon phase does it occur?,New moon phase.,Advanced (C1),பூமிக்கும் சூரியனுக்கும் இடையில் நிலவு வரும்போது சூரிய கிரகணம் ஏற்படுகிறது.,सूर्य ग्रहण तब होता है जब चंद्रमा पृथ्वी और सूर्य के बीच से गुजरता है।
R287,The Milky Way,"Our solar system is located in the Milky Way galaxy. It is a barred spiral galaxy containing billions of stars. On a dark night, it looks like a faint band of light.",What is the name of our galaxy?,The Milky Way.,How many stars does it contain?,Billions of stars.,Advanced (C1),நமது சூரிய மண்டலம் பால்வெளி (Milky Way) அண்டத்தில் அமைந்துள்ளது.,हमारा सौर मंडल आकाशगंगा (Milky Way) में स्थित है।
R288,The Giant Redwood,Redwood trees are some of the tallest living things on Earth. They can grow over 300 feet tall and live for thousands of years. Their thick bark protects them from fire.,How tall can Redwoods grow?,Over 300 feet.,What protects them from fire?,Their thick bark.,Advanced (C1),ரெட்வுட் மரங்கள் உலகின் மிக உயரமான மரங்கள். இவற்றின் தடிமனான பட்டை தீயிலிருந்து பாதுகாக்கிறது.,रेडवुड पेड़ दुनिया के सबसे ऊंचे पेड़ों में से कुछ हैं।
R289,How Fossils Form,"Fossils are remains of plants or animals from long ago. When an animal dies, its bones are buried under mud. Over millions of years, the mud turns into rock.",What are fossils?,Remains of plants or animals from long ago.,What does mud turn into over time?,Rock.,Advanced (C1),புதைபடிவங்கள் என்பது பண்டைய உயிரினங்களின் எச்சங்கள். மண் பாறையாக மாறும்போது இவை உருவாகின்றன.,जीवाश्म बहुत समय पहले के पौधों या जानवरों के अवशेष हैं।
R290,The First Flight,"In 1903, Orville and Wilbur Wright made the first powered airplane flight. It lasted only 12 seconds, but it changed how people travel across the world forever.",Who made the first flight?,The Wright brothers.,How long did it last?,12 seconds.,Advanced (C1),1903-இல் ரைட் சகோதரர்கள் முதல் விமானப் பயணத்தை மேற்கொண்டனர்.,1903 में राइट बंधुओं ने पहली हवाई उड़ान भरी थी।
R291,The Honeybee,"Bees fly from flower to flower to drink nectar. While doing this, they carry pollen on their legs. This helps flowers make seeds so new plants can grow.",What do bees drink?,Nectar.,How do they help flowers?,By carrying pollen to help make seeds.,Advanced (C1),தேனீக்கள் தேனை அருந்துகின்றன. அவை மகரந்தத்தைச் சுமந்து செல்வதன் மூலம் செடிகள் வளர உதவுகின்றன.,मधुमक्खियाँ फूलों से अमृत पीती हैं और परागण में मदद करती हैं।
R292,Static Electricity,Have you ever felt a shock after touching a doorknob? This is static electricity. It happens when tiny charges build up on the surface of an object and jump.,What causes the shock?,Static electricity.,Where do the charges build up?,On the surface of an object.,Advanced (C1),கதவுக் கைப்பிடியைத் தொடும்போது ஏற்படும் அதிர்ச்சி நிலைமின்னியல் ஆகும்.,दरवाज़े की कुंडी छूने पर लगने वाला झटका स्थैतिक बिजली है।
R293,The Compass,"A compass is a tool used for navigation. It has a magnetic needle that always points toward the Earth's North Pole, helping travelers find their way.",What is a compass used for?,Navigation (finding the way).,Where does the needle point?,Toward the North Pole.,Advanced (C1),திசைகாட்டி என்பது திசை கண்டறிய உதவும் ஒரு காந்தக் கருவி.,कंपास नेविगेशन के लिए इस्तेमाल किया जाने वाला उपकरण है।
R294,Parts of a Flower,"Flowers have different parts. Petals attract insects with colors. The stamen makes pollen, while the pistil is where seeds start to grow.",What part makes pollen?,The stamen.,Why are petals colorful?,To attract insects.,Advanced (C1),பூக்களின் இதழ்கள் பூச்சிகளைக் கவரும். மகரந்தத் தாள் மகரந்தத்தை உருவாக்குகிறது.,पुंकेसर (Stamen) पराग बनाता है। पंखुड़ियाँ कीटों को आकर्षित करती हैं।
R295,Human Skeleton,"The skeleton provides support and protects internal organs. For example, ribs protect the heart and lungs. Adults have 206 bones.",How many bones in an adult?,206 bones.,Name one function.,Support or protection of organs.,Advanced (C1),மனித எலும்புக்கூடு உடலுக்கு ஆதாரத்தை அளிக்கிறது. இதில் 206 எலும்புகள் உள்ளன.,वयस्क मनुष्य के शरीर में 206 हड्डियाँ होती हैं।
R296,Electromagnetism,"This force acts between particles with an electric charge. It is responsible for light, magnetic fields, and the electricity in our homes.",What particles does it act on?,Particles with an electric charge.,Name one result of this force.,Light or electricity.,Advanced (C1),மின்காந்தவியல் என்பது மின்னூட்டம் பெற்ற துகள்களுக்கு இடையே செயல்படும் விசை.,विद्युत चुंबकत्व आवेशित कणों के बीच लगने वाला बल है।
R297,The Law of Gravity,Isaac Newton discovered that gravity pulls everything toward the center of the Earth. It is also what keeps the planets in orbit around the Sun.,Who discovered it?,Isaac Newton.,What does it keep in orbit?,The planets.,Advanced (C1),புவிஈர்ப்பு விசை பொருட்களை பூமியின் மையம் நோக்கி ஈர்க்கிறது.,आइजैक न्यूटन ने गुरुत्वाकर्षण की खोज की।
R298,Oceanic Trenches,"Trenches are the deepest parts of the ocean. The Mariana Trench is over 36,000 feet deep—much deeper than Mount Everest is tall.",What is the deepest part?,Oceanic trenches (Mariana Trench).,Is it deeper than Everest?,Yes.,Advanced (C1),கடலில் ஆழமான பகுதிகள் அகழிகள் எனப்படும்.,महासागरीय खाइयाँ समुद्र के सबसे गहरे भाग हैं।
R299,The Renaissance,"The Renaissance was a ""rebirth"" in Europe. People became interested in art and science. Famous artists like Leonardo da Vinci lived then.",What does the name mean?,Rebirth.,Name a famous person.,Leonardo da Vinci.,Advanced (C1),மறுமலர்ச்சி என்பது ஐரோப்பாவில் கலை மற்றும் அறிவியலில் ஏற்பட்ட எழுச்சிக் காலம்.,पुनर्जागरण यूरोप में 'पुनर्जन्म' का काल था।
R300,Greenhouse Effect,"Certain gases trap heat in the atmosphere, keeping Earth warm. This is the greenhouse effect. Too many of these gases cause global warming.",What does it do?,Traps heat in the atmosphere.,What happens if gases increase?,Global warming.,Advanced (C1),வாயுக்கள் வளிமண்டலத்தில் வெப்பத்தைத் தக்கவைத்துக் கொள்வதே பசுமை இல்ல விளைவு.,ग्रीनहाउस प्रभाव पृथ्वी को गर्म रखता है।
